{
"type": "FeatureCollection",
"name": "诸侯国",
"crs": { "type": "name", "properties": { "name": "urn:ogc:def:crs:OGC:1.3:CRS84" } },
"features": [
{ "type": "Feature", "properties": { "Name": "燕" }, "geometry": { "type": "MultiPolygon", "coordinates": [ [ [ [ 120.689761167000029, 40.526636701000086 ], [ 120.6702, 40.5149 ], [ 120.6659, 40.4937 ], [ 120.6606, 40.4846 ], [ 120.6567, 40.4779 ], [ 120.649500000000103, 40.4721 ], [ 120.6393, 40.4718 ], [ 120.62990000100001, 40.4755 ], [ 120.622100001000035, 40.4744 ], [ 120.610300001000041, 40.4709 ], [ 120.605099999, 40.4651 ], [ 120.5968, 40.463 ], [ 120.589, 40.4571 ], [ 120.5842, 40.449 ], [ 120.5931, 40.4286 ], [ 120.5955, 40.4234 ], [ 120.5805, 40.4089 ], [ 120.571600000000103, 40.4075 ], [ 120.5462, 40.4076 ], [ 120.5394, 40.4058 ], [ 120.5319, 40.3697 ], [ 120.542600000000107, 40.364 ], [ 120.5462, 40.3637 ], [ 120.5619, 40.367200001000072 ], [ 120.5674, 40.3651 ], [ 120.5828, 40.3744 ], [ 120.5884, 40.3704 ], [ 120.5891, 40.3677 ], [ 120.583299999000019, 40.3632 ], [ 120.5889, 40.3576 ], [ 120.583000001000073, 40.3545 ], [ 120.572800001000019, 40.3554 ], [ 120.5611, 40.3505 ], [ 120.5595, 40.3495 ], [ 120.535800000000108, 40.3341 ], [ 120.516400001000079, 40.3256 ], [ 120.5011, 40.314099999000064 ], [ 120.49629999900003, 40.3075 ], [ 120.495, 40.3011 ], [ 120.493899999000064, 40.2729 ], [ 120.4858, 40.2647 ], [ 120.4872, 40.2609 ], [ 120.4941, 40.253 ], [ 120.493899999000064, 40.2505 ], [ 120.495499999, 40.2492 ], [ 120.4904, 40.2355 ], [ 120.475899999000035, 40.219399999000075 ], [ 120.4743, 40.2136 ], [ 120.4445, 40.1928 ], [ 120.4354, 40.1896 ], [ 120.4233, 40.1876 ], [ 120.3761, 40.1886 ], [ 120.363, 40.188800001000061 ], [ 120.326, 40.1771 ], [ 120.319, 40.1735 ], [ 120.3047, 40.1731 ], [ 120.2959, 40.1699 ], [ 120.284999999000092, 40.1596 ], [ 120.2836, 40.152899999000056 ], [ 120.2846, 40.1499 ], [ 120.2832, 40.1485 ], [ 120.2699, 40.1454 ], [ 120.213600001000032, 40.126299999000082 ], [ 120.1945, 40.1209 ], [ 120.1841, 40.12 ], [ 120.1768, 40.1118 ], [ 120.1447, 40.0983 ], [ 120.1236, 40.0937 ], [ 120.122900001000062, 40.0936 ], [ 120.1037, 40.0845 ], [ 120.0925, 40.0819 ], [ 120.035800000000108, 40.0721 ], [ 120.0151, 40.0635 ], [ 120.0, 40.0618 ], [ 119.997699999000019, 40.0616 ], [ 119.965, 40.048700001000043 ], [ 119.9391, 40.0411 ], [ 119.938000000000102, 40.0408 ], [ 119.9227, 40.0319 ], [ 119.9145, 40.0248 ], [ 119.9078, 40.0106 ], [ 119.913999999, 40.0 ], [ 119.914700001000028, 39.999 ], [ 119.9051, 39.9936 ], [ 119.9011, 39.9913 ], [ 119.8924, 39.9916 ], [ 119.886, 39.9948 ], [ 119.8819, 39.9938 ], [ 119.8742, 39.9886 ], [ 119.865200001000062, 39.9895 ], [ 119.8557, 39.988300001000084 ], [ 119.8355, 39.9816 ], [ 119.8177, 39.980600001000084 ], [ 119.8037, 39.9761 ], [ 119.7942, 39.9683 ], [ 119.7896, 39.9591 ], [ 119.785799999, 39.9576 ], [ 119.7815, 39.9618 ], [ 119.7757, 39.9642 ], [ 119.7665, 39.9641 ], [ 119.7687, 39.961000001000059 ], [ 119.778699999000082, 39.9583 ], [ 119.7836, 39.953900001000079 ], [ 119.781300000000101, 39.9527 ], [ 119.7742, 39.9513 ], [ 119.7691, 39.952499999000054 ], [ 119.763799999000071, 39.9574 ], [ 119.7584, 39.9589 ], [ 119.762900001000048, 39.9524 ], [ 119.7594, 39.9509 ], [ 119.7442, 39.9514 ], [ 119.7349, 39.9466 ], [ 119.70529999900009, 39.938399999000069 ], [ 119.6832, 39.935 ], [ 119.6413, 39.9286 ], [ 119.63, 39.923 ], [ 119.6094, 39.906900001000054 ], [ 119.5953, 39.9049 ], [ 119.5914, 39.9059 ], [ 119.593000001000064, 39.9091 ], [ 119.599, 39.9084 ], [ 119.5989, 39.9107 ], [ 119.5952, 39.9135 ], [ 119.5919, 39.9135 ], [ 119.5667, 39.9063 ], [ 119.5592, 39.9008 ], [ 119.5481, 39.8927 ], [ 119.5325, 39.889099999000052 ], [ 119.5274, 39.8848 ], [ 119.5231, 39.8751 ], [ 119.5191, 39.8381 ], [ 119.5212, 39.8318 ], [ 119.5269, 39.8232 ], [ 119.5306, 39.80939999900005 ], [ 119.5287, 39.8061 ], [ 119.522500001000026, 39.8048 ], [ 119.5121, 39.8097 ], [ 119.5089, 39.8113 ], [ 119.48580000100003, 39.8044 ], [ 119.4742, 39.8052 ], [ 119.4672, 39.8075 ], [ 119.464, 39.806900001000088 ], [ 119.4456, 39.7947 ], [ 119.4378, 39.7972 ], [ 119.436, 39.7915 ], [ 119.421, 39.7844 ], [ 119.4127, 39.7779 ], [ 119.4085, 39.7785 ], [ 119.396, 39.7907 ], [ 119.394, 39.7902 ], [ 119.3932, 39.787399999000058 ], [ 119.3953, 39.7827 ], [ 119.391900001000067, 39.7794 ], [ 119.3979, 39.7777 ], [ 119.4012, 39.7742 ], [ 119.4039, 39.7712 ], [ 119.403100000000109, 39.7689 ], [ 119.394399999000029, 39.7641 ], [ 119.38, 39.7515 ], [ 119.361300001000018, 39.7404 ], [ 119.3439, 39.7225 ], [ 119.3384, 39.7141 ], [ 119.325, 39.6759 ], [ 119.3217, 39.6714 ], [ 119.3227, 39.6699 ], [ 119.3209, 39.665 ], [ 119.297399999000049, 39.6102 ], [ 119.280899999000098, 39.5811 ], [ 119.288, 39.5715 ], [ 119.286399999000082, 39.5675 ], [ 119.2818, 39.5699 ], [ 119.279299999000045, 39.57350000100007 ], [ 119.275, 39.5658 ], [ 119.276100001000032, 39.5606 ], [ 119.2735, 39.5555 ], [ 119.2688, 39.5535 ], [ 119.2647, 39.5481 ], [ 119.2563, 39.5279 ], [ 119.2558, 39.516 ], [ 119.2521, 39.5076 ], [ 119.2485, 39.4803 ], [ 119.2531, 39.4728 ], [ 119.2585, 39.471 ], [ 119.2605, 39.4673 ], [ 119.2617, 39.4651 ], [ 119.258200000000102, 39.4535 ], [ 119.260000000000105, 39.4483 ], [ 119.2637, 39.4455 ], [ 119.272900001000039, 39.4437 ], [ 119.2767, 39.4502 ], [ 119.280099999000072, 39.4481 ], [ 119.2841, 39.4333 ], [ 119.2783, 39.426500001000079 ], [ 119.281099999000048, 39.423400001000061 ], [ 119.2872, 39.4249 ], [ 119.289400001000104, 39.422 ], [ 119.2891, 39.4167 ], [ 119.2796, 39.4061 ], [ 119.2818, 39.3989 ], [ 119.2764, 39.394599999000036 ], [ 119.256, 39.3883 ], [ 119.25, 39.3864 ], [ 119.2349, 39.388 ], [ 119.2327, 39.3952 ], [ 119.222400000000107, 39.3851 ], [ 119.210300001000064, 39.3792 ], [ 119.2047, 39.378800001000059 ], [ 119.1999, 39.3809 ], [ 119.1927, 39.3885 ], [ 119.188900000000103, 39.3877 ], [ 119.1904, 39.3808 ], [ 119.1896, 39.374900001000071 ], [ 119.1871000000001, 39.372 ], [ 119.1733, 39.3645 ], [ 119.169699999000045, 39.3557 ], [ 119.164999999000088, 39.3502 ], [ 119.1632, 39.3456 ], [ 119.1642, 39.343600001000084 ], [ 119.1615, 39.3399 ], [ 119.1559, 39.337 ], [ 119.1414, 39.3337 ], [ 119.1268, 39.326499999000077 ], [ 119.1222, 39.3188 ], [ 119.1189, 39.3045 ], [ 119.1134, 39.2977 ], [ 119.1142, 39.2938 ], [ 119.111700001000031, 39.2908 ], [ 119.0979, 39.2844 ], [ 119.080599999000015, 39.2714 ], [ 119.0817, 39.268 ], [ 119.078, 39.2656 ], [ 119.0732, 39.2662 ], [ 119.070300001000078, 39.2665 ], [ 119.057799999000054, 39.2588 ], [ 119.0556, 39.2564 ], [ 119.0595, 39.254 ], [ 119.0622, 39.2543 ], [ 119.063499999000101, 39.2509 ], [ 119.0411, 39.2307 ], [ 119.0277, 39.2236 ], [ 119.0065, 39.203 ], [ 118.9907, 39.1928 ], [ 118.9877, 39.1909 ], [ 118.972400000000107, 39.186 ], [ 118.970999999000014, 39.1858 ], [ 118.9288, 39.1815 ], [ 118.916999999000041, 39.1786 ], [ 118.8978, 39.1642 ], [ 118.8863, 39.159699999000054 ], [ 118.872399999000095, 39.156400001000065 ], [ 118.8636, 39.155700001000071 ], [ 118.8505, 39.1575 ], [ 118.8445, 39.1594 ], [ 118.8323, 39.1633 ], [ 118.8308, 39.1633 ], [ 118.8249, 39.163699999000073 ], [ 118.822000001000106, 39.1622 ], [ 118.8122, 39.1536 ], [ 118.8014, 39.147999999000035 ], [ 118.78, 39.1467 ], [ 118.74070000100005, 39.143 ], [ 118.7282, 39.1428 ], [ 118.7168, 39.1458 ], [ 118.700199999, 39.1523 ], [ 118.6961, 39.1578 ], [ 118.6913, 39.1641 ], [ 118.687799999000049, 39.1931 ], [ 118.6855, 39.1958 ], [ 118.6829, 39.1961 ], [ 118.681, 39.1924 ], [ 118.6829, 39.1854 ], [ 118.681, 39.1743 ], [ 118.6712, 39.18080000100008 ], [ 118.6559, 39.1846 ], [ 118.6252, 39.1869 ], [ 118.6159, 39.1937 ], [ 118.6108, 39.190100001000076 ], [ 118.6038, 39.1852 ], [ 118.5816, 39.178 ], [ 118.5601, 39.168 ], [ 118.5519, 39.1658 ], [ 118.542800001000046, 39.1635 ], [ 118.5342, 39.1551 ], [ 118.528600001000086, 39.1556 ], [ 118.5235, 39.1476 ], [ 118.5086, 39.1319 ], [ 118.4748, 39.1077 ], [ 118.4456, 39.0915 ], [ 118.4334, 39.0856 ], [ 118.4125, 39.0755 ], [ 118.3897, 39.0604 ], [ 118.3733, 39.054700001000072 ], [ 118.3539, 39.0457 ], [ 118.3303, 39.0386 ], [ 118.318, 39.0381 ], [ 118.3112, 39.0397 ], [ 118.292600000000107, 39.0484 ], [ 118.2962, 39.0524 ], [ 118.2954, 39.0551 ], [ 118.290000001000067, 39.0567 ], [ 118.285300001, 39.061099999000078 ], [ 118.2808, 39.0589 ], [ 118.275, 39.0619 ], [ 118.2717, 39.053900001000045 ], [ 118.2653, 39.0619 ], [ 118.2645, 39.0656 ], [ 118.2621, 39.0662 ], [ 118.2573000000001, 39.0726 ], [ 118.243199999000012, 39.0856 ], [ 118.231300001000022, 39.0956 ], [ 118.1964, 39.1334 ], [ 118.1858, 39.1518 ], [ 118.162499999000033, 39.1825 ], [ 118.1535, 39.1894 ], [ 118.138299999000083, 39.201 ], [ 118.0968, 39.2174 ], [ 118.0729, 39.2235 ], [ 118.0655, 39.2278 ], [ 118.0335, 39.2267 ], [ 117.980900001, 39.22 ], [ 117.9626, 39.216800001000081 ], [ 117.940700000000106, 39.2109 ], [ 117.9327, 39.2106 ], [ 117.9143, 39.20979999900004 ], [ 117.884500001000106, 39.200200001000042 ], [ 117.855100000000107, 39.1885 ], [ 117.836299999000062, 39.1798 ], [ 117.8177, 39.1671 ], [ 117.79690000100004, 39.1508 ], [ 117.774100001000079, 39.125 ], [ 117.7692, 39.1159 ], [ 117.7554, 39.1031 ], [ 117.7444, 39.0973 ], [ 117.7373, 39.0979 ], [ 117.7331, 39.0946 ], [ 117.7235, 39.0925 ], [ 117.7236, 39.087 ], [ 117.7315, 39.0844 ], [ 117.7363, 39.0789 ], [ 117.744599999, 39.074 ], [ 117.7494, 39.0616 ], [ 117.753, 39.0443 ], [ 117.7535, 39.008799999000075 ], [ 117.7644, 39.0045 ], [ 117.757800001000078, 38.986700001000088 ], [ 117.7562, 38.9829 ], [ 117.74, 38.9848 ], [ 117.7341, 38.984 ], [ 117.7297, 38.9801 ], [ 117.7263, 38.98 ], [ 117.7186, 38.9859 ], [ 117.7026, 38.9863 ], [ 117.7004, 38.9846 ], [ 117.715699999000094, 38.9649 ], [ 117.716499999, 38.9615 ], [ 117.7097, 38.950700001000087 ], [ 117.708300001, 38.9419 ], [ 117.6691, 38.9039 ], [ 117.659800001, 38.9077 ], [ 117.6579, 38.9084 ], [ 117.645, 38.8942 ], [ 117.628099999000028, 38.8757 ], [ 117.6347, 38.8702 ], [ 117.6149, 38.8457 ], [ 117.6098, 38.8466 ], [ 117.6065, 38.8417 ], [ 117.6056, 38.8405 ], [ 117.6096, 38.837 ], [ 117.5825, 38.7961 ], [ 117.5807, 38.7915 ], [ 117.5721, 38.771 ], [ 117.5627, 38.764 ], [ 117.5695, 38.7592 ], [ 117.563099999000087, 38.736 ], [ 117.5487, 38.7362 ], [ 117.5456, 38.6999 ], [ 117.5424, 38.6878 ], [ 117.5346, 38.6854 ], [ 117.5255, 38.685 ], [ 117.5215, 38.6863 ], [ 117.5501, 38.6209 ], [ 117.547, 38.616 ], [ 117.5498, 38.6107 ], [ 117.554400000000101, 38.608700001000045 ], [ 117.5549, 38.6025 ], [ 117.591, 38.5453 ], [ 117.5894, 38.5416 ], [ 117.599924901, 38.519660769000041 ], [ 117.474991833000104, 38.491543156000034 ], [ 117.324089336000043, 38.491543156000034 ], [ 117.162779771000032, 38.491543156000034 ], [ 117.089930290000098, 38.520047161000036 ], [ 117.00667374, 38.568884917000048 ], [ 116.92341719, 38.597358289000056 ], [ 116.798532365000028, 38.597358289000056 ], [ 116.65803693700002, 38.581089173000066 ], [ 116.590390991000049, 38.572953232000089 ], [ 116.533152113000028, 38.528189090000069 ], [ 116.507134441000062, 38.475250088000053 ], [ 116.475913235, 38.38965107000007 ], [ 116.449895563000041, 38.357015233000084 ], [ 116.377046081, 38.271276148000084 ], [ 116.351028410000026, 38.230412388000047 ], [ 116.241754189000062, 38.128152502000034 ], [ 116.148090569000033, 38.029848050000055 ], [ 116.09605522600009, 38.046241302000055 ], [ 115.96596686700002, 38.099494022000044 ], [ 115.851489111000092, 38.164982593000047 ], [ 115.778639630000043, 38.201794087000053 ], [ 115.617330064000043, 38.160891279000055 ], [ 115.518462911000029, 38.14861595900004 ], [ 115.476834637000024, 38.181345553000085 ], [ 115.466427568000086, 38.230412388000047 ], [ 115.430002827000067, 38.303950610000072 ], [ 115.409188690000065, 38.357015233000084 ], [ 115.424799293000092, 38.38965107000007 ], [ 115.461224034, 38.43857722100006 ], [ 115.513259377000054, 38.515975851000064 ], [ 115.513259377000054, 38.556678587000079 ], [ 115.445613430000094, 38.572953232000089 ], [ 115.331135675000041, 38.585156798000071 ], [ 115.232268522000027, 38.621755052000083 ], [ 115.195843781, 38.658334639000088 ], [ 115.128197834000048, 38.735496885000089 ], [ 115.091773094000018, 38.865266108000071 ], [ 115.180233178000094, 38.970529518000035 ], [ 115.232268522000027, 39.128131709000058 ], [ 115.263489727000092, 39.357840309000039 ], [ 115.216657919, 39.602834819000066 ], [ 115.175029643000016, 39.82299112700008 ], [ 115.034534215, 40.046427845000039 ], [ 115.048925241, 40.098970143000088 ], [ 115.17240755, 40.189866670000072 ], [ 115.405651913000042, 40.242251640000063 ], [ 115.620602600000097, 40.266684099000088 ], [ 115.90415457000006, 40.266684099000088 ], [ 116.63590159, 40.378262975000041 ], [ 117.285327070000108, 40.43050207400006 ], [ 117.660347419, 40.51400029000007 ], [ 118.003353834000109, 40.534858619000033 ], [ 118.286905804000071, 40.423539203000075 ], [ 118.661926152000092, 40.312035259000083 ], [ 118.899743933000082, 40.210825517000046 ], [ 119.219883255000013, 40.119957059000058 ], [ 119.41196684800002, 40.109464410000044 ], [ 119.631490954000014, 40.130448088000037 ], [ 119.864735316000065, 40.165406492000045 ], [ 120.088832842000102, 40.291107736000072 ], [ 120.331224042000031, 40.388714038000046 ], [ 120.477573446000065, 40.475743163000061 ], [ 120.678079447000073, 40.527033335000056 ], [ 120.689761167000029, 40.526636701000086 ] ] ] ] } },
{ "type": "Feature", "properties": { "Name": "中山" }, "geometry": { "type": "MultiPolygon", "coordinates": [ [ [ [ 115.099592380000104, 38.874570697000081 ], [ 115.091773094000018, 38.865266108000071 ], [ 115.128197834000048, 38.735496885000089 ], [ 115.195843781, 38.658334639000088 ], [ 115.232268522000027, 38.621755052000083 ], [ 115.331135675000041, 38.585156798000071 ], [ 115.445613430000094, 38.572953232000089 ], [ 115.513259377000054, 38.556678587000079 ], [ 115.513259377000054, 38.515975851000064 ], [ 115.461224034, 38.43857722100006 ], [ 115.424799293000092, 38.38965107000007 ], [ 115.409188690000065, 38.357015233000084 ], [ 115.430002827000067, 38.303950610000072 ], [ 115.466427568000086, 38.230412388000047 ], [ 115.476834637000024, 38.181345553000085 ], [ 115.517702584000062, 38.149213755000062 ], [ 115.482104443000026, 38.117150810000055 ], [ 115.477500689000067, 38.074881861000051 ], [ 115.474431520000053, 38.042861969000057 ], [ 115.475966104, 37.995712877000074 ], [ 115.500519460000078, 37.932800246000056 ], [ 115.602308924, 37.794464447000053 ], [ 115.63432285600004, 37.72576691200004 ], [ 115.69835072, 37.657005596000033 ], [ 115.785245679000013, 37.577307604000055 ], [ 115.785245679000013, 37.519291787000043 ], [ 115.780672260000074, 37.424919815000067 ], [ 115.73951149100003, 37.374054799000078 ], [ 115.666336788000081, 37.366785550000088 ], [ 115.593162086, 37.366785550000088 ], [ 115.492546871000059, 37.366785550000088 ], [ 115.369064562000062, 37.366785550000088 ], [ 115.222715158000028, 37.374054799000078 ], [ 115.122099942000091, 37.399491622000085 ], [ 115.080939173000047, 37.424919815000067 ], [ 115.01691130800009, 37.446708537000063 ], [ 114.957456862000072, 37.446708537000063 ], [ 114.82025429600003, 37.432183427000041 ], [ 114.696771987000034, 37.414023075000046 ], [ 114.614450447000081, 37.450339374000066 ], [ 114.596156772000086, 37.490266948000055 ], [ 114.568716258000109, 37.54830534000007 ], [ 114.564142839000056, 37.606298576000086 ], [ 114.541275745, 37.704059700000073 ], [ 114.495541556000035, 37.783621709000045 ], [ 114.495541556000035, 37.852265505000048 ], [ 114.518408650000083, 37.899195525000039 ], [ 114.609877029000018, 37.924453149000044 ], [ 114.628170704000013, 37.992965838000089 ], [ 114.596156772000086, 38.028999472000066 ], [ 114.40407317800009, 38.025396905000036 ], [ 114.298884544000089, 38.19093151900006 ], [ 114.289737707000086, 38.277148424000075 ], [ 114.289737707000086, 38.327394402000039 ], [ 114.30803138300007, 38.420615999000063 ], [ 114.321751639000013, 38.553070330000082 ], [ 114.381206084000041, 38.656715625000061 ], [ 114.468101043000047, 38.706697693000081 ], [ 114.609877029000018, 38.792299997000043 ], [ 114.715065662000029, 38.884919957000079 ], [ 114.769946689000108, 38.906276672000047 ], [ 114.957456862000072, 38.89915848000004 ], [ 115.099592380000104, 38.874570697000081 ] ] ] ] } },
{ "type": "Feature", "properties": { "Name": "齐" }, "geometry": { "type": "MultiPolygon", "coordinates": [ [ [ [ 119.207286821000025, 34.789479076000077 ], [ 119.145215789000076, 34.764901832000078 ], [ 119.107282023000039, 34.753215053000076 ], [ 119.069348258000105, 34.72399087000008 ], [ 119.026672772000097, 34.659661296000081 ], [ 119.024301911000066, 34.59918495900007 ], [ 119.010076749000064, 34.540617514000076 ], [ 118.962659543000086, 34.47223671100005 ], [ 118.934209218000092, 34.403799831000072 ], [ 118.898646313000086, 34.327475600000071 ], [ 118.777732436000065, 34.255001194000045 ], [ 118.602288770000087, 34.16677244300007 ], [ 118.403136501000063, 34.109864993000087 ], [ 118.25851402, 34.078451379000057 ], [ 118.170792187000075, 34.033273890000089 ], [ 118.094924656000103, 34.02737939900004 ], [ 118.016686265000089, 34.041132574000073 ], [ 117.943189594000046, 34.092196270000045 ], [ 117.872063783000044, 34.172657233000052 ], [ 117.791454532000103, 34.17854161300005 ], [ 117.744037325000022, 34.19815324800004 ], [ 117.706103559000098, 34.233442697000044 ], [ 117.689507537000054, 34.266758047000053 ], [ 117.630236029, 34.266758047000053 ], [ 117.554368498000031, 34.264798685000073 ], [ 117.478908458000092, 34.293878265000046 ], [ 117.434454827000081, 34.285461527000052 ], [ 117.345547563000082, 34.287757084000077 ], [ 117.288128290000031, 34.324477477000073 ], [ 117.227004546000103, 34.365768721000052 ], [ 117.182550915000093, 34.423847864000038 ], [ 117.139023401000031, 34.500206355000046 ], [ 117.086234713000067, 34.568106645000057 ], [ 117.078322922000098, 34.613371511000082 ], [ 117.071539836000056, 34.667318188000081 ], [ 117.046668521000015, 34.756532087000039 ], [ 116.981098692000046, 34.851216350000072 ], [ 117.039885436000077, 34.86976913400008 ], [ 117.076061893000087, 34.89017236300009 ], [ 117.146153780000077, 34.927256163000038 ], [ 117.198157439000056, 34.968028993000075 ], [ 117.256944183000087, 34.99952138000009 ], [ 117.327036070000077, 35.016188915000043 ], [ 117.399388985000087, 35.01804065500005 ], [ 117.444609558000025, 34.99766922200007 ], [ 117.487569102000066, 34.968028993000075 ], [ 117.528267618000086, 34.929109914000037 ], [ 117.573488189000045, 34.893881496000063 ], [ 117.609664647000045, 34.86976913400008 ], [ 117.684278592000055, 34.838226912000039 ], [ 117.754370479000045, 34.797389618000068 ], [ 117.774719737000055, 34.767677056000082 ], [ 117.819940309, 34.708219837000058 ], [ 117.847072652000065, 34.665458541000078 ], [ 117.890032196000107, 34.637558844000068 ], [ 117.971429226000055, 34.624535771000069 ], [ 118.014388770000096, 34.624535771000069 ], [ 118.082219629000065, 34.671037354000077 ], [ 118.100307858000065, 34.700784676000069 ], [ 118.093524772000023, 34.732379492000064 ], [ 118.077697571000044, 34.780677619000073 ], [ 118.077697571000044, 34.825235423000038 ], [ 118.100307858000065, 34.892026951000048 ], [ 118.077697571000044, 34.975440056000082 ], [ 118.116135058000054, 35.068021747000046 ], [ 118.136484315000075, 35.10502506000006 ], [ 118.165877687000034, 35.136464673000035 ], [ 118.204315175000033, 35.158650034000061 ], [ 118.258579861000044, 35.195612194000034 ], [ 118.276668090000044, 35.236251154000058 ], [ 118.281190147000075, 35.293480599000077 ], [ 118.260840889000065, 35.382014147000064 ], [ 118.238230604000023, 35.466767730000072 ], [ 118.16135563, 35.518313190000072 ], [ 118.001817451000079, 35.533034389000079 ], [ 117.887499844000104, 35.533034389000079 ], [ 117.716746962, 35.55422817200008 ], [ 117.595194065000101, 35.589538695000044 ], [ 117.493899982000016, 35.610717537000085 ], [ 117.430229416000088, 35.622481137000079 ], [ 117.365111792000107, 35.64600314900008 ], [ 117.291311818000054, 35.663640114000088 ], [ 117.191464794000012, 35.708302991000039 ], [ 117.15239421900003, 35.735323635000043 ], [ 117.052547196000091, 35.747068884000043 ], [ 116.990323688000103, 35.747068884000043 ], [ 116.858641382000087, 35.723576656000034 ], [ 116.827529628000093, 35.681567035000057 ], [ 116.794156845000089, 35.619393360000061 ], [ 116.790900964, 35.587626440000065 ], [ 116.795784785000023, 35.554522491000057 ], [ 116.801482578000105, 35.512129480000056 ], [ 116.82834359800006, 35.48562247600006 ], [ 116.847878885, 35.460432721000075 ], [ 116.851134766000087, 35.438551006000068 ], [ 116.851134766000087, 35.413346511000043 ], [ 116.838925212000049, 35.383488884000087 ], [ 116.799040667000099, 35.330381365000051 ], [ 116.741248775000031, 35.257301520000055 ], [ 116.693224527000098, 35.18748196100006 ], [ 116.64601425, 35.178833457000053 ], [ 116.58496647700008, 35.190808064000066 ], [ 116.519034883000018, 35.214751984000088 ], [ 116.43763785200008, 35.244007188000069 ], [ 116.272085713000024, 35.228308242000082 ], [ 116.217312625000091, 35.187208299000076 ], [ 116.127887177000048, 35.140603222000038 ], [ 116.075349726000013, 35.11409038700009 ], [ 116.023930093000104, 35.100373466000065 ], [ 115.974746097000093, 35.099458923000043 ], [ 115.898734466000064, 35.093971446000069 ], [ 115.849550469000064, 35.093971446000069 ], [ 115.799248654000053, 35.100373466000065 ], [ 115.719883569000103, 35.104946029000075 ], [ 115.661757028000011, 35.095800646000043 ], [ 115.59133448700004, 35.082080647000055 ], [ 115.536561400000096, 35.061038832000065 ], [ 115.498555584000087, 35.067443437000065 ], [ 115.484023949000061, 35.079336370000078 ], [ 115.47284576800007, 35.103117035000082 ], [ 115.467256677000023, 35.14882958700008 ], [ 115.449371588000076, 35.259347732000037 ], [ 115.448253770000065, 35.315006440000047 ], [ 115.442664679000018, 35.36242298600007 ], [ 115.395716318000041, 35.428941557000087 ], [ 115.367770866, 35.463545940000074 ], [ 115.342061050000098, 35.499045491000061 ], [ 115.319704688, 35.529071324000085 ], [ 115.288405781000051, 35.567269777000035 ], [ 115.289523599000063, 35.606358860000057 ], [ 115.3051730520001, 35.638161465000053 ], [ 115.361063957000056, 35.694466451000039 ], [ 115.384538138000039, 35.732585971000049 ], [ 115.448253770000065, 35.805144122000058 ], [ 115.470610132000047, 35.833242606000056 ], [ 115.460549769000067, 35.888504125000054 ], [ 115.401627304000044, 35.942161578000082 ], [ 115.294197695000094, 35.979642374000036 ], [ 115.24418735900008, 36.029838744000074 ], [ 115.229369482000038, 36.073266507000085 ], [ 115.233073951000051, 36.111433186000056 ], [ 115.239556773, 36.139859051000087 ], [ 115.279379817000063, 36.20938417900004 ], [ 115.309015572000021, 36.238521515000059 ], [ 115.353469203000031, 36.261674218000053 ], [ 115.412740712000073, 36.283326987000066 ], [ 115.497017388000017, 36.301241978000064 ], [ 115.587776885000039, 36.325122233000059 ], [ 115.614634288000047, 36.346757395000054 ], [ 115.627599930000088, 36.372860794000076 ], [ 115.623895461000075, 36.416843843000038 ], [ 115.587776885000039, 36.468250066000053 ], [ 115.539567334000026, 36.530945777000056 ], [ 115.615939856000068, 36.576151105000065 ], [ 115.760645688000068, 36.608424433000039 ], [ 115.949567190000039, 36.669706561000055 ], [ 116.013880893000078, 36.711608344000069 ], [ 116.050057352000067, 36.788905472000067 ], [ 116.078194596, 36.862908787000038 ], [ 116.154567118000045, 36.923987958000055 ], [ 116.242998460000081, 36.965750802000059 ], [ 116.383684685000048, 37.004280796000046 ], [ 116.492214059000048, 37.02995661600005 ], [ 116.464076814, 37.203041333000044 ], [ 116.476135633000013, 37.305423225000084 ], [ 116.476135633000013, 37.398086576000082 ], [ 116.435939568000094, 37.570327133000035 ], [ 116.383684685000048, 37.643568211000058 ], [ 116.347508227000048, 37.704017298000053 ], [ 116.275155312000038, 37.745348819000071 ], [ 116.190743576000045, 37.815241913000079 ], [ 116.130449480000038, 37.872378003000051 ], [ 116.126429873, 37.935810615000037 ], [ 116.138488693, 37.989685335000047 ], [ 116.157300242000019, 38.039514043000054 ], [ 116.241754189000062, 38.128152502000034 ], [ 116.351028410000026, 38.230412388000047 ], [ 116.377046081, 38.271276148000084 ], [ 116.449895563000041, 38.357015233000084 ], [ 116.475913235, 38.38965107000007 ], [ 116.507134441000062, 38.475250088000053 ], [ 116.533152113000028, 38.528189090000069 ], [ 116.590390991000049, 38.572953232000089 ], [ 116.65803693700002, 38.581089173000066 ], [ 116.798532365000028, 38.597358289000056 ], [ 116.92341719, 38.597358289000056 ], [ 117.00667374, 38.568884917000048 ], [ 117.089930290000098, 38.520047161000036 ], [ 117.162779771000032, 38.491543156000034 ], [ 117.324089336000043, 38.491543156000034 ], [ 117.474991833000104, 38.491543156000034 ], [ 117.599924901, 38.519660769000041 ], [ 117.6036, 38.512 ], [ 117.6161, 38.4979 ], [ 117.6236, 38.4822 ], [ 117.644300001000033, 38.4558 ], [ 117.649899999000013, 38.44129999900008 ], [ 117.662, 38.420800001000089 ], [ 117.6995, 38.3718 ], [ 117.700700001000087, 38.3702 ], [ 117.7158, 38.3549 ], [ 117.7234, 38.3499 ], [ 117.7261, 38.3452 ], [ 117.750000001000103, 38.325 ], [ 117.8014, 38.2859 ], [ 117.802, 38.2823 ], [ 117.8059, 38.2799 ], [ 117.815700000000106, 38.2778 ], [ 117.8309, 38.2643 ], [ 117.83910000100002, 38.2628 ], [ 117.8487, 38.2632 ], [ 117.8606, 38.2638 ], [ 117.87, 38.2619 ], [ 117.8741, 38.2543 ], [ 117.8805, 38.2538 ], [ 117.8875, 38.2539 ], [ 117.9012, 38.2485 ], [ 117.9393, 38.231599999000082 ], [ 117.945699999, 38.2275 ], [ 117.9515, 38.2193 ], [ 117.9449, 38.2059 ], [ 117.9593, 38.2084 ], [ 117.967600001000051, 38.2053 ], [ 117.974699999000109, 38.1999 ], [ 117.975400001000025, 38.1978 ], [ 117.972399999, 38.1952 ], [ 117.961100000000101, 38.1917 ], [ 117.9685, 38.1881 ], [ 117.9853, 38.1928 ], [ 118.0008, 38.1925 ], [ 118.0112, 38.1888 ], [ 118.024500001000092, 38.1804 ], [ 118.0398, 38.1611 ], [ 118.0427, 38.1525 ], [ 118.0411, 38.1469 ], [ 118.0345, 38.141400001000079 ], [ 118.0284, 38.1324 ], [ 118.0375, 38.1271 ], [ 118.042, 38.133 ], [ 118.0538, 38.1429 ], [ 118.063099999000087, 38.1564 ], [ 118.075699999000108, 38.1413 ], [ 118.086899999000025, 38.1344 ], [ 118.0918, 38.122 ], [ 118.0964, 38.1192 ], [ 118.0979, 38.1227 ], [ 118.095600000000104, 38.1298 ], [ 118.093800000000101, 38.1354 ], [ 118.0962, 38.1396 ], [ 118.1037, 38.1434 ], [ 118.1192, 38.147 ], [ 118.1379, 38.141400001000079 ], [ 118.1448, 38.141400001000079 ], [ 118.1455, 38.135499999000047 ], [ 118.1478, 38.1354 ], [ 118.1544, 38.145 ], [ 118.1583, 38.1479 ], [ 118.1669, 38.1492 ], [ 118.1785, 38.1495 ], [ 118.2023, 38.1413 ], [ 118.2171, 38.141 ], [ 118.2207, 38.1395 ], [ 118.2264, 38.1374 ], [ 118.226500000000101, 38.1362 ], [ 118.2289, 38.1398 ], [ 118.2331, 38.1412 ], [ 118.2588, 38.1383 ], [ 118.2741, 38.1405 ], [ 118.286, 38.135499999000047 ], [ 118.2921, 38.1312 ], [ 118.2968, 38.1304 ], [ 118.3056, 38.1331 ], [ 118.3115, 38.1312 ], [ 118.3144, 38.1321 ], [ 118.3226, 38.1349 ], [ 118.324300000000108, 38.140899999000055 ], [ 118.3287, 38.1441 ], [ 118.3442, 38.147 ], [ 118.3539, 38.144600001000072 ], [ 118.369600000000105, 38.1361 ], [ 118.3742, 38.1372 ], [ 118.3706, 38.1474 ], [ 118.3726, 38.148599999000055 ], [ 118.3808, 38.1475 ], [ 118.3891, 38.1435 ], [ 118.3911, 38.1404 ], [ 118.382399999000086, 38.1396 ], [ 118.3829, 38.1373 ], [ 118.386800000000108, 38.1342 ], [ 118.393, 38.1324 ], [ 118.4032, 38.1326 ], [ 118.4103, 38.1301 ], [ 118.4258, 38.1284 ], [ 118.4623, 38.1244 ], [ 118.4814, 38.1171 ], [ 118.4987, 38.1086 ], [ 118.507, 38.1013 ], [ 118.5112, 38.095300001000055 ], [ 118.5202, 38.089899999000068 ], [ 118.5261, 38.0885 ], [ 118.5315, 38.0812 ], [ 118.5346, 38.067999999000051 ], [ 118.5325, 38.0608 ], [ 118.5295, 38.0572 ], [ 118.519499999, 38.045100001000037 ], [ 118.5202, 38.0436 ], [ 118.524700001000042, 38.0449 ], [ 118.5336, 38.0521 ], [ 118.5386, 38.0605 ], [ 118.543500000000108, 38.0598 ], [ 118.55229999900007, 38.0496 ], [ 118.5563, 38.0502 ], [ 118.53969999900005, 38.0835 ], [ 118.5418, 38.092100001000063 ], [ 118.5384, 38.100000001000069 ], [ 118.5393, 38.1055 ], [ 118.543500000000108, 38.1073 ], [ 118.5607, 38.1066 ], [ 118.5638, 38.113499999000055 ], [ 118.5645, 38.1152 ], [ 118.5745, 38.1076 ], [ 118.579300000000103, 38.1059 ], [ 118.580599999000015, 38.10709999900007 ], [ 118.5762, 38.114299999000082 ], [ 118.567700001000048, 38.1195 ], [ 118.5753, 38.1232 ], [ 118.5746, 38.1252 ], [ 118.5709, 38.1292 ], [ 118.5676, 38.1302 ], [ 118.560800001000075, 38.1288 ], [ 118.5592, 38.1308 ], [ 118.562499999000011, 38.133699999000044 ], [ 118.5736, 38.1316 ], [ 118.5885, 38.1203 ], [ 118.5925, 38.1215 ], [ 118.5884, 38.1269 ], [ 118.5781, 38.1341 ], [ 118.5741, 38.1387 ], [ 118.5736, 38.141 ], [ 118.577, 38.1471 ], [ 118.5791, 38.1475 ], [ 118.581, 38.148 ], [ 118.5875, 38.1466 ], [ 118.5909, 38.1433 ], [ 118.5902, 38.1412 ], [ 118.5941, 38.1381 ], [ 118.6027, 38.1405 ], [ 118.612599999000054, 38.1402 ], [ 118.6213, 38.1352 ], [ 118.6278, 38.1361 ], [ 118.625500000000102, 38.1418 ], [ 118.6281, 38.1433 ], [ 118.636, 38.1411 ], [ 118.648499999000023, 38.142 ], [ 118.6543, 38.1374 ], [ 118.6583, 38.137600001000067 ], [ 118.6719, 38.1479 ], [ 118.676200000000108, 38.1483 ], [ 118.684, 38.1445 ], [ 118.689, 38.1488 ], [ 118.688000000000102, 38.1611 ], [ 118.689199999000039, 38.1615 ], [ 118.6911, 38.1622 ], [ 118.6955, 38.1607 ], [ 118.7006, 38.1536 ], [ 118.705, 38.152400001000046 ], [ 118.7081, 38.1552 ], [ 118.708500001000061, 38.1626 ], [ 118.7054, 38.1659 ], [ 118.6961, 38.1701 ], [ 118.6929, 38.1748 ], [ 118.6944, 38.1793 ], [ 118.6992, 38.1826 ], [ 118.7279, 38.1878 ], [ 118.756499999000084, 38.1997 ], [ 118.772700001000089, 38.2016 ], [ 118.7802, 38.2076 ], [ 118.7854, 38.2117 ], [ 118.7942, 38.2116 ], [ 118.7991, 38.2069 ], [ 118.8013, 38.199400001000072 ], [ 118.8023, 38.200900001000036 ], [ 118.8101, 38.2021 ], [ 118.8132, 38.208099999000069 ], [ 118.8259, 38.2159 ], [ 118.8301, 38.217 ], [ 118.8329, 38.2155 ], [ 118.8414, 38.2089 ], [ 118.8537, 38.1759 ], [ 118.8516, 38.1579 ], [ 118.8433, 38.1562 ], [ 118.8405, 38.1493 ], [ 118.845, 38.1366 ], [ 118.8419, 38.129600001000085 ], [ 118.8426, 38.1256 ], [ 118.8428, 38.124300001000051 ], [ 118.839300001000083, 38.115 ], [ 118.8426, 38.0973 ], [ 118.8485, 38.08599999900008 ], [ 118.8472, 38.083 ], [ 118.8344, 38.0784 ], [ 118.8344, 38.0745 ], [ 118.8373, 38.0739 ], [ 118.851500000000101, 38.07969999900007 ], [ 118.855800001000034, 38.0746 ], [ 118.8554, 38.0677 ], [ 118.85219999900005, 38.061799999000073 ], [ 118.8608, 38.0582 ], [ 118.871599999000068, 38.0634 ], [ 118.883, 38.0716 ], [ 118.8923, 38.070399999000074 ], [ 118.9067999990001, 38.0752 ], [ 118.912299999000084, 38.0757 ], [ 118.9299, 38.0733 ], [ 118.932100000000105, 38.0745 ], [ 118.9433, 38.0616 ], [ 118.9522, 38.0374 ], [ 118.9485, 38.0251 ], [ 118.948399999, 38.0153 ], [ 118.948399999, 38.0074 ], [ 118.9435, 37.9917 ], [ 118.9428, 37.9784 ], [ 118.9477, 37.9785 ], [ 118.9532, 37.9941 ], [ 118.9595, 38.0053 ], [ 118.965, 38.0105 ], [ 118.9711, 38.0096 ], [ 118.9821, 38.0006 ], [ 118.9817, 37.9967 ], [ 118.9921, 37.9699 ], [ 118.9972, 37.967899999000053 ], [ 118.9981, 37.9571 ], [ 118.9929, 37.9528 ], [ 118.9838, 37.9536 ], [ 118.9843, 37.949799999000049 ], [ 119.0004, 37.943 ], [ 119.007600001000014, 37.9373 ], [ 119.0143, 37.9274 ], [ 119.0182, 37.9135 ], [ 119.023600000000101, 37.8734 ], [ 119.023600000000101, 37.8688 ], [ 119.023399999000048, 37.8682 ], [ 119.016, 37.8488 ], [ 119.0048, 37.8367 ], [ 119.003199999, 37.8298 ], [ 119.005, 37.8181 ], [ 119.0036, 37.813 ], [ 118.9971, 37.8091 ], [ 118.9953, 37.8063 ], [ 118.9963, 37.8027 ], [ 119.00379999900008, 37.7977 ], [ 119.007, 37.7976 ], [ 119.0098, 37.794700001000081 ], [ 119.0094, 37.7921 ], [ 119.0066, 37.7891 ], [ 119.0017, 37.7884 ], [ 118.9935, 37.790900001000068 ], [ 118.992700001, 37.7842 ], [ 119.011500001000059, 37.7748 ], [ 119.0253, 37.7718 ], [ 119.0269, 37.771399999000039 ], [ 119.045, 37.7642 ], [ 119.0516, 37.7601 ], [ 119.0547, 37.7604 ], [ 119.07, 37.755 ], [ 119.0729, 37.751 ], [ 119.077300001000026, 37.7282 ], [ 119.073499999000092, 37.7175 ], [ 119.074, 37.7081 ], [ 119.0706, 37.702 ], [ 119.0622, 37.69779999900004 ], [ 119.0541, 37.687500001000046 ], [ 119.0491, 37.6843 ], [ 119.0472, 37.684 ], [ 119.0429, 37.6871 ], [ 119.0345, 37.693000001000087 ], [ 119.0307, 37.6935 ], [ 119.029, 37.6923 ], [ 119.038800001000027, 37.6848 ], [ 119.039600001000053, 37.678900001000045 ], [ 119.0283, 37.6646 ], [ 118.9908, 37.6279 ], [ 118.9837, 37.6201 ], [ 118.983, 37.6171 ], [ 118.9737, 37.609 ], [ 118.9695, 37.6068 ], [ 118.9648, 37.6071 ], [ 118.9621, 37.5956 ], [ 118.9567, 37.5733 ], [ 118.9525000000001, 37.5656 ], [ 118.951346029000092, 37.538179433000039 ], [ 118.9504, 37.5157 ], [ 118.947500000000105, 37.5005 ], [ 118.949999999000056, 37.4875 ], [ 118.9509, 37.4711 ], [ 118.9517, 37.4557 ], [ 118.956100000000106, 37.439500001000056 ], [ 118.9556, 37.4182 ], [ 118.9617, 37.3961 ], [ 118.9645, 37.3717 ], [ 118.954400001000067, 37.3571 ], [ 118.9436, 37.3546 ], [ 118.948399999, 37.3525 ], [ 118.9557, 37.3493 ], [ 118.9673, 37.3415 ], [ 118.9844, 37.3242 ], [ 118.9918, 37.3139 ], [ 118.994, 37.306599999000071 ], [ 118.992999999000062, 37.2981 ], [ 118.985099999, 37.290000001000067 ], [ 118.979, 37.2871 ], [ 118.94899999900008, 37.2839 ], [ 118.938000000000102, 37.280600001000039 ], [ 118.9331, 37.2815 ], [ 118.9298, 37.2839 ], [ 118.925300001000096, 37.286999999000045 ], [ 118.9148, 37.2894 ], [ 118.90439999900002, 37.2906 ], [ 118.894100001000083, 37.290000001000067 ], [ 118.8900000000001, 37.287600001000044 ], [ 118.9101, 37.2812 ], [ 118.925500001000046, 37.2778 ], [ 118.9341, 37.2731 ], [ 118.940700000000106, 37.2731 ], [ 118.9531, 37.278300001000048 ], [ 118.9752, 37.2775 ], [ 118.9843, 37.2788 ], [ 119.0054, 37.2861 ], [ 119.0126, 37.286199999000075 ], [ 119.020200001000035, 37.2832 ], [ 119.033100000000104, 37.2738 ], [ 119.041499999000052, 37.2727 ], [ 119.0456, 37.2703 ], [ 119.0469, 37.2679 ], [ 119.0458, 37.2629 ], [ 119.0446, 37.2575 ], [ 119.0481, 37.256399999000053 ], [ 119.054400000000101, 37.2514 ], [ 119.0591, 37.2552 ], [ 119.066300001000059, 37.255 ], [ 119.0678, 37.2582 ], [ 119.072, 37.2602 ], [ 119.075099999000031, 37.256399999000053 ], [ 119.074299999, 37.2502 ], [ 119.0767, 37.243000001000041 ], [ 119.088399999000103, 37.2335 ], [ 119.116, 37.2161 ], [ 119.1179, 37.212699999000051 ], [ 119.117200001000015, 37.204 ], [ 119.120300001000032, 37.205 ], [ 119.1262, 37.2123 ], [ 119.137, 37.208099999000069 ], [ 119.146, 37.2065 ], [ 119.1528, 37.2021 ], [ 119.1615, 37.1965 ], [ 119.173099999000101, 37.192999999000051 ], [ 119.1837, 37.193799999000078 ], [ 119.1887, 37.1908 ], [ 119.197199999000077, 37.1869 ], [ 119.1986, 37.187599999000042 ], [ 119.2059, 37.1856 ], [ 119.2125, 37.1803 ], [ 119.2248, 37.175199999000085 ], [ 119.2275, 37.1725 ], [ 119.2461, 37.1686 ], [ 119.2775, 37.1588 ], [ 119.2783, 37.1611 ], [ 119.2836, 37.1645 ], [ 119.2857, 37.166 ], [ 119.2881, 37.1651 ], [ 119.302, 37.1557 ], [ 119.3289, 37.152 ], [ 119.3497, 37.1531 ], [ 119.370500000000106, 37.1512 ], [ 119.3871, 37.1497 ], [ 119.4014, 37.1513 ], [ 119.407200000000103, 37.1497 ], [ 119.4114, 37.1519 ], [ 119.432899999000028, 37.152300001000071 ], [ 119.4653, 37.15699999900005 ], [ 119.494499999000027, 37.1572 ], [ 119.512, 37.155499999000085 ], [ 119.5214, 37.152300001000071 ], [ 119.5234, 37.1498 ], [ 119.5348, 37.1483 ], [ 119.5376, 37.1542 ], [ 119.551699999000107, 37.1475 ], [ 119.5594, 37.1365 ], [ 119.5626, 37.134300001000042 ], [ 119.565500001000032, 37.1392 ], [ 119.5658, 37.146099999000057 ], [ 119.570700000000102, 37.1506 ], [ 119.5775000000001, 37.1527 ], [ 119.5859, 37.1513 ], [ 119.5871, 37.1497 ], [ 119.585200001000089, 37.1467 ], [ 119.580200000000104, 37.1449 ], [ 119.579199999000025, 37.1408 ], [ 119.5923, 37.136799999000061 ], [ 119.598300001000098, 37.137 ], [ 119.605, 37.1402 ], [ 119.6155, 37.1419 ], [ 119.6217, 37.139799999000047 ], [ 119.649499999, 37.1385 ], [ 119.679800001000103, 37.1399 ], [ 119.6973, 37.1392 ], [ 119.7086, 37.1396 ], [ 119.7102000000001, 37.1656 ], [ 119.7698, 37.166 ], [ 119.7726, 37.171899999000061 ], [ 119.7789, 37.1774 ], [ 119.8027, 37.1898 ], [ 119.813000000000102, 37.1974 ], [ 119.8271, 37.2024 ], [ 119.8377, 37.2086 ], [ 119.8407, 37.2128 ], [ 119.8417, 37.217 ], [ 119.842600001000051, 37.2205 ], [ 119.8472, 37.225899999000035 ], [ 119.8531, 37.2293 ], [ 119.8664, 37.2271 ], [ 119.878200000000106, 37.2318 ], [ 119.8805, 37.2312 ], [ 119.8879, 37.2458 ], [ 119.8865, 37.2515 ], [ 119.8941, 37.262699999000063 ], [ 119.9055, 37.2968 ], [ 119.8976, 37.312799999000049 ], [ 119.8925, 37.3111 ], [ 119.8951, 37.3056 ], [ 119.895, 37.3015 ], [ 119.8923, 37.3021 ], [ 119.8877, 37.3107 ], [ 119.8829, 37.3152 ], [ 119.879100000000108, 37.322199999000077 ], [ 119.876, 37.3278 ], [ 119.8727, 37.3307 ], [ 119.8557, 37.3316 ], [ 119.8525, 37.3338 ], [ 119.8502, 37.3409 ], [ 119.8431, 37.3446 ], [ 119.8409, 37.3493 ], [ 119.842400001000101, 37.354 ], [ 119.8469, 37.3571 ], [ 119.8618, 37.3637 ], [ 119.859700001000078, 37.3657 ], [ 119.854200000000105, 37.366 ], [ 119.8409, 37.3608 ], [ 119.8372, 37.3621 ], [ 119.8385, 37.3644 ], [ 119.8427, 37.3677 ], [ 119.862800000000107, 37.3731 ], [ 119.915500001000055, 37.3769 ], [ 119.9246, 37.3792 ], [ 119.9327, 37.3837 ], [ 119.9348, 37.3879 ], [ 119.9337, 37.3917 ], [ 119.9326, 37.3991 ], [ 119.9401, 37.4062 ], [ 119.959, 37.4074 ], [ 119.9713, 37.4098 ], [ 119.9962, 37.4178 ], [ 119.997, 37.4196 ], [ 119.9987, 37.4195 ], [ 120.0, 37.4219 ], [ 120.003199999, 37.4281 ], [ 120.0013, 37.4333 ], [ 120.004100000000108, 37.4352 ], [ 120.045300001000101, 37.4333 ], [ 120.048500000000104, 37.431600001000049 ], [ 120.0549, 37.4339 ], [ 120.061000001000025, 37.436 ], [ 120.0809, 37.440200001000051 ], [ 120.0868, 37.4433 ], [ 120.088800000000106, 37.45209999900004 ], [ 120.0964, 37.4557 ], [ 120.1398, 37.4699 ], [ 120.1519, 37.476 ], [ 120.163, 37.4847 ], [ 120.1752, 37.4903 ], [ 120.1851, 37.4969 ], [ 120.1881, 37.4989 ], [ 120.2205, 37.5222 ], [ 120.235, 37.5345 ], [ 120.2411, 37.5468 ], [ 120.2476, 37.551 ], [ 120.2595, 37.5552 ], [ 120.2722, 37.563100001000066 ], [ 120.2887, 37.5807 ], [ 120.2997, 37.5883 ], [ 120.3132, 37.6047 ], [ 120.3158, 37.6105 ], [ 120.3163, 37.6286 ], [ 120.3266, 37.6447 ], [ 120.3222, 37.6512 ], [ 120.3211, 37.6528 ], [ 120.321699999000089, 37.6592 ], [ 120.3008, 37.6718 ], [ 120.2958, 37.673500001000036 ], [ 120.2408, 37.6708 ], [ 120.233299999, 37.6725 ], [ 120.229399999000066, 37.6694 ], [ 120.2259, 37.6695 ], [ 120.220999999000014, 37.6829 ], [ 120.230199999000092, 37.683600001000059 ], [ 120.234200000000101, 37.686 ], [ 120.2468, 37.6842 ], [ 120.2643, 37.6817 ], [ 120.34, 37.686 ], [ 120.381, 37.699399999000036 ], [ 120.3988, 37.7076 ], [ 120.3997, 37.7081 ], [ 120.4449, 37.7417 ], [ 120.4538, 37.7437 ], [ 120.4714, 37.7443 ], [ 120.4859, 37.7428 ], [ 120.4888, 37.7406 ], [ 120.5111, 37.7471 ], [ 120.5178, 37.747 ], [ 120.5838000010001, 37.7556 ], [ 120.5935, 37.759699999000077 ], [ 120.6031, 37.7671 ], [ 120.6179, 37.7785 ], [ 120.6349, 37.7727 ], [ 120.66, 37.7826 ], [ 120.69269999900007, 37.8051 ], [ 120.7173, 37.8194 ], [ 120.7344, 37.8236 ], [ 120.735, 37.8399 ], [ 120.7456, 37.8384 ], [ 120.745099999000104, 37.8344 ], [ 120.752999999000053, 37.8311 ], [ 120.752999999000053, 37.8224 ], [ 120.7554, 37.8204 ], [ 120.7776, 37.8222 ], [ 120.7857, 37.8205 ], [ 120.7955, 37.813799999000082 ], [ 120.8051, 37.8113 ], [ 120.8309, 37.8093 ], [ 120.8366, 37.8103 ], [ 120.844, 37.8146 ], [ 120.8513, 37.82 ], [ 120.8572, 37.827 ], [ 120.8685, 37.824500001000047 ], [ 120.8731, 37.8266 ], [ 120.88, 37.8267 ], [ 120.8864, 37.8243 ], [ 120.895, 37.8169 ], [ 120.904799999000033, 37.8181 ], [ 120.920499999000072, 37.813799999000082 ], [ 120.9258, 37.815299999000047 ], [ 120.93, 37.8224 ], [ 120.933900000000108, 37.8233 ], [ 120.9384, 37.8212 ], [ 120.9386, 37.8146 ], [ 120.9363, 37.8083 ], [ 120.9418, 37.7995 ], [ 120.939, 37.7969 ], [ 120.9281, 37.7926 ], [ 120.926200000000108, 37.788 ], [ 120.9291, 37.7784 ], [ 120.9331, 37.7723 ], [ 120.9507, 37.7609 ], [ 120.9712, 37.7517 ], [ 120.985200001000067, 37.746 ], [ 120.9939, 37.7457 ], [ 120.9976, 37.7366 ], [ 121.0052, 37.73440000100004 ], [ 121.0077, 37.7252 ], [ 121.010100001000069, 37.716400001000068 ], [ 121.018, 37.7108 ], [ 121.023799999000062, 37.7093 ], [ 121.0618, 37.7018 ], [ 121.0813, 37.7076 ], [ 121.0919, 37.7085 ], [ 121.1029, 37.7064 ], [ 121.1156, 37.7075 ], [ 121.121400000000108, 37.7053 ], [ 121.1286, 37.7078 ], [ 121.134100000000103, 37.7069 ], [ 121.1422, 37.6956 ], [ 121.1429, 37.6901 ], [ 121.1416, 37.686700001000077 ], [ 121.1328, 37.6787 ], [ 121.1317, 37.6766 ], [ 121.128200000000106, 37.6702 ], [ 121.1256, 37.6591 ], [ 121.1333, 37.6526 ], [ 121.14250000100003, 37.6516 ], [ 121.1463, 37.6498 ], [ 121.1490999990001, 37.6441 ], [ 121.1461, 37.6379 ], [ 121.135000000000105, 37.6329 ], [ 121.1322, 37.6296 ], [ 121.1316, 37.6223 ], [ 121.1351, 37.608599999000035 ], [ 121.1414, 37.5991 ], [ 121.1523, 37.5903 ], [ 121.164900000000102, 37.5846 ], [ 121.171, 37.5831 ], [ 121.2211, 37.5706 ], [ 121.246400000000108, 37.5713 ], [ 121.2655, 37.56860000100005 ], [ 121.291, 37.570900001000041 ], [ 121.2951, 37.567700001000048 ], [ 121.2847, 37.5518 ], [ 121.2823, 37.54 ], [ 121.274399999000025, 37.5298 ], [ 121.2761, 37.527100001000065 ], [ 121.2857, 37.5368 ], [ 121.2905, 37.5457 ], [ 121.291, 37.5556 ], [ 121.2984, 37.5628 ], [ 121.2988, 37.5696 ], [ 121.3023, 37.5713 ], [ 121.320200001000103, 37.5744 ], [ 121.3323, 37.5766 ], [ 121.3446, 37.5832 ], [ 121.3569, 37.5854 ], [ 121.3631, 37.5906 ], [ 121.3658, 37.5989 ], [ 121.3654, 37.603 ], [ 121.3579, 37.6113 ], [ 121.3481, 37.615500001000044 ], [ 121.347400000000107, 37.6197 ], [ 121.3419, 37.6214 ], [ 121.3415, 37.6239 ], [ 121.347, 37.62260000100008 ], [ 121.3516, 37.6245 ], [ 121.3641, 37.619 ], [ 121.378200001000096, 37.6183 ], [ 121.3843, 37.6161 ], [ 121.3899, 37.6104 ], [ 121.3956, 37.604600001000051 ], [ 121.403399999000044, 37.6004 ], [ 121.4164, 37.5996 ], [ 121.4264, 37.5938 ], [ 121.4281, 37.5913 ], [ 121.4271, 37.587 ], [ 121.420499999000072, 37.5869 ], [ 121.3947, 37.5922 ], [ 121.3894, 37.5958 ], [ 121.384, 37.595900001000075 ], [ 121.38, 37.5922 ], [ 121.3746000000001, 37.5921 ], [ 121.3658, 37.5853 ], [ 121.362800000000107, 37.5766 ], [ 121.3646, 37.5651 ], [ 121.3671, 37.557600001000083 ], [ 121.3708, 37.5467 ], [ 121.375500000000102, 37.5447 ], [ 121.382199999000022, 37.5494 ], [ 121.3863, 37.547400001000085 ], [ 121.382399999000086, 37.5411 ], [ 121.3833, 37.5402 ], [ 121.3897, 37.5405 ], [ 121.3953, 37.5445 ], [ 121.4045, 37.534999999000036 ], [ 121.4115, 37.531899999000075 ], [ 121.4224, 37.5312 ], [ 121.434300001, 37.526300001000038 ], [ 121.4382, 37.5199 ], [ 121.441699999000093, 37.5175 ], [ 121.4513, 37.5144 ], [ 121.4517, 37.511 ], [ 121.4452, 37.5026 ], [ 121.4485, 37.4983 ], [ 121.4477, 37.4931 ], [ 121.447500000000105, 37.4917 ], [ 121.4488, 37.4855 ], [ 121.4548, 37.4769 ], [ 121.4723, 37.4641 ], [ 121.5092, 37.4458 ], [ 121.5181, 37.4496 ], [ 121.5258, 37.4495 ], [ 121.5266, 37.4426 ], [ 121.529200001000049, 37.4408 ], [ 121.537600001000101, 37.439500001000056 ], [ 121.5388, 37.437299999000061 ], [ 121.5369, 37.4324 ], [ 121.5389, 37.430199999000081 ], [ 121.545799999, 37.4314 ], [ 121.5548, 37.4272 ], [ 121.5614, 37.427700001000062 ], [ 121.5708, 37.418 ], [ 121.5736, 37.4199 ], [ 121.5724, 37.4244 ], [ 121.5735, 37.426999999000088 ], [ 121.5893, 37.426999999000088 ], [ 121.611000000000104, 37.4314 ], [ 121.6132, 37.431 ], [ 121.6177, 37.4303 ], [ 121.6397, 37.4352 ], [ 121.6439, 37.4382 ], [ 121.6490999990001, 37.4367 ], [ 121.6584, 37.4297 ], [ 121.6682, 37.4308 ], [ 121.6776, 37.436399999000059 ], [ 121.689, 37.439699999000084 ], [ 121.69129999900008, 37.4416 ], [ 121.6895, 37.443400001000043 ], [ 121.6763, 37.4426 ], [ 121.6693, 37.4475 ], [ 121.6618, 37.449 ], [ 121.6555, 37.4611 ], [ 121.6484, 37.4706 ], [ 121.6512, 37.4721 ], [ 121.652100001, 37.4703 ], [ 121.656800001000079, 37.4667 ], [ 121.6752, 37.454 ], [ 121.7089, 37.4501 ], [ 121.72790000100008, 37.4496 ], [ 121.7368, 37.4461 ], [ 121.7425, 37.435600001000068 ], [ 121.748, 37.4322 ], [ 121.750700001000041, 37.4268 ], [ 121.755400001, 37.4254 ], [ 121.7569, 37.4209 ], [ 121.765900000000101, 37.416 ], [ 121.7696, 37.4158 ], [ 121.771, 37.4176 ], [ 121.7726, 37.425 ], [ 121.771700001, 37.4286 ], [ 121.7633, 37.4299 ], [ 121.7603, 37.4365 ], [ 121.7548, 37.4383 ], [ 121.7527, 37.4412 ], [ 121.7578, 37.4475 ], [ 121.7658, 37.4506 ], [ 121.7902, 37.4504 ], [ 121.8488, 37.454499999000063 ], [ 121.863700000000108, 37.4564 ], [ 121.888, 37.4596 ], [ 121.9231, 37.462 ], [ 121.9394, 37.4658 ], [ 121.945700000000102, 37.4645 ], [ 121.9504, 37.4596 ], [ 121.9517, 37.454499999000063 ], [ 121.9495, 37.4485 ], [ 121.9449, 37.4448 ], [ 121.9331, 37.4461 ], [ 121.9234, 37.4407 ], [ 121.9206, 37.4363 ], [ 121.9283, 37.4261 ], [ 121.9281, 37.425 ], [ 121.9273, 37.4203 ], [ 121.9305, 37.4181 ], [ 121.9422, 37.4214 ], [ 121.950000001000035, 37.418499999000062 ], [ 121.9591, 37.4211 ], [ 121.9617, 37.4205 ], [ 121.9664, 37.4146 ], [ 121.972400000000107, 37.416899999000066 ], [ 121.972000001000083, 37.4226 ], [ 121.9758, 37.4241 ], [ 121.9793, 37.4172 ], [ 121.9839, 37.4202 ], [ 121.9823, 37.4264 ], [ 121.987700001, 37.4297 ], [ 121.987700001, 37.4329 ], [ 121.9727, 37.451299999000071 ], [ 121.9631, 37.4579 ], [ 121.9619, 37.4608 ], [ 121.964, 37.4683 ], [ 121.9646, 37.4705 ], [ 121.9619, 37.4753 ], [ 121.954999999000052, 37.4756 ], [ 121.9559, 37.4777 ], [ 121.9803, 37.4798 ], [ 121.9865, 37.484 ], [ 121.992, 37.4845 ], [ 121.994600000000105, 37.4818 ], [ 121.9938, 37.4761 ], [ 121.9954, 37.4715 ], [ 122.0002, 37.474099999000089 ], [ 122.000399999000024, 37.4812 ], [ 121.998500001000025, 37.4882 ], [ 121.9939, 37.4912 ], [ 122.0146, 37.5072 ], [ 122.017699999, 37.5084 ], [ 122.021500001000049, 37.5064 ], [ 122.0227000000001, 37.5025 ], [ 122.0302, 37.502999999000053 ], [ 122.0283, 37.499899999000036 ], [ 122.0303, 37.4977 ], [ 122.0351, 37.4987 ], [ 122.0362, 37.5038 ], [ 122.0341, 37.5085 ], [ 122.0194, 37.5141 ], [ 122.0144, 37.5184 ], [ 122.015000001000089, 37.5203 ], [ 122.0219, 37.5197 ], [ 122.0307, 37.523200001000077 ], [ 122.0367, 37.5237 ], [ 122.043, 37.526499999000066 ], [ 122.0464, 37.533400001000075 ], [ 122.0515, 37.5339 ], [ 122.057100000000105, 37.5299 ], [ 122.0611, 37.529 ], [ 122.0723, 37.53 ], [ 122.074, 37.5323 ], [ 122.0679, 37.5382 ], [ 122.0712, 37.5438 ], [ 122.063900000000103, 37.5517 ], [ 122.065, 37.5538 ], [ 122.0685, 37.5534 ], [ 122.070899999000062, 37.551 ], [ 122.0732, 37.5488 ], [ 122.0766, 37.549099999000077 ], [ 122.0787, 37.542000001000076 ], [ 122.0854, 37.5409 ], [ 122.0892, 37.5368 ], [ 122.0969, 37.5364 ], [ 122.107, 37.5384 ], [ 122.1081, 37.5436 ], [ 122.114699999000095, 37.543 ], [ 122.120100001000083, 37.546099999000035 ], [ 122.1166, 37.550600001000078 ], [ 122.1174, 37.5538 ], [ 122.1275, 37.5514 ], [ 122.1302, 37.5477 ], [ 122.1402, 37.5494 ], [ 122.1423, 37.5458 ], [ 122.1369, 37.5425 ], [ 122.1401, 37.5366 ], [ 122.1519, 37.534200001000045 ], [ 122.1543, 37.531 ], [ 122.1542, 37.52 ], [ 122.1564, 37.5181 ], [ 122.158499999000014, 37.5164 ], [ 122.1552, 37.5113 ], [ 122.1465, 37.5135 ], [ 122.1437, 37.5082 ], [ 122.1394, 37.5057 ], [ 122.1254, 37.5028 ], [ 122.1229, 37.4977 ], [ 122.1232, 37.4936 ], [ 122.127, 37.4893 ], [ 122.1363, 37.486599999000077 ], [ 122.138299999000083, 37.4839 ], [ 122.1347, 37.4772 ], [ 122.1347, 37.4738 ], [ 122.144, 37.4509 ], [ 122.1499, 37.4416 ], [ 122.1583, 37.4341 ], [ 122.1578, 37.430199999000081 ], [ 122.1544, 37.4272 ], [ 122.152399999000068, 37.425499999000067 ], [ 122.156800001000079, 37.4217 ], [ 122.1596, 37.4226 ], [ 122.158100000000104, 37.4263 ], [ 122.161, 37.4295 ], [ 122.170299999, 37.423000001000048 ], [ 122.1777, 37.4216 ], [ 122.1823, 37.4224 ], [ 122.1869, 37.4259 ], [ 122.1928, 37.4342 ], [ 122.203299999000023, 37.4423 ], [ 122.211600001000079, 37.4419 ], [ 122.2205, 37.448100001000057 ], [ 122.2325, 37.4478 ], [ 122.2371, 37.454 ], [ 122.2413, 37.4552 ], [ 122.2486, 37.4539 ], [ 122.2587, 37.448900001000084 ], [ 122.2661, 37.4488 ], [ 122.2708, 37.4462 ], [ 122.271900001000063, 37.4456 ], [ 122.2769, 37.4406 ], [ 122.2769, 37.438500001000079 ], [ 122.268299999000078, 37.4382 ], [ 122.267499999000052, 37.436399999000059 ], [ 122.272799999000085, 37.4211 ], [ 122.2896, 37.4139 ], [ 122.2979, 37.4144 ], [ 122.302, 37.408200001000068 ], [ 122.3098, 37.4101 ], [ 122.3319, 37.4046 ], [ 122.3391, 37.4049 ], [ 122.347400000000107, 37.4088 ], [ 122.3503, 37.4084 ], [ 122.3593, 37.402 ], [ 122.362600001000033, 37.4078 ], [ 122.3675, 37.4071 ], [ 122.3701, 37.408 ], [ 122.376099999000076, 37.4099 ], [ 122.3885, 37.4041 ], [ 122.3997, 37.403500001000054 ], [ 122.424400000000105, 37.4064 ], [ 122.4477, 37.4061 ], [ 122.457000000000107, 37.4142 ], [ 122.4648, 37.4158 ], [ 122.4756, 37.4225 ], [ 122.478500001000043, 37.4228 ], [ 122.4797, 37.4187 ], [ 122.478599999000039, 37.4111 ], [ 122.482400001000087, 37.405800001000046 ], [ 122.4862, 37.4038 ], [ 122.4805, 37.4001 ], [ 122.476500000000101, 37.4024 ], [ 122.4744, 37.4037 ], [ 122.4718, 37.4033 ], [ 122.4707, 37.4007 ], [ 122.474, 37.3923 ], [ 122.4723, 37.389499999000066 ], [ 122.4596, 37.3867 ], [ 122.4574, 37.38230000100009 ], [ 122.4583, 37.38 ], [ 122.4614, 37.37910000100004 ], [ 122.4752, 37.3856 ], [ 122.477799999000013, 37.3843 ], [ 122.4784, 37.3813 ], [ 122.4758, 37.3774 ], [ 122.4769999990001, 37.3758 ], [ 122.4876, 37.3756 ], [ 122.5055, 37.364300001000061 ], [ 122.5156, 37.365 ], [ 122.519500000000107, 37.36989999900004 ], [ 122.5284, 37.3722 ], [ 122.5292, 37.377 ], [ 122.5266, 37.3798 ], [ 122.5189, 37.3798 ], [ 122.508, 37.379900001000067 ], [ 122.5031, 37.381699999000034 ], [ 122.4917, 37.39279999900009 ], [ 122.491900000000101, 37.4002 ], [ 122.498, 37.3986 ], [ 122.5018, 37.3947 ], [ 122.523, 37.397200001000044 ], [ 122.5282, 37.3965 ], [ 122.536, 37.3929 ], [ 122.5615, 37.393 ], [ 122.5704, 37.3967 ], [ 122.5778, 37.3975 ], [ 122.593, 37.409199999000066 ], [ 122.595, 37.4091 ], [ 122.601, 37.4086 ], [ 122.606700001000036, 37.4128 ], [ 122.6162, 37.413 ], [ 122.618500001000029, 37.4066 ], [ 122.620900001, 37.405 ], [ 122.6246000000001, 37.409 ], [ 122.6216, 37.4128 ], [ 122.6242, 37.4158 ], [ 122.631399999, 37.4147 ], [ 122.63509999900009, 37.417 ], [ 122.636800000000108, 37.4166 ], [ 122.6346, 37.410599999000056 ], [ 122.636899999000093, 37.4079 ], [ 122.643199999000103, 37.4077 ], [ 122.645800001, 37.4111 ], [ 122.6463, 37.4162 ], [ 122.6526, 37.416 ], [ 122.653199999000094, 37.4135 ], [ 122.6498, 37.4077 ], [ 122.651599999000041, 37.405899999000042 ], [ 122.6628, 37.4032 ], [ 122.6665, 37.4057 ], [ 122.6708, 37.4057 ], [ 122.6722, 37.408 ], [ 122.6664, 37.4135 ], [ 122.6682, 37.4151 ], [ 122.6745, 37.4136 ], [ 122.674999999000079, 37.4132 ], [ 122.680300000000102, 37.409 ], [ 122.6846, 37.4099 ], [ 122.6872, 37.4054 ], [ 122.6935, 37.4061 ], [ 122.6952, 37.4036 ], [ 122.6961999990001, 37.393 ], [ 122.6982, 37.3912 ], [ 122.7031, 37.3905 ], [ 122.704300000000103, 37.3878 ], [ 122.702, 37.3853 ], [ 122.688000000000102, 37.3822 ], [ 122.685399999000083, 37.379 ], [ 122.685999999000046, 37.376000001000079 ], [ 122.681200001000093, 37.3707 ], [ 122.6765, 37.3725 ], [ 122.675300000000107, 37.3792 ], [ 122.6704, 37.380800001000068 ], [ 122.6607, 37.3803 ], [ 122.65, 37.386200001000077 ], [ 122.6276, 37.3727 ], [ 122.6206, 37.3686 ], [ 122.61, 37.3683 ], [ 122.592899999, 37.3561 ], [ 122.5832, 37.351800001000072 ], [ 122.5746, 37.3434 ], [ 122.5709, 37.3433 ], [ 122.5703, 37.3461 ], [ 122.5751, 37.3532 ], [ 122.5688, 37.3536 ], [ 122.5602, 37.3479 ], [ 122.5557, 37.3426 ], [ 122.5638, 37.3364 ], [ 122.5761, 37.334 ], [ 122.5886, 37.3242 ], [ 122.5932, 37.3242 ], [ 122.5986, 37.3279 ], [ 122.6032, 37.3249 ], [ 122.58890000100007, 37.3178 ], [ 122.5865999990001, 37.3152 ], [ 122.588, 37.3102 ], [ 122.5864, 37.307 ], [ 122.583, 37.3063 ], [ 122.5761, 37.3101 ], [ 122.565700000000106, 37.3108 ], [ 122.5614, 37.312799999000049 ], [ 122.5646, 37.3146 ], [ 122.5662, 37.3197 ], [ 122.559000001000072, 37.322199999000077 ], [ 122.5573, 37.326800001000038 ], [ 122.554400000000101, 37.3286 ], [ 122.551, 37.328300001000059 ], [ 122.547200001000078, 37.326 ], [ 122.5473, 37.3148 ], [ 122.5592, 37.3029 ], [ 122.565300001000082, 37.300000001000058 ], [ 122.570800001000066, 37.2879 ], [ 122.569200001000013, 37.2842 ], [ 122.5614, 37.2867 ], [ 122.5597, 37.2823 ], [ 122.5517, 37.2786 ], [ 122.5524, 37.274300001000086 ], [ 122.5532, 37.2692 ], [ 122.5561, 37.2674 ], [ 122.559800001000099, 37.2692 ], [ 122.5624, 37.2681 ], [ 122.564500001000056, 37.2631 ], [ 122.5608, 37.255500001000087 ], [ 122.5652, 37.249300001000051 ], [ 122.5723, 37.2503 ], [ 122.577, 37.2457 ], [ 122.5824, 37.2441 ], [ 122.5908, 37.2359 ], [ 122.597400000000107, 37.2339 ], [ 122.589700000000107, 37.2295 ], [ 122.5863, 37.2238 ], [ 122.5887, 37.219 ], [ 122.595600000000104, 37.214199999000073 ], [ 122.5997, 37.2092 ], [ 122.6088, 37.208099999000069 ], [ 122.6135, 37.2026 ], [ 122.6227, 37.1999 ], [ 122.6195, 37.1969 ], [ 122.6202, 37.1962 ], [ 122.6244, 37.1923 ], [ 122.6236, 37.19069999900006 ], [ 122.6182, 37.19069999900006 ], [ 122.6144, 37.1946 ], [ 122.6115, 37.1952 ], [ 122.5987, 37.191499999000087 ], [ 122.5907, 37.1814 ], [ 122.5867, 37.182 ], [ 122.5815, 37.1882 ], [ 122.5713, 37.1826 ], [ 122.560099999000045, 37.1798 ], [ 122.557, 37.1729 ], [ 122.557100000000105, 37.168799999000043 ], [ 122.5603, 37.1649 ], [ 122.5634, 37.1643 ], [ 122.570800001000066, 37.1661 ], [ 122.5721, 37.159 ], [ 122.5775000000001, 37.15699999900005 ], [ 122.575500001000023, 37.154 ], [ 122.5753, 37.1474 ], [ 122.5731, 37.1444 ], [ 122.5696, 37.1439 ], [ 122.5688, 37.1451 ], [ 122.566999999000018, 37.147799999000085 ], [ 122.5596, 37.148 ], [ 122.5558, 37.1495 ], [ 122.5496, 37.1481 ], [ 122.5455, 37.1509 ], [ 122.5378, 37.1524 ], [ 122.5297, 37.1581 ], [ 122.525400001000094, 37.1588 ], [ 122.5148, 37.1553 ], [ 122.4988, 37.1559 ], [ 122.4922, 37.1531 ], [ 122.4789, 37.142 ], [ 122.473800001000086, 37.1353 ], [ 122.4649, 37.11000000100006 ], [ 122.4587, 37.1033 ], [ 122.4555, 37.105300001000046 ], [ 122.4566, 37.1113 ], [ 122.4539, 37.121799999000075 ], [ 122.455700001000082, 37.1252 ], [ 122.4643, 37.13 ], [ 122.4681, 37.1369 ], [ 122.4703, 37.1451 ], [ 122.4682, 37.147 ], [ 122.463099999000065, 37.144300001000033 ], [ 122.4567, 37.1467 ], [ 122.4536, 37.146099999000057 ], [ 122.449400001000072, 37.1427 ], [ 122.447, 37.1369 ], [ 122.4423, 37.1341 ], [ 122.4397, 37.128800001000059 ], [ 122.439800000000105, 37.1213 ], [ 122.4499, 37.1141 ], [ 122.450499999000044, 37.1091 ], [ 122.446, 37.099000001000036 ], [ 122.447, 37.0961 ], [ 122.4504, 37.0954 ], [ 122.4548, 37.1001 ], [ 122.4586, 37.1002 ], [ 122.4617, 37.0933 ], [ 122.4592, 37.0875 ], [ 122.4624, 37.0774 ], [ 122.4616, 37.0699 ], [ 122.4634, 37.0642 ], [ 122.461200001000066, 37.0596 ], [ 122.4583, 37.0582 ], [ 122.4559, 37.0705 ], [ 122.4522, 37.0735 ], [ 122.4465, 37.0695 ], [ 122.4408, 37.069 ], [ 122.439400001000081, 37.0665 ], [ 122.4418, 37.059 ], [ 122.428499999, 37.041900001000045 ], [ 122.4171, 37.0384 ], [ 122.4084, 37.0313 ], [ 122.4069, 37.0301 ], [ 122.4049, 37.0305 ], [ 122.4043, 37.0353 ], [ 122.4014, 37.0365 ], [ 122.3997, 37.0353 ], [ 122.3978, 37.0275 ], [ 122.3932, 37.027 ], [ 122.3884, 37.028799999000057 ], [ 122.3838, 37.0276 ], [ 122.393600000000106, 37.022 ], [ 122.403, 37.0245 ], [ 122.4122, 37.022499999000047 ], [ 122.4129, 37.0211 ], [ 122.4133, 37.0203 ], [ 122.4037, 37.009 ], [ 122.4018, 37.0023 ], [ 122.3992, 37.0009 ], [ 122.3968, 36.9929 ], [ 122.3985, 36.991700001000083 ], [ 122.402200000000107, 36.9927 ], [ 122.4073, 36.9968 ], [ 122.412999999000021, 36.998000001000037 ], [ 122.42, 37.007500001000039 ], [ 122.4354, 37.0101 ], [ 122.4417, 37.0152 ], [ 122.4422, 37.0172 ], [ 122.439, 37.021799999000052 ], [ 122.4401, 37.0241 ], [ 122.4462, 37.0237 ], [ 122.448400000000106, 37.028699999000082 ], [ 122.4535, 37.0306 ], [ 122.4627, 37.027 ], [ 122.4641, 37.0316 ], [ 122.4661, 37.0328 ], [ 122.4701, 37.0323 ], [ 122.473000001000059, 37.0301 ], [ 122.473299999, 37.0284 ], [ 122.473800001000086, 37.0262 ], [ 122.4725, 37.0227 ], [ 122.476, 37.0143 ], [ 122.481699999000057, 37.0129 ], [ 122.484000001000027, 37.0152 ], [ 122.4828, 37.0187 ], [ 122.479, 37.021600001000081 ], [ 122.4819, 37.0248 ], [ 122.4899, 37.020800001000055 ], [ 122.5136, 37.023 ], [ 122.515900000000101, 37.0182 ], [ 122.512, 37.009 ], [ 122.5126, 37.0065 ], [ 122.5181, 37.0019 ], [ 122.5221, 37.0017 ], [ 122.5266, 37.0065 ], [ 122.529400001, 37.0132 ], [ 122.5285, 37.016000001000066 ], [ 122.5202, 37.0228 ], [ 122.522399999000072, 37.0262 ], [ 122.52780000100006, 37.0302 ], [ 122.531300000000101, 37.030800001000046 ], [ 122.5407, 37.0323 ], [ 122.5569, 37.0418 ], [ 122.5629, 37.0421 ], [ 122.5715, 37.0398 ], [ 122.5532, 37.0331 ], [ 122.5421, 37.0268 ], [ 122.536200001, 37.021 ], [ 122.5284, 36.9981 ], [ 122.5346, 36.9802 ], [ 122.538099999, 36.9752 ], [ 122.5321, 36.9691 ], [ 122.5273, 36.9641 ], [ 122.5228, 36.9565 ], [ 122.521, 36.9439 ], [ 122.524500000000103, 36.932 ], [ 122.5306, 36.921 ], [ 122.522399999000072, 36.9146 ], [ 122.5225, 36.91 ], [ 122.5165, 36.904 ], [ 122.514, 36.8985 ], [ 122.4921, 36.894 ], [ 122.4898, 36.895600001000048 ], [ 122.5028, 36.9096 ], [ 122.505000001000099, 36.918399999000087 ], [ 122.505800001000011, 36.9214 ], [ 122.5098, 36.9225 ], [ 122.5135, 36.9203 ], [ 122.5166, 36.9212 ], [ 122.5194, 36.9269 ], [ 122.5155, 36.94480000100009 ], [ 122.5138, 36.9462 ], [ 122.511, 36.9459 ], [ 122.5034, 36.9349 ], [ 122.4991, 36.9314 ], [ 122.4954, 36.9305 ], [ 122.4837, 36.9313 ], [ 122.476900001000104, 36.9267 ], [ 122.470600000000104, 36.9264 ], [ 122.46, 36.9295 ], [ 122.454, 36.928400001000057 ], [ 122.448400000000106, 36.9251 ], [ 122.4287, 36.9234 ], [ 122.4216, 36.9194 ], [ 122.4179, 36.915999999000064 ], [ 122.4108, 36.914499999000043 ], [ 122.409099999000091, 36.9111 ], [ 122.4098, 36.9001 ], [ 122.420600001000025, 36.9 ], [ 122.4218, 36.8999 ], [ 122.4241, 36.8968 ], [ 122.424, 36.8869 ], [ 122.425399999000092, 36.8835 ], [ 122.4319, 36.8892 ], [ 122.4359, 36.8881 ], [ 122.436, 36.885599999000078 ], [ 122.4315, 36.8805 ], [ 122.43470000100001, 36.875 ], [ 122.4241, 36.8711 ], [ 122.4157, 36.863 ], [ 122.4108, 36.8648 ], [ 122.4071, 36.8645 ], [ 122.400900001000082, 36.8615 ], [ 122.398, 36.8626 ], [ 122.394, 36.867400001000078 ], [ 122.3914, 36.8679 ], [ 122.3869, 36.865099999000051 ], [ 122.3757, 36.8677 ], [ 122.3724, 36.859 ], [ 122.3701, 36.858099999000046 ], [ 122.3618, 36.864399999000057 ], [ 122.3568, 36.865000001000055 ], [ 122.3509, 36.8657 ], [ 122.3504, 36.863699999000062 ], [ 122.3547, 36.8593 ], [ 122.365899999000021, 36.8548 ], [ 122.3668, 36.8519 ], [ 122.3589, 36.8422 ], [ 122.3518, 36.843 ], [ 122.3424, 36.8404 ], [ 122.3398, 36.837699999000051 ], [ 122.3393, 36.8317 ], [ 122.3365, 36.8303 ], [ 122.3328, 36.8314 ], [ 122.330699999000103, 36.8374 ], [ 122.326700001000063, 36.839 ], [ 122.321299999000075, 36.8382 ], [ 122.3162, 36.8341 ], [ 122.295599999000046, 36.8383 ], [ 122.2825, 36.8365 ], [ 122.2748, 36.8397 ], [ 122.2685, 36.840800001000048 ], [ 122.2631, 36.84169999900007 ], [ 122.2497, 36.8411 ], [ 122.2422, 36.844700001000035 ], [ 122.222, 36.8468 ], [ 122.2173, 36.8507 ], [ 122.1994, 36.8482 ], [ 122.1929, 36.8443 ], [ 122.189800000000105, 36.843999999000062 ], [ 122.185199999000019, 36.8472 ], [ 122.1784, 36.8455 ], [ 122.175999999000055, 36.8487 ], [ 122.1863, 36.8658 ], [ 122.1851, 36.8731 ], [ 122.17960000100004, 36.8769 ], [ 122.1775, 36.8877 ], [ 122.178600001000063, 36.8881 ], [ 122.1834, 36.8898 ], [ 122.1864, 36.8979 ], [ 122.189600001000031, 36.9 ], [ 122.2021, 36.8996 ], [ 122.221, 36.8947 ], [ 122.2248, 36.8893 ], [ 122.2285, 36.8881 ], [ 122.2305, 36.8909 ], [ 122.2284, 36.894800001000078 ], [ 122.222400000000107, 36.8996 ], [ 122.2232, 36.902799999000081 ], [ 122.228300000000104, 36.9008 ], [ 122.252, 36.8998 ], [ 122.2558, 36.8978 ], [ 122.2606, 36.8974 ], [ 122.2652, 36.899 ], [ 122.2599, 36.9072 ], [ 122.2559, 36.9083 ], [ 122.2504, 36.9129 ], [ 122.2467, 36.9126 ], [ 122.2445, 36.9124 ], [ 122.231000000000108, 36.9164 ], [ 122.219799999000088, 36.916700001000038 ], [ 122.2119, 36.9153 ], [ 122.1995, 36.9205 ], [ 122.189800000000105, 36.9227 ], [ 122.1861, 36.9201 ], [ 122.1816, 36.920799999000053 ], [ 122.1783, 36.9253 ], [ 122.1777, 36.9315 ], [ 122.182100000000105, 36.9409 ], [ 122.1815, 36.9437 ], [ 122.1775, 36.9441 ], [ 122.167099999000015, 36.9353 ], [ 122.1602, 36.935500001000037 ], [ 122.1554000000001, 36.9318 ], [ 122.1441, 36.943300001000068 ], [ 122.146899999000084, 36.9468 ], [ 122.1479, 36.947 ], [ 122.1566, 36.9485 ], [ 122.162300001000062, 36.9513 ], [ 122.164999999000088, 36.9555 ], [ 122.164700001000028, 36.958 ], [ 122.159200001000045, 36.9623 ], [ 122.159200001000045, 36.9648 ], [ 122.162, 36.9667 ], [ 122.166, 36.9669 ], [ 122.1677, 36.9688 ], [ 122.1651, 36.9738 ], [ 122.167000001000019, 36.9766 ], [ 122.174100001000056, 36.9801 ], [ 122.1706, 36.9881 ], [ 122.1756, 36.9968 ], [ 122.183500001000084, 37.0006 ], [ 122.189600001000031, 36.9976 ], [ 122.1999, 36.9982 ], [ 122.2123, 37.0065 ], [ 122.2099, 37.0139 ], [ 122.2119, 37.0171 ], [ 122.221500000000106, 37.0215 ], [ 122.2223, 37.0228 ], [ 122.2246, 37.0266 ], [ 122.221899999000016, 37.0335 ], [ 122.217900001000089, 37.0371 ], [ 122.211100000000101, 37.0354 ], [ 122.205300001000069, 37.0358 ], [ 122.2024, 37.0402 ], [ 122.1955, 37.044 ], [ 122.1946, 37.048999999000046 ], [ 122.181200000000104, 37.0475 ], [ 122.184399999000107, 37.0421 ], [ 122.1804, 37.0386 ], [ 122.1808, 37.0303 ], [ 122.1864, 37.023299999000074 ], [ 122.184399999000107, 37.020099999000081 ], [ 122.1879, 37.0157 ], [ 122.1859, 37.0137 ], [ 122.1828, 37.0132 ], [ 122.1759, 37.0168 ], [ 122.1727, 37.0163 ], [ 122.168500000000108, 37.013 ], [ 122.1622, 37.0123 ], [ 122.1571, 37.0141 ], [ 122.1523, 37.02 ], [ 122.1515, 37.0209 ], [ 122.1475, 37.0209 ], [ 122.1354, 37.0109 ], [ 122.1424, 37.0013 ], [ 122.1481, 37.0 ], [ 122.1487, 36.9973 ], [ 122.1439, 36.991999999000086 ], [ 122.1454, 36.9874 ], [ 122.1444, 36.982599999000058 ], [ 122.1363, 36.9719 ], [ 122.1415, 36.965100001000053 ], [ 122.134, 36.9522 ], [ 122.1283, 36.952600001000064 ], [ 122.1225, 36.9564 ], [ 122.123299999000096, 36.9624 ], [ 122.120100001000083, 36.9649 ], [ 122.1121, 36.9811 ], [ 122.1116, 36.9807 ], [ 122.105299999000067, 36.9753 ], [ 122.1063, 36.9712 ], [ 122.114699999000095, 36.9612 ], [ 122.111900000000105, 36.9568 ], [ 122.0943, 36.9514 ], [ 122.0839, 36.94160000100004 ], [ 122.0823, 36.935400001000062 ], [ 122.0894, 36.9201 ], [ 122.0697, 36.9193 ], [ 122.0461, 36.911200001000054 ], [ 122.0371, 36.9068 ], [ 122.0365, 36.9048 ], [ 122.0341, 36.8971 ], [ 122.0297, 36.9017 ], [ 122.0211, 36.906400001000065 ], [ 122.0199, 36.9091 ], [ 122.0302, 36.9264 ], [ 122.0409, 36.9336 ], [ 122.03969999900005, 36.935699999000065 ], [ 122.0343, 36.9382 ], [ 122.0325, 36.941799999000068 ], [ 122.0347, 36.9467 ], [ 122.0338, 36.9521 ], [ 122.0256, 36.9612 ], [ 122.0196, 36.9644 ], [ 122.0197, 36.971699999000066 ], [ 122.0053, 36.9824 ], [ 121.9989, 36.9853 ], [ 121.9935, 36.9952 ], [ 121.9917, 36.9941 ], [ 121.9886, 36.9886 ], [ 121.986000000000104, 36.9879 ], [ 121.9837, 36.9934 ], [ 121.9811, 36.9943 ], [ 121.976, 36.9892 ], [ 121.9698, 36.9852 ], [ 121.9541, 36.9841 ], [ 121.942, 36.9909 ], [ 121.9379, 36.9949 ], [ 121.9268, 36.9909 ], [ 121.926, 36.9891 ], [ 121.9327, 36.982 ], [ 121.9265, 36.9756 ], [ 121.9247, 36.967500001000076 ], [ 121.9173, 36.9661 ], [ 121.9116, 36.96299999900009 ], [ 121.9019, 36.9624 ], [ 121.902, 36.9599 ], [ 121.911700001000099, 36.9587 ], [ 121.915199999000038, 36.9537 ], [ 121.9206, 36.9581 ], [ 121.9423, 36.9542 ], [ 121.9536, 36.9467 ], [ 121.9542, 36.9442 ], [ 121.9434, 36.9402 ], [ 121.9363, 36.9398 ], [ 121.93, 36.939400001000081 ], [ 121.8864, 36.923799999000039 ], [ 121.862699999000029, 36.918399999000087 ], [ 121.8554, 36.9147 ], [ 121.8531, 36.916700001000038 ], [ 121.8573, 36.920699999000078 ], [ 121.8564, 36.9232 ], [ 121.8538, 36.923799999000039 ], [ 121.8499, 36.9217 ], [ 121.8452, 36.9111 ], [ 121.8052, 36.898 ], [ 121.803999999000098, 36.8989 ], [ 121.808699999000055, 36.9077 ], [ 121.8059, 36.9114 ], [ 121.8025, 36.9056 ], [ 121.7969, 36.9012 ], [ 121.7955, 36.897 ], [ 121.789299999000036, 36.894 ], [ 121.779899999, 36.892 ], [ 121.7604, 36.882399999000086 ], [ 121.751500001000068, 36.8745 ], [ 121.750700001000041, 36.8732 ], [ 121.7451, 36.863599999000087 ], [ 121.7441, 36.8585 ], [ 121.7474, 36.8501 ], [ 121.746000001000084, 36.8476 ], [ 121.735899999000026, 36.8401 ], [ 121.727400000000102, 36.837699999000051 ], [ 121.7198, 36.832999999000037 ], [ 121.7152, 36.8327 ], [ 121.706900001, 36.8349 ], [ 121.702299999000047, 36.8342 ], [ 121.6937, 36.8258 ], [ 121.6686, 36.8264 ], [ 121.6485, 36.8183 ], [ 121.6377, 36.817 ], [ 121.6338, 36.8152 ], [ 121.6249, 36.8006 ], [ 121.6193, 36.7978 ], [ 121.6208, 36.793 ], [ 121.6192, 36.79 ], [ 121.625, 36.7848 ], [ 121.6216, 36.773 ], [ 121.6228, 36.7696 ], [ 121.6274, 36.766499999000075 ], [ 121.631700001000013, 36.76579999900008 ], [ 121.6335, 36.762 ], [ 121.6324, 36.7567 ], [ 121.6376, 36.7432 ], [ 121.6362, 36.741400001000045 ], [ 121.625400001, 36.739099999000075 ], [ 121.6179, 36.7448 ], [ 121.612800001000096, 36.742900001000066 ], [ 121.6022, 36.748 ], [ 121.604200000000105, 36.7522 ], [ 121.6057, 36.7552 ], [ 121.603600001000018, 36.7613 ], [ 121.6071, 36.7676 ], [ 121.603, 36.775099999000076 ], [ 121.598999999000057, 36.7769 ], [ 121.591, 36.7763 ], [ 121.5857, 36.7705 ], [ 121.5798, 36.767 ], [ 121.5781, 36.7683 ], [ 121.581, 36.775 ], [ 121.578400000000101, 36.7779 ], [ 121.5598, 36.7818 ], [ 121.557100000000105, 36.77580000100005 ], [ 121.5529, 36.773 ], [ 121.547800001000041, 36.7734 ], [ 121.5428, 36.7765 ], [ 121.5409, 36.7735 ], [ 121.5385, 36.767100001000074 ], [ 121.54, 36.7625 ], [ 121.5461, 36.7569 ], [ 121.5382, 36.753100001000064 ], [ 121.525400000000104, 36.7559 ], [ 121.52, 36.752399999000033 ], [ 121.5143, 36.753 ], [ 121.5134, 36.7543 ], [ 121.5179, 36.7592 ], [ 121.5161, 36.76240000100006 ], [ 121.506699999000034, 36.7627 ], [ 121.5027, 36.7643 ], [ 121.4999, 36.7709 ], [ 121.4877, 36.7714 ], [ 121.4822, 36.7734 ], [ 121.477, 36.7788 ], [ 121.4764, 36.7821 ], [ 121.485400001000016, 36.7819 ], [ 121.4873, 36.7893 ], [ 121.5093, 36.7965 ], [ 121.5194, 36.803900001000045 ], [ 121.5223, 36.8042 ], [ 121.526800001000083, 36.8022 ], [ 121.5283, 36.8015 ], [ 121.5316, 36.7924 ], [ 121.5366, 36.7886 ], [ 121.5415, 36.7988 ], [ 121.5473, 36.805699999000069 ], [ 121.5466, 36.8126 ], [ 121.548800001000018, 36.8158 ], [ 121.5702, 36.8269 ], [ 121.584099999000045, 36.8289 ], [ 121.5869, 36.8324 ], [ 121.5952, 36.8337 ], [ 121.6001, 36.8438 ], [ 121.6057, 36.848 ], [ 121.6025, 36.8512 ], [ 121.5937, 36.8502 ], [ 121.588700001, 36.8542 ], [ 121.5849, 36.8543 ], [ 121.5773, 36.8545 ], [ 121.5708, 36.8533 ], [ 121.5686, 36.8491 ], [ 121.5629, 36.8472 ], [ 121.554100001000052, 36.8446 ], [ 121.5456, 36.8449 ], [ 121.5398, 36.8473 ], [ 121.5375, 36.8372 ], [ 121.529200001000049, 36.8371 ], [ 121.5225, 36.8299 ], [ 121.511800000000108, 36.8247 ], [ 121.510000000000105, 36.815 ], [ 121.4976, 36.811 ], [ 121.486299999000039, 36.79610000100007 ], [ 121.482, 36.7954 ], [ 121.479999999000029, 36.7972 ], [ 121.4821, 36.802 ], [ 121.489100001, 36.8104 ], [ 121.4861, 36.8163 ], [ 121.4877, 36.819799999000054 ], [ 121.4872, 36.8209 ], [ 121.4856, 36.8241 ], [ 121.4892, 36.8297 ], [ 121.4959, 36.8341 ], [ 121.4976, 36.8373 ], [ 121.4952, 36.8401 ], [ 121.4879, 36.8342 ], [ 121.4794, 36.8334 ], [ 121.4712, 36.829800001000081 ], [ 121.4677, 36.832100001000072 ], [ 121.46, 36.8437 ], [ 121.4487, 36.8522 ], [ 121.4479, 36.8648 ], [ 121.4436, 36.8643 ], [ 121.4412, 36.8567 ], [ 121.441699999000093, 36.8475 ], [ 121.4359, 36.85 ], [ 121.4334, 36.861199999000064 ], [ 121.431400001000043, 36.8607 ], [ 121.430699999000012, 36.8542 ], [ 121.4385, 36.8374 ], [ 121.4471, 36.8345 ], [ 121.4489, 36.832299999000043 ], [ 121.4483, 36.8233 ], [ 121.4559, 36.8145 ], [ 121.4622, 36.8132 ], [ 121.4683, 36.8082 ], [ 121.4686, 36.805699999000069 ], [ 121.4648, 36.8006 ], [ 121.4655, 36.7947 ], [ 121.463699999000028, 36.7886 ], [ 121.463400001000082, 36.7875 ], [ 121.4664, 36.7809 ], [ 121.465, 36.7772 ], [ 121.4668, 36.7731 ], [ 121.455500001000019, 36.7693 ], [ 121.446100001000104, 36.7715 ], [ 121.4486, 36.7614 ], [ 121.4467, 36.757899999000074 ], [ 121.431, 36.7582 ], [ 121.4245, 36.756 ], [ 121.4087, 36.7613 ], [ 121.40419999900007, 36.7605 ], [ 121.38760000100001, 36.7508 ], [ 121.3743, 36.737599999000054 ], [ 121.371900001000085, 36.7307 ], [ 121.3726, 36.7293 ], [ 121.3796, 36.7156 ], [ 121.3899, 36.7135 ], [ 121.3906, 36.7114 ], [ 121.382399999000086, 36.7086 ], [ 121.3748, 36.7036 ], [ 121.37, 36.7123 ], [ 121.3614, 36.7181 ], [ 121.3608, 36.7284 ], [ 121.359, 36.7323 ], [ 121.3539, 36.7327 ], [ 121.3531, 36.73149999900005 ], [ 121.352200001000028, 36.7294 ], [ 121.3558, 36.7237 ], [ 121.3516, 36.721199999000078 ], [ 121.3314, 36.7202 ], [ 121.3159, 36.7146 ], [ 121.3085, 36.7145 ], [ 121.3022, 36.7167 ], [ 121.2937, 36.714 ], [ 121.285199999000042, 36.7139 ], [ 121.277299999000093, 36.7092 ], [ 121.2674, 36.7067 ], [ 121.2548, 36.697600001000069 ], [ 121.2408, 36.6916 ], [ 121.2307, 36.6942 ], [ 121.2227, 36.6946 ], [ 121.221, 36.6947 ], [ 121.208, 36.6927 ], [ 121.184900001000074, 36.6847 ], [ 121.1828, 36.6881 ], [ 121.19100000100002, 36.7 ], [ 121.1892, 36.7018 ], [ 121.1873, 36.7017 ], [ 121.184900001000074, 36.7051 ], [ 121.1835, 36.7049 ], [ 121.179, 36.6913 ], [ 121.1743, 36.687499999000067 ], [ 121.168, 36.6869 ], [ 121.1467, 36.6857 ], [ 121.1395, 36.68 ], [ 121.141, 36.6759 ], [ 121.1449, 36.6778 ], [ 121.153500001, 36.6768 ], [ 121.1594, 36.679699999000036 ], [ 121.1651, 36.6775 ], [ 121.1416, 36.6649 ], [ 121.1235, 36.650600001000043 ], [ 121.1075, 36.6414 ], [ 121.1027, 36.632799999000042 ], [ 121.0928, 36.6278 ], [ 121.087900000000104, 36.6229 ], [ 121.0742, 36.6218 ], [ 121.0638, 36.6172 ], [ 121.0582, 36.6148 ], [ 121.0534, 36.6143 ], [ 121.0577, 36.616200001000038 ], [ 121.0584, 36.6199 ], [ 121.054999999000074, 36.6269 ], [ 121.0554, 36.6338 ], [ 121.0598, 36.6376 ], [ 121.0703, 36.6407 ], [ 121.073899999000105, 36.6445 ], [ 121.08140000100002, 36.6485 ], [ 121.0782, 36.650500001000069 ], [ 121.0745, 36.6507 ], [ 121.0602, 36.6451 ], [ 121.0508, 36.6443 ], [ 121.0488, 36.6463 ], [ 121.0369, 36.6557 ], [ 121.035599999000056, 36.651300001000038 ], [ 121.04550000100005, 36.6407 ], [ 121.044700001000024, 36.6393 ], [ 121.037, 36.6406 ], [ 121.025400000000104, 36.6385 ], [ 121.0154, 36.639699999000072 ], [ 121.0121, 36.6348 ], [ 121.012799999000094, 36.632600001000071 ], [ 121.0162, 36.6324 ], [ 121.02660000100002, 36.6262 ], [ 121.0334, 36.6256 ], [ 121.0378, 36.6133 ], [ 121.041099999000039, 36.6088 ], [ 121.0412, 36.6042 ], [ 121.0342, 36.5914 ], [ 121.0243, 36.5892 ], [ 121.018299999000078, 36.5893 ], [ 121.0107, 36.5974 ], [ 121.0029, 36.5994 ], [ 120.9952, 36.5994 ], [ 120.9884, 36.6021 ], [ 120.977, 36.6 ], [ 120.9709, 36.5969 ], [ 120.9615, 36.586 ], [ 120.9562, 36.5847 ], [ 120.9292, 36.594300001000079 ], [ 120.9282, 36.5972 ], [ 120.930400001000066, 36.6003 ], [ 120.930300000000102, 36.6046 ], [ 120.9349, 36.6031 ], [ 120.9371000000001, 36.6038 ], [ 120.9387, 36.6071 ], [ 120.9446, 36.618699999000057 ], [ 120.9442, 36.6239 ], [ 120.9467, 36.627199999000084 ], [ 120.9447, 36.6457 ], [ 120.940700000000106, 36.6457 ], [ 120.9368, 36.6332 ], [ 120.9325, 36.6333 ], [ 120.9305, 36.6439 ], [ 120.922, 36.6439 ], [ 120.9161, 36.6486 ], [ 120.9107, 36.6487 ], [ 120.9074, 36.6468 ], [ 120.9059, 36.6402 ], [ 120.898499999000023, 36.64 ], [ 120.894500000000107, 36.639500001000044 ], [ 120.8933, 36.641299999000069 ], [ 120.8941, 36.6532 ], [ 120.8878, 36.654699999000059 ], [ 120.8848, 36.659 ], [ 120.8801, 36.6562 ], [ 120.878299999000092, 36.6562 ], [ 120.876400001000093, 36.6563 ], [ 120.8777, 36.6583 ], [ 120.8815, 36.6642 ], [ 120.8786, 36.6662 ], [ 120.871999999000082, 36.6597 ], [ 120.8635, 36.6565 ], [ 120.8485, 36.6542 ], [ 120.845600000000104, 36.6472 ], [ 120.842000001000088, 36.6456 ], [ 120.833400001000086, 36.6371 ], [ 120.825500001000023, 36.6434 ], [ 120.821099999000012, 36.6415 ], [ 120.8198000000001, 36.6362 ], [ 120.8122, 36.6335 ], [ 120.8084, 36.6275 ], [ 120.8081, 36.6199 ], [ 120.8028, 36.614699999000038 ], [ 120.7989, 36.614 ], [ 120.7966, 36.6153 ], [ 120.7843, 36.6263 ], [ 120.7728, 36.6219 ], [ 120.785999999000069, 36.6164 ], [ 120.7941, 36.605100001000039 ], [ 120.7922, 36.601900001000047 ], [ 120.788000001, 36.5995 ], [ 120.772599999000022, 36.6001 ], [ 120.7667, 36.5977 ], [ 120.760500001000082, 36.5877 ], [ 120.7631, 36.5857 ], [ 120.772, 36.5847 ], [ 120.7775, 36.58029999900009 ], [ 120.7823, 36.5726 ], [ 120.7889, 36.5713 ], [ 120.7979, 36.5816 ], [ 120.8029, 36.5847 ], [ 120.814, 36.587 ], [ 120.820000001000039, 36.5947 ], [ 120.831000001, 36.5981 ], [ 120.8387, 36.6044 ], [ 120.84520000100008, 36.6059 ], [ 120.849199999, 36.6049 ], [ 120.8574, 36.5972 ], [ 120.864000001000022, 36.5953 ], [ 120.87, 36.5963 ], [ 120.873, 36.5985 ], [ 120.8749, 36.5921 ], [ 120.8736, 36.5906 ], [ 120.8711, 36.5879 ], [ 120.8746000000001, 36.5845 ], [ 120.8812, 36.5837 ], [ 120.8795, 36.5738 ], [ 120.88110000100005, 36.5686 ], [ 120.8867, 36.5602 ], [ 120.889, 36.5502 ], [ 120.893600000000106, 36.5475 ], [ 120.9056, 36.5571 ], [ 120.9162, 36.5633 ], [ 120.9193, 36.5627 ], [ 120.9239, 36.5527 ], [ 120.932, 36.5469 ], [ 120.9345, 36.5405 ], [ 120.9368, 36.5394 ], [ 120.946600000000103, 36.5437 ], [ 120.956, 36.5427 ], [ 120.9566, 36.544200001000036 ], [ 120.957100001000072, 36.5455 ], [ 120.9499, 36.5559 ], [ 120.9507, 36.557500001000051 ], [ 120.956399999000041, 36.557 ], [ 120.9622, 36.5541 ], [ 120.9713, 36.5444 ], [ 120.973699999000019, 36.5396 ], [ 120.9589, 36.5219 ], [ 120.9444, 36.4927 ], [ 120.9468, 36.4818 ], [ 120.9597, 36.4756 ], [ 120.959799999000097, 36.4731 ], [ 120.9554, 36.4695 ], [ 120.9542, 36.4686 ], [ 120.95409999900005, 36.4631 ], [ 120.9497, 36.461 ], [ 120.9428, 36.4615 ], [ 120.941699999000093, 36.4507 ], [ 120.9361, 36.448099999000078 ], [ 120.9326, 36.45209999900004 ], [ 120.930699999000012, 36.4581 ], [ 120.918600001000073, 36.4661 ], [ 120.912599999, 36.4655 ], [ 120.903199999000094, 36.457499999000049 ], [ 120.8944, 36.4569 ], [ 120.8878, 36.4522 ], [ 120.887, 36.4485 ], [ 120.89299999900004, 36.440100001000076 ], [ 120.904999999000097, 36.4353 ], [ 120.9082, 36.4319 ], [ 120.9117, 36.4212 ], [ 120.912, 36.4201 ], [ 120.9104, 36.4166 ], [ 120.903100001000098, 36.413500001000045 ], [ 120.892, 36.4059 ], [ 120.8807, 36.3855 ], [ 120.8856, 36.3755 ], [ 120.8825, 36.3734 ], [ 120.8774, 36.3735 ], [ 120.8708, 36.3778 ], [ 120.854200000000105, 36.3818 ], [ 120.8527, 36.3854 ], [ 120.8532, 36.3953 ], [ 120.8495, 36.4039 ], [ 120.856299999000043, 36.4146 ], [ 120.854600001000108, 36.4211 ], [ 120.8544, 36.4222 ], [ 120.850199999000097, 36.4278 ], [ 120.8357, 36.4376 ], [ 120.834499999000059, 36.4406 ], [ 120.8408, 36.4483 ], [ 120.8371, 36.4567 ], [ 120.8378, 36.4615 ], [ 120.8357, 36.4647 ], [ 120.8126, 36.4764 ], [ 120.8084, 36.4751 ], [ 120.8074, 36.4731 ], [ 120.810899999000071, 36.4672 ], [ 120.809, 36.4655 ], [ 120.755200001000048, 36.4614 ], [ 120.7517, 36.4662 ], [ 120.746, 36.4663 ], [ 120.7405, 36.4609 ], [ 120.737800000000107, 36.4473 ], [ 120.7291, 36.4357 ], [ 120.725699999000085, 36.4342 ], [ 120.717500001000076, 36.441799999000068 ], [ 120.7115, 36.4449 ], [ 120.7064, 36.4441 ], [ 120.7003, 36.439 ], [ 120.6985, 36.4341 ], [ 120.6992, 36.43 ], [ 120.7066, 36.420699999000078 ], [ 120.703600001000041, 36.4172 ], [ 120.7014, 36.4055 ], [ 120.6976, 36.4011 ], [ 120.6881, 36.3981 ], [ 120.6834, 36.3838 ], [ 120.6876, 36.3694 ], [ 120.6896, 36.367499999000074 ], [ 120.692600001000073, 36.3645 ], [ 120.7141, 36.3574 ], [ 120.7166, 36.3508 ], [ 120.7271, 36.340700001000073 ], [ 120.7287, 36.3363 ], [ 120.726500000000101, 36.3312 ], [ 120.7235, 36.3303 ], [ 120.714, 36.3337 ], [ 120.7066, 36.3347 ], [ 120.6852, 36.3308 ], [ 120.6619, 36.3404 ], [ 120.6458, 36.328900001000079 ], [ 120.642, 36.3262 ], [ 120.6383, 36.3193 ], [ 120.642, 36.309 ], [ 120.648600000000101, 36.3062 ], [ 120.654, 36.3079 ], [ 120.6571, 36.307 ], [ 120.6586, 36.303199999000071 ], [ 120.6562, 36.3001 ], [ 120.6467, 36.29539999900004 ], [ 120.6429, 36.2898 ], [ 120.640999999000087, 36.281200001000059 ], [ 120.6438, 36.274 ], [ 120.6487, 36.2713 ], [ 120.658299999000064, 36.2713 ], [ 120.6602, 36.2654 ], [ 120.6622, 36.264000001000056 ], [ 120.666700000000105, 36.2641 ], [ 120.6692, 36.2681 ], [ 120.6678, 36.2738 ], [ 120.67, 36.2764 ], [ 120.674, 36.2751 ], [ 120.675, 36.272600001000058 ], [ 120.6724, 36.2658 ], [ 120.6721, 36.2649 ], [ 120.672, 36.2594 ], [ 120.676, 36.2492 ], [ 120.6671, 36.238200001000052 ], [ 120.6677, 36.235 ], [ 120.675, 36.2301 ], [ 120.6809, 36.2215 ], [ 120.680000001000053, 36.2139 ], [ 120.683900000000108, 36.1993 ], [ 120.6802, 36.1917 ], [ 120.6851, 36.180300001000035 ], [ 120.6845, 36.1734 ], [ 120.695799999000087, 36.1659 ], [ 120.6867, 36.1583 ], [ 120.6886, 36.1559 ], [ 120.6896, 36.1547 ], [ 120.6976, 36.1528 ], [ 120.7003, 36.1492 ], [ 120.6972, 36.1409 ], [ 120.702000001000101, 36.1401 ], [ 120.7095, 36.1425 ], [ 120.7127, 36.141 ], [ 120.7136, 36.139 ], [ 120.7109, 36.135 ], [ 120.6893, 36.1302 ], [ 120.6834, 36.13 ], [ 120.6699, 36.136599999000055 ], [ 120.6648, 36.134900001000062 ], [ 120.6538, 36.1267 ], [ 120.63620000100002, 36.1203 ], [ 120.626000001000079, 36.1206 ], [ 120.6164, 36.1238 ], [ 120.615800001000025, 36.124 ], [ 120.609500001000015, 36.1234 ], [ 120.603400001000068, 36.1196 ], [ 120.595899999000039, 36.1093 ], [ 120.590100001, 36.1046 ], [ 120.5862, 36.1043 ], [ 120.5858, 36.1061 ], [ 120.589599999000029, 36.1108 ], [ 120.585, 36.113700001000041 ], [ 120.586999999, 36.122 ], [ 120.5852000000001, 36.124 ], [ 120.5798, 36.1253 ], [ 120.57, 36.1221 ], [ 120.566500001, 36.119 ], [ 120.5698000000001, 36.113099999000042 ], [ 120.5641, 36.1125 ], [ 120.5501, 36.1182 ], [ 120.5444, 36.1183 ], [ 120.5419, 36.1168 ], [ 120.540099999000063, 36.112399999000047 ], [ 120.547, 36.1018 ], [ 120.543700001000047, 36.0999 ], [ 120.5423, 36.0999 ], [ 120.530099999000072, 36.0994 ], [ 120.5241, 36.102 ], [ 120.519, 36.1019 ], [ 120.5124, 36.0967 ], [ 120.4936, 36.0939 ], [ 120.4732, 36.0953 ], [ 120.4662, 36.0929 ], [ 120.4546, 36.0859 ], [ 120.4215, 36.0631 ], [ 120.4049, 36.059899999000038 ], [ 120.391, 36.0571 ], [ 120.3831, 36.0629 ], [ 120.3777, 36.0632 ], [ 120.362399999000104, 36.0574 ], [ 120.3604, 36.0504 ], [ 120.3582, 36.049 ], [ 120.346, 36.0519 ], [ 120.3414, 36.0447 ], [ 120.3358, 36.044800001000056 ], [ 120.334, 36.0473 ], [ 120.3368, 36.054900001000078 ], [ 120.3358, 36.0586 ], [ 120.3246, 36.0569 ], [ 120.3184, 36.0629 ], [ 120.3105, 36.062800001000085 ], [ 120.300400001000071, 36.0552 ], [ 120.293300001000034, 36.0566 ], [ 120.2876, 36.0489 ], [ 120.2817, 36.0483 ], [ 120.279400001, 36.0501 ], [ 120.2797, 36.0556 ], [ 120.2819, 36.0575 ], [ 120.2895, 36.0586 ], [ 120.28969999900005, 36.0609 ], [ 120.2981, 36.07 ], [ 120.305100001000028, 36.0711 ], [ 120.306700001000081, 36.0734 ], [ 120.306999999000027, 36.0819 ], [ 120.3102, 36.085500001000071 ], [ 120.3213, 36.091 ], [ 120.333400001000086, 36.0945 ], [ 120.3352000000001, 36.097300001000065 ], [ 120.331099999, 36.1094 ], [ 120.3315, 36.1211 ], [ 120.3651, 36.151499999000066 ], [ 120.3658, 36.1555 ], [ 120.3667, 36.1616 ], [ 120.3697, 36.1665 ], [ 120.3713, 36.182600001000083 ], [ 120.365, 36.19209999900005 ], [ 120.3655, 36.1956 ], [ 120.3698, 36.2007 ], [ 120.3643, 36.212 ], [ 120.3596, 36.2165 ], [ 120.3443, 36.2253 ], [ 120.3321, 36.2259 ], [ 120.330300001000069, 36.2277 ], [ 120.332699999000056, 36.232799999000065 ], [ 120.329599999000038, 36.2477 ], [ 120.3387, 36.253 ], [ 120.3392, 36.2557 ], [ 120.3299, 36.255 ], [ 120.318500001000075, 36.2557 ], [ 120.3211, 36.2622 ], [ 120.3238, 36.2643 ], [ 120.324099999000055, 36.272600001000058 ], [ 120.3159, 36.2733 ], [ 120.3088, 36.2788 ], [ 120.3095, 36.2795 ], [ 120.3061, 36.2804 ], [ 120.2993, 36.2772 ], [ 120.2916, 36.2777 ], [ 120.2891, 36.2687 ], [ 120.2818, 36.2683 ], [ 120.2871, 36.2613 ], [ 120.2914, 36.2548 ], [ 120.2921, 36.242900001000066 ], [ 120.294300001000011, 36.2381 ], [ 120.2927, 36.2346 ], [ 120.2852, 36.2312 ], [ 120.2789, 36.2258 ], [ 120.276, 36.21949999900005 ], [ 120.281300000000101, 36.2142 ], [ 120.277099999000029, 36.2046 ], [ 120.277099999000029, 36.1989 ], [ 120.2796, 36.1971 ], [ 120.2811, 36.195999999000037 ], [ 120.294399999, 36.198 ], [ 120.299, 36.1965 ], [ 120.3011, 36.1924 ], [ 120.2993, 36.1877 ], [ 120.2835, 36.1869 ], [ 120.278, 36.1829 ], [ 120.2717, 36.1848 ], [ 120.2636, 36.1821 ], [ 120.259, 36.1822 ], [ 120.2547, 36.1855 ], [ 120.2573000000001, 36.189500001000056 ], [ 120.268400001000032, 36.195999999000037 ], [ 120.2658, 36.1977 ], [ 120.2579, 36.1984 ], [ 120.2504, 36.2014 ], [ 120.2329, 36.2001 ], [ 120.2256, 36.1917 ], [ 120.2216, 36.192 ], [ 120.2195, 36.1956 ], [ 120.2244, 36.2141 ], [ 120.2225, 36.2207 ], [ 120.2196, 36.2284 ], [ 120.2066, 36.2277 ], [ 120.1926, 36.2232 ], [ 120.1804, 36.2176 ], [ 120.179, 36.2182 ], [ 120.170600001000025, 36.214999999000042 ], [ 120.164000000000101, 36.2105 ], [ 120.1444, 36.2063 ], [ 120.124499999000022, 36.2028 ], [ 120.115000001, 36.2011 ], [ 120.120300001000032, 36.1995 ], [ 120.109200000000101, 36.1953 ], [ 120.1072, 36.1939 ], [ 120.1105, 36.183 ], [ 120.109200000000101, 36.180399999000088 ], [ 120.1039, 36.1711 ], [ 120.093800001000091, 36.1628 ], [ 120.0864, 36.1575 ], [ 120.089700000000107, 36.151399999000034 ], [ 120.0885, 36.1461 ], [ 120.088599999000053, 36.1379 ], [ 120.09, 36.131 ], [ 120.0889, 36.1289 ], [ 120.08280000100001, 36.1278 ], [ 120.0812, 36.1255 ], [ 120.0948, 36.1176 ], [ 120.094, 36.112100001000044 ], [ 120.0935, 36.1079 ], [ 120.0979, 36.1037 ], [ 120.1054, 36.1 ], [ 120.1185, 36.097399999000061 ], [ 120.125200001000053, 36.0932 ], [ 120.144500000000107, 36.0898 ], [ 120.1711, 36.0677 ], [ 120.1905, 36.0616 ], [ 120.1917, 36.0595 ], [ 120.184, 36.055899999000076 ], [ 120.1811, 36.0517 ], [ 120.1795, 36.038500001000045 ], [ 120.1895, 36.0379 ], [ 120.1921, 36.0366 ], [ 120.2047, 36.0461 ], [ 120.20919999900002, 36.0467 ], [ 120.213899999000091, 36.0558 ], [ 120.229200000000105, 36.061200001000088 ], [ 120.2345, 36.057 ], [ 120.2327, 36.0519 ], [ 120.226, 36.0494 ], [ 120.2226, 36.0468 ], [ 120.2195, 36.0444 ], [ 120.214, 36.032399999000063 ], [ 120.2107, 36.0307 ], [ 120.208900001000075, 36.032200001000035 ], [ 120.2004, 36.0274 ], [ 120.179400000000101, 36.021400001000075 ], [ 120.174, 36.0169 ], [ 120.169000001000086, 36.0062 ], [ 120.1724, 36.0049 ], [ 120.170600001000025, 35.986999999000034 ], [ 120.1732, 35.979000001000088 ], [ 120.1775, 35.978 ], [ 120.1827, 35.9797 ], [ 120.2013, 35.9953 ], [ 120.2024, 35.9955 ], [ 120.208399999000108, 35.9962 ], [ 120.214400001000058, 35.9938 ], [ 120.2209, 35.9938 ], [ 120.2269, 36.0047 ], [ 120.2311, 36.0069 ], [ 120.234800001000053, 36.0065 ], [ 120.2366, 36.0031 ], [ 120.2345, 35.9904 ], [ 120.23560000100008, 35.9861 ], [ 120.2264, 35.9755 ], [ 120.2308, 35.9717 ], [ 120.237499999000079, 35.9726 ], [ 120.2549, 35.9813 ], [ 120.256600001000038, 35.989399999000057 ], [ 120.2744, 35.99 ], [ 120.2767, 35.9938 ], [ 120.2757, 35.9971 ], [ 120.273199999000099, 36.0056 ], [ 120.274700001000042, 36.0116 ], [ 120.2854, 36.0188 ], [ 120.2997, 36.0138 ], [ 120.3074, 36.0049 ], [ 120.294100001000061, 35.989399999000057 ], [ 120.2932, 35.9758 ], [ 120.288800001000027, 35.9727 ], [ 120.2816, 35.971 ], [ 120.2553, 35.9703 ], [ 120.2449, 35.9622 ], [ 120.238, 35.959500001000038 ], [ 120.2352, 35.9514 ], [ 120.223800001000086, 35.9479 ], [ 120.211, 35.9359 ], [ 120.2096, 35.9294 ], [ 120.2007, 35.9253 ], [ 120.193, 35.9192 ], [ 120.1891, 35.9113 ], [ 120.1873, 35.9 ], [ 120.1797, 35.8995 ], [ 120.1731, 35.895499999000037 ], [ 120.1661, 35.8951 ], [ 120.1632, 35.8959 ], [ 120.1628, 35.9007 ], [ 120.1666, 35.9105 ], [ 120.173, 35.9134 ], [ 120.1741, 35.9139 ], [ 120.181600001000106, 35.9237 ], [ 120.1842, 35.9215 ], [ 120.1892, 35.924300001000063 ], [ 120.190200001000107, 35.9269 ], [ 120.186300001000063, 35.9321 ], [ 120.1882, 35.9337 ], [ 120.197500000000105, 35.9349 ], [ 120.206100000000106, 35.9392 ], [ 120.206500001, 35.9507 ], [ 120.2048, 35.9559 ], [ 120.1934, 35.9529 ], [ 120.184799999, 35.9559 ], [ 120.1768, 35.9527 ], [ 120.1728, 35.9455 ], [ 120.1631, 35.940899999000067 ], [ 120.1585, 35.9359 ], [ 120.1583, 35.9279 ], [ 120.1539, 35.9233 ], [ 120.1488, 35.918 ], [ 120.147000001000038, 35.9129 ], [ 120.1428, 35.9124 ], [ 120.1394, 35.9136 ], [ 120.1328, 35.923600001000068 ], [ 120.1295, 35.9228 ], [ 120.127600001000019, 35.9202 ], [ 120.131, 35.9137 ], [ 120.126800001000106, 35.9124 ], [ 120.1208, 35.9145 ], [ 120.1149, 35.9139 ], [ 120.1029, 35.9095 ], [ 120.0958, 35.904700001000037 ], [ 120.0863, 35.8948 ], [ 120.080200000000104, 35.8921 ], [ 120.0668, 35.8895 ], [ 120.061000001000025, 35.8857 ], [ 120.0509, 35.872099999000056 ], [ 120.0428, 35.8574 ], [ 120.037, 35.84600000100005 ], [ 120.027200001000097, 35.8322 ], [ 120.0234, 35.8158 ], [ 120.0265, 35.8076 ], [ 120.033100000000104, 35.797 ], [ 120.033799999000053, 35.7966 ], [ 120.036, 35.795299999000065 ], [ 120.0365, 35.789799999000081 ], [ 120.032, 35.7828 ], [ 120.033500001000107, 35.775 ], [ 120.032, 35.7708 ], [ 120.0206, 35.7611 ], [ 120.0153, 35.7513 ], [ 120.0153, 35.7396 ], [ 120.0092, 35.7351 ], [ 120.0068, 35.7268 ], [ 120.0027, 35.723 ], [ 120.0, 35.7241 ], [ 119.991900000000101, 35.727299999000081 ], [ 119.9828, 35.7291 ], [ 119.978700001000107, 35.732 ], [ 119.974299999000095, 35.7438 ], [ 119.969500001000029, 35.7446 ], [ 119.964800001000071, 35.7437 ], [ 119.963299999000014, 35.743500001000086 ], [ 119.9536, 35.7611 ], [ 119.944, 35.7675 ], [ 119.9353, 35.7661 ], [ 119.9265, 35.7689 ], [ 119.9218, 35.767800001000069 ], [ 119.916, 35.7644 ], [ 119.908400001000018, 35.7569 ], [ 119.9032, 35.7404 ], [ 119.9162, 35.727299999000081 ], [ 119.9364, 35.7269 ], [ 119.9406, 35.7215 ], [ 119.937, 35.7185 ], [ 119.9327, 35.7149 ], [ 119.931000001000029, 35.7089 ], [ 119.914700001000028, 35.702900001000046 ], [ 119.910099999000067, 35.6984 ], [ 119.9023, 35.6849 ], [ 119.8978, 35.6648 ], [ 119.898600000000101, 35.659099999000034 ], [ 119.900400000000104, 35.656799999000043 ], [ 119.9065, 35.656799999000043 ], [ 119.909000000000106, 35.652899999000056 ], [ 119.9152, 35.6506 ], [ 119.908200001000068, 35.6447 ], [ 119.9064, 35.6405 ], [ 119.9003, 35.6378 ], [ 119.8924, 35.6382 ], [ 119.881, 35.6327 ], [ 119.8579, 35.6125 ], [ 119.853699999000014, 35.6119 ], [ 119.8488, 35.6143 ], [ 119.8471, 35.6204 ], [ 119.84030000100006, 35.6237 ], [ 119.84030000100006, 35.628699999000048 ], [ 119.8385, 35.6317 ], [ 119.8318, 35.630800001000068 ], [ 119.8255, 35.6276 ], [ 119.8174, 35.619999999000072 ], [ 119.8125, 35.622 ], [ 119.8118, 35.6256 ], [ 119.8138, 35.6314 ], [ 119.8091, 35.6356 ], [ 119.8133, 35.6431 ], [ 119.8109, 35.645799999000076 ], [ 119.8026, 35.6492 ], [ 119.7998, 35.648199999000042 ], [ 119.797, 35.642400001000055 ], [ 119.796799999000086, 35.6419 ], [ 119.789000000000101, 35.6383 ], [ 119.7893, 35.6337 ], [ 119.783, 35.6275 ], [ 119.784900000000107, 35.623899999000059 ], [ 119.780000001000076, 35.6201 ], [ 119.7775, 35.6143 ], [ 119.777600001, 35.6056 ], [ 119.7687, 35.5971 ], [ 119.762100001000022, 35.5877 ], [ 119.757400001000065, 35.5846 ], [ 119.754, 35.5849 ], [ 119.75, 35.58799999900009 ], [ 119.749, 35.5917 ], [ 119.7578, 35.600599999000053 ], [ 119.7579, 35.6057 ], [ 119.7534, 35.6184 ], [ 119.7507, 35.6218 ], [ 119.7396, 35.6249 ], [ 119.734600001000103, 35.6298 ], [ 119.733800001000077, 35.6426 ], [ 119.7297, 35.640200001000039 ], [ 119.7269, 35.6335 ], [ 119.722, 35.628500001000077 ], [ 119.7075, 35.6262 ], [ 119.69899999900008, 35.6221 ], [ 119.6936, 35.6173 ], [ 119.6884, 35.6085 ], [ 119.680300000000102, 35.6068 ], [ 119.6769, 35.6015 ], [ 119.6687, 35.5971 ], [ 119.6611, 35.5982 ], [ 119.65049999900009, 35.6023 ], [ 119.6437, 35.602799999000069 ], [ 119.639200001000063, 35.616700001000083 ], [ 119.6404, 35.6249 ], [ 119.6357, 35.6234 ], [ 119.6322, 35.6198 ], [ 119.6314, 35.6132 ], [ 119.6369, 35.6048 ], [ 119.636800001000097, 35.6005 ], [ 119.6344, 35.5986 ], [ 119.6237, 35.6095 ], [ 119.6192, 35.6107 ], [ 119.6179, 35.6029 ], [ 119.6195, 35.598800001000086 ], [ 119.6305, 35.59 ], [ 119.633199999, 35.5861 ], [ 119.638, 35.5854 ], [ 119.628, 35.5665 ], [ 119.622, 35.5628 ], [ 119.6188, 35.5584 ], [ 119.6184, 35.554 ], [ 119.619600000000105, 35.5421 ], [ 119.612799999, 35.5298 ], [ 119.6138, 35.5273 ], [ 119.6117, 35.5176 ], [ 119.6152, 35.509600001000081 ], [ 119.6149, 35.5077 ], [ 119.6145, 35.5052 ], [ 119.6085, 35.5025 ], [ 119.6044, 35.498699999000053 ], [ 119.5944, 35.4675 ], [ 119.5896, 35.4623 ], [ 119.577, 35.4568 ], [ 119.571000001000016, 35.452 ], [ 119.570700000000102, 35.4417 ], [ 119.5615, 35.4212 ], [ 119.5551, 35.3981 ], [ 119.5521, 35.377300001000037 ], [ 119.549299999000027, 35.3765 ], [ 119.5377, 35.3799 ], [ 119.53, 35.3771 ], [ 119.5227000000001, 35.3707 ], [ 119.5149, 35.358 ], [ 119.5092, 35.3429 ], [ 119.4563, 35.3252 ], [ 119.449, 35.3192 ], [ 119.442000001, 35.3036 ], [ 119.4368, 35.306900001000088 ], [ 119.4304, 35.323 ], [ 119.4187, 35.320999999000037 ], [ 119.416700000000105, 35.317 ], [ 119.4186, 35.312 ], [ 119.4084, 35.3096 ], [ 119.4094, 35.306199999000057 ], [ 119.4056, 35.3029 ], [ 119.392700001000094, 35.3032 ], [ 119.3903, 35.300600001000078 ], [ 119.408, 35.2993 ], [ 119.4184, 35.3045 ], [ 119.4245, 35.3007 ], [ 119.4278, 35.3004 ], [ 119.431099999000025, 35.297300001000053 ], [ 119.4201, 35.287300001000062 ], [ 119.4019, 35.2635 ], [ 119.3964, 35.2516 ], [ 119.3968, 35.2376 ], [ 119.3924, 35.2191 ], [ 119.388899999000046, 35.2158 ], [ 119.3871, 35.2208 ], [ 119.3891, 35.2337 ], [ 119.3882, 35.236 ], [ 119.3851, 35.237 ], [ 119.3692, 35.1959 ], [ 119.3649, 35.1804 ], [ 119.3645, 35.1774 ], [ 119.3667, 35.1779 ], [ 119.3796, 35.2061 ], [ 119.383399999000062, 35.2076 ], [ 119.3845, 35.2037 ], [ 119.382599999000035, 35.19759999900009 ], [ 119.378699999000105, 35.1845 ], [ 119.3758, 35.1647 ], [ 119.3703, 35.1555 ], [ 119.367800000000102, 35.1398 ], [ 119.371, 35.1358 ], [ 119.3711, 35.1333 ], [ 119.3666, 35.1175 ], [ 119.3661, 35.1054 ], [ 119.362999999000067, 35.100200001000076 ], [ 119.3369, 35.0872 ], [ 119.324699999000018, 35.0845 ], [ 119.315, 35.076800001000038 ], [ 119.3107, 35.0801 ], [ 119.3079, 35.0803 ], [ 119.300200001, 35.076800001000038 ], [ 119.2957, 35.078 ], [ 119.2951, 35.0906 ], [ 119.2904, 35.094999999000038 ], [ 119.2859, 35.096499999000059 ], [ 119.2833, 35.089499999000054 ], [ 119.2862, 35.0842 ], [ 119.2885, 35.0763 ], [ 119.285800000000108, 35.0746 ], [ 119.2543, 35.06660000100004 ], [ 119.2516, 35.072199999000077 ], [ 119.247299999, 35.0717 ], [ 119.2463, 35.0668 ], [ 119.2389, 35.063 ], [ 119.2391, 35.058899999000062 ], [ 119.226099999000098, 35.0545 ], [ 119.2225, 35.0562 ], [ 119.218999999000062, 35.05320000100005 ], [ 119.2113, 35.0534 ], [ 119.2038, 35.0412 ], [ 119.205099999000026, 35.0281 ], [ 119.1998, 35.0187 ], [ 119.2017, 35.017 ], [ 119.1979, 35.0109 ], [ 119.2012, 35.0007 ], [ 119.2011, 35.0 ], [ 119.1949, 34.9651 ], [ 119.1945, 34.9187 ], [ 119.19, 34.92 ], [ 119.1792, 34.9299 ], [ 119.1755, 34.93 ], [ 119.175300000000107, 34.9284 ], [ 119.1895, 34.9131 ], [ 119.191, 34.9108 ], [ 119.1857, 34.8948 ], [ 119.1742, 34.8861 ], [ 119.1748, 34.8588 ], [ 119.1687, 34.8513 ], [ 119.173600001000068, 34.8496 ], [ 119.1805, 34.8331 ], [ 119.194099999000059, 34.8182 ], [ 119.1949, 34.8125 ], [ 119.2068, 34.7924 ], [ 119.207286821000025, 34.789479076000077 ] ] ] ] } },
{ "type": "Feature", "properties": { "Name": "鲁" }, "geometry": { "type": "MultiPolygon", "coordinates": [ [ [ [ 117.252094467, 35.219008633000044 ], [ 117.252094467, 35.226396683000075 ], [ 117.231101348000038, 35.267002197000068 ], [ 117.217842536000035, 35.302177191000055 ], [ 117.199059219000105, 35.331027308000046 ], [ 117.160387684000057, 35.349954604000061 ], [ 117.117296544000055, 35.358966044000056 ], [ 117.046582880000074, 35.365273453000043 ], [ 117.011226048000026, 35.35626271700005 ], [ 116.983603524000046, 35.339139550000084 ], [ 116.961505503000012, 35.312095580000062 ], [ 116.951561394, 35.284140641000079 ], [ 116.952666295000085, 35.249860127000034 ], [ 116.959295701000087, 35.222786320000068 ], [ 116.976974118000044, 35.196606384000063 ], [ 116.988023127000019, 35.168611603000045 ], [ 117.014540751000027, 35.134282266000071 ], [ 117.028906572000096, 35.10954320400009 ], [ 116.982498622000094, 35.081856942000059 ], [ 116.880847730000028, 35.001345639000078 ], [ 116.829268318, 34.948508922000087 ], [ 116.81455367, 34.957890891000034 ], [ 116.778091937, 34.989578922000078 ], [ 116.752679214000068, 35.01763522400006 ], [ 116.715112579000106, 35.044777322000073 ], [ 116.699643966000053, 35.071006114000056 ], [ 116.68638515400005, 35.099938450000082 ], [ 116.690804757000024, 35.15054533600005 ], [ 116.684175351000022, 35.17041800800007 ], [ 116.672915892000105, 35.183761599000036 ], [ 116.693224527000098, 35.18748196100006 ], [ 116.741248775000031, 35.257301520000055 ], [ 116.799040667000099, 35.330381365000051 ], [ 116.838925212000049, 35.383488884000087 ], [ 116.851134766000087, 35.413346511000043 ], [ 116.851134766000087, 35.438551006000068 ], [ 116.847878885, 35.460432721000075 ], [ 116.82834359800006, 35.48562247600006 ], [ 116.801482578000105, 35.512129480000056 ], [ 116.795784785000023, 35.554522491000057 ], [ 116.790900964, 35.587626440000065 ], [ 116.794156845000089, 35.619393360000061 ], [ 116.827529628000093, 35.681567035000057 ], [ 116.858641382000087, 35.723576656000034 ], [ 116.990323688000103, 35.747068884000043 ], [ 117.052547196000091, 35.747068884000043 ], [ 117.15239421900003, 35.735323635000043 ], [ 117.191464794000012, 35.708302991000039 ], [ 117.291311818000054, 35.663640114000088 ], [ 117.365111792000107, 35.64600314900008 ], [ 117.430229416000088, 35.622481137000079 ], [ 117.493899982000016, 35.610717537000085 ], [ 117.595194065000101, 35.589538695000044 ], [ 117.716746962, 35.55422817200008 ], [ 117.887499844000104, 35.533034389000079 ], [ 118.001817451000079, 35.533034389000079 ], [ 118.16135563, 35.518313190000072 ], [ 118.238230604000023, 35.466767730000072 ], [ 118.260840889000065, 35.382014147000064 ], [ 118.281190147000075, 35.293480599000077 ], [ 118.276668090000044, 35.236251154000058 ], [ 118.258579861000044, 35.195612194000034 ], [ 118.204315175000033, 35.158650034000061 ], [ 118.165877687000034, 35.136464673000035 ], [ 118.136484315000075, 35.10502506000006 ], [ 118.116135058000054, 35.068021747000046 ], [ 118.077697571000044, 34.975440056000082 ], [ 118.100307858000065, 34.892026951000048 ], [ 118.077697571000044, 34.825235423000038 ], [ 118.077697571000044, 34.780677619000073 ], [ 118.093524772000023, 34.732379492000064 ], [ 118.100307858000065, 34.700784676000069 ], [ 118.082219629000065, 34.671037354000077 ], [ 118.014388770000096, 34.624535771000069 ], [ 117.971429226000055, 34.624535771000069 ], [ 117.890032196000107, 34.637558844000068 ], [ 117.847072652000065, 34.665458541000078 ], [ 117.819940309, 34.708219837000058 ], [ 117.774719737000055, 34.767677056000082 ], [ 117.754370479000045, 34.797389618000068 ], [ 117.684278592000055, 34.838226912000039 ], [ 117.609664647000045, 34.86976913400008 ], [ 117.573488189000045, 34.893881496000063 ], [ 117.528267618000086, 34.929109914000037 ], [ 117.487569102000066, 34.968028993000075 ], [ 117.444609558000025, 34.99766922200007 ], [ 117.399388985000087, 35.01804065500005 ], [ 117.395013093000102, 35.017928662000088 ], [ 117.404570806000038, 35.070101813000065 ], [ 117.408990409000012, 35.130667809000045 ], [ 117.390207092000082, 35.179449436000084 ], [ 117.333857141000067, 35.213759709000044 ], [ 117.287451299000054, 35.220078442000045 ], [ 117.252094467, 35.219008633000044 ] ] ] ] } },
{ "type": "Feature", "properties": { "Name": null }, "geometry": { "type": "MultiPolygon", "coordinates": [ [ [ [ 117.249138544000061, 34.995339856000044 ], [ 117.198157439000056, 34.968028993000075 ], [ 117.146153780000077, 34.927256163000038 ], [ 117.076061893000087, 34.89017236300009 ], [ 117.039885436000077, 34.86976913400008 ], [ 116.98592462900001, 34.852739390000067 ], [ 116.934987879, 34.870912248000081 ], [ 116.874218324000026, 34.919849075000059 ], [ 116.829268318, 34.948508922000087 ], [ 116.880847730000028, 35.001345639000078 ], [ 116.982498622000094, 35.081856942000059 ], [ 117.035533871000098, 35.113496948000034 ], [ 117.110667138000053, 35.143317706000062 ], [ 117.134974961000012, 35.147835050000083 ], [ 117.157072980000066, 35.114400768000053 ], [ 117.202373921, 35.075527468000075 ], [ 117.223367041000074, 35.052918194000085 ], [ 117.229996447000076, 35.033016853000049 ], [ 117.234416051000039, 35.01763522400006 ], [ 117.249138544000061, 34.995339856000044 ] ] ] ] } },
{ "type": "Feature", "properties": { "Name": null }, "geometry": { "type": "MultiPolygon", "coordinates": [ [ [ [ 117.395013093000102, 35.017928662000088 ], [ 117.327036070000077, 35.016188915000043 ], [ 117.256944183000087, 34.99952138000009 ], [ 117.249138544000061, 34.995339856000044 ], [ 117.234416051000039, 35.01763522400006 ], [ 117.229996447000076, 35.033016853000049 ], [ 117.223367041000074, 35.052918194000085 ], [ 117.202373921, 35.075527468000075 ], [ 117.157072980000066, 35.114400768000053 ], [ 117.136732094000081, 35.145176509000066 ], [ 117.152653377000092, 35.167708384000036 ], [ 117.163702386000068, 35.177643230000058 ], [ 117.182485703, 35.200217912000085 ], [ 117.227786645000037, 35.218273140000065 ], [ 117.287451299000054, 35.220078442000045 ], [ 117.333857141000067, 35.213759709000044 ], [ 117.390207092000082, 35.179449436000084 ], [ 117.408990409000012, 35.130667809000045 ], [ 117.404570806000038, 35.070101813000065 ], [ 117.395013093000102, 35.017928662000088 ] ] ] ] } },
{ "type": "Feature", "properties": { "Name": null }, "geometry": { "type": "MultiPolygon", "coordinates": [ [ [ [ 117.252094467, 35.219008633000044 ], [ 117.227786645000037, 35.218273140000065 ], [ 117.182485703, 35.200217912000085 ], [ 117.163702386000068, 35.177643230000058 ], [ 117.152653377000092, 35.167708384000036 ], [ 117.136732094000081, 35.145176509000066 ], [ 117.134974961000012, 35.147835050000083 ], [ 117.110667138000053, 35.143317706000062 ], [ 117.035533871000098, 35.113496948000034 ], [ 117.028906572000096, 35.10954320400009 ], [ 117.014540751000027, 35.134282266000071 ], [ 116.988023127000019, 35.168611603000045 ], [ 116.976974118000044, 35.196606384000063 ], [ 116.959295701000087, 35.222786320000068 ], [ 116.952666295000085, 35.249860127000034 ], [ 116.951561394, 35.284140641000079 ], [ 116.961505503000012, 35.312095580000062 ], [ 116.983603524000046, 35.339139550000084 ], [ 117.011226048000026, 35.35626271700005 ], [ 117.046582880000074, 35.365273453000043 ], [ 117.117296544000055, 35.358966044000056 ], [ 117.160387684000057, 35.349954604000061 ], [ 117.199059219000105, 35.331027308000046 ], [ 117.217842536000035, 35.302177191000055 ], [ 117.231101348000038, 35.267002197000068 ], [ 117.252094467, 35.226396683000075 ], [ 117.252094467, 35.219008633000044 ] ] ] ] } },
{ "type": "Feature", "properties": { "Name": "赵" }, "geometry": { "type": "MultiPolygon", "coordinates": [ [ [ [ 115.040873152000017, 40.06957159500007 ], [ 115.034534215, 40.046427845000039 ], [ 115.175029643000016, 39.82299112700008 ], [ 115.216657919, 39.602834819000066 ], [ 115.263489727000092, 39.357840309000039 ], [ 115.232268522000027, 39.128131709000058 ], [ 115.180233178000094, 38.970529518000035 ], [ 115.099592380000104, 38.874570697000081 ], [ 114.957456862000072, 38.89915848000004 ], [ 114.769946689000108, 38.906276672000047 ], [ 114.715065662000029, 38.884919957000079 ], [ 114.609877029000018, 38.792299997000043 ], [ 114.468101043000047, 38.706697693000081 ], [ 114.381206084000041, 38.656715625000061 ], [ 114.321751639000013, 38.553070330000082 ], [ 114.30803138300007, 38.420615999000063 ], [ 114.289737707000086, 38.327394402000039 ], [ 114.289737707000086, 38.277148424000075 ], [ 114.298884544000089, 38.19093151900006 ], [ 114.40407317800009, 38.025396905000036 ], [ 114.596156772000086, 38.028999472000066 ], [ 114.628170704000013, 37.992965838000089 ], [ 114.609877029000018, 37.924453149000044 ], [ 114.518408650000083, 37.899195525000039 ], [ 114.495541556000035, 37.852265505000048 ], [ 114.495541556000035, 37.783621709000045 ], [ 114.541275745, 37.704059700000073 ], [ 114.564142839000056, 37.606298576000086 ], [ 114.568716258000109, 37.54830534000007 ], [ 114.596156772000086, 37.490266948000055 ], [ 114.614450447000081, 37.450339374000066 ], [ 114.696771987000034, 37.414023075000046 ], [ 114.82025429600003, 37.432183427000041 ], [ 114.957456862000072, 37.446708537000063 ], [ 115.01691130800009, 37.446708537000063 ], [ 115.080939173000047, 37.424919815000067 ], [ 115.122099942000091, 37.399491622000085 ], [ 115.222715158000028, 37.374054799000078 ], [ 115.369064562000062, 37.366785550000088 ], [ 115.492546871000059, 37.366785550000088 ], [ 115.593162086, 37.366785550000088 ], [ 115.666336788000081, 37.366785550000088 ], [ 115.73951149100003, 37.374054799000078 ], [ 115.780672260000074, 37.424919815000067 ], [ 115.785245679000013, 37.519291787000043 ], [ 115.785245679000013, 37.577307604000055 ], [ 115.69835072, 37.657005596000033 ], [ 115.63432285600004, 37.72576691200004 ], [ 115.602308924, 37.794464447000053 ], [ 115.500519460000078, 37.932800246000056 ], [ 115.475966104, 37.995712877000074 ], [ 115.474431520000053, 38.042861969000057 ], [ 115.477500689000067, 38.074881861000051 ], [ 115.482104443000026, 38.117150810000055 ], [ 115.517702584000062, 38.149213755000062 ], [ 115.518462911000029, 38.14861595900004 ], [ 115.617330064000043, 38.160891279000055 ], [ 115.778639630000043, 38.201794087000053 ], [ 115.851489111000092, 38.164982593000047 ], [ 115.96596686700002, 38.099494022000044 ], [ 116.09605522600009, 38.046241302000055 ], [ 116.148090569000033, 38.029848050000055 ], [ 116.157300242000019, 38.039514043000054 ], [ 116.138488693, 37.989685335000047 ], [ 116.126429873, 37.935810615000037 ], [ 116.130449480000038, 37.872378003000051 ], [ 116.190743576000045, 37.815241913000079 ], [ 116.275155312000038, 37.745348819000071 ], [ 116.347508227000048, 37.704017298000053 ], [ 116.383684685000048, 37.643568211000058 ], [ 116.435939568000094, 37.570327133000035 ], [ 116.476135633000013, 37.398086576000082 ], [ 116.476135633000013, 37.305423225000084 ], [ 116.464076814, 37.203041333000044 ], [ 116.492214059000048, 37.02995661600005 ], [ 116.383684685000048, 37.004280796000046 ], [ 116.242998460000081, 36.965750802000059 ], [ 116.154567118000045, 36.923987958000055 ], [ 116.078194596, 36.862908787000038 ], [ 116.050057352000067, 36.788905472000067 ], [ 116.013880893000078, 36.711608344000069 ], [ 115.949567190000039, 36.669706561000055 ], [ 115.760645688000068, 36.608424433000039 ], [ 115.615939856000068, 36.576151105000065 ], [ 115.539567334000026, 36.530945777000056 ], [ 115.540391640000053, 36.529873780000059 ], [ 115.431037960000026, 36.537405300000046 ], [ 115.310449767000023, 36.547093572000051 ], [ 115.121528265000052, 36.543864283000062 ], [ 115.061234169000045, 36.505102290000082 ], [ 115.033096924, 36.433988210000052 ], [ 114.964763614000049, 36.366045751000058 ], [ 114.86427345300001, 36.304522837000036 ], [ 114.747704866000049, 36.275363448000064 ], [ 114.590940215000046, 36.24619316400009 ], [ 114.482410842000036, 36.226740257000074 ], [ 114.353783436000072, 36.223497635000058 ], [ 114.309567765, 36.200795519000053 ], [ 114.285450127000104, 36.11966278400007 ], [ 114.281430520000072, 36.025443677000055 ], [ 114.281430520000072, 35.953891856000041 ], [ 114.281430520000072, 35.862732090000065 ], [ 114.297508946000107, 35.797553700000037 ], [ 114.313587372000029, 35.693156981000072 ], [ 114.289469733000033, 35.660504938000088 ], [ 114.128685476000101, 35.618037314000048 ], [ 114.056332560000101, 35.631106678000037 ], [ 113.911626728000101, 35.722532395000087 ], [ 113.819175781000013, 35.810593660000052 ], [ 113.742803258000095, 35.85295874500008 ], [ 113.618195459000049, 35.898557380000057 ], [ 113.529764117000013, 35.898557380000057 ], [ 113.473489627000049, 35.859474442000078 ], [ 113.385058285000014, 35.846442512000067 ], [ 113.320744582000088, 35.87250423100005 ], [ 113.272509305000085, 35.901813421000043 ], [ 113.155940718000011, 35.892044896000073 ], [ 113.155940718000011, 35.957145619000073 ], [ 113.143881899, 35.996180321000054 ], [ 113.051430952000032, 36.057945773000085 ], [ 112.858489843000029, 36.113168539000071 ], [ 112.757999681, 36.161862285000041 ], [ 112.705744798000069, 36.298043914000061 ], [ 112.717803617000072, 36.349860221000085 ], [ 112.790156533000072, 36.382227914000055 ], [ 112.886627088000068, 36.388699837000047 ], [ 113.027313313000036, 36.36928245200005 ], [ 113.139862293000078, 36.288324522000039 ], [ 113.228293635, 36.236467315000084 ], [ 113.296626944000081, 36.171597407000036 ], [ 113.413195531000042, 36.132649663000052 ], [ 113.51770529800001, 36.11966278400007 ], [ 113.59005821300002, 36.11966278400007 ], [ 113.702607194000052, 36.19106402400007 ], [ 113.839273813000091, 36.304522837000036 ], [ 113.976485003000107, 36.414059221000059 ], [ 114.077192126, 36.529749859000049 ], [ 114.034031930000083, 36.645267713000067 ], [ 113.947711539000011, 36.722183520000044 ], [ 113.823026530000107, 36.806702029000064 ], [ 113.779866335000065, 36.960133241000051 ], [ 113.818230953000011, 37.036733174000062 ], [ 113.947711539000011, 37.159132475000035 ], [ 113.914142499000036, 37.243167236000033 ], [ 113.837413262000041, 37.29659517500005 ], [ 113.578452090000042, 37.28514952200004 ], [ 113.410606885000107, 37.208800687000064 ], [ 113.242761681000047, 37.132374526000035 ], [ 113.055734167000082, 37.071177962000036 ], [ 113.041347435000034, 36.979290458000037 ], [ 113.089303208000047, 36.90263266900007 ], [ 113.084507631000065, 36.825897788000077 ], [ 112.993391663000011, 36.779819881000037 ], [ 112.931049158000064, 36.779819881000037 ], [ 112.85911549900004, 36.802862300000072 ], [ 112.758408376000034, 36.837412932000063 ], [ 112.475469317000034, 36.891127350000033 ], [ 112.398740081000028, 36.917970396000044 ], [ 112.298032958000022, 36.94097120400005 ], [ 112.211712567000063, 36.97545940100008 ], [ 112.14457448600001, 37.009931976000075 ], [ 112.067845249000015, 37.013761297000087 ], [ 111.90000004400008, 37.059698103000073 ], [ 111.799292922000063, 37.075004195000076 ], [ 111.703381376000038, 37.063524916000063 ], [ 111.549922904000027, 37.021419361000085 ], [ 111.367690967000044, 37.009931976000075 ], [ 111.209436918000051, 37.02907665400005 ], [ 111.123116527000036, 37.059698103000073 ], [ 111.03200055800005, 37.090307199000051 ], [ 110.950475745000062, 37.113255911000067 ], [ 110.801812850000033, 37.052043899000068 ], [ 110.782630540000071, 37.063524916000063 ], [ 110.710696881000047, 37.159132475000035 ], [ 110.710696881000047, 37.208800687000064 ], [ 110.691514572000074, 37.273702129000071 ], [ 110.686718995000035, 37.319481255000085 ], [ 110.643558799000061, 37.380476739000073 ], [ 110.586011872000029, 37.475682934000076 ], [ 110.538056100000063, 37.597370096000077 ], [ 110.523669368000071, 37.658139184000049 ], [ 110.504487059000041, 37.75678294100004 ], [ 110.394188782000072, 37.84393523500006 ], [ 110.274299350000035, 37.923419230000036 ], [ 110.183183381000049, 37.953676276000067 ], [ 110.09686299100008, 37.995259373000067 ], [ 110.09686299100008, 38.048149238000065 ], [ 110.140023186000064, 38.116094384000064 ], [ 110.183183381000049, 38.236729792000062 ], [ 110.327050700000029, 38.406035234000058 ], [ 110.49010032700005, 38.477400984000042 ], [ 110.633967645000041, 38.51868574000008 ], [ 110.854564200000027, 38.578694048000045 ], [ 111.083309399000029, 38.659482003000051 ], [ 111.175630016000071, 38.703949634000082 ], [ 111.364199787000075, 38.798925651000047 ], [ 111.432949184000051, 38.814232527000058 ], [ 111.554733827000064, 38.873897916000089 ], [ 111.578305049000051, 38.909061737000059 ], [ 111.629376028000081, 38.941152630000033 ], [ 111.668661397000051, 38.971701888000041 ], [ 111.660804323000036, 39.002237975000071 ], [ 111.690268350000053, 39.046491899000046 ], [ 111.784906190000072, 39.113088737000055 ], [ 111.905754737000052, 39.115767733000041 ], [ 112.055952217000026, 39.115767733000041 ], [ 112.159536687000013, 39.115767733000041 ], [ 112.320092614000032, 39.133178729000065 ], [ 112.470290094, 39.16397225500009 ], [ 112.5958458, 39.21808973800006 ], [ 112.798159216000045, 39.30620133900004 ], [ 112.945679415000086, 39.368139390000067 ], [ 113.038406398, 39.420255177000058 ], [ 113.118488792000107, 39.472332026000061 ], [ 113.232290088000013, 39.543874093000056 ], [ 113.388240013000086, 39.680249779000064 ], [ 113.63691692000009, 39.864901127000053 ], [ 113.771792531000074, 39.948963496000033 ], [ 113.915097868000089, 40.007100085000047 ], [ 114.012039713000036, 40.052283232000036 ], [ 114.083692381000105, 40.084538581000061 ], [ 114.214353129000074, 40.123224838000056 ], [ 114.404021956000065, 40.16188909300007 ], [ 114.656913727000074, 40.165110121000055 ], [ 114.741210984000077, 40.165110121000055 ], [ 114.880301457000087, 40.168330996000066 ], [ 114.956168988000059, 40.126447699000039 ], [ 115.027821656000015, 40.071638274000065 ], [ 115.040873152000017, 40.06957159500007 ] ] ] ] } },
{ "type": "Feature", "properties": { "Name": "越" }, "geometry": { "type": "MultiPolygon", "coordinates": [ [ [ [ 120.389565529000038, 27.135699999000053 ], [ 120.32043980800006, 27.158489653000061 ], [ 120.139761530000101, 27.22377848900004 ], [ 119.976021842000023, 27.319131810000044 ], [ 119.727589212, 27.429438585000071 ], [ 119.479156582000087, 27.544641569000078 ], [ 119.038753283, 27.714720470000088 ], [ 118.558826610000096, 27.939417533000039 ], [ 118.33862496100005, 28.103899111000089 ], [ 118.033730369000068, 28.158670401000052 ], [ 117.88692927, 28.238287718000038 ], [ 117.813528719000033, 28.288018399000066 ], [ 117.717543385, 28.372507253000038 ], [ 117.627204247, 28.620613721000041 ], [ 117.536865108000029, 28.87802395600005 ], [ 117.525572717000045, 29.134797950000063 ], [ 117.525572717000045, 29.258019459000081 ], [ 117.542511305000062, 29.430280377000088 ], [ 117.582034678000014, 29.538409437000041 ], [ 117.655435228000101, 29.680766669000036 ], [ 117.77400534700007, 29.88658216400006 ], [ 117.872167279, 30.118414168000072 ], [ 117.872167279, 30.198061430000052 ], [ 117.835879165000051, 30.349936430000071 ], [ 117.810756624000078, 30.489549799000088 ], [ 117.757720151000058, 30.566492277000066 ], [ 117.701892284, 30.676990238000087 ], [ 117.68235253, 30.820928210000091 ], [ 117.763302938000038, 30.995762207000041 ], [ 117.810756624000078, 31.055563376000066 ], [ 117.8800544610001, 31.072259200000076 ], [ 117.921764041000074, 31.073512700000038 ], [ 117.984694285000046, 31.09732604800007 ], [ 118.005914949000044, 31.134913918000052 ], [ 118.027135612000052, 31.175617307000039 ], [ 118.057868987, 31.21505159600008 ], [ 118.115677001000108, 31.248839330000067 ], [ 118.177143751000017, 31.281364245000077 ], [ 118.264221647, 31.30700098300008 ], [ 118.31983442, 31.335130837000065 ], [ 118.359348759, 31.368875566000042 ], [ 118.412460584000087, 31.564688439000065 ], [ 118.426614197000049, 31.61504132500005 ], [ 118.4416003770001, 31.680955324000081 ], [ 118.474070431000087, 31.766644386000053 ], [ 118.495717134000074, 31.806982846000039 ], [ 118.529852319000042, 31.86781105600005 ], [ 118.603118083000027, 31.946969036000041 ], [ 118.73912546300005, 32.069745281000053 ], [ 118.777176307000104, 32.119338557000049 ], [ 118.79766522400007, 32.188723890000063 ], [ 118.812300165000011, 32.260531555000057 ], [ 118.812300165000011, 32.314968476000047 ], [ 118.79766522400007, 32.374316917000044 ], [ 118.788884260000032, 32.450917669000034 ], [ 118.777176307000104, 32.598992285000065 ], [ 118.768395344000055, 32.729588319000072 ], [ 118.768395344000055, 32.837862552000047 ], [ 118.742052451000063, 33.063827669000034 ], [ 118.736198474000048, 33.186392222000052 ], [ 118.730344499000012, 33.272085541000081 ], [ 118.695220641000105, 33.338134416000059 ], [ 118.627899916000047, 33.382139197000072 ], [ 118.57228714300004, 33.411463352000055 ], [ 118.522528345000069, 33.44566235800005 ], [ 118.493258464000064, 33.492053736000059 ], [ 118.437645690000068, 33.584761951000075 ], [ 118.399594845000024, 33.689548608000052 ], [ 118.399594845000024, 33.75527967700009 ], [ 118.38203291700006, 33.806369029000052 ], [ 118.364470988000107, 33.874440739000079 ], [ 118.317639179000025, 33.952170548000083 ], [ 118.221048572000086, 33.991008857000054 ], [ 118.106574500000079, 34.028284528000086 ], [ 118.170792187000075, 34.033273890000089 ], [ 118.25851402, 34.078451379000057 ], [ 118.403136501000063, 34.109864993000087 ], [ 118.602288770000087, 34.16677244300007 ], [ 118.777732436000065, 34.255001194000045 ], [ 118.898646313000086, 34.327475600000071 ], [ 118.934209218000092, 34.403799831000072 ], [ 118.962659543000086, 34.47223671100005 ], [ 119.010076749000064, 34.540617514000076 ], [ 119.024301911000066, 34.59918495900007 ], [ 119.026672772000097, 34.659661296000081 ], [ 119.069348258000105, 34.72399087000008 ], [ 119.107282023000039, 34.753215053000076 ], [ 119.145215789000076, 34.764901832000078 ], [ 119.207286821000025, 34.789479076000077 ], [ 119.2085, 34.7822 ], [ 119.207100001000072, 34.7697 ], [ 119.2062, 34.7557 ], [ 119.2149, 34.7583 ], [ 119.2187, 34.7672 ], [ 119.223, 34.7705 ], [ 119.2334, 34.772 ], [ 119.2417, 34.7682 ], [ 119.258200000000102, 34.75519999900007 ], [ 119.2633, 34.7469 ], [ 119.2804000000001, 34.7392 ], [ 119.3036, 34.7374 ], [ 119.3143, 34.7385 ], [ 119.3276, 34.7456 ], [ 119.3298, 34.7516 ], [ 119.3288, 34.7553 ], [ 119.3253, 34.763199999000051 ], [ 119.329399999000088, 34.765399999000067 ], [ 119.3452, 34.7666 ], [ 119.3611, 34.7657 ], [ 119.3666, 34.754399999000043 ], [ 119.3708, 34.749799999000061 ], [ 119.377099999000052, 34.7461 ], [ 119.3869, 34.742699999000081 ], [ 119.3956, 34.7421 ], [ 119.422699999000088, 34.7439 ], [ 119.4452, 34.7384 ], [ 119.4506, 34.73560000100008 ], [ 119.4581, 34.731699999000057 ], [ 119.4741, 34.7274 ], [ 119.4698, 34.7186 ], [ 119.4763, 34.7098 ], [ 119.476499999, 34.7052 ], [ 119.4667, 34.7028 ], [ 119.4621, 34.699 ], [ 119.4571, 34.6872 ], [ 119.4509, 34.6849 ], [ 119.4519, 34.6748 ], [ 119.455200000000104, 34.669899999000052 ], [ 119.4691, 34.6623 ], [ 119.4863, 34.6499 ], [ 119.4962, 34.6427 ], [ 119.5092, 34.6308 ], [ 119.5326, 34.6168 ], [ 119.536700001000099, 34.61279999900006 ], [ 119.565500001000032, 34.596300001000088 ], [ 119.5906, 34.5867 ], [ 119.5924, 34.5836 ], [ 119.600199999000097, 34.5776 ], [ 119.6069, 34.5753 ], [ 119.6292, 34.5677 ], [ 119.639200001000063, 34.5619 ], [ 119.6475, 34.5557 ], [ 119.649, 34.5525 ], [ 119.6482, 34.5514 ], [ 119.640099999000086, 34.541 ], [ 119.639200001000063, 34.538 ], [ 119.6429, 34.5292 ], [ 119.6429, 34.5234 ], [ 119.6611, 34.5311 ], [ 119.668, 34.5253 ], [ 119.6725, 34.5248 ], [ 119.6801, 34.526799999000048 ], [ 119.6871000000001, 34.525 ], [ 119.6949, 34.531200001000059 ], [ 119.7166, 34.5302 ], [ 119.7211, 34.5272 ], [ 119.7364, 34.5256 ], [ 119.7492, 34.519699999000068 ], [ 119.756400001000088, 34.5181 ], [ 119.7585, 34.515899999000055 ], [ 119.7702, 34.513 ], [ 119.7777, 34.507999999000049 ], [ 119.7887, 34.4971 ], [ 119.7885, 34.4935 ], [ 119.7884, 34.4913 ], [ 119.7852, 34.488 ], [ 119.786, 34.4825 ], [ 119.7802, 34.4757 ], [ 119.7775, 34.4667 ], [ 119.784700001000033, 34.4414 ], [ 119.7845, 34.4343 ], [ 119.7797, 34.4176 ], [ 119.7826, 34.414500001000079 ], [ 119.7888, 34.4236 ], [ 119.794, 34.444400001000076 ], [ 119.7837, 34.47100000100005 ], [ 119.7877, 34.47499999900009 ], [ 119.794, 34.4759 ], [ 119.805300000000102, 34.4705 ], [ 119.816700001000072, 34.4706 ], [ 119.832400001, 34.4664 ], [ 119.8448, 34.4663 ], [ 119.858900001000052, 34.4646 ], [ 119.8785, 34.462300001000074 ], [ 119.893600000000106, 34.458599999000057 ], [ 119.8996, 34.4541 ], [ 119.9165, 34.453700001000072 ], [ 119.9441, 34.4494 ], [ 119.953000001000078, 34.4447 ], [ 119.9694, 34.4398 ], [ 119.9819, 34.4324 ], [ 119.99, 34.4324 ], [ 119.9929, 34.4341 ], [ 120.0, 34.4327 ], [ 120.0102, 34.4306 ], [ 120.0132, 34.4316 ], [ 120.0317, 34.4198 ], [ 120.0376, 34.4185 ], [ 120.0475, 34.4124 ], [ 120.0505, 34.4129 ], [ 120.0536, 34.4112 ], [ 120.0546, 34.4089 ], [ 120.064999999000065, 34.4039 ], [ 120.0761, 34.3957 ], [ 120.0841, 34.3941 ], [ 120.085, 34.3939 ], [ 120.0871, 34.3919 ], [ 120.0881, 34.386599999000055 ], [ 120.0798, 34.3676 ], [ 120.0864, 34.3604 ], [ 120.1055, 34.3736 ], [ 120.111000000000104, 34.3746 ], [ 120.1191, 34.3707 ], [ 120.1278, 34.3694 ], [ 120.1394, 34.3625 ], [ 120.1477000000001, 34.3619 ], [ 120.1661, 34.35219999900005 ], [ 120.175300001000096, 34.3497 ], [ 120.1824, 34.344 ], [ 120.184799999, 34.343 ], [ 120.2083, 34.3338 ], [ 120.2169, 34.3304 ], [ 120.2587, 34.3211 ], [ 120.2733, 34.3151 ], [ 120.2884, 34.3033 ], [ 120.292, 34.2956 ], [ 120.2931, 34.2906 ], [ 120.2903, 34.2829 ], [ 120.291299999000103, 34.2775 ], [ 120.2887, 34.2724 ], [ 120.2906, 34.2664 ], [ 120.2877, 34.257 ], [ 120.288000001, 34.248000001000037 ], [ 120.2906, 34.2451 ], [ 120.2947, 34.2305 ], [ 120.3076, 34.2102 ], [ 120.311, 34.2013 ], [ 120.33, 34.1722 ], [ 120.327100001000076, 34.154 ], [ 120.3314, 34.1498 ], [ 120.331099999, 34.1415 ], [ 120.3301, 34.1418 ], [ 120.3258, 34.143 ], [ 120.3251, 34.140000001000089 ], [ 120.3278, 34.135 ], [ 120.337900001000094, 34.1295 ], [ 120.338800000000106, 34.126600001000043 ], [ 120.3359, 34.123699999000053 ], [ 120.3346, 34.1134 ], [ 120.2857, 34.1039 ], [ 120.2633, 34.0974 ], [ 120.2497, 34.0915 ], [ 120.2481, 34.0877 ], [ 120.252999999000053, 34.0862 ], [ 120.2647, 34.090099999000074 ], [ 120.2705, 34.09 ], [ 120.273100001000103, 34.092300001000069 ], [ 120.2824, 34.0944 ], [ 120.2862, 34.097 ], [ 120.2966, 34.0991 ], [ 120.3094, 34.102400001000035 ], [ 120.3191, 34.1025 ], [ 120.3252, 34.1001 ], [ 120.3315, 34.1002 ], [ 120.3386, 34.1052 ], [ 120.3393, 34.10569999900008 ], [ 120.3433, 34.1026 ], [ 120.356000000000108, 34.078800001000047 ], [ 120.356000000000108, 34.0729 ], [ 120.36, 34.0597 ], [ 120.367223140000078, 34.045058500000039 ], [ 120.3674, 34.0447 ], [ 120.3829, 34.0201 ], [ 120.3861, 34.0016 ], [ 120.3923, 33.9903 ], [ 120.3912, 33.98289999900004 ], [ 120.4016, 33.9747 ], [ 120.409900000000107, 33.9526 ], [ 120.4148, 33.9362 ], [ 120.4132, 33.9288 ], [ 120.421299999000098, 33.908399999000039 ], [ 120.428, 33.898200001000077 ], [ 120.434900001000074, 33.8915 ], [ 120.4396, 33.8829 ], [ 120.4463, 33.8776 ], [ 120.457700001000035, 33.8515 ], [ 120.467, 33.8366 ], [ 120.4769, 33.8288 ], [ 120.4787, 33.824500001000047 ], [ 120.4612, 33.8078 ], [ 120.4449, 33.786 ], [ 120.434900001000074, 33.7705 ], [ 120.421700000000101, 33.750200001000053 ], [ 120.4148, 33.7445 ], [ 120.3947, 33.7394 ], [ 120.3908, 33.7391 ], [ 120.397600001, 33.7335 ], [ 120.4018, 33.732200001000081 ], [ 120.4059, 33.7323 ], [ 120.461100000000101, 33.7529 ], [ 120.468, 33.7538 ], [ 120.4747, 33.7507 ], [ 120.4826, 33.7358 ], [ 120.48999999900002, 33.721300001000088 ], [ 120.499900001000015, 33.694700001000058 ], [ 120.4992, 33.6912 ], [ 120.500100001000078, 33.6828 ], [ 120.497, 33.6754 ], [ 120.4847, 33.660900001000073 ], [ 120.4817, 33.6592 ], [ 120.4862, 33.6558 ], [ 120.4967, 33.6685 ], [ 120.5016, 33.669699999000045 ], [ 120.507000001000051, 33.6653 ], [ 120.516400001000079, 33.6632 ], [ 120.5217, 33.6599 ], [ 120.5366, 33.6332 ], [ 120.5429, 33.632 ], [ 120.5458, 33.628999999000087 ], [ 120.5429, 33.6253 ], [ 120.5364, 33.6226 ], [ 120.512500001000035, 33.6232 ], [ 120.5069, 33.6208 ], [ 120.4978, 33.6217 ], [ 120.4976, 33.619 ], [ 120.5033, 33.608 ], [ 120.5149, 33.5854 ], [ 120.528, 33.5724 ], [ 120.5389, 33.5576 ], [ 120.5428, 33.546000001000039 ], [ 120.5425, 33.5398 ], [ 120.535800000000108, 33.5261 ], [ 120.5381, 33.522500001000083 ], [ 120.5473, 33.5199 ], [ 120.5693, 33.5083 ], [ 120.5905, 33.5104 ], [ 120.59169999900007, 33.5083 ], [ 120.5863, 33.481199999000069 ], [ 120.5876, 33.474099999000089 ], [ 120.588500001000057, 33.4333 ], [ 120.5906, 33.4182 ], [ 120.5882, 33.4083 ], [ 120.6483, 33.3911 ], [ 120.6537, 33.3859 ], [ 120.658100000000104, 33.3491 ], [ 120.6553, 33.3369 ], [ 120.6561, 33.3289 ], [ 120.6593, 33.3209 ], [ 120.6703, 33.2932 ], [ 120.679400000000101, 33.2824 ], [ 120.686300001000063, 33.2789 ], [ 120.697, 33.278 ], [ 120.7058, 33.2752 ], [ 120.7103, 33.2709 ], [ 120.7237, 33.244600001000038 ], [ 120.7251, 33.234599999000068 ], [ 120.7286, 33.2108 ], [ 120.729599999000015, 33.1959 ], [ 120.7284, 33.1895 ], [ 120.7247, 33.186199999000053 ], [ 120.7144, 33.1848 ], [ 120.712800001, 33.18590000100005 ], [ 120.708, 33.1817 ], [ 120.704300000000103, 33.1766 ], [ 120.694999999000061, 33.1704 ], [ 120.6945, 33.167200001000083 ], [ 120.7014, 33.1495 ], [ 120.7165, 33.1191 ], [ 120.7195, 33.1118 ], [ 120.7227, 33.1043 ], [ 120.7287, 33.0978 ], [ 120.736900000000105, 33.0927 ], [ 120.7406, 33.0889 ], [ 120.744600000000105, 33.088 ], [ 120.7721, 33.0561 ], [ 120.7837, 33.049 ], [ 120.7868, 33.0436 ], [ 120.7922, 33.0388 ], [ 120.7692, 33.0276 ], [ 120.7898, 33.0008 ], [ 120.7996, 32.9941 ], [ 120.811600001000102, 32.99190000100009 ], [ 120.827900001000103, 32.9839 ], [ 120.8343, 32.9786 ], [ 120.8367, 32.9711 ], [ 120.8362, 32.9591 ], [ 120.8386, 32.9436 ], [ 120.8374, 32.9305 ], [ 120.8394, 32.9251 ], [ 120.854600001000108, 32.9068 ], [ 120.8579, 32.8988 ], [ 120.863700000000108, 32.857 ], [ 120.8623, 32.8488 ], [ 120.8214, 32.8199 ], [ 120.816, 32.8116 ], [ 120.8085, 32.788 ], [ 120.816399999000055, 32.76180000100004 ], [ 120.816600000000108, 32.7547 ], [ 120.8401, 32.750000001000046 ], [ 120.8423, 32.7308 ], [ 120.8469, 32.7283 ], [ 120.8809, 32.7151 ], [ 120.8847, 32.6874 ], [ 120.8943, 32.6811 ], [ 120.8983, 32.6785 ], [ 120.9025, 32.6637 ], [ 120.9014, 32.655499999000085 ], [ 120.8969, 32.6501 ], [ 120.876, 32.6426 ], [ 120.8469, 32.6406 ], [ 120.844699999, 32.6387 ], [ 120.842800001, 32.6306 ], [ 120.8321, 32.6268 ], [ 120.8313, 32.6176 ], [ 120.8335, 32.616 ], [ 120.8462, 32.6158 ], [ 120.8501, 32.6127 ], [ 120.853099999000051, 32.6114 ], [ 120.8605, 32.6081 ], [ 120.8692, 32.606900001000042 ], [ 120.8733, 32.608599999000035 ], [ 120.8793, 32.6156 ], [ 120.8833, 32.6164 ], [ 120.897600001, 32.608599999000035 ], [ 120.9056, 32.603099999000051 ], [ 120.9165, 32.6003 ], [ 120.9174, 32.5967 ], [ 120.9121, 32.5924 ], [ 120.913300001000039, 32.589699999000061 ], [ 120.9218, 32.5844 ], [ 120.953200001000027, 32.5651 ], [ 120.9582, 32.5606 ], [ 120.96, 32.5535 ], [ 120.9591, 32.549799999000072 ], [ 120.9605, 32.546899999000061 ], [ 120.9668, 32.5429 ], [ 120.972000001000083, 32.53199999900005 ], [ 120.9759, 32.52700000100009 ], [ 120.971, 32.5203 ], [ 120.9764, 32.5181 ], [ 120.9791, 32.5406 ], [ 120.982, 32.543 ], [ 120.9876, 32.544 ], [ 120.9896, 32.5431 ], [ 121.016600001000029, 32.5327 ], [ 121.0393, 32.5331 ], [ 121.065999999000041, 32.5244 ], [ 121.0772, 32.5221 ], [ 121.1056, 32.5112 ], [ 121.1268, 32.503600001000052 ], [ 121.1534, 32.4908 ], [ 121.1547, 32.4828 ], [ 121.158, 32.4796 ], [ 121.163700001000052, 32.4791 ], [ 121.166, 32.475 ], [ 121.159099999000091, 32.46 ], [ 121.1608, 32.4559 ], [ 121.1632, 32.4552 ], [ 121.1736, 32.4705 ], [ 121.1798, 32.4729 ], [ 121.2589, 32.441799999000068 ], [ 121.2649, 32.4408 ], [ 121.269400001, 32.44269999900007 ], [ 121.2743, 32.4421 ], [ 121.2887, 32.4361 ], [ 121.29, 32.4354 ], [ 121.3104, 32.4234 ], [ 121.3183, 32.4211 ], [ 121.3356, 32.4078 ], [ 121.353299999, 32.399699999000063 ], [ 121.3569, 32.3967 ], [ 121.3576, 32.390999999000087 ], [ 121.355100000000107, 32.3795 ], [ 121.3496, 32.376 ], [ 121.3396, 32.3749 ], [ 121.3487, 32.2864 ], [ 121.3582, 32.2825 ], [ 121.3602, 32.2791 ], [ 121.371399999, 32.274900001000049 ], [ 121.379500001, 32.27 ], [ 121.3835, 32.2636 ], [ 121.3827, 32.2613 ], [ 121.3839, 32.2584 ], [ 121.3778, 32.2514 ], [ 121.3736, 32.2497 ], [ 121.353299999, 32.251 ], [ 121.3393, 32.2407 ], [ 121.3448, 32.210800001000052 ], [ 121.343, 32.2082 ], [ 121.3366, 32.2061 ], [ 121.3103, 32.2047 ], [ 121.316300001000059, 32.2009 ], [ 121.323, 32.2003 ], [ 121.3531, 32.2024 ], [ 121.355100000000107, 32.1967 ], [ 121.3629, 32.1973 ], [ 121.3644, 32.1818 ], [ 121.370399999000028, 32.1759 ], [ 121.3847, 32.1764 ], [ 121.4018, 32.180599999000037 ], [ 121.404, 32.1788 ], [ 121.4147, 32.17 ], [ 121.4183, 32.1433 ], [ 121.4138, 32.1395 ], [ 121.4162, 32.1277 ], [ 121.4156, 32.118 ], [ 121.4371000000001, 32.1202 ], [ 121.449300000000108, 32.1158 ], [ 121.4562, 32.118 ], [ 121.461100000000101, 32.1178 ], [ 121.464700000000107, 32.111 ], [ 121.4704, 32.1116 ], [ 121.4748, 32.1197 ], [ 121.511900001000072, 32.116999999000086 ], [ 121.523600000000101, 32.1138 ], [ 121.534199999000066, 32.1084 ], [ 121.543300001000034, 32.107 ], [ 121.5556, 32.1001 ], [ 121.564, 32.098299999000062 ], [ 121.5941, 32.0853 ], [ 121.6057, 32.0816 ], [ 121.6216, 32.079499999000063 ], [ 121.676200000000108, 32.0539 ], [ 121.68, 32.0494 ], [ 121.6833, 32.0469 ], [ 121.6946, 32.0452 ], [ 121.705399999000065, 32.0417 ], [ 121.7256, 32.0264 ], [ 121.7247, 32.0189 ], [ 121.7261, 32.0141 ], [ 121.7393, 32.0108 ], [ 121.7465, 32.0 ], [ 121.749700001000065, 31.9928 ], [ 121.7597, 31.9843 ], [ 121.7645, 31.9733 ], [ 121.7672, 31.9708 ], [ 121.773, 31.9688 ], [ 121.778000001, 31.9639 ], [ 121.7802, 31.9563 ], [ 121.785, 31.9525 ], [ 121.7851, 31.9477 ], [ 121.7894, 31.9437 ], [ 121.796700000000101, 31.9425 ], [ 121.8004, 31.9374 ], [ 121.8077, 31.9364 ], [ 121.8113, 31.9336 ], [ 121.8136, 31.9296 ], [ 121.814, 31.9233 ], [ 121.8239, 31.9115 ], [ 121.8281, 31.8799 ], [ 121.827300001000026, 31.8748 ], [ 121.8266, 31.8699 ], [ 121.8318, 31.8633 ], [ 121.84, 31.8592 ], [ 121.8399, 31.8571 ], [ 121.8327, 31.8529 ], [ 121.844, 31.8483 ], [ 121.8777, 31.789999999000088 ], [ 121.8814, 31.780400001000089 ], [ 121.8792, 31.7727 ], [ 121.8795, 31.7711 ], [ 121.8822, 31.7574 ], [ 121.8861, 31.7173 ], [ 121.884400001000017, 31.7084 ], [ 121.8704, 31.695299999000042 ], [ 121.8578, 31.6923 ], [ 121.851500000000101, 31.6936 ], [ 121.8403, 31.692 ], [ 121.825, 31.693400001000043 ], [ 121.820700000000102, 31.6974 ], [ 121.816599999, 31.6981 ], [ 121.812099999, 31.695900001000041 ], [ 121.8069, 31.7021 ], [ 121.8026, 31.6968 ], [ 121.7896, 31.701 ], [ 121.7793, 31.7002 ], [ 121.7628, 31.7105 ], [ 121.7373, 31.7152 ], [ 121.7231, 31.7201 ], [ 121.7073, 31.7225 ], [ 121.688000000000102, 31.7229 ], [ 121.6589, 31.7275 ], [ 121.6400000000001, 31.7324 ], [ 121.6327, 31.7324 ], [ 121.6102, 31.7416 ], [ 121.5925, 31.752300001000037 ], [ 121.591600001000074, 31.754600001000085 ], [ 121.6003, 31.7728 ], [ 121.596500001000095, 31.7739 ], [ 121.5905, 31.762 ], [ 121.586300001000041, 31.7577 ], [ 121.577999999000099, 31.7587 ], [ 121.570700000000102, 31.7684 ], [ 121.5509, 31.785000001000071 ], [ 121.5338, 31.7833 ], [ 121.5144, 31.7891 ], [ 121.5093, 31.7921 ], [ 121.4991, 31.8035 ], [ 121.47180000100002, 31.8247 ], [ 121.457100001000072, 31.8314 ], [ 121.440000001000044, 31.8417 ], [ 121.425399999000092, 31.8428 ], [ 121.407800001000055, 31.85 ], [ 121.382999999000049, 31.8534 ], [ 121.360900001, 31.859300001000065 ], [ 121.3526, 31.8615 ], [ 121.328, 31.8713 ], [ 121.3104, 31.8818 ], [ 121.287499999000033, 31.88600000100007 ], [ 121.2802, 31.8848 ], [ 121.2696, 31.8808 ], [ 121.2611, 31.8737 ], [ 121.2451, 31.8671 ], [ 121.2299, 31.858799999000041 ], [ 121.2268, 31.8574 ], [ 121.2154, 31.8609 ], [ 121.205900001000032, 31.8617 ], [ 121.1995, 31.860399999000037 ], [ 121.1941, 31.8582 ], [ 121.1636, 31.8374 ], [ 121.1557, 31.8342 ], [ 121.144500000000107, 31.834 ], [ 121.1406, 31.8353 ], [ 121.1309000010001, 31.8428 ], [ 121.1231, 31.8489 ], [ 121.107, 31.8525 ], [ 121.0948, 31.8525 ], [ 121.0835, 31.846800001000076 ], [ 121.069, 31.8431 ], [ 121.0633, 31.8397 ], [ 121.032, 31.8347 ], [ 121.0353, 31.830500001000075 ], [ 121.0283, 31.8233 ], [ 121.0207, 31.821 ], [ 121.0147, 31.8165 ], [ 121.0067, 31.816 ], [ 120.9913, 31.806 ], [ 120.9838, 31.8053 ], [ 120.9778, 31.8016 ], [ 120.971500000000106, 31.8013 ], [ 120.9713, 31.806300001000068 ], [ 120.967399999, 31.8049 ], [ 120.9677, 31.8209 ], [ 120.9664, 31.8264 ], [ 120.9581, 31.8413 ], [ 120.9559, 31.8413 ], [ 120.9554, 31.836800001000086 ], [ 120.9599, 31.8306 ], [ 120.9606, 31.823599999000066 ], [ 120.961899999000025, 31.810999999000046 ], [ 120.9608, 31.803900001000045 ], [ 120.957100001000072, 31.8015 ], [ 120.9505, 31.801 ], [ 120.9369, 31.8045 ], [ 120.9277, 31.81010000100008 ], [ 120.9201, 31.821199999000044 ], [ 120.9212, 31.8258 ], [ 120.9266, 31.8334 ], [ 120.9254, 31.835100001000058 ], [ 120.921299999000098, 31.8314 ], [ 120.9184, 31.8315 ], [ 120.918600001000073, 31.8438 ], [ 120.9138, 31.8718 ], [ 120.9144, 31.8739 ], [ 120.9146, 31.8747 ], [ 120.918099999000106, 31.877300001000037 ], [ 120.9222, 31.8775 ], [ 120.9545, 31.8641 ], [ 120.9593, 31.8644 ], [ 120.961099999, 31.8673 ], [ 120.94, 31.8728 ], [ 120.9224, 31.88389999900005 ], [ 120.9109, 31.8849 ], [ 120.9139, 31.8886 ], [ 120.913100001000089, 31.8955 ], [ 120.9101, 31.8929 ], [ 120.9084, 31.8931 ], [ 120.9059, 31.9006 ], [ 120.901300000000106, 31.9074 ], [ 120.895, 31.92 ], [ 120.8844, 31.9289 ], [ 120.877300000000105, 31.9413 ], [ 120.873, 31.9451 ], [ 120.8667, 31.9475 ], [ 120.8548, 31.9627 ], [ 120.852, 31.9696 ], [ 120.8464, 31.9726 ], [ 120.8349, 31.9852 ], [ 120.831000001, 31.984899999000049 ], [ 120.8217, 31.9954 ], [ 120.819, 32.0 ], [ 120.802, 31.9999 ], [ 120.7969, 32.0132 ], [ 120.79040000100008, 32.0149 ], [ 120.7865, 32.0192 ], [ 120.772, 32.021599999000045 ], [ 120.7534, 32.029499999000052 ], [ 120.74, 32.0285 ], [ 120.7355, 32.0366 ], [ 120.7269, 32.0369 ], [ 120.7245, 32.0435 ], [ 120.7142, 32.0396 ], [ 120.7077, 32.0394 ], [ 120.6969, 32.0437 ], [ 120.6933, 32.045099999000058 ], [ 120.674400000000105, 32.0563 ], [ 120.6471, 32.0612 ], [ 120.6319, 32.0657 ], [ 120.6135, 32.0765 ], [ 120.604000001000031, 32.0797 ], [ 120.593, 32.0783 ], [ 120.5646, 32.069399999000041 ], [ 120.5617, 32.0697 ], [ 120.5592, 32.0699 ], [ 120.552, 32.0748 ], [ 120.550200001, 32.0738 ], [ 120.5525, 32.068400001000043 ], [ 120.551200000000108, 32.0681 ], [ 120.5471, 32.0692 ], [ 120.5287, 32.0889 ], [ 120.5218, 32.092899999000053 ], [ 120.514399999000034, 32.088800001000038 ], [ 120.5055, 32.0911 ], [ 120.5031, 32.089400001000058 ], [ 120.5119, 32.0846 ], [ 120.5141, 32.081700001000058 ], [ 120.5071, 32.0737 ], [ 120.504, 32.0723 ], [ 120.500199999000074, 32.0724 ], [ 120.488700000000108, 32.0779 ], [ 120.478999999000052, 32.079 ], [ 120.4737, 32.0768 ], [ 120.43590000100005, 32.0651 ], [ 120.4061, 32.0495 ], [ 120.3553, 32.016 ], [ 120.351599999000086, 32.0042 ], [ 120.351, 32.0 ], [ 120.348900001000061, 31.9986 ], [ 120.3347, 31.9927 ], [ 120.3223, 31.985400001000073 ], [ 120.3055, 31.971400001000063 ], [ 120.2806, 31.9546 ], [ 120.266043834000016, 31.947998949000066 ], [ 120.2634, 31.9468 ], [ 120.2708, 31.9332 ], [ 120.3135, 31.9444 ], [ 120.3537, 31.9538 ], [ 120.3708, 31.9555 ], [ 120.38, 31.964300001000083 ], [ 120.3854, 31.9651 ], [ 120.3934, 31.9613 ], [ 120.403700001000061, 31.9645 ], [ 120.4078, 31.9623 ], [ 120.432299999000065, 31.964399999000079 ], [ 120.4444, 31.9744 ], [ 120.446100001000104, 31.9765 ], [ 120.4496, 31.9808 ], [ 120.451699999000084, 31.986 ], [ 120.450800001000061, 31.9954 ], [ 120.452, 32.0 ], [ 120.434399999000107, 32.0165 ], [ 120.4364, 32.0218 ], [ 120.4421, 32.0273 ], [ 120.45, 32.03 ], [ 120.46, 32.0307 ], [ 120.4614, 32.028 ], [ 120.4545, 32.02440000100006 ], [ 120.4562, 32.0219 ], [ 120.4705, 32.020600001000048 ], [ 120.4822, 32.0156 ], [ 120.4917, 32.014 ], [ 120.493899999000064, 32.0136 ], [ 120.5315, 32.0042 ], [ 120.543, 32.0 ], [ 120.5537, 31.9948 ], [ 120.5678, 31.99 ], [ 120.5915, 31.9897 ], [ 120.612, 31.9866 ], [ 120.6203, 31.9875 ], [ 120.626000001000079, 31.988099999000042 ], [ 120.6367, 31.987099999000066 ], [ 120.6524, 31.9896 ], [ 120.67, 31.9869 ], [ 120.680000001000053, 31.9874 ], [ 120.6905, 31.9899 ], [ 120.7106, 31.9917 ], [ 120.728300000000104, 31.984799999000074 ], [ 120.736499999000102, 31.979299999000034 ], [ 120.7394, 31.9736 ], [ 120.752100001000031, 31.962800001000062 ], [ 120.752199999000027, 31.962000001000035 ], [ 120.7525, 31.9453 ], [ 120.755800001000011, 31.934 ], [ 120.7752, 31.9011 ], [ 120.791700000000105, 31.8852 ], [ 120.7965, 31.8785 ], [ 120.801400001000047, 31.85230000100006 ], [ 120.7993, 31.8475 ], [ 120.799099999000077, 31.8469 ], [ 120.7922, 31.8431 ], [ 120.7865, 31.828200001000084 ], [ 120.783, 31.8249 ], [ 120.7774, 31.8231 ], [ 120.7703, 31.823 ], [ 120.762100001000022, 31.825199999000063 ], [ 120.750500001000091, 31.8324 ], [ 120.7415, 31.836099999000055 ], [ 120.736000000000104, 31.8399 ], [ 120.7282, 31.8503 ], [ 120.7272, 31.839000001000045 ], [ 120.721500000000106, 31.8336 ], [ 120.7271, 31.8331 ], [ 120.741999999000086, 31.821900001000074 ], [ 120.7485, 31.8168 ], [ 120.7748, 31.8027 ], [ 120.7919, 31.7895 ], [ 120.8086, 31.7807 ], [ 120.8119, 31.7765 ], [ 120.8096, 31.7711 ], [ 120.821600001000093, 31.772 ], [ 120.8247, 31.770300001000066 ], [ 120.8312, 31.765600001000053 ], [ 120.859100001, 31.7567 ], [ 120.8788, 31.7533 ], [ 120.921700000000101, 31.7535 ], [ 120.9397, 31.7634 ], [ 120.9451, 31.761899999000036 ], [ 120.9545, 31.7561 ], [ 120.9623, 31.7572 ], [ 120.9884, 31.7554 ], [ 120.9994, 31.7577 ], [ 121.0076, 31.754 ], [ 121.0333, 31.734 ], [ 121.0499, 31.7258 ], [ 121.050499999000067, 31.7206 ], [ 121.065700000000106, 31.7225 ], [ 121.0761000010001, 31.7207 ], [ 121.089700000000107, 31.7142 ], [ 121.1194, 31.6914 ], [ 121.1387, 31.6819 ], [ 121.1459, 31.6766 ], [ 121.156300000000101, 31.6735 ], [ 121.1657, 31.6681 ], [ 121.1746, 31.661400001000061 ], [ 121.2299, 31.6197 ], [ 121.2356, 31.6134 ], [ 121.2372, 31.6077 ], [ 121.250799999000037, 31.5977 ], [ 121.253200000000106, 31.5949 ], [ 121.2529, 31.593 ], [ 121.254100000000108, 31.5905 ], [ 121.252300000000105, 31.586 ], [ 121.2608, 31.585600001000046 ], [ 121.2648, 31.5814 ], [ 121.279899999, 31.5477 ], [ 121.2925, 31.5358 ], [ 121.2945, 31.5291 ], [ 121.2986, 31.5249 ], [ 121.298500000000104, 31.5212 ], [ 121.2957, 31.5187 ], [ 121.2867, 31.5153 ], [ 121.2807, 31.511 ], [ 121.274399999000025, 31.509699999000077 ], [ 121.267899999000065, 31.502699999000072 ], [ 121.2735, 31.5034 ], [ 121.2841, 31.509699999000077 ], [ 121.2971, 31.5147 ], [ 121.298500000000104, 31.5132 ], [ 121.3086, 31.5151 ], [ 121.3201, 31.507399999000086 ], [ 121.3298, 31.4983 ], [ 121.348, 31.494 ], [ 121.3594, 31.4842 ], [ 121.3661, 31.4805 ], [ 121.3835, 31.474400001000049 ], [ 121.4057, 31.4692 ], [ 121.4109, 31.466 ], [ 121.418000001, 31.4617 ], [ 121.4344, 31.4553 ], [ 121.438900000000103, 31.451700001000063 ], [ 121.4567, 31.425900001000059 ], [ 121.4702, 31.4208 ], [ 121.4717, 31.42 ], [ 121.4809, 31.4213 ], [ 121.485, 31.4204 ], [ 121.489100001, 31.4169 ], [ 121.4912, 31.4123 ], [ 121.5047, 31.4006 ], [ 121.505099999000095, 31.39789999900006 ], [ 121.5006, 31.3936 ], [ 121.5076, 31.3882 ], [ 121.5136, 31.3875 ], [ 121.516, 31.3841 ], [ 121.5352, 31.3867 ], [ 121.5424, 31.3834 ], [ 121.5601, 31.3816 ], [ 121.5688, 31.3785 ], [ 121.5774, 31.3775 ], [ 121.5795, 31.3772 ], [ 121.5855, 31.374200001000077 ], [ 121.602099999000075, 31.3599 ], [ 121.618, 31.3533 ], [ 121.6354, 31.339899999000068 ], [ 121.676599999000018, 31.3213 ], [ 121.6826, 31.3166 ], [ 121.691, 31.3058 ], [ 121.6934, 31.3039 ], [ 121.7072, 31.292900001000078 ], [ 121.7123, 31.2849 ], [ 121.7277, 31.2706 ], [ 121.735099999, 31.2571 ], [ 121.7494, 31.239099999000075 ], [ 121.7727000000001, 31.2023 ], [ 121.774399999000025, 31.2001 ], [ 121.786, 31.1849 ], [ 121.804700001000015, 31.149500001000035 ], [ 121.814999999000065, 31.1369 ], [ 121.8428, 31.089 ], [ 121.8564, 31.0655 ], [ 121.8631, 31.0478 ], [ 121.8903, 30.9897 ], [ 121.8957, 30.976 ], [ 121.8965, 30.972000001000083 ], [ 121.898, 30.9647 ], [ 121.9006, 30.9442 ], [ 121.8998, 30.9354 ], [ 121.8896, 30.9006 ], [ 121.8834, 30.8874 ], [ 121.8726, 30.87340000100005 ], [ 121.8649, 30.8669 ], [ 121.860300001000041, 30.8661 ], [ 121.852200001000028, 30.8607 ], [ 121.8459, 30.8598 ], [ 121.8188, 30.861600001000056 ], [ 121.809400001000085, 30.8635 ], [ 121.8072, 30.8623 ], [ 121.808600001000059, 30.8589 ], [ 121.8061, 30.8569 ], [ 121.795, 30.8588 ], [ 121.7811, 30.8603 ], [ 121.7739, 30.8653 ], [ 121.763599999, 30.8666 ], [ 121.751400000000103, 30.872 ], [ 121.742, 30.87260000100008 ], [ 121.7194, 30.8685 ], [ 121.699800001000085, 30.8708 ], [ 121.6669, 30.867900001000066 ], [ 121.6447, 30.863800001000072 ], [ 121.6217, 30.8613 ], [ 121.6206, 30.8611 ], [ 121.5528, 30.8456 ], [ 121.5294, 30.8379 ], [ 121.4835, 30.818699999000046 ], [ 121.456599999000105, 30.8075 ], [ 121.439800001000094, 30.802200001000074 ], [ 121.4256, 30.786 ], [ 121.4069, 30.7688 ], [ 121.398600000000101, 30.759 ], [ 121.3883, 30.7404 ], [ 121.3812, 30.735099999000056 ], [ 121.3692, 30.7213 ], [ 121.3638, 30.7174 ], [ 121.347, 30.711499999000068 ], [ 121.3279, 30.711400001000072 ], [ 121.316, 30.7079 ], [ 121.301699999000107, 30.706899999000086 ], [ 121.299299999000027, 30.7067 ], [ 121.2795, 30.6972 ], [ 121.2708, 30.6953 ], [ 121.2484, 30.6857 ], [ 121.228799999000103, 30.6733 ], [ 121.176200000000108, 30.6452 ], [ 121.1757, 30.6448 ], [ 121.1657, 30.6374 ], [ 121.145, 30.6081 ], [ 121.1435, 30.602500001000067 ], [ 121.145, 30.5975 ], [ 121.1411, 30.59569999900009 ], [ 121.1351, 30.5964 ], [ 121.1303, 30.5952 ], [ 121.1135, 30.5882 ], [ 121.1048, 30.589 ], [ 121.0997, 30.5867 ], [ 121.0944, 30.5862 ], [ 121.08770000100003, 30.5903 ], [ 121.0812, 30.5912 ], [ 121.0771, 30.5896 ], [ 121.0701, 30.5901 ], [ 121.0687, 30.590199999000049 ], [ 121.062099999, 30.5888 ], [ 121.0327, 30.5766 ], [ 121.0044, 30.562 ], [ 120.9929, 30.554 ], [ 120.9838, 30.5445 ], [ 120.9701, 30.533899999000084 ], [ 120.9644, 30.526700001000052 ], [ 120.9536, 30.5183 ], [ 120.9537, 30.5133 ], [ 120.95269999900006, 30.5108 ], [ 120.951, 30.506399999000053 ], [ 120.94, 30.5001 ], [ 120.9368, 30.4956 ], [ 120.9298, 30.4738 ], [ 120.9368, 30.4609 ], [ 120.9376, 30.4549 ], [ 120.9346, 30.4457 ], [ 120.9357, 30.4422 ], [ 120.9386, 30.4394 ], [ 120.9436, 30.4389 ], [ 120.9489, 30.4411 ], [ 120.953200001000027, 30.437500001000046 ], [ 120.9557, 30.4275 ], [ 120.9549, 30.424999999000079 ], [ 120.9529, 30.4237 ], [ 120.9438, 30.4243 ], [ 120.9411, 30.4204 ], [ 120.9424, 30.4179 ], [ 120.9434, 30.416 ], [ 120.9395, 30.4131 ], [ 120.9332, 30.413200001000064 ], [ 120.9222, 30.4177 ], [ 120.914000000000101, 30.4177 ], [ 120.9104, 30.416 ], [ 120.9077, 30.41400000100009 ], [ 120.898699999000087, 30.3993 ], [ 120.9019, 30.3911 ], [ 120.9067, 30.3871 ], [ 120.913399999000035, 30.3859 ], [ 120.9153, 30.3826 ], [ 120.9118, 30.3766 ], [ 120.904700001000037, 30.3708 ], [ 120.8917, 30.3742 ], [ 120.88740000100006, 30.374 ], [ 120.884, 30.3728 ], [ 120.8733, 30.363800001000072 ], [ 120.870900001, 30.3651 ], [ 120.8615, 30.3675 ], [ 120.85569999900008, 30.3651 ], [ 120.845, 30.3565 ], [ 120.8387, 30.3553 ], [ 120.8366, 30.3489 ], [ 120.834, 30.3468 ], [ 120.833, 30.346 ], [ 120.816399999000055, 30.3481 ], [ 120.812499999000011, 30.3459 ], [ 120.804300001, 30.3454 ], [ 120.7978, 30.3417 ], [ 120.789899999, 30.3322 ], [ 120.785999999000069, 30.3316 ], [ 120.7838, 30.340400001000035 ], [ 120.7762, 30.3468 ], [ 120.7707, 30.3479 ], [ 120.7603, 30.346 ], [ 120.7524, 30.3471 ], [ 120.7493, 30.3522 ], [ 120.7408, 30.356900001000042 ], [ 120.735699999000076, 30.367800001000035 ], [ 120.7251, 30.3753 ], [ 120.7212, 30.378099999000085 ], [ 120.6917, 30.3895 ], [ 120.6783, 30.3903 ], [ 120.6711, 30.3931 ], [ 120.6483, 30.397400001000051 ], [ 120.6238, 30.3994 ], [ 120.587900000000104, 30.399 ], [ 120.585, 30.3987 ], [ 120.5573, 30.396099999000057 ], [ 120.494, 30.3966 ], [ 120.4583, 30.39430000100009 ], [ 120.4402, 30.3908 ], [ 120.42960000100004, 30.3886 ], [ 120.408400001000018, 30.3876 ], [ 120.398499999000023, 30.385199999000065 ], [ 120.3907, 30.3814 ], [ 120.3853, 30.3762 ], [ 120.3719, 30.3482 ], [ 120.3653, 30.3211 ], [ 120.359, 30.3061 ], [ 120.3586, 30.3055 ], [ 120.347, 30.2883 ], [ 120.338800000000106, 30.2851 ], [ 120.327999999000099, 30.284999999000036 ], [ 120.3205, 30.2871 ], [ 120.304300001, 30.2959 ], [ 120.2848, 30.2965 ], [ 120.262900001000048, 30.2947 ], [ 120.262900001000048, 30.2742 ], [ 120.268600000000106, 30.270800001000055 ], [ 120.2836, 30.2571 ], [ 120.288000001, 30.244900001000076 ], [ 120.305100001000028, 30.230700001000059 ], [ 120.3168, 30.2252 ], [ 120.3357, 30.2196 ], [ 120.351500000000101, 30.2204 ], [ 120.3694, 30.2213 ], [ 120.3778, 30.2228 ], [ 120.387499999000056, 30.2298 ], [ 120.392900001000044, 30.2375 ], [ 120.3952, 30.2452 ], [ 120.3925, 30.255900001000043 ], [ 120.394500000000107, 30.2611 ], [ 120.401, 30.2658 ], [ 120.402, 30.268699999000034 ], [ 120.3991, 30.28 ], [ 120.400099999000076, 30.2846 ], [ 120.4071, 30.28889999900008 ], [ 120.422099999000011, 30.289600001000053 ], [ 120.4255, 30.294100001000061 ], [ 120.432000001, 30.2967 ], [ 120.4366, 30.2984 ], [ 120.4578, 30.315 ], [ 120.4619, 30.3166 ], [ 120.4725, 30.3188 ], [ 120.49469999900009, 30.3194 ], [ 120.5047, 30.315499999000053 ], [ 120.5209, 30.3024 ], [ 120.5386, 30.2942 ], [ 120.5454, 30.2881 ], [ 120.5554, 30.2836 ], [ 120.55739999900004, 30.2827 ], [ 120.558900000000108, 30.2562 ], [ 120.5661, 30.2415 ], [ 120.5732, 30.2099 ], [ 120.574, 30.196300001000054 ], [ 120.5816, 30.1795 ], [ 120.5826, 30.1648 ], [ 120.583899999000096, 30.161900001000049 ], [ 120.5868, 30.1552 ], [ 120.591, 30.151800001000083 ], [ 120.608, 30.1447 ], [ 120.6134, 30.14 ], [ 120.615299999000058, 30.1354 ], [ 120.6091, 30.126099999000076 ], [ 120.593800000000101, 30.1181 ], [ 120.5928, 30.1154 ], [ 120.5969, 30.115000001000055 ], [ 120.6078, 30.1196 ], [ 120.611399999000014, 30.1188 ], [ 120.6199, 30.1105 ], [ 120.6289, 30.1054 ], [ 120.6345, 30.1047 ], [ 120.644100001000083, 30.1064 ], [ 120.6567, 30.1019 ], [ 120.6579, 30.1017 ], [ 120.6661, 30.1003 ], [ 120.6782, 30.0937 ], [ 120.681600001000106, 30.0976 ], [ 120.676200000000108, 30.1022 ], [ 120.6696, 30.1115 ], [ 120.6611, 30.1171 ], [ 120.6414, 30.135300001000076 ], [ 120.6343, 30.137700001000042 ], [ 120.6322, 30.14 ], [ 120.633, 30.1462 ], [ 120.6404, 30.1457 ], [ 120.6532, 30.132399999000086 ], [ 120.65439999900002, 30.1311 ], [ 120.6674, 30.1228 ], [ 120.6843, 30.1147 ], [ 120.6917, 30.112500001000058 ], [ 120.7071, 30.112500001000058 ], [ 120.7223, 30.1175 ], [ 120.7299, 30.1236 ], [ 120.7878, 30.1242 ], [ 120.7937, 30.1242 ], [ 120.7989, 30.1279 ], [ 120.8056, 30.128 ], [ 120.8197, 30.1274 ], [ 120.824, 30.1223 ], [ 120.827100001000076, 30.1212 ], [ 120.8317, 30.123 ], [ 120.8265, 30.1288 ], [ 120.8277, 30.130799999000089 ], [ 120.841, 30.1315 ], [ 120.8495, 30.1368 ], [ 120.853899999000078, 30.1313 ], [ 120.858, 30.1312 ], [ 120.86, 30.13389999900005 ], [ 120.8611, 30.1427 ], [ 120.8774, 30.1533 ], [ 120.8815, 30.1538 ], [ 120.8908, 30.1485 ], [ 120.8949, 30.1532 ], [ 120.898600000000101, 30.154399999000077 ], [ 120.9159, 30.1681 ], [ 120.9551, 30.1853 ], [ 120.962600001000055, 30.1846 ], [ 120.9687, 30.1913 ], [ 120.977500001000067, 30.1971 ], [ 120.990199999000083, 30.202 ], [ 121.010000000000105, 30.209700001000044 ], [ 121.0546, 30.2428 ], [ 121.065999999000041, 30.248299999000039 ], [ 121.073299999000028, 30.249 ], [ 121.0777, 30.252 ], [ 121.0798, 30.2612 ], [ 121.0835, 30.2674 ], [ 121.0913, 30.2727 ], [ 121.100599999, 30.2765 ], [ 121.117800000000102, 30.2838 ], [ 121.1345, 30.2871 ], [ 121.1364, 30.2874 ], [ 121.141800000000103, 30.2915 ], [ 121.15, 30.2943 ], [ 121.162900001000025, 30.3016 ], [ 121.18470000100001, 30.3087 ], [ 121.1951, 30.309 ], [ 121.2134, 30.3126 ], [ 121.220399999000051, 30.3113 ], [ 121.23349999900006, 30.3148 ], [ 121.2467, 30.3146 ], [ 121.2721, 30.3128 ], [ 121.2798, 30.3123 ], [ 121.3093, 30.3049 ], [ 121.321600000000103, 30.2994 ], [ 121.334499999000059, 30.2959 ], [ 121.3574, 30.2852 ], [ 121.3848, 30.2766 ], [ 121.4043, 30.2637 ], [ 121.4512, 30.2273 ], [ 121.4601, 30.2173 ], [ 121.4635, 30.2087 ], [ 121.476, 30.1978 ], [ 121.488300001000084, 30.1922 ], [ 121.5038, 30.1744 ], [ 121.524500000000103, 30.1507 ], [ 121.5337, 30.140800001000059 ], [ 121.544, 30.1224 ], [ 121.558000000000106, 30.1079 ], [ 121.5703, 30.099499999000045 ], [ 121.573299999000028, 30.0953 ], [ 121.5748, 30.0785 ], [ 121.5928, 30.05 ], [ 121.5997, 30.051 ], [ 121.6019, 30.0513 ], [ 121.605, 30.05 ], [ 121.6148, 30.0366 ], [ 121.621400000000108, 30.0348 ], [ 121.620999999000105, 30.0267 ], [ 121.6292, 30.01 ], [ 121.634100000000103, 30.0072 ], [ 121.6422, 30.000000001000046 ], [ 121.658499999000014, 29.9854 ], [ 121.665800000000104, 29.978100001000087 ], [ 121.67310000100008, 29.9652 ], [ 121.6783, 29.962 ], [ 121.68730000100004, 29.9612 ], [ 121.7068, 29.9593 ], [ 121.719599999000025, 29.9651 ], [ 121.723, 29.9648 ], [ 121.723499999000069, 29.9594 ], [ 121.7178, 29.952 ], [ 121.723, 29.9488 ], [ 121.728999999000052, 29.958699999000089 ], [ 121.7415, 29.967399999000065 ], [ 121.7454, 29.9688 ], [ 121.746000001000084, 29.9664 ], [ 121.7415, 29.9586 ], [ 121.7422, 29.956100001000038 ], [ 121.7456, 29.9579 ], [ 121.7506, 29.9657 ], [ 121.757099999000047, 29.966 ], [ 121.7632, 29.9709 ], [ 121.767299999000102, 29.9706 ], [ 121.773, 29.9625 ], [ 121.7881, 29.962 ], [ 121.803700001000038, 29.9537 ], [ 121.804799999000011, 29.9477 ], [ 121.8104, 29.9425 ], [ 121.8118, 29.939799999000059 ], [ 121.814199999000039, 29.935299999000051 ], [ 121.818, 29.9315 ], [ 121.8306, 29.9273 ], [ 121.8318, 29.9199 ], [ 121.8351, 29.9184 ], [ 121.839199999000016, 29.92 ], [ 121.841200001000061, 29.9231 ], [ 121.8407, 29.9283 ], [ 121.844099999000036, 29.9307 ], [ 121.8462, 29.938 ], [ 121.8487, 29.939799999000059 ], [ 121.8505, 29.9366 ], [ 121.8505, 29.9279 ], [ 121.8594, 29.9216 ], [ 121.8664, 29.9213 ], [ 121.8746000000001, 29.9173 ], [ 121.8793, 29.9199 ], [ 121.9032, 29.9177 ], [ 121.9074, 29.9151 ], [ 121.9258, 29.9039 ], [ 121.941, 29.8906 ], [ 121.94639999900005, 29.8879 ], [ 121.9653, 29.885 ], [ 121.9889, 29.8889 ], [ 121.998700001000088, 29.8884 ], [ 122.0076, 29.8824 ], [ 122.010500001000082, 29.875 ], [ 122.0131, 29.8728 ], [ 122.018699999000091, 29.8754 ], [ 122.0249, 29.8834 ], [ 122.0478, 29.8816 ], [ 122.0555, 29.8821 ], [ 122.072699999000065, 29.8877 ], [ 122.0839, 29.886699999000086 ], [ 122.093400001000077, 29.89 ], [ 122.095600000000104, 29.8931 ], [ 122.0953, 29.8972 ], [ 122.0968, 29.8999 ], [ 122.1016, 29.9009 ], [ 122.1058, 29.8974 ], [ 122.112, 29.9033 ], [ 122.121400000000108, 29.9048 ], [ 122.1268, 29.9023 ], [ 122.1308, 29.8981 ], [ 122.1329, 29.8903 ], [ 122.1357, 29.886699999000086 ], [ 122.1365, 29.8814 ], [ 122.135000000000105, 29.87879999900008 ], [ 122.1225, 29.870900001000052 ], [ 122.114600001000099, 29.870100001000083 ], [ 122.1021, 29.8603 ], [ 122.0954, 29.8605 ], [ 122.0854, 29.8555 ], [ 122.0792, 29.8558 ], [ 122.073, 29.8487 ], [ 122.0404, 29.839600001000065 ], [ 122.0229, 29.826 ], [ 122.0149, 29.8228 ], [ 122.0135, 29.8223 ], [ 122.000500000000102, 29.8199 ], [ 121.9777, 29.8106 ], [ 121.9544, 29.793499999000062 ], [ 121.9469, 29.7897 ], [ 121.9409, 29.7876 ], [ 121.9255, 29.7858 ], [ 121.913, 29.7757 ], [ 121.9028, 29.773199999000042 ], [ 121.892599999000026, 29.7663 ], [ 121.8896, 29.766 ], [ 121.8811, 29.7651 ], [ 121.8693, 29.7537 ], [ 121.8629, 29.7312 ], [ 121.864200001000086, 29.7193 ], [ 121.8629, 29.7149 ], [ 121.8472, 29.6996 ], [ 121.8487, 29.6937 ], [ 121.8459, 29.6909 ], [ 121.8428, 29.6903 ], [ 121.838, 29.6967 ], [ 121.8352000000001, 29.6982 ], [ 121.8282, 29.696499999000082 ], [ 121.8362, 29.6926 ], [ 121.8356, 29.6873 ], [ 121.8292, 29.6818 ], [ 121.79479999900002, 29.6663 ], [ 121.774500000000103, 29.650200001000087 ], [ 121.7698, 29.6449 ], [ 121.7697, 29.639 ], [ 121.7664, 29.6349 ], [ 121.7557, 29.622899999000083 ], [ 121.749199999000098, 29.6157 ], [ 121.7451, 29.6139 ], [ 121.744499999000027, 29.6091 ], [ 121.7362, 29.5976 ], [ 121.727400000000102, 29.5904 ], [ 121.7152, 29.586700001000054 ], [ 121.703099999000074, 29.593 ], [ 121.69759999900009, 29.59309999900006 ], [ 121.6962, 29.5911 ], [ 121.696799999000064, 29.589000001000045 ], [ 121.7025000000001, 29.5863 ], [ 121.7041, 29.5832 ], [ 121.703299999000023, 29.5728 ], [ 121.7089, 29.568700001000082 ], [ 121.699300000000108, 29.558 ], [ 121.6955, 29.5575 ], [ 121.6908, 29.561700001000077 ], [ 121.6882, 29.5614 ], [ 121.6756, 29.5529 ], [ 121.6698, 29.55380000100007 ], [ 121.6539, 29.546199999000066 ], [ 121.6490999990001, 29.5469 ], [ 121.64669999900002, 29.554700001000072 ], [ 121.6461, 29.567 ], [ 121.643500001, 29.5717 ], [ 121.6414, 29.5715 ], [ 121.638099999000019, 29.5536 ], [ 121.641199999000037, 29.54670000100009 ], [ 121.6395, 29.5436 ], [ 121.63, 29.5477 ], [ 121.6247, 29.5453 ], [ 121.6173, 29.54670000100009 ], [ 121.6078, 29.5425 ], [ 121.5995, 29.5387 ], [ 121.5913, 29.5381 ], [ 121.573099999000078, 29.5464 ], [ 121.5676, 29.5458 ], [ 121.5642, 29.5415 ], [ 121.5633, 29.537 ], [ 121.559899999000095, 29.5345 ], [ 121.554900001000078, 29.5344 ], [ 121.5514, 29.5361 ], [ 121.5487, 29.5349 ], [ 121.5385, 29.5195 ], [ 121.5341, 29.5158 ], [ 121.5294, 29.5151 ], [ 121.5266, 29.5082 ], [ 121.5198, 29.505400001000055 ], [ 121.516899999000088, 29.50610000100005 ], [ 121.520500001000073, 29.515600001000053 ], [ 121.5198, 29.524200001000054 ], [ 121.5193, 29.5255 ], [ 121.5135, 29.5417 ], [ 121.5136, 29.553 ], [ 121.5117, 29.5551 ], [ 121.501, 29.545100001000037 ], [ 121.4908, 29.5411 ], [ 121.4806, 29.5404 ], [ 121.472400000000107, 29.5304 ], [ 121.4685, 29.5281 ], [ 121.4675, 29.5246 ], [ 121.4712, 29.5176 ], [ 121.4699, 29.516 ], [ 121.4632, 29.5153 ], [ 121.453400000000101, 29.5228 ], [ 121.447, 29.517100001000074 ], [ 121.445, 29.5129 ], [ 121.4462, 29.5098 ], [ 121.450200001000098, 29.499 ], [ 121.456100000000106, 29.496800001000054 ], [ 121.457000000000107, 29.4945 ], [ 121.453, 29.4906 ], [ 121.4465, 29.4872 ], [ 121.444, 29.4824 ], [ 121.439200001000017, 29.4821 ], [ 121.4333, 29.4726 ], [ 121.4296, 29.4702 ], [ 121.425100001000033, 29.4694 ], [ 121.4229, 29.4661 ], [ 121.4264, 29.4531 ], [ 121.4381, 29.4468 ], [ 121.4399, 29.4303 ], [ 121.433700001000034, 29.4204 ], [ 121.43379999900003, 29.4168 ], [ 121.4368, 29.411500001000036 ], [ 121.4413, 29.4102 ], [ 121.463, 29.4175 ], [ 121.461800001000029, 29.4301 ], [ 121.4642, 29.4399 ], [ 121.4757, 29.4591 ], [ 121.474699999, 29.4605 ], [ 121.4729, 29.4633 ], [ 121.4759, 29.467800001000057 ], [ 121.4914, 29.4757 ], [ 121.4963, 29.4827 ], [ 121.5081, 29.4877 ], [ 121.510000000000105, 29.4858 ], [ 121.5096, 29.4808 ], [ 121.5046, 29.4723 ], [ 121.5069, 29.4687 ], [ 121.4994, 29.462 ], [ 121.5063, 29.461 ], [ 121.5031, 29.4562 ], [ 121.5063, 29.453700001000072 ], [ 121.5152, 29.4535 ], [ 121.5217, 29.458599999000057 ], [ 121.5253, 29.4596 ], [ 121.5286, 29.465400001000035 ], [ 121.530000001000076, 29.4659 ], [ 121.5314, 29.4622 ], [ 121.5288, 29.4569 ], [ 121.522100001000013, 29.4527 ], [ 121.5194, 29.44360000100005 ], [ 121.5143, 29.445999999000037 ], [ 121.5125, 29.4437 ], [ 121.5145, 29.4353 ], [ 121.5093, 29.4214 ], [ 121.5052, 29.4171 ], [ 121.493700000000104, 29.4155 ], [ 121.489300001000061, 29.4126 ], [ 121.480999999, 29.4026 ], [ 121.4804, 29.3976 ], [ 121.4825, 29.3894 ], [ 121.4816, 29.3812 ], [ 121.4876, 29.373399999000071 ], [ 121.4877, 29.3878 ], [ 121.4925, 29.3871 ], [ 121.5017, 29.3954 ], [ 121.5062, 29.3994 ], [ 121.5127, 29.4019 ], [ 121.5256, 29.4138 ], [ 121.538699999000073, 29.421699999000055 ], [ 121.5422, 29.4266 ], [ 121.5473, 29.4299 ], [ 121.555, 29.445199999000067 ], [ 121.5521, 29.4534 ], [ 121.5532, 29.4559 ], [ 121.5746, 29.4732 ], [ 121.579, 29.4748 ], [ 121.5892, 29.4744 ], [ 121.59449999900005, 29.4757 ], [ 121.595600000000104, 29.4766 ], [ 121.6003, 29.48 ], [ 121.6235, 29.4898 ], [ 121.634, 29.4896 ], [ 121.6489, 29.4943 ], [ 121.658200001000068, 29.4939 ], [ 121.666, 29.499399999000048 ], [ 121.671099999000035, 29.5114 ], [ 121.6748, 29.5144 ], [ 121.6922, 29.5247 ], [ 121.7128, 29.5345 ], [ 121.7153, 29.5346 ], [ 121.7281, 29.535 ], [ 121.7375, 29.5311 ], [ 121.7314, 29.5245 ], [ 121.73580000100003, 29.5198 ], [ 121.7411, 29.5197 ], [ 121.7495, 29.524200001000054 ], [ 121.759100000000103, 29.5256 ], [ 121.7614, 29.5308 ], [ 121.7641, 29.532 ], [ 121.7756, 29.5328 ], [ 121.776, 29.5307 ], [ 121.7699, 29.5248 ], [ 121.760100001000069, 29.506999999000072 ], [ 121.758200000000102, 29.498900001000038 ], [ 121.7585, 29.4916 ], [ 121.7604, 29.485899999000083 ], [ 121.7633, 29.4775 ], [ 121.7698, 29.468799999000055 ], [ 121.7771, 29.4653 ], [ 121.806, 29.4764 ], [ 121.8124, 29.4821 ], [ 121.8159, 29.4885 ], [ 121.818, 29.4945 ], [ 121.8191, 29.509300001000042 ], [ 121.8298, 29.5256 ], [ 121.8325, 29.527 ], [ 121.8481, 29.5224 ], [ 121.8564, 29.52 ], [ 121.857199999000045, 29.5237 ], [ 121.853, 29.5273 ], [ 121.843800001000091, 29.5299 ], [ 121.8382, 29.5333 ], [ 121.8353, 29.5417 ], [ 121.8327, 29.542999999000074 ], [ 121.8184, 29.5436 ], [ 121.8097, 29.5473 ], [ 121.7885, 29.5423 ], [ 121.7805, 29.5456 ], [ 121.7722, 29.542100001000051 ], [ 121.7569, 29.5415 ], [ 121.7485, 29.5378 ], [ 121.744, 29.5395 ], [ 121.7441, 29.5411 ], [ 121.7448, 29.5529 ], [ 121.754100000000108, 29.5606 ], [ 121.7674, 29.5651 ], [ 121.7746, 29.576699999000084 ], [ 121.790099999000063, 29.59309999900006 ], [ 121.789099999000086, 29.5975 ], [ 121.79060000100003, 29.6004 ], [ 121.80089999900008, 29.6026 ], [ 121.810200001, 29.6002 ], [ 121.815700000000106, 29.6002 ], [ 121.819600001000026, 29.6025 ], [ 121.8226, 29.609699999000043 ], [ 121.8301, 29.6114 ], [ 121.836, 29.6109 ], [ 121.838300001000107, 29.609699999000043 ], [ 121.8466, 29.6054 ], [ 121.851699999000061, 29.6051 ], [ 121.8575, 29.6073 ], [ 121.866699999000048, 29.6202 ], [ 121.8688, 29.6212 ], [ 121.8752, 29.615899999000078 ], [ 121.87970000100006, 29.6162 ], [ 121.886299999000016, 29.620400001000064 ], [ 121.8959, 29.6208 ], [ 121.9122, 29.6309 ], [ 121.9162, 29.639 ], [ 121.9184, 29.6402 ], [ 121.9212, 29.6395 ], [ 121.9247, 29.636100001000045 ], [ 121.9371000000001, 29.6325 ], [ 121.940800001000071, 29.636100001000045 ], [ 121.945700000000102, 29.6316 ], [ 121.9514, 29.6327 ], [ 121.955200000000104, 29.6334 ], [ 121.956100000000106, 29.6299 ], [ 121.9496, 29.6274 ], [ 121.9483, 29.625100001000078 ], [ 121.9508, 29.6211 ], [ 121.955500001000019, 29.6176 ], [ 121.9538, 29.6149 ], [ 121.954300000000103, 29.609699999000043 ], [ 121.9577, 29.6092 ], [ 121.968399999000098, 29.615 ], [ 121.974699999, 29.6109 ], [ 121.9743, 29.6049 ], [ 121.9787, 29.6014 ], [ 121.9797, 29.593899999000087 ], [ 121.9852, 29.5952 ], [ 121.992800000000102, 29.601699999000061 ], [ 121.9968, 29.5983 ], [ 121.9982, 29.5897 ], [ 121.995899999000017, 29.5843 ], [ 121.9927, 29.5819 ], [ 121.9828, 29.579 ], [ 121.9773, 29.5755 ], [ 121.9755, 29.5743 ], [ 121.9756, 29.5706 ], [ 121.9795, 29.5699 ], [ 121.9903, 29.572099999000045 ], [ 121.9897, 29.5675 ], [ 121.9875, 29.566300001000059 ], [ 121.9749, 29.5672 ], [ 121.9705, 29.5651 ], [ 121.9648, 29.56640000100009 ], [ 121.9587, 29.562 ], [ 121.958900001000075, 29.5603 ], [ 121.9562, 29.5583 ], [ 121.951000001000011, 29.5596 ], [ 121.9533, 29.5508 ], [ 121.9491, 29.543799999000043 ], [ 121.9549, 29.5399 ], [ 121.9539, 29.5364 ], [ 121.9423, 29.5415 ], [ 121.9268, 29.5414 ], [ 121.922600000000102, 29.5377 ], [ 121.9195, 29.5321 ], [ 121.9186, 29.5305 ], [ 121.918000001, 29.5188 ], [ 121.9208, 29.515 ], [ 121.9273, 29.5107 ], [ 121.9347, 29.5088 ], [ 121.947900001000107, 29.5102 ], [ 121.9528, 29.5095 ], [ 121.9562, 29.5025 ], [ 121.952099999000097, 29.500899999000069 ], [ 121.9431, 29.50319999900006 ], [ 121.9414, 29.5003 ], [ 121.9436, 29.4963 ], [ 121.9489, 29.496 ], [ 121.949300000000108, 29.492800001000035 ], [ 121.9406, 29.4834 ], [ 121.9422, 29.4794 ], [ 121.947900001000107, 29.478 ], [ 121.9494, 29.4715 ], [ 121.9515, 29.471 ], [ 121.9537, 29.472699999000042 ], [ 121.965, 29.4692 ], [ 121.9669, 29.4686 ], [ 121.9695, 29.465 ], [ 121.978599999000039, 29.4581 ], [ 121.9817, 29.45050000100008 ], [ 121.979200000000105, 29.4464 ], [ 121.969199999000011, 29.447699999000065 ], [ 121.9702, 29.4405 ], [ 121.974, 29.434 ], [ 121.9719, 29.432600001000083 ], [ 121.9678, 29.4333 ], [ 121.9622, 29.4271 ], [ 121.9681, 29.4262 ], [ 121.9658, 29.4218 ], [ 121.969199999000011, 29.4146 ], [ 121.966500001000099, 29.412399999000058 ], [ 121.961200001000066, 29.420299999000065 ], [ 121.9456, 29.4244 ], [ 121.9291, 29.4198 ], [ 121.924, 29.4184 ], [ 121.9115, 29.4009 ], [ 121.9159, 29.3956 ], [ 121.913500001000102, 29.3938 ], [ 121.907299999000088, 29.3945 ], [ 121.90419999900007, 29.3877 ], [ 121.903599999000107, 29.381600001000038 ], [ 121.90439999900002, 29.3785 ], [ 121.9079, 29.3755 ], [ 121.9204, 29.369200001000081 ], [ 121.9283, 29.3715 ], [ 121.9299, 29.3671 ], [ 121.9274, 29.3625 ], [ 121.9203, 29.3587 ], [ 121.924, 29.3547 ], [ 121.9218, 29.3518 ], [ 121.917, 29.3494 ], [ 121.9162, 29.346500001000038 ], [ 121.9215, 29.3361 ], [ 121.9247, 29.337299999000038 ], [ 121.9283, 29.3366 ], [ 121.9315, 29.3328 ], [ 121.9291, 29.3307 ], [ 121.9255, 29.3314 ], [ 121.918200001000059, 29.3266 ], [ 121.9122, 29.3167 ], [ 121.9202, 29.3129 ], [ 121.9236, 29.307400001000076 ], [ 121.9204, 29.305 ], [ 121.9116, 29.3031 ], [ 121.9093, 29.2984 ], [ 121.9101, 29.2921 ], [ 121.9219, 29.287999999000078 ], [ 121.9234, 29.2849 ], [ 121.923500001000093, 29.2784 ], [ 121.9281, 29.274500001000035 ], [ 121.951800001000038, 29.2671 ], [ 121.9559, 29.2677 ], [ 121.9577, 29.268 ], [ 121.968, 29.2763 ], [ 121.9756, 29.2768 ], [ 121.9837, 29.283100001000037 ], [ 121.987800000000107, 29.284 ], [ 121.9907, 29.2781 ], [ 121.995699999000067, 29.2778 ], [ 121.995099999000104, 29.2751 ], [ 121.9895, 29.2692 ], [ 121.9939, 29.263799999000071 ], [ 121.9874, 29.263400001000036 ], [ 121.9815, 29.2652 ], [ 121.974, 29.261 ], [ 121.9695, 29.2619 ], [ 121.965999999000019, 29.2582 ], [ 121.968, 29.2531 ], [ 121.9663, 29.2503 ], [ 121.9599, 29.2531 ], [ 121.958, 29.2507 ], [ 121.958, 29.2429 ], [ 121.960499999000035, 29.2383 ], [ 121.9654, 29.2341 ], [ 121.9679000000001, 29.232 ], [ 121.969199999000011, 29.2266 ], [ 121.972200001000033, 29.2225 ], [ 121.967599999000072, 29.2212 ], [ 121.9658, 29.216 ], [ 121.9624, 29.214 ], [ 121.9602000000001, 29.2059 ], [ 121.962099999000088, 29.2029 ], [ 121.9663, 29.2016 ], [ 121.9678, 29.1967 ], [ 121.9664, 29.1959 ], [ 121.9576, 29.1988 ], [ 121.9545, 29.1964 ], [ 121.9528, 29.1975 ], [ 121.9533, 29.2119 ], [ 121.9593, 29.2153 ], [ 121.9606, 29.2186 ], [ 121.956100000000106, 29.2283 ], [ 121.9495, 29.2287 ], [ 121.9465, 29.2265 ], [ 121.9444, 29.21039999900006 ], [ 121.9429, 29.207 ], [ 121.9403, 29.2015 ], [ 121.9352, 29.1962 ], [ 121.930600001000016, 29.1936 ], [ 121.906200001, 29.1889 ], [ 121.8837, 29.1767 ], [ 121.8768, 29.1685 ], [ 121.8729, 29.1675 ], [ 121.867, 29.169099999000082 ], [ 121.8563, 29.167300001000058 ], [ 121.8461, 29.1616 ], [ 121.8255, 29.1775 ], [ 121.8143, 29.192 ], [ 121.813000000000102, 29.1958 ], [ 121.8028, 29.1968 ], [ 121.80089999900008, 29.1983 ], [ 121.817, 29.2204 ], [ 121.8395, 29.242 ], [ 121.831100000000106, 29.2462 ], [ 121.8187, 29.2558 ], [ 121.8183, 29.2708 ], [ 121.818, 29.2799 ], [ 121.8189, 29.280899999000042 ], [ 121.8237, 29.280000001000076 ], [ 121.8349, 29.287899999000047 ], [ 121.8396, 29.2961 ], [ 121.83750000100008, 29.2979 ], [ 121.8233, 29.2996 ], [ 121.8173, 29.2989 ], [ 121.8105, 29.2951 ], [ 121.8051, 29.2971 ], [ 121.8033, 29.300900001000059 ], [ 121.810299999000108, 29.311 ], [ 121.817399999000031, 29.3094 ], [ 121.8203, 29.311 ], [ 121.821299999000075, 29.315299999000047 ], [ 121.8203, 29.3212 ], [ 121.8289, 29.3229 ], [ 121.8344, 29.321699999000089 ], [ 121.8371, 29.325 ], [ 121.8357, 29.3269 ], [ 121.8332, 29.3276 ], [ 121.823, 29.3304 ], [ 121.8242, 29.3326 ], [ 121.829, 29.3336 ], [ 121.8322, 29.3375 ], [ 121.8306, 29.3406 ], [ 121.8168, 29.3388 ], [ 121.8033, 29.3331 ], [ 121.797699999000088, 29.329 ], [ 121.7919, 29.3287 ], [ 121.7913, 29.3306 ], [ 121.7959, 29.3349 ], [ 121.7927, 29.3408 ], [ 121.7981, 29.3441 ], [ 121.80089999900008, 29.3509 ], [ 121.8005, 29.3547 ], [ 121.7896, 29.3587 ], [ 121.7892, 29.3603 ], [ 121.7996, 29.3641 ], [ 121.8074, 29.3738 ], [ 121.809200001000022, 29.376 ], [ 121.808600001000059, 29.3785 ], [ 121.7887, 29.368499999000051 ], [ 121.7815, 29.3674 ], [ 121.7786, 29.3639 ], [ 121.7762, 29.3633 ], [ 121.7749, 29.3703 ], [ 121.7731, 29.3715 ], [ 121.7711, 29.3705 ], [ 121.771700001, 29.3641 ], [ 121.769, 29.354499999000041 ], [ 121.771999999000059, 29.3509 ], [ 121.7804000000001, 29.351100001000077 ], [ 121.7825, 29.3419 ], [ 121.78, 29.337299999000038 ], [ 121.7711, 29.3354 ], [ 121.766200001000016, 29.3305 ], [ 121.7707, 29.3288 ], [ 121.7774, 29.3295 ], [ 121.7785, 29.3261 ], [ 121.7739, 29.321699999000089 ], [ 121.768600000000106, 29.3209 ], [ 121.766499999000075, 29.3159 ], [ 121.7705, 29.3116 ], [ 121.7768, 29.3086 ], [ 121.777499999000042, 29.3056 ], [ 121.776, 29.3036 ], [ 121.7692, 29.301399999000068 ], [ 121.768, 29.2992 ], [ 121.77, 29.2939 ], [ 121.7701, 29.2811 ], [ 121.7786, 29.2774 ], [ 121.7801, 29.2726 ], [ 121.7782, 29.2546 ], [ 121.772500001000026, 29.236 ], [ 121.7644, 29.2213 ], [ 121.761799999, 29.217 ], [ 121.7567, 29.2085 ], [ 121.7504, 29.2049 ], [ 121.7486, 29.1982 ], [ 121.7496000000001, 29.1942 ], [ 121.741399999, 29.1886 ], [ 121.73420000100009, 29.1962 ], [ 121.7317, 29.2011 ], [ 121.7337, 29.2119 ], [ 121.743600001, 29.225100001000044 ], [ 121.744499999000027, 29.2319 ], [ 121.737, 29.244199999000045 ], [ 121.7336, 29.254299999000068 ], [ 121.7343, 29.2708 ], [ 121.7367, 29.2712 ], [ 121.739700001000074, 29.274500001000035 ], [ 121.7393, 29.279499999000052 ], [ 121.7421, 29.2851 ], [ 121.74, 29.287800001000051 ], [ 121.7352, 29.2852 ], [ 121.7284, 29.2883 ], [ 121.7244, 29.283800001000088 ], [ 121.7272, 29.2802 ], [ 121.72, 29.2784 ], [ 121.7186, 29.270099999000081 ], [ 121.7315, 29.270699999000044 ], [ 121.7281, 29.2592 ], [ 121.729500001000019, 29.2513 ], [ 121.7393, 29.2327 ], [ 121.7394, 29.2285 ], [ 121.7309, 29.2159 ], [ 121.7205, 29.2082 ], [ 121.7154, 29.2064 ], [ 121.7089, 29.1951 ], [ 121.699899999000081, 29.187799999000049 ], [ 121.6937, 29.1875 ], [ 121.6915, 29.1835 ], [ 121.6746, 29.1841 ], [ 121.6725, 29.185300001000087 ], [ 121.668500000000108, 29.187799999000049 ], [ 121.6643, 29.1883 ], [ 121.6612, 29.1831 ], [ 121.657699999000101, 29.184 ], [ 121.6524, 29.1919 ], [ 121.6478, 29.2076 ], [ 121.645600001000048, 29.2217 ], [ 121.64669999900002, 29.2279 ], [ 121.651100001000032, 29.2324 ], [ 121.64669999900002, 29.2357 ], [ 121.646400001000075, 29.2424 ], [ 121.6544, 29.2662 ], [ 121.656899999000075, 29.2802 ], [ 121.6556, 29.2866 ], [ 121.6694, 29.3008 ], [ 121.6654, 29.3032 ], [ 121.666700000000105, 29.3078 ], [ 121.665800000000104, 29.309700001000067 ], [ 121.6631, 29.3089 ], [ 121.6617, 29.3099 ], [ 121.663199999000085, 29.3128 ], [ 121.671, 29.3194 ], [ 121.6689, 29.3209 ], [ 121.6627, 29.3193 ], [ 121.6462, 29.2984 ], [ 121.6433, 29.299 ], [ 121.6407, 29.29969999900004 ], [ 121.6391, 29.3027 ], [ 121.6363, 29.304 ], [ 121.627000001000056, 29.302099999000063 ], [ 121.6232, 29.2963 ], [ 121.6237, 29.2946 ], [ 121.6258, 29.286 ], [ 121.6296, 29.2834 ], [ 121.6382, 29.2841 ], [ 121.6402, 29.2803 ], [ 121.6396, 29.2394 ], [ 121.637200001, 29.2359 ], [ 121.6396, 29.2306 ], [ 121.6374, 29.2001 ], [ 121.640900001000091, 29.189200001000074 ], [ 121.6402, 29.1871 ], [ 121.638000001000023, 29.1865 ], [ 121.632799999000099, 29.1875 ], [ 121.6283, 29.1884 ], [ 121.628, 29.197000001000049 ], [ 121.6249, 29.203300001000059 ], [ 121.620199999000079, 29.2076 ], [ 121.6167, 29.218900001000065 ], [ 121.6118, 29.2215 ], [ 121.6095, 29.2245 ], [ 121.6094, 29.231 ], [ 121.6027, 29.2468 ], [ 121.6011, 29.26040000100005 ], [ 121.5962, 29.2806 ], [ 121.591600001000074, 29.2788 ], [ 121.589799999000093, 29.2669 ], [ 121.5855, 29.2666 ], [ 121.583200001000023, 29.26810000100005 ], [ 121.5794, 29.2705 ], [ 121.5751, 29.2697 ], [ 121.571400001000029, 29.2733 ], [ 121.5683, 29.2732 ], [ 121.561, 29.2679 ], [ 121.5577, 29.268 ], [ 121.5346, 29.2766 ], [ 121.528, 29.2719 ], [ 121.5225, 29.2705 ], [ 121.512999999000044, 29.2724 ], [ 121.5037, 29.2709 ], [ 121.4899, 29.2724 ], [ 121.4782, 29.2712 ], [ 121.4596, 29.2624 ], [ 121.4565, 29.2589 ], [ 121.4564, 29.2561 ], [ 121.47180000100002, 29.2623 ], [ 121.4769, 29.2664 ], [ 121.4841, 29.268399999000053 ], [ 121.493299999000101, 29.266099999000062 ], [ 121.5146, 29.2686 ], [ 121.521, 29.2668 ], [ 121.53319999900009, 29.268399999000053 ], [ 121.547, 29.258800001000054 ], [ 121.5477, 29.2506 ], [ 121.5445, 29.244 ], [ 121.5474, 29.239499999000088 ], [ 121.537000001000024, 29.2312 ], [ 121.533999999, 29.2255 ], [ 121.5307, 29.2194 ], [ 121.5291, 29.2113 ], [ 121.5304000000001, 29.206 ], [ 121.5226, 29.2064 ], [ 121.5204, 29.2037 ], [ 121.525, 29.1984 ], [ 121.525, 29.1911 ], [ 121.528, 29.1866 ], [ 121.5335, 29.1872 ], [ 121.534900000000107, 29.1844 ], [ 121.5281, 29.1806 ], [ 121.5179, 29.1816 ], [ 121.5147, 29.1785 ], [ 121.5143, 29.1723 ], [ 121.5081, 29.1707 ], [ 121.491900000000101, 29.160399999000049 ], [ 121.489, 29.160200001000078 ], [ 121.489, 29.1694 ], [ 121.485, 29.1697 ], [ 121.4859, 29.1733 ], [ 121.4871, 29.1785 ], [ 121.486299999000039, 29.1858 ], [ 121.4884, 29.1918 ], [ 121.4852, 29.1973 ], [ 121.4795, 29.1997 ], [ 121.479, 29.196 ], [ 121.482800001000101, 29.1865 ], [ 121.479999999000029, 29.1784 ], [ 121.4821, 29.17 ], [ 121.480100000000107, 29.1656 ], [ 121.4717, 29.1599 ], [ 121.469199999000011, 29.156 ], [ 121.461100000000101, 29.1574 ], [ 121.4558, 29.1636 ], [ 121.4449, 29.1667 ], [ 121.432100000000105, 29.1674 ], [ 121.4286, 29.169099999000082 ], [ 121.422600000000102, 29.1682 ], [ 121.4214, 29.1685 ], [ 121.419, 29.169099999000082 ], [ 121.413599999000098, 29.1596 ], [ 121.4164, 29.1568 ], [ 121.4168, 29.1533 ], [ 121.4139, 29.145599999000069 ], [ 121.4223, 29.146900001000063 ], [ 121.4332, 29.1544 ], [ 121.4378, 29.1554 ], [ 121.4415, 29.1536 ], [ 121.4446, 29.1544 ], [ 121.445700000000102, 29.1515 ], [ 121.4402, 29.1468 ], [ 121.4378, 29.1391 ], [ 121.4387, 29.136999999000068 ], [ 121.443, 29.13600000100007 ], [ 121.4476, 29.137799999000038 ], [ 121.4513, 29.1348 ], [ 121.4578, 29.136999999000068 ], [ 121.4603, 29.1326 ], [ 121.458, 29.1272 ], [ 121.4518, 29.1265 ], [ 121.4501, 29.124200001000077 ], [ 121.4523, 29.1194 ], [ 121.4518, 29.115 ], [ 121.4536, 29.1124 ], [ 121.4512, 29.1119 ], [ 121.4434, 29.11490000100008 ], [ 121.4363, 29.11490000100008 ], [ 121.4281, 29.1117 ], [ 121.426199999, 29.1118 ], [ 121.42, 29.112 ], [ 121.4129, 29.110100001000035 ], [ 121.3998, 29.1114 ], [ 121.3957, 29.1085 ], [ 121.4059, 29.1056 ], [ 121.4117, 29.1013 ], [ 121.4162, 29.1002 ], [ 121.4203, 29.1014 ], [ 121.425399999000092, 29.1065 ], [ 121.4419, 29.111600001000056 ], [ 121.4465, 29.1059 ], [ 121.4558, 29.1045 ], [ 121.4568, 29.097799999000074 ], [ 121.4587, 29.0975 ], [ 121.4666, 29.0999 ], [ 121.471500000000106, 29.1037 ], [ 121.4812, 29.1019 ], [ 121.4974, 29.1041 ], [ 121.509100000000103, 29.1072 ], [ 121.5197, 29.1086 ], [ 121.5404, 29.1114 ], [ 121.554300001, 29.1167 ], [ 121.558000000000106, 29.1117 ], [ 121.5668, 29.1119 ], [ 121.56980000100009, 29.1169 ], [ 121.573400000000106, 29.1174 ], [ 121.5873, 29.113 ], [ 121.5901, 29.1106 ], [ 121.5932, 29.1022 ], [ 121.5963, 29.1019 ], [ 121.5988, 29.1046 ], [ 121.6023, 29.103 ], [ 121.6073, 29.1031 ], [ 121.6115, 29.0995 ], [ 121.617, 29.1007 ], [ 121.6185, 29.1048 ], [ 121.622399999000095, 29.1079 ], [ 121.6276, 29.1052 ], [ 121.6319, 29.1068 ], [ 121.6366, 29.106399999000075 ], [ 121.646400001000075, 29.105500001000053 ], [ 121.6417, 29.1012 ], [ 121.6279, 29.0988 ], [ 121.6314, 29.0956 ], [ 121.629, 29.0889 ], [ 121.6308, 29.075700001000087 ], [ 121.629100001000097, 29.0649 ], [ 121.632599999000035, 29.049800001000051 ], [ 121.6311, 29.0473 ], [ 121.6229, 29.045200001000069 ], [ 121.6085, 29.0469 ], [ 121.5984, 29.043799999000043 ], [ 121.5893, 29.0433 ], [ 121.5819, 29.047600001000035 ], [ 121.5807, 29.048300001000086 ], [ 121.5798, 29.0513 ], [ 121.5826, 29.0581 ], [ 121.58169999900008, 29.0592 ], [ 121.5781, 29.059 ], [ 121.5744, 29.0626 ], [ 121.5696, 29.0634 ], [ 121.569, 29.0571 ], [ 121.5622, 29.059100001000047 ], [ 121.555, 29.059100001000047 ], [ 121.548500000000104, 29.0563 ], [ 121.5438, 29.0559 ], [ 121.54, 29.0587 ], [ 121.534799999000029, 29.0599 ], [ 121.5305, 29.0587 ], [ 121.539400001000104, 29.0537 ], [ 121.5398, 29.0502 ], [ 121.5354, 29.0446 ], [ 121.5388, 29.0393 ], [ 121.537800001000051, 29.0356 ], [ 121.526000001000057, 29.0208 ], [ 121.5309, 29.016300001000047 ], [ 121.528400001000023, 29.012 ], [ 121.5244, 29.0053 ], [ 121.524599999000088, 29.003 ], [ 121.527200000000107, 29.0005 ], [ 121.534199999000066, 29.0062 ], [ 121.5428, 29.007099999000047 ], [ 121.5601, 29.0151 ], [ 121.5674, 29.0204 ], [ 121.5641, 29.0229 ], [ 121.5584, 29.0239 ], [ 121.5515, 29.0223 ], [ 121.5477, 29.0231 ], [ 121.5461, 29.0256 ], [ 121.5479, 29.0299 ], [ 121.5483, 29.0393 ], [ 121.5521, 29.0449 ], [ 121.5634, 29.051 ], [ 121.5693, 29.0508 ], [ 121.5759, 29.047600001000035 ], [ 121.580800001000057, 29.0434 ], [ 121.5892, 29.0364 ], [ 121.592, 29.0362 ], [ 121.5999, 29.039099999000086 ], [ 121.6131, 29.0412 ], [ 121.6256, 29.038 ], [ 121.632599999000035, 29.0408 ], [ 121.6425, 29.047899999000037 ], [ 121.658100000000104, 29.0538 ], [ 121.6613, 29.05 ], [ 121.657400001000042, 29.044 ], [ 121.656, 29.0363 ], [ 121.658, 29.030200001000082 ], [ 121.6619, 29.0268 ], [ 121.6666, 29.0261 ], [ 121.6712, 29.027900001000035 ], [ 121.6752, 29.034300001000076 ], [ 121.6782, 29.0323 ], [ 121.6801, 29.031 ], [ 121.6771, 29.0267 ], [ 121.6796, 29.0231 ], [ 121.688900000000103, 29.0219 ], [ 121.692899999000019, 29.0228 ], [ 121.6981, 29.0183 ], [ 121.705900001000032, 29.016900001000067 ], [ 121.701400001000025, 29.0088 ], [ 121.699899999000081, 29.0087 ], [ 121.6977, 29.0129 ], [ 121.6856, 29.014 ], [ 121.6784, 29.0116 ], [ 121.681099999000025, 29.0059 ], [ 121.6776, 28.999899999000036 ], [ 121.6788, 28.9928 ], [ 121.6767, 28.991 ], [ 121.6662, 28.9924 ], [ 121.6645, 28.9904 ], [ 121.6651, 28.9868 ], [ 121.6693, 28.9823 ], [ 121.6677, 28.9763 ], [ 121.6698, 28.974000001000036 ], [ 121.674199999000052, 28.9728 ], [ 121.676399999000068, 28.9722 ], [ 121.6793, 28.964600001000065 ], [ 121.6838, 28.9649 ], [ 121.688900000000103, 28.9677 ], [ 121.689699999000027, 28.9736 ], [ 121.694399999000098, 28.971 ], [ 121.695999999000037, 28.9682 ], [ 121.6954, 28.9638 ], [ 121.6886, 28.949799999000049 ], [ 121.6919, 28.9495 ], [ 121.697500001000094, 28.954 ], [ 121.7025000000001, 28.9612 ], [ 121.7049, 28.9622 ], [ 121.7103, 28.9589 ], [ 121.7109, 28.957 ], [ 121.7058, 28.954 ], [ 121.704300000000103, 28.949799999000049 ], [ 121.705399999000065, 28.9469 ], [ 121.7102000000001, 28.9476 ], [ 121.7168, 28.945999999000037 ], [ 121.723499999000069, 28.9497 ], [ 121.7256, 28.9481 ], [ 121.7239, 28.9444 ], [ 121.7276, 28.9427 ], [ 121.7221, 28.9409 ], [ 121.7209, 28.9405 ], [ 121.718500001000052, 28.937 ], [ 121.7081, 28.9314 ], [ 121.7026, 28.9227 ], [ 121.699800001000085, 28.922599999000056 ], [ 121.697500001000094, 28.9166 ], [ 121.694399999000098, 28.9164 ], [ 121.6902, 28.9194 ], [ 121.6795, 28.9171 ], [ 121.6757, 28.9197 ], [ 121.6611, 28.915 ], [ 121.652900001000035, 28.9183 ], [ 121.645, 28.9176 ], [ 121.6414, 28.923800001000075 ], [ 121.622, 28.9258 ], [ 121.6173, 28.930100001000085 ], [ 121.6151, 28.9362 ], [ 121.6107, 28.9395 ], [ 121.6062, 28.9427 ], [ 121.602000001000079, 28.9434 ], [ 121.5906, 28.933 ], [ 121.5791, 28.9328 ], [ 121.57, 28.935899999000071 ], [ 121.5619, 28.936 ], [ 121.5586, 28.9386 ], [ 121.5569, 28.9453 ], [ 121.559, 28.9618 ], [ 121.5567, 28.9652 ], [ 121.5454, 28.9594 ], [ 121.543300001000034, 28.9625 ], [ 121.537600001000101, 28.961 ], [ 121.5344, 28.9579 ], [ 121.535500001000059, 28.955200001000037 ], [ 121.5341, 28.9533 ], [ 121.5269, 28.9539 ], [ 121.5225, 28.9464 ], [ 121.521, 28.946600001000036 ], [ 121.5197, 28.9467 ], [ 121.513799999000071, 28.9506 ], [ 121.5093, 28.949999999000056 ], [ 121.4974, 28.939600001000088 ], [ 121.4958, 28.9348 ], [ 121.4977, 28.9317 ], [ 121.505099999000095, 28.9351 ], [ 121.512199999000018, 28.9351 ], [ 121.5209, 28.94 ], [ 121.522999999000035, 28.938899999000057 ], [ 121.5222, 28.9341 ], [ 121.5233, 28.9326 ], [ 121.5286, 28.9342 ], [ 121.530000001000076, 28.9323 ], [ 121.5297, 28.9292 ], [ 121.5225, 28.919100001000061 ], [ 121.5234, 28.9165 ], [ 121.529499999, 28.9124 ], [ 121.5354, 28.9127 ], [ 121.540499999000076, 28.9066 ], [ 121.5579, 28.9047 ], [ 121.5689, 28.9035 ], [ 121.586, 28.8954 ], [ 121.5915, 28.8949 ], [ 121.597, 28.8979 ], [ 121.613899999000068, 28.8993 ], [ 121.61830000100008, 28.894399999000086 ], [ 121.6219, 28.894299999000054 ], [ 121.623, 28.8922 ], [ 121.6216, 28.884899999000083 ], [ 121.6239, 28.8815 ], [ 121.6286, 28.8797 ], [ 121.6400000000001, 28.8805 ], [ 121.641100001000041, 28.8774 ], [ 121.6396, 28.873000001000037 ], [ 121.6323000000001, 28.8673 ], [ 121.6347, 28.8667 ], [ 121.6352, 28.8602 ], [ 121.6302, 28.8499 ], [ 121.63, 28.8494 ], [ 121.6316, 28.8467 ], [ 121.6351, 28.844900001000042 ], [ 121.6405, 28.8452 ], [ 121.6462, 28.8436 ], [ 121.6657, 28.844900001000042 ], [ 121.6641, 28.8393 ], [ 121.6697, 28.834 ], [ 121.677, 28.834199999000077 ], [ 121.6801, 28.8321 ], [ 121.6754, 28.8271 ], [ 121.6778, 28.8227 ], [ 121.6699, 28.8237 ], [ 121.6608, 28.8197 ], [ 121.6583, 28.8175 ], [ 121.6597, 28.814300001000049 ], [ 121.651, 28.8093 ], [ 121.642700001000094, 28.8021 ], [ 121.6439, 28.800800001000084 ], [ 121.6578, 28.7993 ], [ 121.6598, 28.7994 ], [ 121.6664, 28.7995 ], [ 121.6736, 28.802699999000083 ], [ 121.674700001000019, 28.800200001000064 ], [ 121.6787, 28.8001 ], [ 121.6783, 28.7926 ], [ 121.6767, 28.7851 ], [ 121.6718, 28.7869 ], [ 121.6677, 28.7863 ], [ 121.6654, 28.7881 ], [ 121.6561, 28.7864 ], [ 121.651399999000091, 28.788599999000041 ], [ 121.645, 28.7877 ], [ 121.644, 28.786 ], [ 121.6461, 28.7845 ], [ 121.6408, 28.7819 ], [ 121.6349, 28.7764 ], [ 121.6289, 28.7631 ], [ 121.626499999000089, 28.7437 ], [ 121.6279, 28.7339 ], [ 121.6274, 28.7326 ], [ 121.6249, 28.7254 ], [ 121.6249, 28.7193 ], [ 121.6182, 28.7161 ], [ 121.6112, 28.721299999000053 ], [ 121.6072, 28.721299999000053 ], [ 121.5857, 28.7151 ], [ 121.578599999000062, 28.7154 ], [ 121.5742, 28.7176 ], [ 121.566199999000105, 28.7113 ], [ 121.5542, 28.7065 ], [ 121.543300001000034, 28.697999999000047 ], [ 121.5275, 28.69140000100009 ], [ 121.512, 28.695200001000046 ], [ 121.5011, 28.6948 ], [ 121.4945, 28.6968 ], [ 121.4676, 28.6915 ], [ 121.4569, 28.6925 ], [ 121.449300000000108, 28.6908 ], [ 121.4436, 28.6915 ], [ 121.4423, 28.6847 ], [ 121.4487, 28.6843 ], [ 121.490100001000087, 28.6614 ], [ 121.4994, 28.6541 ], [ 121.5074, 28.6268 ], [ 121.5129, 28.6007 ], [ 121.5209, 28.5784 ], [ 121.5286, 28.5645 ], [ 121.549400001000095, 28.524800001000074 ], [ 121.562299999000061, 28.5122 ], [ 121.5686, 28.4976 ], [ 121.5676, 28.4952 ], [ 121.5616, 28.4924 ], [ 121.5559, 28.4923 ], [ 121.5421, 28.4965 ], [ 121.537899999000047, 28.4912 ], [ 121.547600000000102, 28.4905 ], [ 121.5591, 28.487 ], [ 121.5682, 28.4899 ], [ 121.5771, 28.4887 ], [ 121.5801, 28.4853 ], [ 121.58169999900008, 28.4815 ], [ 121.5798, 28.474 ], [ 121.5708, 28.452000001000044 ], [ 121.5737, 28.4371 ], [ 121.572200001000056, 28.4338 ], [ 121.5653, 28.4319 ], [ 121.5631, 28.428599999000085 ], [ 121.5664, 28.421 ], [ 121.5762, 28.40759999900007 ], [ 121.578400000000101, 28.398800001000041 ], [ 121.583200001000023, 28.3912 ], [ 121.591600001000074, 28.3799 ], [ 121.587900001000094, 28.3741 ], [ 121.5885, 28.367 ], [ 121.5856, 28.365999999000053 ], [ 121.584299999, 28.3633 ], [ 121.5856, 28.3577 ], [ 121.5884, 28.3539 ], [ 121.59449999900005, 28.3539 ], [ 121.5988, 28.356599999000082 ], [ 121.6122, 28.3605 ], [ 121.6175, 28.3564 ], [ 121.6186, 28.3524 ], [ 121.6176, 28.3508 ], [ 121.6226, 28.3438 ], [ 121.6206, 28.3382 ], [ 121.6219, 28.336 ], [ 121.625699999000062, 28.336200001000066 ], [ 121.6316, 28.3434 ], [ 121.6382, 28.3441 ], [ 121.6478, 28.3497 ], [ 121.6547, 28.3517 ], [ 121.658200001000068, 28.350300001000051 ], [ 121.6509, 28.346599999000091 ], [ 121.6508, 28.345 ], [ 121.6616, 28.3465 ], [ 121.6659, 28.3458 ], [ 121.6668, 28.3439 ], [ 121.6555, 28.3376 ], [ 121.6446, 28.3274 ], [ 121.6501, 28.3229 ], [ 121.6421, 28.3124 ], [ 121.642700001000094, 28.3108 ], [ 121.644500000000107, 28.3055 ], [ 121.6425, 28.3015 ], [ 121.6384, 28.2876 ], [ 121.6338, 28.2837 ], [ 121.629100001000097, 28.2832 ], [ 121.6221, 28.2771 ], [ 121.61830000100008, 28.2763 ], [ 121.6208, 28.2725 ], [ 121.6166, 28.2684 ], [ 121.6171, 28.2665 ], [ 121.623800001000063, 28.263 ], [ 121.619, 28.2583 ], [ 121.6098, 28.2615 ], [ 121.6054, 28.2534 ], [ 121.6027, 28.253 ], [ 121.5962, 28.2521 ], [ 121.5857, 28.24840000100005 ], [ 121.5829, 28.2505 ], [ 121.5828, 28.2545 ], [ 121.5795, 28.2573 ], [ 121.580600001000107, 28.2602 ], [ 121.5885, 28.2648 ], [ 121.591099999000107, 28.2683 ], [ 121.5908, 28.2725 ], [ 121.5954, 28.2781 ], [ 121.5954, 28.286000001000048 ], [ 121.5902, 28.2957 ], [ 121.582000000000107, 28.3068 ], [ 121.5762, 28.3106 ], [ 121.565399999000078, 28.3131 ], [ 121.5591, 28.3177 ], [ 121.5509, 28.313 ], [ 121.5479, 28.3139 ], [ 121.5466, 28.3194 ], [ 121.5446, 28.323799999000073 ], [ 121.53709999900002, 28.3252 ], [ 121.5214, 28.3328 ], [ 121.5099, 28.3324 ], [ 121.4984, 28.3356 ], [ 121.4858, 28.3342 ], [ 121.4819, 28.3363 ], [ 121.464499999000054, 28.329999999000052 ], [ 121.455, 28.321 ], [ 121.450800001000061, 28.3131 ], [ 121.4524, 28.3095 ], [ 121.4587, 28.3069 ], [ 121.4601, 28.3048 ], [ 121.4541, 28.3011 ], [ 121.4501, 28.3037 ], [ 121.4481, 28.3036 ], [ 121.447500000000105, 28.3036 ], [ 121.4458, 28.2921 ], [ 121.442, 28.292 ], [ 121.436999999000022, 28.2971 ], [ 121.432100000000105, 28.2986 ], [ 121.425100001000033, 28.3048 ], [ 121.4206, 28.3045 ], [ 121.418500000000108, 28.3022 ], [ 121.4117, 28.3053 ], [ 121.4065, 28.3048 ], [ 121.4029, 28.3019 ], [ 121.4016, 28.2971 ], [ 121.4024, 28.2931 ], [ 121.4103, 28.286900001000049 ], [ 121.4066, 28.280699999000035 ], [ 121.4112, 28.2767 ], [ 121.4155, 28.2772 ], [ 121.425999999000055, 28.2703 ], [ 121.429099999000073, 28.2642 ], [ 121.4341, 28.2639 ], [ 121.4347, 28.2616 ], [ 121.426199999, 28.2585 ], [ 121.4238, 28.2576 ], [ 121.4211, 28.2533 ], [ 121.4238, 28.2476 ], [ 121.4285, 28.2498 ], [ 121.4296, 28.247 ], [ 121.416700000000105, 28.2393 ], [ 121.4059, 28.230400001000078 ], [ 121.3975, 28.2326 ], [ 121.3884, 28.23069999900008 ], [ 121.377300000000105, 28.2294 ], [ 121.3752, 28.2215 ], [ 121.3699, 28.2241 ], [ 121.3635, 28.2148 ], [ 121.3641, 28.2104 ], [ 121.366699999000048, 28.207099999000036 ], [ 121.3781, 28.202200001000051 ], [ 121.3787, 28.1991 ], [ 121.375500000000102, 28.1943 ], [ 121.3643, 28.1887 ], [ 121.3646, 28.1808 ], [ 121.3672, 28.1792 ], [ 121.379500001, 28.1799 ], [ 121.381, 28.1842 ], [ 121.3843, 28.185 ], [ 121.3889, 28.1887 ], [ 121.3896, 28.1809 ], [ 121.3873, 28.1715 ], [ 121.3865, 28.168 ], [ 121.3826, 28.1612 ], [ 121.368700001000093, 28.1543 ], [ 121.3627, 28.1396 ], [ 121.358500001000039, 28.1391 ], [ 121.3529, 28.143799999000066 ], [ 121.346900001000108, 28.1409 ], [ 121.3444, 28.1414 ], [ 121.343, 28.1442 ], [ 121.346700001000045, 28.1489 ], [ 121.3455, 28.1512 ], [ 121.338, 28.1501 ], [ 121.330200000000104, 28.1509 ], [ 121.335999999000023, 28.1572 ], [ 121.3347, 28.1615 ], [ 121.3306, 28.1661 ], [ 121.3263, 28.1675 ], [ 121.3183, 28.1666 ], [ 121.3143, 28.168700001000047 ], [ 121.3081, 28.174 ], [ 121.306, 28.1758 ], [ 121.3021, 28.1811 ], [ 121.2997, 28.1901 ], [ 121.2969, 28.1914 ], [ 121.282799999000076, 28.1904 ], [ 121.279699999000059, 28.191300001000059 ], [ 121.274399999000025, 28.197500001000037 ], [ 121.274100001000079, 28.20620000100007 ], [ 121.277299999000093, 28.2116 ], [ 121.2743, 28.2136 ], [ 121.2728, 28.2184 ], [ 121.2693, 28.2199 ], [ 121.268600001000095, 28.2222 ], [ 121.2708, 28.2262 ], [ 121.2653, 28.2313 ], [ 121.2649, 28.2342 ], [ 121.2666, 28.2363 ], [ 121.2628, 28.2391 ], [ 121.2587, 28.245400001000064 ], [ 121.2602, 28.2495 ], [ 121.2575, 28.253200001000039 ], [ 121.2574, 28.2592 ], [ 121.260000000000105, 28.2687 ], [ 121.2602, 28.2696 ], [ 121.270999999000082, 28.2778 ], [ 121.266800000000103, 28.2799 ], [ 121.2614, 28.278 ], [ 121.254400001000022, 28.281400001000065 ], [ 121.2534, 28.2898 ], [ 121.2499, 28.2951 ], [ 121.2413, 28.3015 ], [ 121.2317, 28.3031 ], [ 121.2308, 28.3174 ], [ 121.2276, 28.319700001000058 ], [ 121.2229, 28.3198 ], [ 121.2179000000001, 28.318 ], [ 121.2143, 28.325800001000061 ], [ 121.2163, 28.331 ], [ 121.225099999, 28.3373 ], [ 121.2348, 28.3353 ], [ 121.2379, 28.3369 ], [ 121.2443, 28.3401 ], [ 121.257600001000014, 28.3411 ], [ 121.274100001000079, 28.353599999000039 ], [ 121.2771, 28.3577 ], [ 121.276, 28.3611 ], [ 121.2724, 28.3609 ], [ 121.2628, 28.3528 ], [ 121.2578, 28.350300001000051 ], [ 121.2439, 28.3508 ], [ 121.2364, 28.354299999000091 ], [ 121.225, 28.353599999000039 ], [ 121.220199999000101, 28.3579 ], [ 121.214699999, 28.3576 ], [ 121.2125, 28.362800001000039 ], [ 121.214699999, 28.3693 ], [ 121.220900001000018, 28.3706 ], [ 121.2221, 28.3719 ], [ 121.2231, 28.3729 ], [ 121.222400001000096, 28.3746 ], [ 121.2093, 28.3802 ], [ 121.2009, 28.3741 ], [ 121.1988, 28.3752 ], [ 121.1979, 28.3767 ], [ 121.206100000000106, 28.3849 ], [ 121.1991, 28.3886 ], [ 121.19129999900008, 28.386399999000048 ], [ 121.176200000000108, 28.39 ], [ 121.1712, 28.3893 ], [ 121.169299999000032, 28.386399999000048 ], [ 121.1704, 28.383 ], [ 121.167, 28.3781 ], [ 121.1825, 28.364 ], [ 121.1843, 28.36 ], [ 121.1789, 28.3507 ], [ 121.1723, 28.3497 ], [ 121.1689, 28.3492 ], [ 121.163700001000052, 28.3468 ], [ 121.1592, 28.3481 ], [ 121.1498, 28.338799999000059 ], [ 121.1456, 28.340399999000056 ], [ 121.143, 28.339 ], [ 121.1371, 28.328399999000055 ], [ 121.1387, 28.3257 ], [ 121.146, 28.3264 ], [ 121.1471, 28.3224 ], [ 121.1437, 28.3162 ], [ 121.1378, 28.3154 ], [ 121.1298, 28.3085 ], [ 121.1274, 28.304700001000072 ], [ 121.1358, 28.300999999000055 ], [ 121.13649999900008, 28.2994 ], [ 121.1243, 28.2946 ], [ 121.1206, 28.2854 ], [ 121.1151, 28.2824 ], [ 121.108999999000048, 28.282 ], [ 121.0952, 28.281 ], [ 121.0835, 28.2831 ], [ 121.0807, 28.286900001000049 ], [ 121.08169999900008, 28.3001 ], [ 121.0783, 28.3054 ], [ 121.071499999000025, 28.2977 ], [ 121.067799999000044, 28.2999 ], [ 121.063000000000102, 28.2998 ], [ 121.0624, 28.303300001000082 ], [ 121.0583, 28.308600001000059 ], [ 121.0493, 28.3106 ], [ 121.046, 28.3078 ], [ 121.0489, 28.301700001000086 ], [ 121.0419, 28.294 ], [ 121.034799999000029, 28.2946 ], [ 121.0312, 28.288599999000041 ], [ 121.0377, 28.2857 ], [ 121.0404, 28.2832 ], [ 121.0414, 28.28210000100006 ], [ 121.0509, 28.282800001000055 ], [ 121.0584, 28.28 ], [ 121.069, 28.2804 ], [ 121.0751, 28.2761 ], [ 121.0944, 28.2754 ], [ 121.1013, 28.2778 ], [ 121.1062, 28.2771 ], [ 121.1127, 28.2711 ], [ 121.1181, 28.257199999000079 ], [ 121.1258, 28.2527 ], [ 121.127899999000078, 28.2498 ], [ 121.1278, 28.2462 ], [ 121.120500000000106, 28.2344 ], [ 121.1186, 28.2246 ], [ 121.1164, 28.222 ], [ 121.112800000000107, 28.2176 ], [ 121.1151, 28.213 ], [ 121.102400001000092, 28.2044 ], [ 121.103400001000068, 28.1998 ], [ 121.0964, 28.1903 ], [ 121.0968, 28.187 ], [ 121.104, 28.1806 ], [ 121.0953, 28.1728 ], [ 121.0957, 28.168 ], [ 121.092400001000101, 28.1657 ], [ 121.086900001, 28.1654 ], [ 121.0818, 28.1682 ], [ 121.0776, 28.1676 ], [ 121.0583, 28.150199999000051 ], [ 121.050499999000067, 28.147799999000085 ], [ 121.0436, 28.1435 ], [ 121.0429, 28.1435 ], [ 121.0344, 28.1428 ], [ 121.0264, 28.1471 ], [ 121.0233, 28.145299999000088 ], [ 121.010000000000105, 28.128000001000089 ], [ 121.000500000000102, 28.1212 ], [ 120.9979, 28.109399999000061 ], [ 120.9906, 28.099000001000036 ], [ 120.9898, 28.0946 ], [ 120.9947, 28.0927 ], [ 120.9961, 28.0902 ], [ 120.9951, 28.087 ], [ 120.988300001000084, 28.080200001000037 ], [ 120.9913, 28.0741 ], [ 120.9939, 28.0542 ], [ 120.9939, 28.0536 ], [ 120.993, 28.0446 ], [ 120.9754, 28.0232 ], [ 120.9667, 28.007599999000035 ], [ 120.9546, 27.991099999000085 ], [ 120.9584, 27.985 ], [ 120.9551, 27.9838 ], [ 120.9476, 27.986399999000071 ], [ 120.9459, 27.98 ], [ 120.9265, 27.9899 ], [ 120.9161, 27.991099999000085 ], [ 120.907200000000103, 27.9921 ], [ 120.8796, 27.9985 ], [ 120.857, 27.998 ], [ 120.8371, 27.994 ], [ 120.8257, 27.9895 ], [ 120.8187, 27.989 ], [ 120.8011, 27.993400001000055 ], [ 120.79670000100009, 27.9964 ], [ 120.791, 28.007599999000035 ], [ 120.7878, 28.010500001000082 ], [ 120.7787, 28.0188 ], [ 120.764199999000084, 28.0243 ], [ 120.7389, 28.0311 ], [ 120.6936, 28.0407 ], [ 120.687999999, 28.0452 ], [ 120.6798, 28.0443 ], [ 120.6723, 28.048299999000051 ], [ 120.666700000000105, 28.0511 ], [ 120.658299999000064, 28.0408 ], [ 120.6431, 28.0368 ], [ 120.6503, 28.0248 ], [ 120.6559, 28.0264 ], [ 120.663500001000102, 28.0259 ], [ 120.673500000000104, 28.0199 ], [ 120.6904, 28.0186 ], [ 120.705900001000032, 28.0167 ], [ 120.7127, 28.01440000100007 ], [ 120.7254, 28.001399999000057 ], [ 120.7319, 27.991299999000034 ], [ 120.7372, 27.9868 ], [ 120.755200001000048, 27.9788 ], [ 120.7635, 27.973700001000054 ], [ 120.7765, 27.9729 ], [ 120.7828, 27.9699 ], [ 120.785199999000042, 27.9701 ], [ 120.7894, 27.9706 ], [ 120.794300001000011, 27.9689 ], [ 120.8052, 27.9712 ], [ 120.8085, 27.9706 ], [ 120.8177, 27.9627 ], [ 120.8304, 27.9587 ], [ 120.8471, 27.9468 ], [ 120.858500001000039, 27.9424 ], [ 120.8629, 27.9384 ], [ 120.864899999000045, 27.9319 ], [ 120.8616, 27.919800001000056 ], [ 120.852400000000102, 27.905899999000042 ], [ 120.8513, 27.8951 ], [ 120.8486, 27.8903 ], [ 120.849999999000033, 27.8857 ], [ 120.847400000000107, 27.8728 ], [ 120.8368, 27.8629 ], [ 120.8295, 27.860499999000069 ], [ 120.80719999900009, 27.8475 ], [ 120.7873, 27.825999999000089 ], [ 120.7706, 27.8137 ], [ 120.7643, 27.8038 ], [ 120.7595, 27.7961 ], [ 120.749700001000065, 27.7858 ], [ 120.746899999000107, 27.7746 ], [ 120.740300001000037, 27.7634 ], [ 120.735899999000026, 27.748599999000078 ], [ 120.732, 27.7426 ], [ 120.7248, 27.7366 ], [ 120.7101, 27.723200001000066 ], [ 120.7022, 27.72 ], [ 120.6968, 27.7194 ], [ 120.687399999000036, 27.72 ], [ 120.6802, 27.7228 ], [ 120.6692, 27.7102 ], [ 120.6729, 27.7064 ], [ 120.6752, 27.700899999000058 ], [ 120.6743, 27.695499999000049 ], [ 120.6648, 27.6885 ], [ 120.6623, 27.674100001000056 ], [ 120.6571, 27.6596 ], [ 120.6578, 27.6571 ], [ 120.660800000000108, 27.6547 ], [ 120.6675, 27.6534 ], [ 120.6719, 27.6491 ], [ 120.6755, 27.638900001000081 ], [ 120.671, 27.6345 ], [ 120.6609, 27.6368 ], [ 120.6579, 27.6355 ], [ 120.6617, 27.6288 ], [ 120.657499999000038, 27.6149 ], [ 120.6521, 27.6124 ], [ 120.6404, 27.6149 ], [ 120.6401, 27.6105 ], [ 120.6372, 27.6049 ], [ 120.6385, 27.6007 ], [ 120.6357, 27.599099999000089 ], [ 120.627699999000015, 27.5994 ], [ 120.621300001, 27.594900001000042 ], [ 120.617800000000102, 27.5953 ], [ 120.6104, 27.6019 ], [ 120.6044, 27.5963 ], [ 120.5971, 27.5946 ], [ 120.5942, 27.5869 ], [ 120.596, 27.5829 ], [ 120.5953, 27.5806 ], [ 120.589599999000029, 27.5767 ], [ 120.588599999000053, 27.572499999000058 ], [ 120.590100001, 27.5635 ], [ 120.5964, 27.55 ], [ 120.5942, 27.5411 ], [ 120.6085, 27.515 ], [ 120.6072, 27.5079 ], [ 120.6086, 27.5031 ], [ 120.614200001000086, 27.4988 ], [ 120.6294, 27.487099999000066 ], [ 120.633199999, 27.490999999000053 ], [ 120.6347, 27.4992 ], [ 120.641700001, 27.4961 ], [ 120.6509, 27.49960000100009 ], [ 120.658200001000068, 27.4993 ], [ 120.6623, 27.495699999000067 ], [ 120.6637, 27.4919 ], [ 120.6631, 27.484799999000074 ], [ 120.6721, 27.4796 ], [ 120.6747, 27.4767 ], [ 120.6833, 27.475300001000051 ], [ 120.684, 27.474 ], [ 120.6758, 27.458299999000076 ], [ 120.6639, 27.4522 ], [ 120.6628, 27.448 ], [ 120.6622, 27.445500001000084 ], [ 120.657, 27.4435 ], [ 120.647200001000101, 27.4438 ], [ 120.649899999000013, 27.4377 ], [ 120.648899999000037, 27.4329 ], [ 120.6399, 27.428 ], [ 120.6384, 27.4243 ], [ 120.6416, 27.4157 ], [ 120.6384, 27.4092 ], [ 120.6386000010001, 27.4057 ], [ 120.6458, 27.403499999000076 ], [ 120.6469, 27.4016 ], [ 120.6459, 27.3981 ], [ 120.640999999000087, 27.3958 ], [ 120.6419, 27.3943 ], [ 120.647299999000097, 27.3932 ], [ 120.649899999000013, 27.3827 ], [ 120.644, 27.3793 ], [ 120.646, 27.3705 ], [ 120.6438, 27.3649 ], [ 120.637899999000069, 27.3641 ], [ 120.6337, 27.3656 ], [ 120.6314, 27.3665 ], [ 120.6245, 27.3616 ], [ 120.6203, 27.3625 ], [ 120.615000001, 27.3661 ], [ 120.6155, 27.3692 ], [ 120.621, 27.373699999000053 ], [ 120.622, 27.3766 ], [ 120.613600001, 27.3786 ], [ 120.611000000000104, 27.381 ], [ 120.6102, 27.39 ], [ 120.6025, 27.3882 ], [ 120.5991, 27.382999999000049 ], [ 120.5942, 27.3814 ], [ 120.5911, 27.3783 ], [ 120.5821, 27.3868 ], [ 120.5754, 27.3959 ], [ 120.5617, 27.399 ], [ 120.5526, 27.403300001000048 ], [ 120.5475, 27.403300001000048 ], [ 120.5449, 27.4022 ], [ 120.5442, 27.4019 ], [ 120.5427, 27.3982 ], [ 120.5477, 27.3914 ], [ 120.5389, 27.3932 ], [ 120.5378, 27.3834 ], [ 120.540800001000093, 27.3802 ], [ 120.5521, 27.382999999000049 ], [ 120.554700001000015, 27.374399999000048 ], [ 120.5532, 27.3677 ], [ 120.5518, 27.3661 ], [ 120.5459, 27.3647 ], [ 120.5397, 27.3576 ], [ 120.532, 27.358 ], [ 120.530699999000035, 27.3498 ], [ 120.5339, 27.3418 ], [ 120.532200000000103, 27.3387 ], [ 120.5209, 27.3357 ], [ 120.5135, 27.3383 ], [ 120.509, 27.3382 ], [ 120.5101, 27.3359 ], [ 120.5212, 27.3276 ], [ 120.5388, 27.3284 ], [ 120.5404, 27.3265 ], [ 120.541, 27.3196 ], [ 120.5454, 27.3191 ], [ 120.5587, 27.3267 ], [ 120.561000001000025, 27.3264 ], [ 120.5617, 27.3248 ], [ 120.5569, 27.3186 ], [ 120.5578, 27.3144 ], [ 120.5559, 27.3123 ], [ 120.5561, 27.309 ], [ 120.5473, 27.3061 ], [ 120.543999999000107, 27.302 ], [ 120.5445, 27.3005 ], [ 120.5552, 27.2987 ], [ 120.5579, 27.2947 ], [ 120.5499, 27.2911 ], [ 120.5459, 27.287599999000065 ], [ 120.5452, 27.2857 ], [ 120.5462, 27.284300001000076 ], [ 120.5477, 27.2823 ], [ 120.5453, 27.2784 ], [ 120.537, 27.2751 ], [ 120.5326, 27.274999999000045 ], [ 120.5269, 27.2704 ], [ 120.522700001000089, 27.2692 ], [ 120.5216, 27.2615 ], [ 120.5178, 27.2566 ], [ 120.517, 27.249 ], [ 120.5181, 27.2465 ], [ 120.5223, 27.2452 ], [ 120.537, 27.2452 ], [ 120.5403, 27.243099999000037 ], [ 120.526300000000106, 27.2316 ], [ 120.5292, 27.2234 ], [ 120.5285, 27.2217 ], [ 120.5255, 27.220900001000075 ], [ 120.5194, 27.2225 ], [ 120.517, 27.2156 ], [ 120.511, 27.2111 ], [ 120.5102, 27.2094 ], [ 120.5094, 27.2078 ], [ 120.5174, 27.196 ], [ 120.5133, 27.191399999000055 ], [ 120.4983, 27.188 ], [ 120.4895, 27.18 ], [ 120.4786, 27.164 ], [ 120.476, 27.1626 ], [ 120.4709, 27.165 ], [ 120.463499999000078, 27.174700001000076 ], [ 120.4627, 27.1814 ], [ 120.4586, 27.1883 ], [ 120.4598, 27.1908 ], [ 120.4663, 27.1899 ], [ 120.4683, 27.1949 ], [ 120.4684, 27.2055 ], [ 120.4663, 27.2068 ], [ 120.4622, 27.2092 ], [ 120.4571, 27.216300001000036 ], [ 120.4509, 27.2187 ], [ 120.4476, 27.218600001000084 ], [ 120.4444, 27.209 ], [ 120.4315, 27.2081 ], [ 120.429699999000036, 27.1977 ], [ 120.4255, 27.195199999000067 ], [ 120.421299999000098, 27.195199999000067 ], [ 120.4192, 27.1924 ], [ 120.421099999000035, 27.1831 ], [ 120.4315, 27.1763 ], [ 120.4336, 27.1715 ], [ 120.4319, 27.1682 ], [ 120.4246, 27.1664 ], [ 120.418500000000108, 27.1604 ], [ 120.4162, 27.1673 ], [ 120.417, 27.175 ], [ 120.4162, 27.1757 ], [ 120.4034, 27.1856 ], [ 120.4002, 27.1913 ], [ 120.3913999990001, 27.1969 ], [ 120.3861, 27.204 ], [ 120.3784, 27.2004 ], [ 120.3752, 27.1906 ], [ 120.38509999900009, 27.1773 ], [ 120.3889, 27.169300001000067 ], [ 120.3959, 27.168400001000066 ], [ 120.4066, 27.1486 ], [ 120.4248, 27.1455 ], [ 120.436700001000077, 27.1487 ], [ 120.4397, 27.1461 ], [ 120.4388, 27.144 ], [ 120.4355, 27.1422 ], [ 120.4322, 27.1404 ], [ 120.4288, 27.1322 ], [ 120.4255, 27.1331 ], [ 120.4184, 27.1393 ], [ 120.4135, 27.1393 ], [ 120.4015, 27.135699999000053 ], [ 120.389565529000038, 27.135699999000053 ] ] ] ] } },
{ "type": "Feature", "properties": { "Name": "宋" }, "geometry": { "type": "MultiPolygon", "coordinates": [ [ [ [ 117.555958038000085, 34.264839737000045 ], [ 117.539091133000056, 34.183713700000055 ], [ 117.478715155000032, 34.078405903000089 ], [ 117.431276886000092, 33.978331463000075 ], [ 117.388151188000052, 33.922882387000072 ], [ 117.353650629000072, 33.876348862000043 ], [ 117.306212361, 33.820833405000087 ], [ 117.273868087000096, 33.784997841000063 ], [ 117.237211243000047, 33.745561394000049 ], [ 117.198398115000032, 33.697137323000049 ], [ 117.161741271000096, 33.659455277000063 ], [ 117.120771858000012, 33.619961140000044 ], [ 117.086271299000032, 33.589430539000034 ], [ 116.989238477000072, 33.58404166400004 ], [ 116.911612220000052, 33.591226757000072 ], [ 116.825360823000096, 33.61098267400007 ], [ 116.734796856, 33.645095869000045 ], [ 116.631295180000052, 33.682784205000075 ], [ 116.555825208000101, 33.716868946000034 ], [ 116.484667805000072, 33.745561394000049 ], [ 116.389791269000057, 33.792166154000085 ], [ 116.273351883000032, 33.831581147000065 ], [ 116.215132190000077, 33.858444592000069 ], [ 116.152599927000097, 33.91751443000004 ], [ 116.055567105000023, 33.96044861200005 ], [ 115.990878558000077, 33.972967003000065 ], [ 115.898158306000028, 33.99263503700007 ], [ 115.773093780000067, 34.042678581000075 ], [ 115.704092664000086, 34.069475484000066 ], [ 115.602747272000101, 34.128398842000081 ], [ 115.507870736000086, 34.167658280000069 ], [ 115.402212774000077, 34.212249125000085 ], [ 115.346149366000077, 34.237209698000072 ], [ 115.313805092000052, 34.274636685000075 ], [ 115.331055371000048, 34.331636257000071 ], [ 115.341836796000052, 34.377919914000074 ], [ 115.393587635000017, 34.441962770000089 ], [ 115.428088193, 34.491739968000047 ], [ 115.507870736000086, 34.584104539000066 ], [ 115.611372412000037, 34.584104539000066 ], [ 115.725655513000106, 34.646215271000074 ], [ 115.740749507000032, 34.715369603000056 ], [ 115.693311239000082, 34.772068467000054 ], [ 115.624310121, 34.803944472000069 ], [ 115.576871853000057, 34.839347803000067 ], [ 115.538058724000052, 34.903035440000053 ], [ 115.512183305, 34.952536150000071 ], [ 115.503558166000062, 34.996707969000056 ], [ 115.512830673000053, 35.065037850000067 ], [ 115.536561400000096, 35.061038832000065 ], [ 115.59133448700004, 35.082080647000055 ], [ 115.661757028000011, 35.095800646000043 ], [ 115.719883569000103, 35.104946029000075 ], [ 115.799248654000053, 35.100373466000065 ], [ 115.849550469000064, 35.093971446000069 ], [ 115.898734466000064, 35.093971446000069 ], [ 115.974746097000093, 35.099458923000043 ], [ 116.023930093000104, 35.100373466000065 ], [ 116.075349726000013, 35.11409038700009 ], [ 116.127887177000048, 35.140603222000038 ], [ 116.217312625000091, 35.187208299000076 ], [ 116.272085713000024, 35.228308242000082 ], [ 116.43763785200008, 35.244007188000069 ], [ 116.519034883000018, 35.214751984000088 ], [ 116.58496647700008, 35.190808064000066 ], [ 116.64601425, 35.178833457000053 ], [ 116.672915892000105, 35.183761599000036 ], [ 116.684175351000022, 35.17041800800007 ], [ 116.690804757000024, 35.15054533600005 ], [ 116.68638515400005, 35.099938450000082 ], [ 116.699643966000053, 35.071006114000056 ], [ 116.715112579000106, 35.044777322000073 ], [ 116.752679214000068, 35.01763522400006 ], [ 116.778091937, 34.989578922000078 ], [ 116.81455367, 34.957890891000034 ], [ 116.874218324000026, 34.919849075000059 ], [ 116.934987879, 34.870912248000081 ], [ 116.98592462900001, 34.852739390000067 ], [ 116.981098692000046, 34.851216350000072 ], [ 117.046668521000015, 34.756532087000039 ], [ 117.071539836000056, 34.667318188000081 ], [ 117.078322922000098, 34.613371511000082 ], [ 117.086234713000067, 34.568106645000057 ], [ 117.139023401000031, 34.500206355000046 ], [ 117.182550915000093, 34.423847864000038 ], [ 117.227004546000103, 34.365768721000052 ], [ 117.288128290000031, 34.324477477000073 ], [ 117.345547563000082, 34.287757084000077 ], [ 117.434454827000081, 34.285461527000052 ], [ 117.478908458000092, 34.293878265000046 ], [ 117.554368498000031, 34.264798685000073 ], [ 117.555958038000085, 34.264839737000045 ] ] ] ] } },
{ "type": "Feature", "properties": { "Name": "魏" }, "geometry": { "type": "MultiPolygon", "coordinates": [ [ [ [ 113.012961114000063, 34.815050150000047 ], [ 112.890678057000059, 34.804369213000086 ], [ 112.821913471000016, 34.805326207000064 ], [ 112.81912946, 34.839611050000087 ], [ 112.823032111000089, 34.879106691000061 ], [ 112.838642713000013, 34.916449975000035 ], [ 112.860757734, 34.940980600000046 ], [ 112.955722237000032, 34.951643801000046 ], [ 113.010359347000076, 34.948444987000073 ], [ 113.044182321000108, 34.934582013000067 ], [ 113.084509712, 34.906849038000075 ], [ 113.106624733000103, 34.873770551000064 ], [ 113.152155659000073, 34.85028741800005 ], [ 113.1677662620001, 34.839611050000087 ], [ 113.135244172000057, 34.822525982000059 ], [ 113.117033572000082, 34.815050150000047 ], [ 113.012961114000063, 34.815050150000047 ] ] ], [ [ [ 112.66952784700004, 34.976163902000053 ], [ 112.632927148000022, 34.974399734000087 ], [ 112.578465995000101, 35.006004552000036 ], [ 112.544643022000059, 35.019855442000051 ], [ 112.510820048000028, 35.05500485500005 ], [ 112.495209445, 35.080558567000082 ], [ 112.490005911000026, 35.100782914000035 ], [ 112.48610326000005, 35.142280330000062 ], [ 112.519926233000092, 35.156108104000054 ], [ 112.607085434000055, 35.152917287000037 ], [ 112.648713709000049, 35.13270588000006 ], [ 112.677333148, 35.111425292000035 ], [ 112.698147286000108, 35.088010225000062 ], [ 112.707253471000058, 35.050745125000049 ], [ 112.711156121000045, 35.023051468000062 ], [ 112.698147286000108, 35.001742268000044 ], [ 112.686439333000067, 34.988954084000056 ], [ 112.66952784700004, 34.976163902000053 ] ] ], [ [ [ 115.460549769000067, 35.888504125000054 ], [ 115.470610132000047, 35.833242606000056 ], [ 115.448253770000065, 35.805144122000058 ], [ 115.384538138000039, 35.732585971000049 ], [ 115.361063957000056, 35.694466451000039 ], [ 115.3051730520001, 35.638161465000053 ], [ 115.289523599000063, 35.606358860000057 ], [ 115.289013177000015, 35.588509870000053 ], [ 115.262533428000097, 35.61124194000007 ], [ 115.208865892000063, 35.673547628000051 ], [ 115.189698915, 35.742027750000034 ], [ 115.189698915, 35.78868500100009 ], [ 115.201199102000032, 35.84774488700009 ], [ 115.109197612, 35.860172947000081 ], [ 115.074697053000023, 35.819774628000062 ], [ 114.977328809000028, 35.648008172000061 ], [ 114.925807975, 35.622086621000051 ], [ 114.783512337000047, 35.610119992000079 ], [ 114.763885353000092, 35.58418615700009 ], [ 114.763885353000092, 35.518316385000048 ], [ 114.783512337000047, 35.462384457000041 ], [ 114.776152218000107, 35.410412819000044 ], [ 114.758978606000028, 35.326387797000052 ], [ 114.758978606000028, 35.262310051000043 ], [ 114.749165115000096, 35.204195791000075 ], [ 114.724631384000077, 35.154063887000063 ], [ 114.697644280000077, 35.109922243000085 ], [ 114.690284161000022, 35.075796405000062 ], [ 114.702891584000099, 35.060890503000053 ], [ 114.672190534000038, 35.029477869000061 ], [ 114.637689976000047, 35.010641686000042 ], [ 114.599356021000062, 34.988660657000082 ], [ 114.557188671000063, 34.982379279000043 ], [ 114.415353041, 34.966673725000078 ], [ 114.403852855000082, 34.938396138000087 ], [ 114.411519646000102, 34.897533518000046 ], [ 114.438353413000073, 34.869232096000076 ], [ 114.561022067000067, 34.850359069000035 ], [ 114.584022439000023, 34.840920931000085 ], [ 114.656856952, 34.822041409000065 ], [ 114.699024302, 34.787417711000046 ], [ 114.760358629000052, 34.768525928000088 ], [ 114.879193887000042, 34.768525928000088 ], [ 114.913694445000033, 34.787417711000046 ], [ 115.024862913000106, 34.800009829000089 ], [ 115.024862913000106, 34.906965159000038 ], [ 115.036363099000027, 34.966673725000078 ], [ 115.040196494000043, 35.023199623000039 ], [ 115.040196494000043, 35.073412081000072 ], [ 115.051696681000067, 35.129864187000067 ], [ 115.061559031, 35.266850152000075 ], [ 115.070556986000042, 35.268319495000071 ], [ 115.12943794, 35.282339796000088 ], [ 115.195679013000017, 35.282339796000088 ], [ 115.286453816000062, 35.29035030700004 ], [ 115.409122469000067, 35.312375126000063 ], [ 115.445932159000108, 35.334702444000072 ], [ 115.448253770000065, 35.315006440000047 ], [ 115.449371588000076, 35.259347732000037 ], [ 115.467256677000023, 35.14882958700008 ], [ 115.47284576800007, 35.103117035000082 ], [ 115.484023949000061, 35.079336370000078 ], [ 115.498555584000087, 35.067443437000065 ], [ 115.512830673000053, 35.065037850000067 ], [ 115.503558166000062, 34.996707969000056 ], [ 115.512183305, 34.952536150000071 ], [ 115.538058724000052, 34.903035440000053 ], [ 115.576871853000057, 34.839347803000067 ], [ 115.624310121, 34.803944472000069 ], [ 115.693311239000082, 34.772068467000054 ], [ 115.740749507000032, 34.715369603000056 ], [ 115.725655513000106, 34.646215271000074 ], [ 115.611372412000037, 34.584104539000066 ], [ 115.507870736000086, 34.584104539000066 ], [ 115.428088193, 34.491739968000047 ], [ 115.393587635000017, 34.441962770000089 ], [ 115.341836796000052, 34.377919914000074 ], [ 115.331055371000048, 34.331636257000071 ], [ 115.313805092000052, 34.274636685000075 ], [ 115.338435122000078, 34.246136190000072 ], [ 115.266826831, 34.16526358100009 ], [ 115.178505401000052, 34.106373847000043 ], [ 115.099997463000022, 34.055573911000067 ], [ 114.969968690000087, 34.000675766000086 ], [ 114.903727617000072, 33.962022454000078 ], [ 114.820312933000082, 33.931494268000051 ], [ 114.803139322000106, 33.915208093000047 ], [ 114.763885353000092, 33.792962596000052 ], [ 114.724631384000077, 33.729733913000075 ], [ 114.695190907000097, 33.682792179000046 ], [ 114.655936937000092, 33.621525293000047 ], [ 114.616682969000067, 33.609266683000044 ], [ 114.528361538000013, 33.629696731000081 ], [ 114.471933958000022, 33.656248550000043 ], [ 114.395879392000097, 33.707286719000081 ], [ 114.371345662000067, 33.733814590000065 ], [ 114.310011335000013, 33.768492510000044 ], [ 114.231503397000097, 33.81742569000005 ], [ 114.199609547000023, 33.850032268000064 ], [ 114.182435936000047, 33.896882425000058 ], [ 114.162808951000102, 33.943706856000063 ], [ 114.138275221000072, 33.990505546000065 ], [ 114.096567879000077, 34.039311497000085 ], [ 114.084301013000072, 34.100279464000039 ], [ 114.072034148000057, 34.149022236000064 ], [ 114.057313909000072, 34.207882245000064 ], [ 114.052407163, 34.254535115000067 ], [ 114.027873432000092, 34.315347828000085 ], [ 114.005793075000042, 34.370041631000049 ], [ 113.981259344000023, 34.422676009000043 ], [ 113.949365494000062, 34.493477683000037 ], [ 113.927285137000013, 34.54805508000004 ], [ 113.885577795000017, 34.590479437000056 ], [ 113.821790095000097, 34.655084438000074 ], [ 113.760455768000043, 34.713589259000059 ], [ 113.735922037000023, 34.778098305000071 ], [ 113.731015291000062, 34.848597365000046 ], [ 113.784989499000062, 34.862689938000074 ], [ 113.848777199000097, 34.862689938000074 ], [ 114.010699820000013, 34.862689938000074 ], [ 114.081847640000092, 34.874767363000046 ], [ 114.160355578, 34.900929033000068 ], [ 114.192249427000093, 34.915012636000085 ], [ 114.152995459000067, 34.965291491000073 ], [ 114.084301013000072, 34.979364046000057 ], [ 114.035233551000033, 34.977353829000037 ], [ 114.003339701000073, 34.953227377000076 ], [ 113.964085733000047, 34.939150333000043 ], [ 113.888031167, 34.961270318000061 ], [ 113.856137318000037, 34.961270318000061 ], [ 113.824243468000077, 34.953227377000076 ], [ 113.735922037000023, 34.967302004000089 ], [ 113.704028188000052, 34.993434183000033 ], [ 113.507758342000102, 34.969312468000055 ], [ 113.478317865, 35.001473175000058 ], [ 113.399809927000092, 35.053707372000076 ], [ 113.328662108, 35.063748582000073 ], [ 113.272234527000023, 35.063748582000073 ], [ 113.183913097000072, 35.059732246000067 ], [ 113.122578770000018, 35.057724004000079 ], [ 113.083324801, 35.079811951000067 ], [ 113.078418055000043, 35.117949776000046 ], [ 113.085778174000097, 35.164092741000047 ], [ 113.100498413000082, 35.23225614800009 ], [ 113.100498413000082, 35.302364588000046 ], [ 113.028143074000013, 35.278842772000075 ], [ 112.946204247000082, 35.282363265000072 ], [ 112.883671985000092, 35.312281283000061 ], [ 112.836233716000038, 35.349223560000041 ], [ 112.823296007000067, 35.405484079000075 ], [ 112.829764861000058, 35.452923370000065 ], [ 112.829764861000058, 35.493312572000036 ], [ 112.829764861000058, 35.517887368000061 ], [ 112.759326221000038, 35.605008699000052 ], [ 112.728659058000062, 35.692229859000065 ], [ 112.720992266000053, 35.77624574400005 ], [ 112.720992266000053, 35.835314878000077 ], [ 112.755492825000033, 35.885023223000076 ], [ 112.801493571000037, 35.900550687000077 ], [ 112.851327711000067, 35.912970466000047 ], [ 112.904995247000102, 35.912970466000047 ], [ 113.004663527000048, 35.900550687000077 ], [ 113.062164458000098, 35.894340068000076 ], [ 113.132305433000056, 35.893868446000056 ], [ 113.155940718000011, 35.894223020000084 ], [ 113.155940718000011, 35.892044896000073 ], [ 113.272509305000085, 35.901813421000043 ], [ 113.320744582000088, 35.87250423100005 ], [ 113.385058285000014, 35.846442512000067 ], [ 113.473489627000049, 35.859474442000078 ], [ 113.529764117000013, 35.898557380000057 ], [ 113.618195459000049, 35.898557380000057 ], [ 113.742803258000095, 35.85295874500008 ], [ 113.819175781000013, 35.810593660000052 ], [ 113.911626728000101, 35.722532395000087 ], [ 114.056332560000101, 35.631106678000037 ], [ 114.128685476000101, 35.618037314000048 ], [ 114.289469733000033, 35.660504938000088 ], [ 114.313587372000029, 35.693156981000072 ], [ 114.297508946000107, 35.797553700000037 ], [ 114.281430520000072, 35.862732090000065 ], [ 114.281430520000072, 35.953891856000041 ], [ 114.281430520000072, 36.025443677000055 ], [ 114.285450127000104, 36.11966278400007 ], [ 114.309567765, 36.200795519000053 ], [ 114.353783436000072, 36.223497635000058 ], [ 114.482410842000036, 36.226740257000074 ], [ 114.590940215000046, 36.24619316400009 ], [ 114.747704866000049, 36.275363448000064 ], [ 114.86427345300001, 36.304522837000036 ], [ 114.964763614000049, 36.366045751000058 ], [ 115.033096924, 36.433988210000052 ], [ 115.061234169000045, 36.505102290000082 ], [ 115.121528265000052, 36.543864283000062 ], [ 115.310449767000023, 36.547093572000051 ], [ 115.431037960000026, 36.537405300000046 ], [ 115.540391640000053, 36.529873780000059 ], [ 115.587776885000039, 36.468250066000053 ], [ 115.623895461000075, 36.416843843000038 ], [ 115.627599930000088, 36.372860794000076 ], [ 115.614634288000047, 36.346757395000054 ], [ 115.587776885000039, 36.325122233000059 ], [ 115.497017388000017, 36.301241978000064 ], [ 115.412740712000073, 36.283326987000066 ], [ 115.353469203000031, 36.261674218000053 ], [ 115.309015572000021, 36.238521515000059 ], [ 115.279379817000063, 36.20938417900004 ], [ 115.239556773, 36.139859051000087 ], [ 115.233073951000051, 36.111433186000056 ], [ 115.229369482000038, 36.073266507000085 ], [ 115.24418735900008, 36.029838744000074 ], [ 115.294197695000094, 35.979642374000036 ], [ 115.401627304000044, 35.942161578000082 ], [ 115.460549769000067, 35.888504125000054 ] ] ], [ [ [ 109.812799043000041, 38.012193881000087 ], [ 109.943049290000033, 37.993533046000039 ], [ 110.100446592000026, 37.993533046000039 ], [ 110.183183381000049, 37.953676276000067 ], [ 110.274299350000035, 37.923419230000036 ], [ 110.394188782000072, 37.84393523500006 ], [ 110.504487059000041, 37.75678294100004 ], [ 110.523669368000071, 37.658139184000049 ], [ 110.538056100000063, 37.597370096000077 ], [ 110.586011872000029, 37.475682934000076 ], [ 110.643558799000061, 37.380476739000073 ], [ 110.686718995000035, 37.319481255000085 ], [ 110.691514572000074, 37.273702129000071 ], [ 110.710696881000047, 37.208800687000064 ], [ 110.710696881000047, 37.159132475000035 ], [ 110.782630540000071, 37.063524916000063 ], [ 110.801812850000033, 37.052043899000068 ], [ 110.950475745000062, 37.113255911000067 ], [ 111.03200055800005, 37.090307199000051 ], [ 111.123116527000036, 37.059698103000073 ], [ 111.209436918000051, 37.02907665400005 ], [ 111.367690967000044, 37.009931976000075 ], [ 111.549922904000027, 37.021419361000085 ], [ 111.703381376000038, 37.063524916000063 ], [ 111.799292922000063, 37.075004195000076 ], [ 111.90000004400008, 37.059698103000073 ], [ 112.067845249000015, 37.013761297000087 ], [ 112.124899352000057, 37.010913902000084 ], [ 112.093226252000022, 36.936959497000089 ], [ 112.042410487000097, 36.886171466000064 ], [ 111.99159472100007, 36.799754233000044 ], [ 111.931251, 36.708147239000084 ], [ 111.877259249000076, 36.634273197000084 ], [ 111.816915528000038, 36.585834521000038 ], [ 111.747043851000058, 36.534813580000048 ], [ 111.651764291000063, 36.465881883000065 ], [ 111.575540643000068, 36.399445234000041 ], [ 111.451677216000064, 36.330393165000089 ], [ 111.26429408100006, 36.166469592000055 ], [ 111.203950360000078, 36.094644963000064 ], [ 111.169014521000065, 36.020185905000062 ], [ 111.165838536000081, 35.937942461000034 ], [ 111.321461817000056, 35.816992117000041 ], [ 111.448501230000034, 35.747426530000041 ], [ 111.489789039000073, 35.693277890000047 ], [ 111.581892615000072, 35.641673554000079 ], [ 111.737515896000048, 35.633930026000087 ], [ 111.775627719000056, 35.659738865000065 ], [ 111.848675382000067, 35.742271103000064 ], [ 111.905843118000064, 35.775775414000066 ], [ 111.969362825000076, 35.791234183000086 ], [ 112.042410487000097, 35.750004119000039 ], [ 112.048762458000056, 35.682959692000054 ], [ 112.048762458000056, 35.600366073000089 ], [ 112.042410487000097, 35.525441899000043 ], [ 112.05193844300004, 35.450447709000059 ], [ 112.058290414, 35.39609789900004 ], [ 112.05193844300004, 35.320983138000088 ], [ 112.026530560000083, 35.271732146000033 ], [ 111.966186839000045, 35.222451191000061 ], [ 111.909019103000048, 35.175736348000044 ], [ 111.813739543000054, 35.126397098000041 ], [ 111.77880370500003, 35.064031087000046 ], [ 111.820144343000038, 34.998081821000085 ], [ 111.75881001700003, 34.954107112000088 ], [ 111.666808527000057, 34.872377180000058 ], [ 111.567140246000065, 34.77167485800004 ], [ 111.494305733000033, 34.670849503000056 ], [ 111.467471964000026, 34.560431086000051 ], [ 111.406137638000075, 34.462509338000075 ], [ 111.340969916000063, 34.418248911000035 ], [ 111.160800332000065, 34.358143701000074 ], [ 111.061132051000072, 34.320160288000068 ], [ 110.949963583000056, 34.24731068300008 ], [ 110.900129443000026, 34.180740705000062 ], [ 110.842628512000033, 34.095073497000044 ], [ 110.735293440000078, 33.99660782400008 ], [ 110.612624786000026, 33.93620141100007 ], [ 110.543623669000056, 33.891663979000043 ], [ 110.52539725500003, 33.851306270000066 ], [ 110.471912656000029, 33.867458338000063 ], [ 110.417955899000049, 33.877022244000045 ], [ 110.162106523000034, 33.984430368000062 ], [ 110.094021167000051, 34.008972764000077 ], [ 110.028896043000032, 34.026148221000085 ], [ 109.983012434000045, 34.055583776000049 ], [ 109.947489640000072, 34.083783262000054 ], [ 109.837961023000048, 34.10216917300005 ], [ 109.805398461000038, 34.111973360000036 ], [ 109.735832988000027, 34.158527725000056 ], [ 109.710671009000066, 34.183019720000061 ], [ 109.701790310000035, 34.209952705000035 ], [ 109.695869844000072, 34.25522968100006 ], [ 109.698830077000025, 34.29192286600005 ], [ 109.74915403600005, 34.322488284000087 ], [ 109.796517763000054, 34.342044312000041 ], [ 109.830560441000046, 34.36281759600007 ], [ 109.849801954000043, 34.395799876000069 ], [ 109.861642886000027, 34.423885644000052 ], [ 109.867563352000047, 34.470267552000053 ], [ 109.88088440000007, 34.499548115000039 ], [ 109.867563352000047, 34.566610626000056 ], [ 109.854242303000035, 34.594638927000062 ], [ 109.857202536000045, 34.625093749000087 ], [ 109.867563352000047, 34.645796647000054 ], [ 109.904566263000049, 34.664059617000078 ], [ 109.920847543000036, 34.687186935000057 ], [ 109.923807776000046, 34.722474072000068 ], [ 109.937128824000069, 34.756530127000076 ], [ 109.957850454000038, 34.791787667000051 ], [ 109.956370338000056, 34.803941947000055 ], [ 109.914927078000062, 34.831889988000057 ], [ 109.895685564000075, 34.844038353000087 ], [ 109.842164553000032, 34.935967563000077 ], [ 109.910368319000042, 34.96741256100006 ], [ 109.944470202000048, 35.030266357000073 ], [ 109.938076099000057, 35.086095853000074 ], [ 109.912499686000046, 35.152343779000034 ], [ 109.910368319000042, 35.185447533000058 ], [ 109.903974216000051, 35.230725564000068 ], [ 109.882660539000028, 35.255095582000081 ], [ 109.801668568000025, 35.25857641500005 ], [ 109.673786507000045, 35.227243535000071 ], [ 109.53737897600007, 35.223761356000068 ], [ 109.428679224000064, 35.215055257000074 ], [ 109.326373576000037, 35.195898550000038 ], [ 109.249644339000042, 35.169768487000056 ], [ 109.187834677000069, 35.154086418000077 ], [ 109.126025014000049, 35.141887162000046 ], [ 109.059952616000032, 35.129686077000088 ], [ 108.897968673000037, 35.129686077000088 ], [ 108.77221798000005, 35.157571583000049 ], [ 108.672043700000074, 35.185447533000058 ], [ 108.63794181600008, 35.21331392400009 ], [ 108.616628140000046, 35.274238315000048 ], [ 108.614496772000052, 35.366408067000066 ], [ 108.610234037000055, 35.437637089000077 ], [ 108.644335919000071, 35.541761180000037 ], [ 108.676306435000072, 35.63189286000005 ], [ 108.731721994000054, 35.702886653000064 ], [ 108.780743451000035, 35.837773596000034 ], [ 108.806319863000056, 35.96380653600005 ], [ 108.806319863000056, 36.072413249000078 ], [ 108.853209951000053, 36.400955785000065 ], [ 108.86078814800004, 36.522851353000078 ], [ 108.826686266000081, 36.641514913000037 ], [ 108.838053560000048, 36.766066988000034 ], [ 108.841842657000029, 36.960085934000062 ], [ 108.901047315000028, 37.309169254000039 ], [ 108.895126849000064, 37.431503511000074 ], [ 108.895126849000064, 37.53486121800006 ], [ 108.895126849000064, 37.647451928000066 ], [ 108.924729178000064, 37.745829008000044 ], [ 108.995774767000057, 37.801985855000055 ], [ 109.108263617000034, 37.876795282000046 ], [ 109.238513864000026, 37.946860189000063 ], [ 109.339161782000076, 37.946860189000063 ], [ 109.445730165000043, 37.946860189000063 ], [ 109.487173426000027, 37.95152881000007 ], [ 109.676628331000074, 38.012193881000087 ], [ 109.812799043000041, 38.012193881000087 ] ] ] ] } },
{ "type": "Feature", "properties": { "Name": "卫" }, "geometry": { "type": "MultiPolygon", "coordinates": [ [ [ [ 115.289013177000015, 35.588509870000053 ], [ 115.288405781000051, 35.567269777000035 ], [ 115.319704688, 35.529071324000085 ], [ 115.342061050000098, 35.499045491000061 ], [ 115.367770866, 35.463545940000074 ], [ 115.395716318000041, 35.428941557000087 ], [ 115.442664679000018, 35.36242298600007 ], [ 115.445932159000108, 35.334702444000072 ], [ 115.409122469000067, 35.312375126000063 ], [ 115.286453816000062, 35.29035030700004 ], [ 115.195679013000017, 35.282339796000088 ], [ 115.12943794, 35.282339796000088 ], [ 115.070556986000042, 35.268319495000071 ], [ 115.03375639, 35.262310051000043 ], [ 114.977328809000028, 35.296357670000077 ], [ 114.920901229000037, 35.29035030700004 ], [ 114.881647260000022, 35.268319495000071 ], [ 114.854660156000023, 35.230252159000088 ], [ 114.854660156000023, 35.142027630000086 ], [ 114.854660156000023, 35.057724004000079 ], [ 114.795779202000062, 35.039647602000059 ], [ 114.712364519000062, 35.049690542000064 ], [ 114.690284161000022, 35.075796405000062 ], [ 114.697644280000077, 35.109922243000085 ], [ 114.724631384000077, 35.154063887000063 ], [ 114.749165115000096, 35.204195791000075 ], [ 114.758978606000028, 35.262310051000043 ], [ 114.758978606000028, 35.326387797000052 ], [ 114.776152218000107, 35.410412819000044 ], [ 114.783512337000047, 35.462384457000041 ], [ 114.763885353000092, 35.518316385000048 ], [ 114.763885353000092, 35.58418615700009 ], [ 114.783512337000047, 35.610119992000079 ], [ 114.925807975, 35.622086621000051 ], [ 114.977328809000028, 35.648008172000061 ], [ 115.074697053000023, 35.819774628000062 ], [ 115.109197612, 35.860172947000081 ], [ 115.201199102000032, 35.84774488700009 ], [ 115.189698915, 35.78868500100009 ], [ 115.189698915, 35.742027750000034 ], [ 115.208865892000063, 35.673547628000051 ], [ 115.262533428000097, 35.61124194000007 ], [ 115.289013177000015, 35.588509870000053 ] ] ] ] } },
{ "type": "Feature", "properties": { "Name": null }, "geometry": { "type": "MultiPolygon", "coordinates": [ [ [ [ 115.061559031, 35.266850152000075 ], [ 115.051696681000067, 35.129864187000067 ], [ 115.040196494000043, 35.073412081000072 ], [ 115.040196494000043, 35.023199623000039 ], [ 115.036363099000027, 34.966673725000078 ], [ 115.024862913000106, 34.906965159000038 ], [ 115.024862913000106, 34.800009829000089 ], [ 114.913694445000033, 34.787417711000046 ], [ 114.879193887000042, 34.768525928000088 ], [ 114.760358629000052, 34.768525928000088 ], [ 114.699024302, 34.787417711000046 ], [ 114.656856952, 34.822041409000065 ], [ 114.584022439000023, 34.840920931000085 ], [ 114.561022067000067, 34.850359069000035 ], [ 114.438353413000073, 34.869232096000076 ], [ 114.411519646000102, 34.897533518000046 ], [ 114.403852855000082, 34.938396138000087 ], [ 114.415353041, 34.966673725000078 ], [ 114.557188671000063, 34.982379279000043 ], [ 114.599356021000062, 34.988660657000082 ], [ 114.637689976000047, 35.010641686000042 ], [ 114.672190534000038, 35.029477869000061 ], [ 114.702891584000099, 35.060890503000053 ], [ 114.712364519000062, 35.049690542000064 ], [ 114.795779202000062, 35.039647602000059 ], [ 114.854660156000023, 35.057724004000079 ], [ 114.854660156000023, 35.142027630000086 ], [ 114.854660156000023, 35.230252159000088 ], [ 114.881647260000022, 35.268319495000071 ], [ 114.920901229000037, 35.29035030700004 ], [ 114.977328809000028, 35.296357670000077 ], [ 115.03375639, 35.262310051000043 ], [ 115.061559031, 35.266850152000075 ] ] ] ] } },
{ "type": "Feature", "properties": { "Name": "韩" }, "geometry": { "type": "MultiPolygon", "coordinates": [ [ [ [ 113.823026530000107, 36.806702029000064 ], [ 113.947711539000011, 36.722183520000044 ], [ 114.034031930000083, 36.645267713000067 ], [ 114.077192126, 36.529749859000049 ], [ 113.976485003000107, 36.414059221000059 ], [ 113.839273813000091, 36.304522837000036 ], [ 113.702607194000052, 36.19106402400007 ], [ 113.59005821300002, 36.11966278400007 ], [ 113.51770529800001, 36.11966278400007 ], [ 113.413195531000042, 36.132649663000052 ], [ 113.296626944000081, 36.171597407000036 ], [ 113.228293635, 36.236467315000084 ], [ 113.139862293000078, 36.288324522000039 ], [ 113.027313313000036, 36.36928245200005 ], [ 112.886627088000068, 36.388699837000047 ], [ 112.790156533000072, 36.382227914000055 ], [ 112.717803617000072, 36.349860221000085 ], [ 112.705744798000069, 36.298043914000061 ], [ 112.757999681, 36.161862285000041 ], [ 112.858489843000029, 36.113168539000071 ], [ 113.051430952000032, 36.057945773000085 ], [ 113.143881899, 35.996180321000054 ], [ 113.155940718000011, 35.957145619000073 ], [ 113.155940718000011, 35.894223020000084 ], [ 113.132305433000056, 35.893868446000056 ], [ 113.062164458000098, 35.894340068000076 ], [ 113.004663527000048, 35.900550687000077 ], [ 112.904995247000102, 35.912970466000047 ], [ 112.851327711000067, 35.912970466000047 ], [ 112.801493571000037, 35.900550687000077 ], [ 112.755492825000033, 35.885023223000076 ], [ 112.720992266000053, 35.835314878000077 ], [ 112.720992266000053, 35.77624574400005 ], [ 112.728659058000062, 35.692229859000065 ], [ 112.759326221000038, 35.605008699000052 ], [ 112.829764861000058, 35.517887368000061 ], [ 112.829764861000058, 35.493312572000036 ], [ 112.829764861000058, 35.452923370000065 ], [ 112.823296007000067, 35.405484079000075 ], [ 112.836233716000038, 35.349223560000041 ], [ 112.883671985000092, 35.312281283000061 ], [ 112.946204247000082, 35.282363265000072 ], [ 113.028143074000013, 35.278842772000075 ], [ 113.100498413000082, 35.302364588000046 ], [ 113.100498413000082, 35.23225614800009 ], [ 113.085778174000097, 35.164092741000047 ], [ 113.078418055000043, 35.117949776000046 ], [ 113.083324801, 35.079811951000067 ], [ 113.122578770000018, 35.057724004000079 ], [ 113.183913097000072, 35.059732246000067 ], [ 113.272234527000023, 35.063748582000073 ], [ 113.328662108, 35.063748582000073 ], [ 113.399809927000092, 35.053707372000076 ], [ 113.478317865, 35.001473175000058 ], [ 113.507758342000102, 34.969312468000055 ], [ 113.704028188000052, 34.993434183000033 ], [ 113.735922037000023, 34.967302004000089 ], [ 113.824243468000077, 34.953227377000076 ], [ 113.856137318000037, 34.961270318000061 ], [ 113.888031167, 34.961270318000061 ], [ 113.964085733000047, 34.939150333000043 ], [ 114.003339701000073, 34.953227377000076 ], [ 114.035233551000033, 34.977353829000037 ], [ 114.084301013000072, 34.979364046000057 ], [ 114.152995459000067, 34.965291491000073 ], [ 114.192249427000093, 34.915012636000085 ], [ 114.160355578, 34.900929033000068 ], [ 114.081847640000092, 34.874767363000046 ], [ 114.010699820000013, 34.862689938000074 ], [ 113.848777199000097, 34.862689938000074 ], [ 113.784989499000062, 34.862689938000074 ], [ 113.731015291000062, 34.848597365000046 ], [ 113.735922037000023, 34.778098305000071 ], [ 113.760455768000043, 34.713589259000059 ], [ 113.821790095000097, 34.655084438000074 ], [ 113.885577795000017, 34.590479437000056 ], [ 113.927285137000013, 34.54805508000004 ], [ 113.949365494000062, 34.493477683000037 ], [ 113.981259344000023, 34.422676009000043 ], [ 114.005793075000042, 34.370041631000049 ], [ 114.027873432000092, 34.315347828000085 ], [ 114.052407163, 34.254535115000067 ], [ 114.057313909000072, 34.207882245000064 ], [ 114.072034148000057, 34.149022236000064 ], [ 114.084301013000072, 34.100279464000039 ], [ 114.096567879000077, 34.039311497000085 ], [ 114.138275221000072, 33.990505546000065 ], [ 114.162808951000102, 33.943706856000063 ], [ 114.182435936000047, 33.896882425000058 ], [ 114.193499840000072, 33.866699743000083 ], [ 114.097181221000028, 33.812074986000084 ], [ 113.947678800000062, 33.812074986000084 ], [ 113.817343356000038, 33.831183106000083 ], [ 113.694674703000032, 33.894845996000072 ], [ 113.579672840000057, 33.901209674000086 ], [ 113.407170047000022, 33.891663979000043 ], [ 113.288334788000043, 33.850286957000037 ], [ 113.188666508000097, 33.824814208000078 ], [ 113.000830132000033, 33.792962596000052 ], [ 112.816827152000087, 33.73241187900004 ], [ 112.713325476000023, 33.678198676000079 ], [ 112.682658313000047, 33.627143240000066 ], [ 112.636657567000043, 33.560087037000073 ], [ 112.571489845000087, 33.534528109000064 ], [ 112.598323613000048, 33.505765280000048 ], [ 112.398987051000063, 33.505765280000048 ], [ 112.168983326000102, 33.534528109000064 ], [ 111.96197997400003, 33.585638403000075 ], [ 111.800977366000041, 33.671818403000088 ], [ 111.574807037000028, 33.722847330000036 ], [ 111.348636707000026, 33.748350426000059 ], [ 111.20680107700008, 33.719658910000078 ], [ 111.145466749000036, 33.706904046000034 ], [ 111.061132051000072, 33.681388635000076 ], [ 110.999797724000075, 33.649483720000035 ], [ 110.976797351000073, 33.646292577000054 ], [ 110.87712907000008, 33.662247106000052 ], [ 110.788960975000066, 33.700525904000074 ], [ 110.597291204000044, 33.808889884000052 ], [ 110.520623296000053, 33.840735566000035 ], [ 110.543623669000056, 33.891663979000043 ], [ 110.612624786000026, 33.93620141100007 ], [ 110.735293440000078, 33.99660782400008 ], [ 110.842628512000033, 34.095073497000044 ], [ 110.900129443000026, 34.180740705000062 ], [ 110.949963583000056, 34.24731068300008 ], [ 111.061132051000072, 34.320160288000068 ], [ 111.160800332000065, 34.358143701000074 ], [ 111.340969916000063, 34.418248911000035 ], [ 111.406137638000075, 34.462509338000075 ], [ 111.467471964000026, 34.560431086000051 ], [ 111.494305733000033, 34.670849503000056 ], [ 111.567140246000065, 34.77167485800004 ], [ 111.666808527000057, 34.872377180000058 ], [ 111.75881001700003, 34.954107112000088 ], [ 111.820144343000038, 34.998081821000085 ], [ 111.77880370500003, 35.064031087000046 ], [ 111.813739543000054, 35.126397098000041 ], [ 111.909019103000048, 35.175736348000044 ], [ 111.966186839000045, 35.222451191000061 ], [ 112.026530560000083, 35.271732146000033 ], [ 112.05193844300004, 35.320983138000088 ], [ 112.058290414, 35.39609789900004 ], [ 112.05193844300004, 35.450447709000059 ], [ 112.042410487000097, 35.525441899000043 ], [ 112.048762458000056, 35.600366073000089 ], [ 112.048762458000056, 35.682959692000054 ], [ 112.042410487000097, 35.750004119000039 ], [ 111.969362825000076, 35.791234183000086 ], [ 111.905843118000064, 35.775775414000066 ], [ 111.848675382000067, 35.742271103000064 ], [ 111.775627719000056, 35.659738865000065 ], [ 111.737515896000048, 35.633930026000087 ], [ 111.581892615000072, 35.641673554000079 ], [ 111.489789039000073, 35.693277890000047 ], [ 111.448501230000034, 35.747426530000041 ], [ 111.321461817000056, 35.816992117000041 ], [ 111.165838536000081, 35.937942461000034 ], [ 111.169014521000065, 36.020185905000062 ], [ 111.203950360000078, 36.094644963000064 ], [ 111.26429408100006, 36.166469592000055 ], [ 111.451677216000064, 36.330393165000089 ], [ 111.575540643000068, 36.399445234000041 ], [ 111.651764291000063, 36.465881883000065 ], [ 111.747043851000058, 36.534813580000048 ], [ 111.816915528000038, 36.585834521000038 ], [ 111.877259249000076, 36.634273197000084 ], [ 111.931251, 36.708147239000084 ], [ 111.99159472100007, 36.799754233000044 ], [ 112.042410487000097, 36.886171466000064 ], [ 112.093226252000022, 36.936959497000089 ], [ 112.124899352000057, 37.010913902000084 ], [ 112.14457448600001, 37.009931976000075 ], [ 112.211712567000063, 36.97545940100008 ], [ 112.298032958000022, 36.94097120400005 ], [ 112.398740081000028, 36.917970396000044 ], [ 112.475469317000034, 36.891127350000033 ], [ 112.758408376000034, 36.837412932000063 ], [ 112.85911549900004, 36.802862300000072 ], [ 112.931049158000064, 36.779819881000037 ], [ 112.993391663000011, 36.779819881000037 ], [ 113.084507631000065, 36.825897788000077 ], [ 113.089303208000047, 36.90263266900007 ], [ 113.041347435000034, 36.979290458000037 ], [ 113.055734167000082, 37.071177962000036 ], [ 113.242761681000047, 37.132374526000035 ], [ 113.410606885000107, 37.208800687000064 ], [ 113.578452090000042, 37.28514952200004 ], [ 113.837413262000041, 37.29659517500005 ], [ 113.914142499000036, 37.243167236000033 ], [ 113.947711539000011, 37.159132475000035 ], [ 113.818230953000011, 37.036733174000062 ], [ 113.779866335000065, 36.960133241000051 ], [ 113.823026530000107, 36.806702029000064 ] ], [ [ 112.66952784700004, 34.976163902000053 ], [ 112.686439333000067, 34.988954084000056 ], [ 112.698147286000108, 35.001742268000044 ], [ 112.711156121000045, 35.023051468000062 ], [ 112.707253471000058, 35.050745125000049 ], [ 112.698147286000108, 35.088010225000062 ], [ 112.677333148, 35.111425292000035 ], [ 112.648713709000049, 35.13270588000006 ], [ 112.607085434000055, 35.152917287000037 ], [ 112.519926233000092, 35.156108104000054 ], [ 112.48610326000005, 35.142280330000062 ], [ 112.490005911000026, 35.100782914000035 ], [ 112.495209445, 35.080558567000082 ], [ 112.510820048000028, 35.05500485500005 ], [ 112.544643022000059, 35.019855442000051 ], [ 112.578465995000101, 35.006004552000036 ], [ 112.632927148000022, 34.974399734000087 ], [ 112.66952784700004, 34.976163902000053 ] ], [ [ 112.169988548000106, 34.516533182000046 ], [ 112.194705336000084, 34.510101657000064 ], [ 112.251944213, 34.511173613000039 ], [ 112.335200763000103, 34.517605055000047 ], [ 112.372926387, 34.516533182000046 ], [ 112.432767033, 34.513317482000048 ], [ 112.474395307, 34.516533182000046 ], [ 112.536837720000108, 34.541182765000087 ], [ 112.605784550000067, 34.559397331000071 ], [ 112.644811058000073, 34.559397331000071 ], [ 112.721563190000097, 34.555111910000051 ], [ 112.765793232000078, 34.540111195000065 ], [ 112.802217973000097, 34.520820590000085 ], [ 112.834740063000027, 34.494020671000044 ], [ 112.880270988, 34.472574532000067 ], [ 112.927102798000078, 34.466139615000088 ], [ 112.981739908, 34.497237117000054 ], [ 113.0064566960001, 34.527251288000059 ], [ 113.019465532000027, 34.592601862000038 ], [ 113.023368183, 34.640778381000075 ], [ 113.023368183, 34.691066215000035 ], [ 113.023368183, 34.725287269000034 ], [ 113.033775252000055, 34.75094376800007 ], [ 113.081907945000012, 34.777660815000047 ], [ 113.12353622, 34.807573640000044 ], [ 113.118332685000041, 34.815050150000047 ], [ 113.117033572000082, 34.815050150000047 ], [ 113.135244172000057, 34.822525982000059 ], [ 113.1677662620001, 34.839611050000087 ], [ 113.152155659000073, 34.85028741800005 ], [ 113.106624733000103, 34.873770551000064 ], [ 113.084509712, 34.906849038000075 ], [ 113.044182321000108, 34.934582013000067 ], [ 113.010359347000076, 34.948444987000073 ], [ 112.955722237000032, 34.951643801000046 ], [ 112.860757734, 34.940980600000046 ], [ 112.838642713000013, 34.916449975000035 ], [ 112.823032111000089, 34.879106691000061 ], [ 112.81912946, 34.839611050000087 ], [ 112.821913471000016, 34.805326207000064 ], [ 112.813925925000035, 34.80543736900006 ], [ 112.752784396000038, 34.810777942000072 ], [ 112.711156121000045, 34.827865446000089 ], [ 112.690341984000042, 34.841746435000061 ], [ 112.64741282500006, 34.862029823000057 ], [ 112.610988085000031, 34.87697227700005 ], [ 112.569359810000037, 34.887643796000077 ], [ 112.531634186000019, 34.887643796000077 ], [ 112.48610326000005, 34.887643796000077 ], [ 112.435368800000106, 34.899380866000058 ], [ 112.344306948000053, 34.920716697000046 ], [ 112.267348512000012, 34.954295872000046 ], [ 112.255846864000091, 34.948444987000073 ], [ 112.227227425000024, 34.910049475000051 ], [ 112.214218589000097, 34.896180013000048 ], [ 112.203811521000034, 34.87697227700005 ], [ 112.189501802000109, 34.848152255000059 ], [ 112.177793849000068, 34.80543736900006 ], [ 112.172590315000093, 34.766975034000041 ], [ 112.145271759000025, 34.70924791300007 ], [ 112.14006822500005, 34.67929945800006 ], [ 112.14006822500005, 34.648269992000053 ], [ 112.138767341000062, 34.605451668000057 ], [ 112.14917441, 34.571181102000082 ], [ 112.156979712000066, 34.537968016000036 ], [ 112.169988548000106, 34.516533182000046 ] ] ] ] } },
{ "type": "Feature", "properties": { "Name": "周" }, "geometry": { "type": "MultiPolygon", "coordinates": [ [ [ [ 112.435368800000106, 34.899380866000058 ], [ 112.48610326000005, 34.887643796000077 ], [ 112.531634186000019, 34.887643796000077 ], [ 112.569359810000037, 34.887643796000077 ], [ 112.610988085000031, 34.87697227700005 ], [ 112.64741282500006, 34.862029823000057 ], [ 112.690341984000042, 34.841746435000061 ], [ 112.711156121000045, 34.827865446000089 ], [ 112.752784396000038, 34.810777942000072 ], [ 112.813925925000035, 34.80543736900006 ], [ 112.890678057000059, 34.804369213000086 ], [ 113.012961114000063, 34.815050150000047 ], [ 113.118332685000041, 34.815050150000047 ], [ 113.12353622, 34.807573640000044 ], [ 113.081907945000012, 34.777660815000047 ], [ 113.033775252000055, 34.75094376800007 ], [ 113.023368183, 34.725287269000034 ], [ 113.023368183, 34.691066215000035 ], [ 113.023368183, 34.640778381000075 ], [ 113.019465532000027, 34.592601862000038 ], [ 113.0064566960001, 34.527251288000059 ], [ 112.981739908, 34.497237117000054 ], [ 112.927102798000078, 34.466139615000088 ], [ 112.880270988, 34.472574532000067 ], [ 112.834740063000027, 34.494020671000044 ], [ 112.802217973000097, 34.520820590000085 ], [ 112.765793232000078, 34.540111195000065 ], [ 112.721563190000097, 34.555111910000051 ], [ 112.644811058000073, 34.559397331000071 ], [ 112.605784550000067, 34.559397331000071 ], [ 112.536837720000108, 34.541182765000087 ], [ 112.474395307, 34.516533182000046 ], [ 112.432767033, 34.513317482000048 ], [ 112.372926387, 34.516533182000046 ], [ 112.335200763000103, 34.517605055000047 ], [ 112.251944213, 34.511173613000039 ], [ 112.194705336000084, 34.510101657000064 ], [ 112.169988548000106, 34.516533182000046 ], [ 112.156979712000066, 34.537968016000036 ], [ 112.14917441, 34.571181102000082 ], [ 112.138767341000062, 34.605451668000057 ], [ 112.14006822500005, 34.648269992000053 ], [ 112.14006822500005, 34.67929945800006 ], [ 112.145271759000025, 34.70924791300007 ], [ 112.172590315000093, 34.766975034000041 ], [ 112.177793849000068, 34.80543736900006 ], [ 112.189501802000109, 34.848152255000059 ], [ 112.203811521000034, 34.87697227700005 ], [ 112.214218589000097, 34.896180013000048 ], [ 112.227227425000024, 34.910049475000051 ], [ 112.255846864000091, 34.948444987000073 ], [ 112.267348512000012, 34.954295872000046 ], [ 112.344306948000053, 34.920716697000046 ], [ 112.435368800000106, 34.899380866000058 ] ] ] ] } },
{ "type": "Feature", "properties": { "Name": "秦" }, "geometry": { "type": "MultiPolygon", "coordinates": [ [ [ [ 108.615488239000058, 35.323532641000043 ], [ 108.616628140000046, 35.274238315000048 ], [ 108.63794181600008, 35.21331392400009 ], [ 108.672043700000074, 35.185447533000058 ], [ 108.77221798000005, 35.157571583000049 ], [ 108.897968673000037, 35.129686077000088 ], [ 109.059952616000032, 35.129686077000088 ], [ 109.126025014000049, 35.141887162000046 ], [ 109.187834677000069, 35.154086418000077 ], [ 109.249644339000042, 35.169768487000056 ], [ 109.326373576000037, 35.195898550000038 ], [ 109.428679224000064, 35.215055257000074 ], [ 109.53737897600007, 35.223761356000068 ], [ 109.673786507000045, 35.227243535000071 ], [ 109.801668568000025, 35.25857641500005 ], [ 109.882660539000028, 35.255095582000081 ], [ 109.903974216000051, 35.230725564000068 ], [ 109.910368319000042, 35.185447533000058 ], [ 109.912499686000046, 35.152343779000034 ], [ 109.938076099000057, 35.086095853000074 ], [ 109.944470202000048, 35.030266357000073 ], [ 109.910368319000042, 34.96741256100006 ], [ 109.842164553000032, 34.935967563000077 ], [ 109.895685564000075, 34.844038353000087 ], [ 109.914927078000062, 34.831889988000057 ], [ 109.956370338000056, 34.803941947000055 ], [ 109.957850454000038, 34.791787667000051 ], [ 109.937128824000069, 34.756530127000076 ], [ 109.923807776000046, 34.722474072000068 ], [ 109.920847543000036, 34.687186935000057 ], [ 109.904566263000049, 34.664059617000078 ], [ 109.867563352000047, 34.645796647000054 ], [ 109.857202536000045, 34.625093749000087 ], [ 109.854242303000035, 34.594638927000062 ], [ 109.867563352000047, 34.566610626000056 ], [ 109.88088440000007, 34.499548115000039 ], [ 109.867563352000047, 34.470267552000053 ], [ 109.861642886000027, 34.423885644000052 ], [ 109.849801954000043, 34.395799876000069 ], [ 109.830560441000046, 34.36281759600007 ], [ 109.796517763000054, 34.342044312000041 ], [ 109.74915403600005, 34.322488284000087 ], [ 109.698830077000025, 34.29192286600005 ], [ 109.695869844000072, 34.25522968100006 ], [ 109.701790310000035, 34.209952705000035 ], [ 109.710671009000066, 34.183019720000061 ], [ 109.735832988000027, 34.158527725000056 ], [ 109.805398461000038, 34.111973360000036 ], [ 109.837961023000048, 34.10216917300005 ], [ 109.947489640000072, 34.083783262000054 ], [ 109.983012434000045, 34.055583776000049 ], [ 110.028896043000032, 34.026148221000085 ], [ 110.094021167000051, 34.008972764000077 ], [ 110.162106523000034, 33.984430368000062 ], [ 110.417955899000049, 33.877022244000045 ], [ 110.471912656000029, 33.867458338000063 ], [ 110.52539725500003, 33.851306270000066 ], [ 110.520623296000053, 33.840735566000035 ], [ 110.597291204000044, 33.808889884000052 ], [ 110.788960975000066, 33.700525904000074 ], [ 110.87712907000008, 33.662247106000052 ], [ 110.976797351000073, 33.646292577000054 ], [ 110.980699418000029, 33.646833962000073 ], [ 110.98366401800007, 33.626475274000086 ], [ 110.999925062000045, 33.594311749000042 ], [ 111.008055584000033, 33.557054784000059 ], [ 111.001957693000065, 33.513003099000059 ], [ 110.94504403600007, 33.465537729000062 ], [ 110.84544513600008, 33.414653115000078 ], [ 110.701128362000077, 33.334873917000039 ], [ 110.609659985000064, 33.270318115000066 ], [ 110.546648436000055, 33.270318115000066 ], [ 110.440951644000052, 33.295806376000087 ], [ 110.357613789000027, 33.333175692000054 ], [ 110.219394907000037, 33.39938191300007 ], [ 110.040523413000074, 33.513003099000059 ], [ 109.904337162000047, 33.629860210000061 ], [ 109.747824606000052, 33.722893805000069 ], [ 109.589279418000046, 33.761768903000075 ], [ 109.286417457000027, 33.847907325000051 ], [ 109.162426989000039, 33.863099220000038 ], [ 108.831108200000074, 33.878288412000074 ], [ 108.342463801000065, 33.89630941300004 ], [ 108.061472945000048, 33.89630941300004 ], [ 107.985371255000075, 33.847704748000069 ], [ 107.912196552000069, 33.716334008000047 ], [ 107.824386911000033, 33.450546830000064 ], [ 107.798044018000041, 33.374806611000054 ], [ 107.74828522100006, 33.301446772000077 ], [ 107.71316136300004, 33.230473559000075 ], [ 107.672183530000041, 33.127582587000063 ], [ 107.631205697000041, 33.073639126000046 ], [ 107.552177019000055, 33.076091820000045 ], [ 107.347287854000058, 33.073639126000046 ], [ 107.168741581000063, 33.073639126000046 ], [ 107.022392177000029, 33.036840518000076 ], [ 106.758963249000033, 32.982841413000074 ], [ 106.60675986900003, 33.009845099000074 ], [ 106.372600822000038, 33.034386730000051 ], [ 106.156003704000057, 33.088354263000042 ], [ 106.074048038000058, 33.154541899000037 ], [ 105.915990682000029, 33.240266396000038 ], [ 105.798911159000056, 33.369917878000081 ], [ 105.681831636000027, 33.482289194000089 ], [ 105.570606088000034, 33.596952996000084 ], [ 105.322865818000025, 33.784773143000052 ], [ 105.235346532000051, 33.847525832000088 ], [ 105.104667052000082, 33.947038681000038 ], [ 104.997965457000078, 34.006690620000086 ], [ 104.900855017000026, 34.086161398000058 ], [ 104.855297033000056, 34.126861295000083 ], [ 104.79775010600008, 34.197295273000066 ], [ 104.74379986200006, 34.248843432000058 ], [ 104.735407601000077, 34.289464923000082 ], [ 104.72341865900006, 34.312243996000063 ], [ 104.658678365000071, 34.371638574000087 ], [ 104.656280577000075, 34.404287657000054 ], [ 104.66946841400005, 34.440879059000054 ], [ 104.704236349000041, 34.502158467000072 ], [ 104.784562268000059, 34.607808963000082 ], [ 105.148892931000034, 35.14363002500005 ], [ 105.236279006000075, 35.204606704000071 ], [ 105.315139610000074, 35.29685571300007 ], [ 105.376949272000047, 35.383786802000088 ], [ 105.494174495000038, 35.489716 ], [ 105.547458686000027, 35.58510638100006 ], [ 105.56237826000006, 35.673457864000056 ], [ 105.636976129000061, 35.787650042000053 ], [ 105.694523056000037, 35.837773596000034 ], [ 105.841587426000046, 35.943102578000037 ], [ 105.928973500000041, 35.986229699000035 ], [ 106.00783410400004, 36.044844771000044 ], [ 106.080300605000048, 36.096527742000035 ], [ 106.13784753200008, 36.136128349000046 ], [ 106.20391993000004, 36.173988498000085 ], [ 106.312619682000047, 36.182590528000048 ], [ 106.400005756000041, 36.246216189000052 ], [ 106.546558598000047, 36.292063334000034 ], [ 106.65568462300007, 36.306354988000066 ], [ 106.75662619600007, 36.301957836000042 ], [ 106.837106639000069, 36.292063334000034 ], [ 106.917587083000058, 36.285466303000078 ], [ 106.992611225000076, 36.26127241800009 ], [ 107.049902388000078, 36.210660981000046 ], [ 107.094916873000045, 36.137987364000082 ], [ 107.119470230000047, 36.04649915300007 ], [ 107.159331541000029, 35.705086644000062 ], [ 107.181156746000056, 35.671603294000079 ], [ 107.297557840000081, 35.63613502000004 ], [ 107.51095984400007, 35.584875269000065 ], [ 107.651611165000077, 35.557260264000035 ], [ 107.818937737000056, 35.541475987000069 ], [ 107.857738102000042, 35.51581991200004 ], [ 107.991114354000047, 35.472383253000089 ], [ 108.12206558400004, 35.37753088900007 ], [ 108.114790515000038, 35.326105906000066 ], [ 108.097815356000069, 35.260788601000058 ], [ 108.177841108000052, 35.217214456000079 ], [ 108.277267042000062, 35.191455097000073 ], [ 108.362142839000057, 35.217214456000079 ], [ 108.449443660000043, 35.262768687000062 ], [ 108.510069229000067, 35.314233953000041 ], [ 108.615488239000058, 35.323532641000043 ] ] ] ] } },
{ "type": "Feature", "properties": { "Name": "巴" }, "geometry": { "type": "MultiPolygon", "coordinates": [ [ [ [ 107.630086596000069, 33.073673858000063 ], [ 107.854893434000076, 32.822407212000087 ], [ 108.045609392000074, 32.50129177000008 ], [ 108.296551443000055, 32.340302159000089 ], [ 108.647870315000034, 32.102531561000035 ], [ 108.949000775000059, 32.025973370000088 ], [ 109.230055872000037, 31.872664953000083 ], [ 109.300319647000038, 31.804445829000088 ], [ 109.37058342000006, 31.659312897000063 ], [ 109.37058342000006, 31.479717638000068 ], [ 109.390658784000038, 31.24830213000007 ], [ 109.390658784000038, 30.999111539000069 ], [ 109.37058342000006, 30.680231240000069 ], [ 109.270206600000051, 30.637058140000079 ], [ 108.878737001000047, 30.619783502000075 ], [ 108.497305084000061, 30.542009490000055 ], [ 108.18613694000004, 30.403590714000075 ], [ 108.005458664000059, 30.256305473000054 ], [ 108.015496346000077, 30.013236145000064 ], [ 108.135948531000054, 29.92628080500009 ], [ 108.276476079000076, 29.778282304000072 ], [ 108.457154356000046, 29.59515824500005 ], [ 108.507342766000079, 29.472890446000065 ], [ 108.557531176000055, 29.262945238000043 ], [ 108.567568858000072, 28.982346730000074 ], [ 108.557531176000055, 28.71859235900007 ], [ 108.346739853000031, 28.357050263000076 ], [ 108.166061576000061, 28.011997620000045 ], [ 108.005458664000059, 27.665835971000035 ], [ 107.65413979300007, 27.327492232000054 ], [ 107.533687608000037, 27.300736664000055 ], [ 107.41323542400005, 27.389896782000051 ], [ 107.41323542400005, 27.496794094000052 ], [ 107.403197742000032, 27.692502957000045 ], [ 107.383122378000053, 27.923343586000044 ], [ 107.122142646000043, 28.445345577000069 ], [ 106.831049866000058, 28.841760966000038 ], [ 106.660409271000049, 28.885714480000047 ], [ 106.178600534000054, 28.885714480000047 ], [ 105.536188885000058, 28.859344602000078 ], [ 104.964041009000027, 28.753798228000051 ], [ 104.51234531700004, 28.71859235900007 ], [ 104.150988764000033, 28.780194843000061 ], [ 104.161026446000051, 28.973565704000066 ], [ 104.221252538000044, 29.262945238000043 ], [ 104.231290220000062, 29.50783918400009 ], [ 104.261403266000059, 29.560239675000048 ], [ 104.442081542000039, 29.813125214000081 ], [ 104.442081542000039, 29.891477372000054 ], [ 104.422006178000061, 29.961072072000036 ], [ 104.351742405000039, 30.100115320000043 ], [ 104.201177174000065, 30.256305473000054 ], [ 104.261403266000059, 30.377615301000048 ], [ 104.361780086000067, 30.516070962000072 ], [ 104.482232271000044, 30.585224977000053 ], [ 104.793400414000075, 30.559297994000076 ], [ 105.124643921000029, 30.342970678000086 ], [ 105.27520915100007, 30.360294524000039 ], [ 105.445849746000079, 30.455520811000042 ], [ 105.445849746000079, 30.680231240000069 ], [ 105.45588742800004, 30.956081574000052 ], [ 105.445849746000079, 31.445469826000078 ], [ 105.34547292600007, 31.821505338000065 ], [ 105.34547292600007, 31.983413366000036 ], [ 105.475962792000075, 32.15353473600004 ], [ 105.757017889000053, 32.314856499000086 ], [ 105.887507755000058, 32.399647542000082 ], [ 106.218751262000069, 32.746457866000071 ], [ 106.409467221000057, 32.957268021000061 ], [ 106.453807698000048, 33.025875638000059 ], [ 106.60675986900003, 33.009845099000074 ], [ 106.758963249000033, 32.982841413000074 ], [ 107.022392177000029, 33.036840518000076 ], [ 107.168741581000063, 33.073639126000046 ], [ 107.347287854000058, 33.073639126000046 ], [ 107.552177019000055, 33.076091820000045 ], [ 107.630086596000069, 33.073673858000063 ] ] ] ] } },
{ "type": "Feature", "properties": { "Name": "楚" }, "geometry": { "type": "MultiPolygon", "coordinates": [ [ [ [ 117.765527177000081, 28.330270638000059 ], [ 117.758030306000023, 28.273096776000045 ], [ 117.602952897000023, 28.163779469000076 ], [ 117.378090654000061, 27.835158015000047 ], [ 117.230767116000038, 27.615521977000071 ], [ 117.129966801000023, 27.471145834000083 ], [ 116.959381651000058, 27.347244081000042 ], [ 116.835319724000101, 27.154232438000065 ], [ 116.641472963000069, 26.91249827900009 ], [ 116.339072016000046, 26.691030098000056 ], [ 116.137471385000026, 26.378861464000067 ], [ 115.943140007000011, 26.054963375000057 ], [ 115.834101204000035, 25.866734252000072 ], [ 115.694531536, 25.756795150000073 ], [ 115.59857738900007, 25.642822257000091 ], [ 115.485177034, 25.540547038000057 ], [ 115.371776680000039, 25.42636783800009 ], [ 115.123168209000028, 25.386970578000046 ], [ 114.9225368110001, 25.363326047000044 ], [ 114.647759027, 25.31602311100005 ], [ 114.4209583170001, 25.209523973000046 ], [ 114.319160662000058, 24.976095631000078 ], [ 113.907615699000075, 24.793981287000065 ], [ 113.586409874000083, 24.711942381000085 ], [ 113.144751865000103, 24.957896288000086 ], [ 112.823546039, 25.085235099000045 ], [ 112.652905445000101, 25.357657705000065 ], [ 112.432076441000049, 25.52081757600007 ], [ 112.140983661000064, 25.638517553000042 ], [ 111.769589426000039, 25.529875528000048 ], [ 111.33796909800003, 25.529875528000048 ], [ 111.117140094000035, 25.620417401000054 ], [ 110.946499500000073, 25.68375592700005 ], [ 110.243861757000047, 25.611366296000085 ], [ 109.832316794000064, 25.475517567000054 ], [ 109.29028196400003, 25.375797487000057 ], [ 108.557531176000055, 25.384866357000078 ], [ 108.286513761000037, 25.50269962200008 ], [ 108.105835484000067, 25.638517553000042 ], [ 107.844855751000068, 25.882600488000037 ], [ 107.593913701000076, 26.28828489700004 ], [ 107.423273106000067, 26.477121322000073 ], [ 107.332933968000077, 26.692555331000051 ], [ 107.322896286000059, 26.889679455000078 ], [ 107.322896286000059, 27.077523153000072 ], [ 107.393160060000071, 27.229356958000039 ], [ 107.456175508000058, 27.35811202900004 ], [ 107.533687608000037, 27.300736664000055 ], [ 107.65413979300007, 27.327492232000054 ], [ 108.005458664000059, 27.665835971000035 ], [ 108.166061576000061, 28.011997620000045 ], [ 108.346739853000031, 28.357050263000076 ], [ 108.557531176000055, 28.71859235900007 ], [ 108.567568858000072, 28.982346730000074 ], [ 108.557531176000055, 29.262945238000043 ], [ 108.507342766000079, 29.472890446000065 ], [ 108.457154356000046, 29.59515824500005 ], [ 108.276476079000076, 29.778282304000072 ], [ 108.135948531000054, 29.92628080500009 ], [ 108.015496346000077, 30.013236145000064 ], [ 108.005458664000059, 30.256305473000054 ], [ 108.18613694000004, 30.403590714000075 ], [ 108.497305084000061, 30.542009490000055 ], [ 108.878737001000047, 30.619783502000075 ], [ 109.270206600000051, 30.637058140000079 ], [ 109.37058342000006, 30.680231240000069 ], [ 109.390658784000038, 30.999111539000069 ], [ 109.390658784000038, 31.24830213000007 ], [ 109.37058342000006, 31.479717638000068 ], [ 109.37058342000006, 31.659312897000063 ], [ 109.300319647000038, 31.804445829000088 ], [ 109.230055872000037, 31.872664953000083 ], [ 108.949000775000059, 32.025973370000088 ], [ 108.647870315000034, 32.102531561000035 ], [ 108.296551443000055, 32.340302159000089 ], [ 108.045609392000074, 32.50129177000008 ], [ 107.854893434000076, 32.822407212000087 ], [ 107.630086596000069, 33.073673858000063 ], [ 107.631205697000041, 33.073639126000046 ], [ 107.672183530000041, 33.127582587000063 ], [ 107.71316136300004, 33.230473559000075 ], [ 107.74828522100006, 33.301446772000077 ], [ 107.798044018000041, 33.374806611000054 ], [ 107.824386911000033, 33.450546830000064 ], [ 107.912196552000069, 33.716334008000047 ], [ 107.985371255000075, 33.847704748000069 ], [ 108.061472945000048, 33.89630941300004 ], [ 108.342463801000065, 33.89630941300004 ], [ 108.831108200000074, 33.878288412000074 ], [ 109.162426989000039, 33.863099220000038 ], [ 109.286417457000027, 33.847907325000051 ], [ 109.589279418000046, 33.761768903000075 ], [ 109.747824606000052, 33.722893805000069 ], [ 109.904337162000047, 33.629860210000061 ], [ 110.040523413000074, 33.513003099000059 ], [ 110.219394907000037, 33.39938191300007 ], [ 110.357613789000027, 33.333175692000054 ], [ 110.440951644000052, 33.295806376000087 ], [ 110.546648436000055, 33.270318115000066 ], [ 110.609659985000064, 33.270318115000066 ], [ 110.701128362000077, 33.334873917000039 ], [ 110.84544513600008, 33.414653115000078 ], [ 110.94504403600007, 33.465537729000062 ], [ 111.001957693000065, 33.513003099000059 ], [ 111.008055584000033, 33.557054784000059 ], [ 110.999925062000045, 33.594311749000042 ], [ 110.98366401800007, 33.626475274000086 ], [ 110.980699418000029, 33.646833962000073 ], [ 110.999797724000075, 33.649483720000035 ], [ 111.061132051000072, 33.681388635000076 ], [ 111.145466749000036, 33.706904046000034 ], [ 111.20680107700008, 33.719658910000078 ], [ 111.348636707000026, 33.748350426000059 ], [ 111.574807037000028, 33.722847330000036 ], [ 111.800977366000041, 33.671818403000088 ], [ 111.96197997400003, 33.585638403000075 ], [ 112.168983326000102, 33.534528109000064 ], [ 112.398987051000063, 33.505765280000048 ], [ 112.598323613000048, 33.505765280000048 ], [ 112.571489845000087, 33.534528109000064 ], [ 112.636657567000043, 33.560087037000073 ], [ 112.682658313000047, 33.627143240000066 ], [ 112.713325476000023, 33.678198676000079 ], [ 112.816827152000087, 33.73241187900004 ], [ 113.000830132000033, 33.792962596000052 ], [ 113.188666508000097, 33.824814208000078 ], [ 113.288334788000043, 33.850286957000037 ], [ 113.407170047000022, 33.891663979000043 ], [ 113.579672840000057, 33.901209674000086 ], [ 113.694674703000032, 33.894845996000072 ], [ 113.817343356000038, 33.831183106000083 ], [ 113.947678800000062, 33.812074986000084 ], [ 114.097181221000028, 33.812074986000084 ], [ 114.193499840000072, 33.866699743000083 ], [ 114.199609547000023, 33.850032268000064 ], [ 114.231503397000097, 33.81742569000005 ], [ 114.310011335000013, 33.768492510000044 ], [ 114.371345662000067, 33.733814590000065 ], [ 114.395879392000097, 33.707286719000081 ], [ 114.471933958000022, 33.656248550000043 ], [ 114.528361538000013, 33.629696731000081 ], [ 114.616682969000067, 33.609266683000044 ], [ 114.655936937000092, 33.621525293000047 ], [ 114.695190907000097, 33.682792179000046 ], [ 114.724631384000077, 33.729733913000075 ], [ 114.763885353000092, 33.792962596000052 ], [ 114.803139322000106, 33.915208093000047 ], [ 114.820312933000082, 33.931494268000051 ], [ 114.903727617000072, 33.962022454000078 ], [ 114.969968690000087, 34.000675766000086 ], [ 115.099997463000022, 34.055573911000067 ], [ 115.178505401000052, 34.106373847000043 ], [ 115.266826831, 34.16526358100009 ], [ 115.338435122000078, 34.246136190000072 ], [ 115.346149366000077, 34.237209698000072 ], [ 115.402212774000077, 34.212249125000085 ], [ 115.507870736000086, 34.167658280000069 ], [ 115.602747272000101, 34.128398842000081 ], [ 115.704092664000086, 34.069475484000066 ], [ 115.773093780000067, 34.042678581000075 ], [ 115.898158306000028, 33.99263503700007 ], [ 115.990878558000077, 33.972967003000065 ], [ 116.055567105000023, 33.96044861200005 ], [ 116.152599927000097, 33.91751443000004 ], [ 116.215132190000077, 33.858444592000069 ], [ 116.273351883000032, 33.831581147000065 ], [ 116.389791269000057, 33.792166154000085 ], [ 116.484667805000072, 33.745561394000049 ], [ 116.555825208000101, 33.716868946000034 ], [ 116.631295180000052, 33.682784205000075 ], [ 116.734796856, 33.645095869000045 ], [ 116.825360823000096, 33.61098267400007 ], [ 116.911612220000052, 33.591226757000072 ], [ 116.989238477000072, 33.58404166400004 ], [ 117.086271299000032, 33.589430539000034 ], [ 117.120771858000012, 33.619961140000044 ], [ 117.161741271000096, 33.659455277000063 ], [ 117.198398115000032, 33.697137323000049 ], [ 117.237211243000047, 33.745561394000049 ], [ 117.273868087000096, 33.784997841000063 ], [ 117.306212361, 33.820833405000087 ], [ 117.353650629000072, 33.876348862000043 ], [ 117.388151188000052, 33.922882387000072 ], [ 117.431276886000092, 33.978331463000075 ], [ 117.478715155000032, 34.078405903000089 ], [ 117.539091133000056, 34.183713700000055 ], [ 117.555958038000085, 34.264839737000045 ], [ 117.630236029, 34.266758047000053 ], [ 117.689507537000054, 34.266758047000053 ], [ 117.706103559000098, 34.233442697000044 ], [ 117.744037325000022, 34.19815324800004 ], [ 117.791454532000103, 34.17854161300005 ], [ 117.872063783000044, 34.172657233000052 ], [ 117.943189594000046, 34.092196270000045 ], [ 118.016686265000089, 34.041132574000073 ], [ 118.094924656000103, 34.02737939900004 ], [ 118.106574500000079, 34.028284528000086 ], [ 118.221048572000086, 33.991008857000054 ], [ 118.317639179000025, 33.952170548000083 ], [ 118.364470988000107, 33.874440739000079 ], [ 118.38203291700006, 33.806369029000052 ], [ 118.399594845000024, 33.75527967700009 ], [ 118.399594845000024, 33.689548608000052 ], [ 118.437645690000068, 33.584761951000075 ], [ 118.493258464000064, 33.492053736000059 ], [ 118.522528345000069, 33.44566235800005 ], [ 118.57228714300004, 33.411463352000055 ], [ 118.627899916000047, 33.382139197000072 ], [ 118.695220641000105, 33.338134416000059 ], [ 118.730344499000012, 33.272085541000081 ], [ 118.736198474000048, 33.186392222000052 ], [ 118.742052451000063, 33.063827669000034 ], [ 118.768395344000055, 32.837862552000047 ], [ 118.768395344000055, 32.729588319000072 ], [ 118.777176307000104, 32.598992285000065 ], [ 118.788884260000032, 32.450917669000034 ], [ 118.79766522400007, 32.374316917000044 ], [ 118.812300165000011, 32.314968476000047 ], [ 118.812300165000011, 32.260531555000057 ], [ 118.79766522400007, 32.188723890000063 ], [ 118.777176307000104, 32.119338557000049 ], [ 118.73912546300005, 32.069745281000053 ], [ 118.603118083000027, 31.946969036000041 ], [ 118.529852319000042, 31.86781105600005 ], [ 118.495717134000074, 31.806982846000039 ], [ 118.474070431000087, 31.766644386000053 ], [ 118.4416003770001, 31.680955324000081 ], [ 118.426614197000049, 31.61504132500005 ], [ 118.412460584000087, 31.564688439000065 ], [ 118.359348759, 31.368875566000042 ], [ 118.31983442, 31.335130837000065 ], [ 118.264221647, 31.30700098300008 ], [ 118.177143751000017, 31.281364245000077 ], [ 118.115677001000108, 31.248839330000067 ], [ 118.057868987, 31.21505159600008 ], [ 118.027135612000052, 31.175617307000039 ], [ 118.005914949000044, 31.134913918000052 ], [ 117.984694285000046, 31.09732604800007 ], [ 117.921764041000074, 31.073512700000038 ], [ 117.8800544610001, 31.072259200000076 ], [ 117.810756624000078, 31.055563376000066 ], [ 117.763302938000038, 30.995762207000041 ], [ 117.68235253, 30.820928210000091 ], [ 117.701892284, 30.676990238000087 ], [ 117.757720151000058, 30.566492277000066 ], [ 117.810756624000078, 30.489549799000088 ], [ 117.835879165000051, 30.349936430000071 ], [ 117.872167279, 30.198061430000052 ], [ 117.872167279, 30.118414168000072 ], [ 117.77400534700007, 29.88658216400006 ], [ 117.655435228000101, 29.680766669000036 ], [ 117.582034678000014, 29.538409437000041 ], [ 117.542511305000062, 29.430280377000088 ], [ 117.525572717000045, 29.258019459000081 ], [ 117.525572717000045, 29.134797950000063 ], [ 117.536865108000029, 28.87802395600005 ], [ 117.627204247, 28.620613721000041 ], [ 117.717543385, 28.372507253000038 ], [ 117.765527177000081, 28.330270638000059 ] ] ] ] } },
{ "type": "Feature", "properties": { "Name": "蜀" }, "geometry": { "type": "MultiPolygon", "coordinates": [ [ [ [ 102.253011202000039, 29.460516237000036 ], [ 102.107464469000035, 29.553960101000087 ], [ 102.00991945100003, 29.616537613000048 ], [ 101.978903969000044, 29.905976342000088 ], [ 101.978903969000044, 29.907477215000085 ], [ 101.978903969000044, 30.098789688000068 ], [ 101.978903969000044, 30.261572156000057 ], [ 102.033181063000029, 30.415488652000079 ], [ 102.227027823000071, 30.822526311000047 ], [ 102.249024341000052, 30.892907543000035 ], [ 102.303783916000043, 31.067894538000075 ], [ 102.312320398000054, 31.095144368000035 ], [ 102.428628454000034, 31.347118283000043 ], [ 102.529428770000038, 31.585209483000085 ], [ 102.565549658000066, 31.669788596000046 ], [ 102.622475215000065, 31.802926782000043 ], [ 102.754291013000056, 32.033279759000038 ], [ 102.898065763000034, 32.260144447000073 ], [ 102.924876163000079, 32.302386541000089 ], [ 103.033430349000071, 32.426824615000044 ], [ 103.080873408000059, 32.487673370000039 ], [ 103.227277109000056, 32.67518605500004 ], [ 103.468655002000048, 32.93849613000009 ], [ 103.474795192000045, 32.898549942000045 ], [ 103.492968327000028, 32.801858345000085 ], [ 103.492968327000028, 32.727996550000057 ], [ 103.480852904000074, 32.654073510000046 ], [ 103.444506636000028, 32.582641494000086 ], [ 103.414218080000069, 32.500935161000086 ], [ 103.408160369000029, 32.442162834000044 ], [ 103.432391213000074, 32.365445656000077 ], [ 103.474795192000045, 32.270738074000064 ], [ 103.50508374900005, 32.222065986000075 ], [ 103.611093696000069, 32.152855541000065 ], [ 103.756478767000033, 32.132338640000057 ], [ 103.94729667200005, 32.132338640000057 ], [ 104.104797165000036, 32.181058741000072 ], [ 104.247153380000043, 32.214378536000083 ], [ 104.404653873000029, 32.375678379000078 ], [ 104.50157725400004, 32.475386689000061 ], [ 104.656048891000069, 32.646422806000089 ], [ 104.695424015000071, 32.758567484000082 ], [ 104.78023197300007, 32.883289853000065 ], [ 104.828693663000081, 32.936688660000073 ], [ 104.97710758900007, 32.96972891900009 ], [ 105.119463805000066, 32.997676411000043 ], [ 105.216387185000031, 33.05354484500009 ], [ 105.240618029000075, 33.127135465000038 ], [ 105.255762308000044, 33.180386756000075 ], [ 105.298166287000072, 33.205733147000046 ], [ 105.537445883000032, 33.205733147000046 ], [ 105.634369263000053, 33.200664455000037 ], [ 105.722206077000067, 33.223471255000049 ], [ 105.761581199000034, 33.264001999000072 ], [ 105.816484133000074, 33.350457925000057 ], [ 105.915990682000029, 33.240266396000038 ], [ 106.074048038000058, 33.154541899000037 ], [ 106.156003704000057, 33.088354263000042 ], [ 106.372600822000038, 33.034386730000051 ], [ 106.453807698000048, 33.025875638000059 ], [ 106.409467221000057, 32.957268021000061 ], [ 106.218751262000069, 32.746457866000071 ], [ 105.887507755000058, 32.399647542000082 ], [ 105.757017889000053, 32.314856499000086 ], [ 105.475962792000075, 32.15353473600004 ], [ 105.34547292600007, 31.983413366000036 ], [ 105.34547292600007, 31.821505338000065 ], [ 105.445849746000079, 31.445469826000078 ], [ 105.45588742800004, 30.956081574000052 ], [ 105.445849746000079, 30.680231240000069 ], [ 105.445849746000079, 30.455520811000042 ], [ 105.27520915100007, 30.360294524000039 ], [ 105.124643921000029, 30.342970678000086 ], [ 104.793400414000075, 30.559297994000076 ], [ 104.482232271000044, 30.585224977000053 ], [ 104.361780086000067, 30.516070962000072 ], [ 104.261403266000059, 30.377615301000048 ], [ 104.201177174000065, 30.256305473000054 ], [ 104.351742405000039, 30.100115320000043 ], [ 104.422006178000061, 29.961072072000036 ], [ 104.442081542000039, 29.891477372000054 ], [ 104.442081542000039, 29.813125214000081 ], [ 104.261403266000059, 29.560239675000048 ], [ 104.231290220000062, 29.50783918400009 ], [ 104.221252538000044, 29.262945238000043 ], [ 104.161026446000051, 28.973565704000066 ], [ 104.151892974000077, 28.797613987000091 ], [ 104.010418024000046, 28.797613987000091 ], [ 103.692509335000068, 28.811202949000062 ], [ 103.490908704000049, 28.838375555000084 ], [ 103.297061944000063, 28.946994999000083 ], [ 103.126476794000041, 29.075832794000064 ], [ 102.940383903000054, 29.204509700000074 ], [ 102.692260049000026, 29.285696226000084 ], [ 102.568198123000059, 29.333025268000085 ], [ 102.335582009000063, 29.420863787000087 ], [ 102.253011202000039, 29.460516237000036 ] ] ] ] } }
]
}
