{
"type": "FeatureCollection",
"name": "州镇",
"crs": { "type": "name", "properties": { "name": "urn:ogc:def:crs:OGC:1.3:CRS84" } },
"features": [
{ "type": "Feature", "properties": { "州镇": "恒州" }, "geometry": { "type": "MultiPolygon", "coordinates": [ [ [ [ 113.845178166000096, 39.307815348000076 ], [ 113.766249269000014, 39.409082612000077 ], [ 113.695063122000079, 39.439282796000043 ], [ 113.593676791, 39.443597108000063 ], [ 113.535433579000028, 39.463011512000037 ], [ 113.427575780000097, 39.49321169600006 ], [ 113.302460733000089, 39.49105454000005 ], [ 113.214017338000076, 39.482425916000068 ], [ 113.093216603000087, 39.460854356000084 ], [ 112.968101556000079, 39.43496848400008 ], [ 112.864558069000054, 39.409082612000077 ], [ 112.763171738000096, 39.365939493000042 ], [ 112.689828435000095, 39.333582153000066 ], [ 112.638056691000088, 39.307696281000062 ], [ 112.618642288000046, 39.29259619000004 ], [ 112.610013664, 39.232195822000051 ], [ 112.599227884000015, 39.176109767000071 ], [ 112.584127792, 39.152381051000077 ], [ 112.521570268, 39.091980683000088 ], [ 112.428812561000086, 39.053151876000072 ], [ 112.370569350000096, 39.044523252000033 ], [ 112.260554395000099, 39.04236609600008 ], [ 112.180739623000022, 39.035894628000051 ], [ 112.103082008, 39.033737472000041 ], [ 112.082764576000045, 39.041425149000077 ], [ 112.08784709400004, 39.047893808000083 ], [ 112.030968958000017, 39.153013030000068 ], [ 111.993050200000027, 39.215578980000089 ], [ 111.979778635000059, 39.306583998000065 ], [ 111.962715194000054, 39.31985556300009 ], [ 111.894461431000025, 39.367254010000067 ], [ 111.862230487000033, 39.388109326000063 ], [ 111.841375170000049, 39.424132146000034 ], [ 111.83189548100006, 39.479114344000038 ], [ 111.83189548100006, 39.577703114000087 ], [ 111.90477059300008, 39.811732945000074 ], [ 112.02030430700006, 39.912454645000082 ], [ 112.070665157, 40.048725179000087 ], [ 112.070665157, 40.155371685000034 ], [ 112.064740351000069, 40.259055787000079 ], [ 112.02326671000003, 40.312379040000053 ], [ 111.966981055000076, 40.398288725000043 ], [ 111.955131443000028, 40.48716081300006 ], [ 111.940319428000066, 40.507897633000084 ], [ 111.943281831000036, 40.590844915000048 ], [ 111.949206637000032, 40.661942585000077 ], [ 112.000212632000057, 40.729801362000046 ], [ 112.074364869000078, 40.790471374000049 ], [ 112.121552656000063, 40.844400273000076 ], [ 112.205816562000109, 40.874735279000049 ], [ 112.271815477000018, 40.930734358000052 ], [ 112.316729750000036, 40.927447948000065 ], [ 112.446334878000016, 40.922819193000066 ], [ 112.497251179000045, 40.922819193000066 ], [ 112.696287625000082, 40.922819193000066 ], [ 112.830521508000061, 40.95059172100008 ], [ 112.91383909000001, 40.973735493000049 ], [ 112.992527918000064, 40.996879266000064 ], [ 113.098989273000029, 41.010765530000072 ], [ 113.228594401, 41.01539428500007 ], [ 113.316540738000072, 41.038538057000039 ], [ 113.441517112000042, 41.043166812000038 ], [ 113.589637258000039, 41.047795567000037 ], [ 113.94717037800001, 41.046545964000074 ], [ 113.955959788000087, 41.007621432000064 ], [ 113.952192898000021, 40.952373711000064 ], [ 113.967260459000045, 40.902148509000085 ], [ 113.967260459000045, 40.843133897000087 ], [ 113.981072389000019, 40.772818615000062 ], [ 113.998651209000059, 40.735149714000045 ], [ 114.051387671000043, 40.681157622000057 ], [ 114.094079092000015, 40.63595494100008 ], [ 114.116680433000056, 40.550572098000089 ], [ 114.119191693000062, 40.504113787000051 ], [ 114.126725473000079, 40.456399845000078 ], [ 114.180717565, 40.45765547600007 ], [ 114.24098780700001, 40.438821025000038 ], [ 114.268611668000062, 40.391107083000065 ], [ 114.291213008, 40.315769281000087 ], [ 114.303769309000018, 40.216574508000065 ], [ 114.303769309000018, 40.177649977000044 ], [ 114.288701748000108, 40.12491351500006 ], [ 114.21964209600003, 40.088500244000045 ], [ 114.166905635000035, 40.078455204000079 ], [ 114.112913543000104, 40.073432684000068 ], [ 114.073989012000084, 40.052086973000087 ], [ 114.012463140000023, 40.005079323000075 ], [ 113.984211464000055, 39.978240231000086 ], [ 113.9354773230001, 39.936569009000038 ], [ 113.923865884000065, 39.893174435000049 ], [ 113.928838179000081, 39.86469674600005 ], [ 113.9744928880001, 39.83712311000005 ], [ 114.016983408000101, 39.822658252000053 ], [ 114.072442076000016, 39.825932935000083 ], [ 114.13480168600006, 39.83171887900005 ], [ 114.176589054000033, 39.838790587000062 ], [ 114.209376065000015, 39.854219769000053 ], [ 114.231876955000075, 39.869648951000045 ], [ 114.258235141, 39.894721372000049 ], [ 114.289093505000096, 39.919793792000064 ], [ 114.325094929000102, 39.937151622000044 ], [ 114.357239058, 39.953223686000058 ], [ 114.375882653000076, 39.962866925000071 ], [ 114.403526604000035, 39.968009986000084 ], [ 114.436313616, 39.963509808000083 ], [ 114.453671445000055, 39.955152334000047 ], [ 114.473600805000046, 39.933294326000066 ], [ 114.482601162000037, 39.908864788000074 ], [ 114.490958635000084, 39.872220481000056 ], [ 114.497387461000017, 39.83814770500004 ], [ 114.485172692000106, 39.804074928000034 ], [ 114.451742798000055, 39.739143787000046 ], [ 114.451742798000055, 39.707481820000055 ], [ 114.453912526000067, 39.663002382000059 ], [ 114.451381176000041, 39.624308886000051 ], [ 114.458975227, 39.583084041000063 ], [ 114.484529809000037, 39.538615853000067 ], [ 114.484529809000037, 39.532855625000082 ], [ 114.485764144000086, 39.514340607000065 ], [ 114.487821368000027, 39.474019011000053 ], [ 114.494815931000062, 39.427988619000075 ], [ 114.516031056000088, 39.390058546000034 ], [ 114.525031412000089, 39.341842353000061 ], [ 114.525674294000055, 39.28462580300004 ], [ 114.442099559000098, 39.270482387000072 ], [ 114.364310767, 39.237052492000089 ], [ 114.291022153000085, 39.227409254000065 ], [ 114.21129751300009, 39.225901308000061 ], [ 114.161792468000044, 39.242754089000073 ], [ 114.104914332000021, 39.250127181000039 ], [ 114.026970219000077, 39.262766767000073 ], [ 113.9553459, 39.283832743000062 ], [ 113.909000752, 39.309111915000074 ], [ 113.865319129, 39.312752050000086 ], [ 113.858442408000087, 39.313325110000051 ], [ 113.845178166000096, 39.307815348000076 ] ] ] ] } },
{ "type": "Feature", "properties": { "州镇": "汾州" }, "geometry": { "type": "MultiPolygon", "coordinates": [ [ [ [ 111.204287880000038, 39.170705498000075 ], [ 111.226672676000078, 39.187585836000039 ], [ 111.291128497000045, 39.252041657000063 ], [ 111.351313149000077, 39.295966746000033 ], [ 111.402275959000065, 39.332368753000083 ], [ 111.46901297200003, 39.361490359000072 ], [ 111.546670587000051, 39.38333156300007 ], [ 111.650976183000068, 39.431746876000034 ], [ 111.757449687000076, 39.458762541000056 ], [ 111.80035691900008, 39.46194085500008 ], [ 111.832287315000031, 39.476841707000062 ], [ 111.841375170000049, 39.424132146000034 ], [ 111.862230487000033, 39.388109326000063 ], [ 111.894461431000025, 39.367254010000067 ], [ 111.962715194000054, 39.31985556300009 ], [ 111.979778635000059, 39.306583998000065 ], [ 111.993050200000027, 39.215578980000089 ], [ 112.030968958000017, 39.153013030000068 ], [ 112.08784709400004, 39.047893808000083 ], [ 112.050770976000081, 39.000706021000042 ], [ 112.050770976000081, 38.913071559000059 ], [ 112.081105982000054, 38.784990423000067 ], [ 112.081105982000054, 38.700726517000078 ], [ 112.027177082000094, 38.626574280000057 ], [ 111.94965428900008, 38.542310375000056 ], [ 111.926060395000036, 38.481640363000054 ], [ 111.888984277000077, 38.397376458000053 ], [ 111.831684821000067, 38.363670895000041 ], [ 111.791238147000058, 38.272665877000065 ], [ 111.767644253000071, 38.185031416000072 ], [ 111.767644253000071, 38.134473072000048 ], [ 111.791238147000058, 38.077173617000085 ], [ 111.831684821000067, 38.050209167000048 ], [ 111.909207614000024, 37.999650824000071 ], [ 111.996842076000064, 37.942351368000061 ], [ 112.006953745000033, 37.895163581000077 ], [ 112.000212632000057, 37.827752456000042 ], [ 111.979989295000053, 37.736747438000066 ], [ 111.94628373300003, 37.703041876000043 ], [ 111.926060395000036, 37.608666302000074 ], [ 111.909207614000024, 37.56147851500009 ], [ 111.899095946000045, 37.497437947000037 ], [ 111.922689839000043, 37.416544598000087 ], [ 111.939542620000054, 37.254757899000083 ], [ 111.921611261000066, 37.090005111000039 ], [ 111.937385464000045, 37.076657708000084 ], [ 111.978641072000073, 37.051176303000034 ], [ 112.099981096000079, 37.023268098000074 ], [ 112.143663505000063, 37.022054698000034 ], [ 112.25286952700003, 37.051176303000034 ], [ 112.335380743000087, 37.028121699000053 ], [ 112.388770353000041, 37.02569489800004 ], [ 112.414251758000091, 36.990506291000088 ], [ 112.414251758000091, 36.948037283000076 ], [ 112.415465159000064, 36.898287873000072 ], [ 112.424762372000032, 36.865747626000086 ], [ 112.405044638000049, 36.865747626000086 ], [ 112.342626930000051, 36.835694656000044 ], [ 112.31257396, 36.814888753000048 ], [ 112.162309108000045, 36.817200520000085 ], [ 112.016667789000053, 36.817200520000085 ], [ 111.852532336000024, 36.810265220000076 ], [ 111.660655678000069, 36.805641686000058 ], [ 111.498831992000078, 36.796394618000079 ], [ 111.471090788000026, 36.729353376000063 ], [ 111.464155487000028, 36.671559202000083 ], [ 111.468779021000046, 36.613765028000046 ], [ 111.48496139000008, 36.560594388000084 ], [ 111.531196729000044, 36.507423748000065 ], [ 111.538132030000043, 36.454253108000046 ], [ 111.528884962000063, 36.297052956000073 ], [ 111.471090788000026, 36.220764646000077 ], [ 111.376308343000062, 36.142164570000034 ], [ 111.325449470000081, 36.063564493000058 ], [ 111.220071426000061, 35.93513299600005 ], [ 111.215255245000037, 35.893392759000051 ], [ 111.189568946000065, 35.809912286000042 ], [ 111.041872724000029, 35.713588663000053 ], [ 110.881734700000038, 35.683487530000036 ], [ 110.836783676000039, 35.695527983000034 ], [ 110.788220516000081, 35.693922589000067 ], [ 110.70835217900003, 35.676263259000052 ], [ 110.641326991000028, 35.642951339000035 ], [ 110.638116203000038, 35.624489311000048 ], [ 110.612831252000035, 35.619673130000081 ], [ 110.606409677000045, 35.639339203000077 ], [ 110.604804284000068, 35.654189095000049 ], [ 110.587144953000063, 35.667433593000055 ], [ 110.587417870000081, 35.683278829000074 ], [ 110.579326685000069, 35.690214130000072 ], [ 110.571235501000046, 35.704662673000087 ], [ 110.573547268000027, 35.724890634000076 ], [ 110.572969326000077, 35.738761236000073 ], [ 110.569501676000073, 35.75089801300004 ], [ 110.563722258000041, 35.770548032000079 ], [ 110.55967666600003, 35.782106866000049 ], [ 110.563144317000081, 35.796555410000053 ], [ 110.566034025000079, 35.811003953000068 ], [ 110.546846360000075, 35.839045687000066 ], [ 110.547216242000047, 35.870115834000046 ], [ 110.537969175000057, 35.875664075000088 ], [ 110.523543749000055, 35.87492431000004 ], [ 110.514666564000038, 35.875294192000069 ], [ 110.506899027000031, 35.877883371000053 ], [ 110.509118323000052, 35.894158211000047 ], [ 110.509488206000071, 35.908953519000079 ], [ 110.512077385000055, 35.917090939000047 ], [ 110.510227971000063, 35.924118710000073 ], [ 110.502830317000075, 35.933365778000052 ], [ 110.495432663000031, 35.942612846000088 ], [ 110.496542311000042, 35.951120148000086 ], [ 110.500980903000027, 35.955188858000042 ], [ 110.510597854000025, 35.958887685000036 ], [ 110.512817150000046, 35.972203463000085 ], [ 110.502460434000056, 35.978491469000062 ], [ 110.490254305000065, 35.984409593000066 ], [ 110.486925360000043, 35.991437364000035 ], [ 110.485075947000041, 35.998835018000079 ], [ 110.493583249000039, 36.007712204000086 ], [ 110.486925360000043, 36.018438802000048 ], [ 110.484788260000073, 36.038083684000071 ], [ 110.463746044000061, 36.065701593000085 ], [ 110.465061182000056, 36.091346795000049 ], [ 110.451909797000042, 36.115676858000086 ], [ 110.444676535000042, 36.129485812000041 ], [ 110.444676535000042, 36.142637198000045 ], [ 110.442046258000062, 36.15118559800004 ], [ 110.443361396000057, 36.164336983000055 ], [ 110.444018966000044, 36.174200522000035 ], [ 110.455197643000076, 36.193927600000052 ], [ 110.448621950000074, 36.213654678000069 ], [ 110.451252227000055, 36.226806064000073 ], [ 110.468349028000034, 36.254423973000087 ], [ 110.471081710000078, 36.280653150000035 ], [ 110.469206239000073, 36.284404091000056 ], [ 110.462917896000079, 36.293009193000046 ], [ 110.463469505000035, 36.298304640000083 ], [ 110.467220447000045, 36.306137489000037 ], [ 110.46788237800007, 36.310991649000073 ], [ 110.459387598000035, 36.320038038000064 ], [ 110.453871507000031, 36.33349730000009 ], [ 110.458411579000028, 36.345162072000051 ], [ 110.463964258000033, 36.355033501000037 ], [ 110.464992532000053, 36.368401061000043 ], [ 110.467871699000057, 36.374365050000051 ], [ 110.478565747000061, 36.387938265000059 ], [ 110.483022514000027, 36.408521108000059 ], [ 110.484894430000054, 36.422794463000059 ], [ 110.479512673000045, 36.430750104000083 ], [ 110.467579212000032, 36.446193406000077 ], [ 110.469919106000077, 36.45859484600004 ], [ 110.493786028000045, 36.472166233000053 ], [ 110.497061880000047, 36.508668584000077 ], [ 110.495189965000066, 36.533003484000062 ], [ 110.48372448300006, 36.558976311000038 ], [ 110.487000335000062, 36.567399930000079 ], [ 110.492148102000044, 36.582375254000056 ], [ 110.47483288400008, 36.589160947000039 ], [ 110.44979601600005, 36.612325901000077 ], [ 110.416880047000063, 36.663127273000043 ], [ 110.405804963000037, 36.668068464000044 ], [ 110.395581809000078, 36.674543128000039 ], [ 110.389618302000031, 36.679654705000075 ], [ 110.388595987000031, 36.688514772000076 ], [ 110.392514863000031, 36.692774420000035 ], [ 110.397456054000031, 36.695841366000082 ], [ 110.402226859000052, 36.69618213800004 ], [ 110.416539275000048, 36.685788598000045 ], [ 110.426592043000028, 36.68135856400005 ], [ 110.43204439200008, 36.68425512500005 ], [ 110.430510919000028, 36.689707473000055 ], [ 110.428636674000074, 36.704019889000051 ], [ 110.438966985000036, 36.717845773000079 ], [ 110.444957114000033, 36.724135409000041 ], [ 110.446604400000069, 36.728777759000081 ], [ 110.445556127000032, 36.734019123000053 ], [ 110.443908842000042, 36.736564928000064 ], [ 110.438367972000037, 36.736415174000058 ], [ 110.432377842000051, 36.731922577000034 ], [ 110.426687220000076, 36.726381708000076 ], [ 110.420098077000034, 36.721589604000087 ], [ 110.41290992200004, 36.721439851000071 ], [ 110.410064611000053, 36.72473442200004 ], [ 110.410963130000027, 36.728328500000089 ], [ 110.413209429000062, 36.730574798000077 ], [ 110.419349311000076, 36.735067395000044 ], [ 110.42503993400004, 36.740308759000072 ], [ 110.427885245000027, 36.747496914000067 ], [ 110.418900051000037, 36.758878160000052 ], [ 110.403625222000073, 36.762921497000036 ], [ 110.385654833000046, 36.763820016000068 ], [ 110.377418405000071, 36.767264341000043 ], [ 110.377568159000077, 36.772954964000064 ], [ 110.379514951000033, 36.774901756000077 ], [ 110.387152366000066, 36.773703730000079 ], [ 110.397934599000052, 36.774752002000071 ], [ 110.399881391000065, 36.776549041000067 ], [ 110.40392472800005, 36.781341145000056 ], [ 110.40542226000008, 36.783587443000044 ], [ 110.410364117000029, 36.789577573000088 ], [ 110.415006467000069, 36.798113507000039 ], [ 110.417252766000047, 36.804403143000059 ], [ 110.418001532000062, 36.815185376000045 ], [ 110.414557208000076, 36.819677973000069 ], [ 110.40976510400003, 36.820875999000066 ], [ 110.403175962000034, 36.824619829000085 ], [ 110.402127689000054, 36.827165634000039 ], [ 110.404823247000081, 36.830310452000049 ], [ 110.415006467000069, 36.835701569000037 ], [ 110.418243134000079, 36.848791111000082 ], [ 110.416122776000066, 36.859392900000046 ], [ 110.39976572900008, 36.867268515000035 ], [ 110.38916394000006, 36.867874332000042 ], [ 110.374018526000043, 36.871206323000081 ], [ 110.367657453000049, 36.878476121000062 ], [ 110.371292352000069, 36.880899387000056 ], [ 110.379470875000038, 36.88301974500007 ], [ 110.391890114000034, 36.884231378000038 ], [ 110.398554096000055, 36.888472094000065 ], [ 110.40400644500005, 36.89392444300006 ], [ 110.402794812000025, 36.907555315000081 ], [ 110.411882060000039, 36.933605427000089 ], [ 110.419454767000047, 36.953294464000066 ], [ 110.417334409000034, 36.967531153000039 ], [ 110.408247161000077, 36.986008557000048 ], [ 110.397645371000067, 36.993884172000037 ], [ 110.383408683000027, 36.997519072000046 ], [ 110.376138884000056, 37.006000503000053 ], [ 110.374018526000043, 37.01054412700006 ], [ 110.373109802000045, 37.019328467000037 ], [ 110.390981390000036, 37.021145917000069 ], [ 110.398857005000025, 37.021145917000069 ], [ 110.408852978000027, 37.014784843000086 ], [ 110.427330382000036, 37.00660632000006 ], [ 110.438537988000064, 37.007817953000085 ], [ 110.442475796000053, 37.010847036000087 ], [ 110.442778704000034, 37.016602293000062 ], [ 110.438537988000064, 37.018419742000049 ], [ 110.420060584000055, 37.023569183000063 ], [ 110.411882060000039, 37.028718623000088 ], [ 110.416728593000073, 37.035988422000059 ], [ 110.430048142000032, 37.039213133000089 ], [ 110.448454027000025, 37.039213133000089 ], [ 110.47474814800006, 37.061563136000075 ], [ 110.487895208000054, 37.078654314000062 ], [ 110.493154032000064, 37.085227844000087 ], [ 110.531280507000076, 37.107577847000073 ], [ 110.533909919000052, 37.137816086000043 ], [ 110.560204040000031, 37.162795500000072 ], [ 110.641243342000053, 37.252400933000047 ], [ 110.651514482000039, 37.276024558000074 ], [ 110.66743475100003, 37.28424147000004 ], [ 110.680273677000059, 37.290917712000066 ], [ 110.680787234000036, 37.294512611000073 ], [ 110.675651664000043, 37.307865094000078 ], [ 110.676678778000053, 37.319163349000064 ], [ 110.689517704000025, 37.333029390000036 ], [ 110.693626160000065, 37.339705631000072 ], [ 110.690544818000035, 37.346895430000075 ], [ 110.674110992000067, 37.349976772000048 ], [ 110.641756899000029, 37.362815698000077 ], [ 110.626863744000048, 37.375141067000072 ], [ 110.620187503000068, 37.389520664000088 ], [ 110.626863744000048, 37.414171403000068 ], [ 110.644324684000026, 37.43779502700005 ], [ 110.667948308000064, 37.43984925500007 ], [ 110.731629381000062, 37.447039054000072 ], [ 110.74909032100004, 37.462445765000041 ], [ 110.773351879000074, 37.533798097000044 ], [ 110.783382290000077, 37.545082309000065 ], [ 110.789651297000034, 37.562635529000033 ], [ 110.772098078000056, 37.57893494700005 ], [ 110.772098078000056, 37.598995769000055 ], [ 110.773351879000074, 37.615295187000072 ], [ 110.760813865000046, 37.632848406000051 ], [ 110.76959047500003, 37.651655427000037 ], [ 110.785889893000046, 37.661685838000039 ], [ 110.763321468000072, 37.677985255000067 ], [ 110.742006845000049, 37.677985255000067 ], [ 110.703139002000057, 37.708076489000064 ], [ 110.711915612000041, 37.726883509000061 ], [ 110.724453625000081, 37.733152516000075 ], [ 110.752037256000051, 37.745690530000047 ], [ 110.724453625000081, 37.767005153000071 ], [ 110.668032563000054, 37.798350188000086 ], [ 110.627910919000044, 37.867309264000085 ], [ 110.597819686000037, 37.896146696000073 ], [ 110.585281672000065, 37.91495371600007 ], [ 110.545160028000055, 37.94128354500009 ], [ 110.520084001000043, 37.960090566000076 ], [ 110.512561192000078, 37.977643785000055 ], [ 110.520084001000043, 37.991435600000045 ], [ 110.498769377000031, 38.016511628000046 ], [ 110.488738966000028, 38.040333854000039 ], [ 110.502530781000075, 38.085470704000045 ], [ 110.518830199000035, 38.121830944000067 ], [ 110.499082827000052, 38.160620424000058 ], [ 110.512796280000032, 38.191965458000084 ], [ 110.544141315000047, 38.211556105000057 ], [ 110.567650090000029, 38.229187687000035 ], [ 110.56373196100003, 38.291877756000076 ], [ 110.606831383000042, 38.297754950000069 ], [ 110.651889871000037, 38.301673079000068 ], [ 110.673439582000071, 38.323222790000045 ], [ 110.710661810000033, 38.348690631000068 ], [ 110.732211521000067, 38.368281277000051 ], [ 110.749843103000046, 38.411380700000052 ], [ 110.806655978000038, 38.442725734000078 ], [ 110.820369431000074, 38.446643864000066 ], [ 110.855632595000031, 38.446643864000066 ], [ 110.885018565000053, 38.472111704000042 ], [ 110.898732017000043, 38.513252062000049 ], [ 110.896772952000049, 38.530883644000085 ], [ 110.896772952000049, 38.550474290000068 ], [ 110.910486405000029, 38.581819325000083 ], [ 110.896772952000049, 38.591614648000075 ], [ 110.886977629000057, 38.632755006000082 ], [ 110.902650146000042, 38.662140976000046 ], [ 110.910486405000029, 38.685649752000074 ], [ 110.930077052000058, 38.716994786000043 ], [ 110.967299280000077, 38.765971403000037 ], [ 110.981012733000057, 38.79143924300007 ], [ 111.004521509000028, 38.807111760000055 ], [ 110.998644315000035, 38.858047441000053 ], [ 111.014316832000077, 38.881556217000082 ], [ 110.988848991000054, 38.961877868000045 ], [ 111.028030284000067, 38.983427579000079 ], [ 111.096654317000059, 38.984685908000074 ], [ 111.150863116000039, 39.034615065000082 ], [ 111.180820610000069, 39.108795528000087 ], [ 111.20649846200007, 39.170137063000084 ], [ 111.204287880000038, 39.170705498000075 ] ] ] ] } },
{ "type": "Feature", "properties": { "州镇": "并州" }, "geometry": { "type": "MultiPolygon", "coordinates": [ [ [ [ 111.998534980000045, 37.934451150000086 ], [ 112.08784709400004, 37.928869143000043 ], [ 112.14514655000005, 37.928869143000043 ], [ 112.215928230000031, 37.959204149000072 ], [ 112.320415473000025, 38.003021380000064 ], [ 112.387826598000061, 38.026615273000061 ], [ 112.465349391000018, 38.016503605000082 ], [ 112.519278290000102, 37.976056930000084 ], [ 112.573207190000062, 37.972686374000034 ], [ 112.738364444000013, 37.979427486000077 ], [ 112.873186693000093, 38.016503605000082 ], [ 113.041714504000083, 38.053579723000041 ], [ 113.099013960000093, 38.053579723000041 ], [ 113.152942859000063, 38.080544173000078 ], [ 113.186648422000076, 38.100767510000082 ], [ 113.331582339000079, 38.09402639800004 ], [ 113.392252351000025, 38.09402639800004 ], [ 113.493369038000083, 38.124361404000069 ], [ 113.57426238700009, 38.198513641000034 ], [ 113.604597393000063, 38.252442540000061 ], [ 113.650839052000038, 38.328841803000046 ], [ 113.651353986, 38.328373682000063 ], [ 113.683355252000069, 38.307801439000059 ], [ 113.702784592000057, 38.296372415000064 ], [ 113.714213616000052, 38.282657587000074 ], [ 113.737071663000052, 38.256370833000062 ], [ 113.758786808000082, 38.244941809000068 ], [ 113.772501636000015, 38.230084078000061 ], [ 113.767930027000034, 38.210654738000073 ], [ 113.764501320000022, 38.186653788000058 ], [ 113.767930027000034, 38.174081862000037 ], [ 113.795359684, 38.159224132000077 ], [ 113.810217414000022, 38.154652522000049 ], [ 113.82736095000007, 38.139794791000043 ], [ 113.826218048000101, 38.111222232000046 ], [ 113.846790290000058, 38.09979320900004 ], [ 113.874219947000029, 38.080363869000053 ], [ 113.87307704400007, 38.042648091000046 ], [ 113.874219947000029, 38.025504555000055 ], [ 113.884506068000064, 38.001503605000039 ], [ 113.90050670100004, 37.995789094000088 ], [ 113.92336474800004, 37.994646191000072 ], [ 113.931365065000023, 37.982074265000051 ], [ 113.939365382, 37.96378782700009 ], [ 113.970223745, 37.945501390000061 ], [ 114.017082742000071, 37.915785928000048 ], [ 114.044512399000041, 37.887213369000051 ], [ 114.045655301000011, 37.852926298000057 ], [ 114.028511766000065, 37.75120798800009 ], [ 114.027368864000096, 37.718063819000065 ], [ 114.022797254000011, 37.675776432000077 ], [ 114.022797254000011, 37.638060654000071 ], [ 114.01822564500003, 37.606059387000073 ], [ 114.026225961000023, 37.556914586000062 ], [ 114.035369180000089, 37.463196592000088 ], [ 114.023559189000025, 37.391955678000045 ], [ 114.007685545000072, 37.350684204000061 ], [ 113.979112986000018, 37.284014899000056 ], [ 113.92831732500008, 37.191947764000076 ], [ 113.92831732500008, 37.141152104000071 ], [ 113.950540427000078, 37.077657528000088 ], [ 113.906094224000071, 37.017337681000072 ], [ 113.934666783000011, 36.93796946100008 ], [ 113.902919495000106, 36.887173800000085 ], [ 113.861648021000065, 36.817329767000047 ], [ 113.848949106000077, 36.77288356400004 ], [ 113.839424919000066, 36.674466972000062 ], [ 113.788629259, 36.610972396000079 ], [ 113.769580886000085, 36.54747782000004 ], [ 113.725134683000078, 36.407789753000088 ], [ 113.699736853000104, 36.293499517000043 ], [ 113.690212666000093, 36.210956568000086 ], [ 113.696562124000025, 36.058569587000079 ], [ 113.607669718000011, 35.960152994000055 ], [ 113.493379481000034, 35.896658418000072 ], [ 113.321944127000052, 35.871260588000041 ], [ 113.258068583000068, 35.898309277000067 ], [ 113.209304749000012, 35.904404757000066 ], [ 113.060981420000076, 35.936913979000053 ], [ 112.90453078500002, 35.96739137600008 ], [ 112.774493894000102, 36.001932425000064 ], [ 112.685093532, 36.024282516000085 ], [ 112.563183946000095, 36.044600780000053 ], [ 112.404701485000032, 36.075078176000034 ], [ 112.327492081000059, 36.121810184000083 ], [ 112.311237469000048, 36.15431940700006 ], [ 112.313269296000044, 36.188860456000043 ], [ 112.319364775000054, 36.249815249000051 ], [ 112.32139660200005, 36.300610909000056 ], [ 112.335619386000076, 36.322961 ], [ 112.343746692000082, 36.36359752900006 ], [ 112.3620331300001, 36.406265884000049 ], [ 112.374224089000109, 36.448934238000049 ], [ 112.379615201000092, 36.500488448000056 ], [ 112.416603473, 36.586023825000041 ], [ 112.428162307000093, 36.604517961000056 ], [ 112.418915240000047, 36.632259164000061 ], [ 112.425850540000056, 36.69698863900004 ], [ 112.418915240000047, 36.752471046000039 ], [ 112.444344676000014, 36.805641686000058 ], [ 112.430474074000017, 36.865747626000086 ], [ 112.424762372000032, 36.865747626000086 ], [ 112.415465159000064, 36.898287873000072 ], [ 112.414251758000091, 36.948037283000076 ], [ 112.414251758000091, 36.990506291000088 ], [ 112.388770353000041, 37.02569489800004 ], [ 112.335380743000087, 37.028121699000053 ], [ 112.25286952700003, 37.051176303000034 ], [ 112.143663505000063, 37.022054698000034 ], [ 112.099981096000079, 37.023268098000074 ], [ 111.978641072000073, 37.051176303000034 ], [ 111.937385464000045, 37.076657708000084 ], [ 111.921611261000066, 37.090005111000039 ], [ 111.939542620000054, 37.254757899000083 ], [ 111.922689839000043, 37.416544598000087 ], [ 111.899095946000045, 37.497437947000037 ], [ 111.909207614000024, 37.56147851500009 ], [ 111.926060395000036, 37.608666302000074 ], [ 111.94628373300003, 37.703041876000043 ], [ 111.979989295000053, 37.736747438000066 ], [ 112.000212632000057, 37.827752456000042 ], [ 112.006953745000033, 37.895163581000077 ], [ 111.998534980000045, 37.934451150000086 ] ] ] ] } },
{ "type": "Feature", "properties": { "州镇": "肆州" }, "geometry": { "type": "MultiPolygon", "coordinates": [ [ [ [ 113.845178166000096, 39.307815348000076 ], [ 113.789977985000064, 39.284886042000039 ], [ 113.755336157000102, 39.226720541000077 ], [ 113.72938832300008, 39.175657206000039 ], [ 113.743339768000055, 39.133802871000057 ], [ 113.746130057000073, 39.105899982000039 ], [ 113.762871791000066, 39.072416514000054 ], [ 113.771242658, 39.041723335000086 ], [ 113.768452369000101, 38.983127267000043 ], [ 113.734968901, 38.941272932000061 ], [ 113.676372833000073, 38.910579753000036 ], [ 113.64009907600007, 38.871515708000061 ], [ 113.634518498000034, 38.771065305000036 ], [ 113.65963109900008, 38.704098369000064 ], [ 113.631728209000016, 38.639921723000043 ], [ 113.609405898000091, 38.572954787000072 ], [ 113.626147631000094, 38.522729586000082 ], [ 113.61592401300004, 38.464379063000081 ], [ 113.604494989000045, 38.424377480000089 ], [ 113.610209501000099, 38.375232678000089 ], [ 113.63878206000004, 38.339802705000068 ], [ 113.650839052000038, 38.328841803000046 ], [ 113.604597393000063, 38.252442540000061 ], [ 113.57426238700009, 38.198513641000034 ], [ 113.493369038000083, 38.124361404000069 ], [ 113.392252351000025, 38.09402639800004 ], [ 113.331582339000079, 38.09402639800004 ], [ 113.186648422000076, 38.100767510000082 ], [ 113.152942859000063, 38.080544173000078 ], [ 113.099013960000093, 38.053579723000041 ], [ 113.041714504000083, 38.053579723000041 ], [ 112.873186693000093, 38.016503605000082 ], [ 112.738364444000013, 37.979427486000077 ], [ 112.573207190000062, 37.972686374000034 ], [ 112.519278290000102, 37.976056930000084 ], [ 112.465349391000018, 38.016503605000082 ], [ 112.387826598000061, 38.026615273000061 ], [ 112.320415473000025, 38.003021380000064 ], [ 112.215928230000031, 37.959204149000072 ], [ 112.14514655000005, 37.928869143000043 ], [ 112.08784709400004, 37.928869143000043 ], [ 111.998534980000045, 37.934451150000086 ], [ 111.996842076000064, 37.942351368000061 ], [ 111.909207614000024, 37.999650824000071 ], [ 111.831684821000067, 38.050209167000048 ], [ 111.791238147000058, 38.077173617000085 ], [ 111.767644253000071, 38.134473072000048 ], [ 111.767644253000071, 38.185031416000072 ], [ 111.791238147000058, 38.272665877000065 ], [ 111.831684821000067, 38.363670895000041 ], [ 111.888984277000077, 38.397376458000053 ], [ 111.926060395000036, 38.481640363000054 ], [ 111.94965428900008, 38.542310375000056 ], [ 112.027177082000094, 38.626574280000057 ], [ 112.081105982000054, 38.700726517000078 ], [ 112.081105982000054, 38.784990423000067 ], [ 112.050770976000081, 38.913071559000059 ], [ 112.050770976000081, 39.000706021000042 ], [ 112.082764576000045, 39.041425149000077 ], [ 112.103082008, 39.033737472000041 ], [ 112.180739623000022, 39.035894628000051 ], [ 112.260554395000099, 39.04236609600008 ], [ 112.370569350000096, 39.044523252000033 ], [ 112.428812561000086, 39.053151876000072 ], [ 112.521570268, 39.091980683000088 ], [ 112.584127792, 39.152381051000077 ], [ 112.599227884000015, 39.176109767000071 ], [ 112.610013664, 39.232195822000051 ], [ 112.618642288000046, 39.29259619000004 ], [ 112.638056691000088, 39.307696281000062 ], [ 112.689828435000095, 39.333582153000066 ], [ 112.763171738000096, 39.365939493000042 ], [ 112.864558069000054, 39.409082612000077 ], [ 112.968101556000079, 39.43496848400008 ], [ 113.093216603000087, 39.460854356000084 ], [ 113.214017338000076, 39.482425916000068 ], [ 113.302460733000089, 39.49105454000005 ], [ 113.427575780000097, 39.49321169600006 ], [ 113.535433579000028, 39.463011512000037 ], [ 113.593676791, 39.443597108000063 ], [ 113.695063122000079, 39.439282796000043 ], [ 113.766249269000014, 39.409082612000077 ], [ 113.845178166000096, 39.307815348000076 ] ] ] ] } },
{ "type": "Feature", "properties": { "州镇": "朔州" }, "geometry": { "type": "MultiPolygon", "coordinates": [ [ [ [ 111.832287315000031, 39.476841707000062 ], [ 111.80035691900008, 39.46194085500008 ], [ 111.757449687000076, 39.458762541000056 ], [ 111.650976183000068, 39.431746876000034 ], [ 111.546670587000051, 39.38333156300007 ], [ 111.46901297200003, 39.361490359000072 ], [ 111.402275959000065, 39.332368753000083 ], [ 111.351313149000077, 39.295966746000033 ], [ 111.291128497000045, 39.252041657000063 ], [ 111.226672676000078, 39.187585836000039 ], [ 111.204287880000038, 39.170705498000075 ], [ 111.156569305000062, 39.182975990000045 ], [ 111.07525610600004, 39.245744073000083 ], [ 111.042445517000033, 39.347028935000083 ], [ 111.01248802300006, 39.42548903900007 ], [ 110.971118150000052, 39.472565101000043 ], [ 110.884098762000065, 39.562437584000065 ], [ 110.811344847000044, 39.632338404000052 ], [ 110.761415690000035, 39.706518866000067 ], [ 110.724325459000056, 39.824922296000068 ], [ 110.668690112000036, 39.874851453000076 ], [ 110.597362745000055, 39.917647873000078 ], [ 110.528888472000062, 39.964723936000041 ], [ 110.491798241000026, 40.016079640000044 ], [ 110.44646573700004, 40.13099595500006 ], [ 110.350094538000064, 40.255264079000085 ], [ 110.223290330000054, 40.392212624000081 ], [ 110.091413953000028, 40.432789971000034 ], [ 109.993630323000048, 40.570689962000074 ], [ 109.991656707000061, 40.575914240000088 ], [ 109.982597679000037, 40.580763455000067 ], [ 109.953087785000037, 40.593188673000043 ], [ 109.927460772000074, 40.607943620000071 ], [ 109.901833759000056, 40.611826501000053 ], [ 109.874653594000051, 40.62580487200006 ], [ 109.855239190000077, 40.649878733000037 ], [ 109.808644621000042, 40.723653467000076 ], [ 109.816276529000049, 40.756739479000089 ], [ 109.857750170000031, 40.780438702000083 ], [ 109.902186214000039, 40.80117552300004 ], [ 109.979208690000064, 40.818949940000039 ], [ 110.056231166000032, 40.818949940000039 ], [ 110.151028060000044, 40.818949940000039 ], [ 110.260636968000028, 40.807100329000036 ], [ 110.293223400000045, 40.80117552300004 ], [ 110.379133085000035, 40.80117552300004 ], [ 110.423569129000043, 40.80117552300004 ], [ 110.506516411000064, 40.80117552300004 ], [ 110.583538887000032, 40.818949940000039 ], [ 110.633899737000036, 40.839686761000053 ], [ 110.716847019000056, 40.85746117900004 ], [ 110.805719107000073, 40.860423581000077 ], [ 110.894591195000032, 40.854498776000071 ], [ 111.010124909000069, 40.836724358000083 ], [ 111.113809011000058, 40.85746117900004 ], [ 111.23822993400006, 40.881160402000035 ], [ 111.386350081000046, 40.893010014000083 ], [ 111.474296418000051, 40.959849230000088 ], [ 111.552985245000059, 41.010765530000072 ], [ 111.705734146000054, 41.010765530000072 ], [ 111.863111802000049, 41.006136775000073 ], [ 112.126950813, 40.941334211000083 ], [ 112.271815477000018, 40.930734358000052 ], [ 112.205816562000109, 40.874735279000049 ], [ 112.121552656000063, 40.844400273000076 ], [ 112.074364869000078, 40.790471374000049 ], [ 112.000212632000057, 40.729801362000046 ], [ 111.949206637000032, 40.661942585000077 ], [ 111.943281831000036, 40.590844915000048 ], [ 111.940319428000066, 40.507897633000084 ], [ 111.955131443000028, 40.48716081300006 ], [ 111.966981055000076, 40.398288725000043 ], [ 112.02326671000003, 40.312379040000053 ], [ 112.064740351000069, 40.259055787000079 ], [ 112.070665157, 40.155371685000034 ], [ 112.070665157, 40.048725179000087 ], [ 112.02030430700006, 39.912454645000082 ], [ 111.90477059300008, 39.811732945000074 ], [ 111.83189548100006, 39.577703114000087 ], [ 111.83189548100006, 39.479114344000038 ], [ 111.832287315000031, 39.476841707000062 ] ] ] ] } },
{ "type": "Feature", "properties": { "州镇": "敦煌镇" }, "geometry": { "type": "MultiPolygon", "coordinates": [ [ [ [ 101.067102944000055, 43.888311052000063 ], [ 101.071359767000047, 43.683983534000049 ], [ 101.028934403000051, 43.514282077000075 ], [ 101.057217979000029, 43.288013467000042 ], [ 101.064288873000066, 43.104170221000061 ], [ 101.085501555000064, 42.793050882000045 ], [ 101.006307542000059, 42.462070188000041 ], [ 100.772999464000065, 42.365528914000038 ], [ 100.419014794000077, 41.890867652000054 ], [ 100.153526291000048, 41.657559574000061 ], [ 99.960443744000031, 41.247259161000045 ], [ 99.646684605000075, 41.005905977000054 ], [ 99.373150996000049, 40.780643005000059 ], [ 99.059391857000037, 40.812823430000037 ], [ 98.938715265000042, 40.740417474000083 ], [ 98.850219097000036, 40.523199609000073 ], [ 98.834128885000041, 40.305981743000075 ], [ 98.809993567000049, 40.112899196000058 ], [ 98.809993567000049, 39.887636224000062 ], [ 98.922625052000058, 39.775004738000064 ], [ 99.059391857000037, 39.694553677000044 ], [ 99.091572281000026, 39.525606448000076 ], [ 99.131797812000059, 39.25207283900005 ], [ 99.083527175000029, 38.986584337000068 ], [ 99.021317477000082, 38.911414285000035 ], [ 99.018317858000046, 38.930911808000076 ], [ 98.83728212300008, 38.988514087000055 ], [ 98.746764256000063, 39.070803057000035 ], [ 98.562436963000039, 39.051053704000083 ], [ 98.335977717000048, 39.04052071600006 ], [ 98.235914329000082, 39.093185657000049 ], [ 98.120051459000081, 39.108985139000083 ], [ 98.019988071000057, 39.056320199000083 ], [ 97.898858707000045, 38.993122269000082 ], [ 97.761929860000066, 38.993122269000082 ], [ 97.582869061000054, 39.045787210000071 ], [ 97.540737109000077, 39.077386175000072 ], [ 97.393275274000075, 39.114251634000084 ], [ 97.309011368000029, 39.119518128000038 ], [ 97.172082522000039, 39.130051116000061 ], [ 97.135217063000027, 39.15111709200005 ], [ 97.014309811000032, 39.211570719000065 ], [ 96.987755229000072, 39.224848010000073 ], [ 96.877158853000083, 39.288045939000085 ], [ 96.819227418000082, 39.37757633800004 ], [ 96.592768172000035, 39.440774267000052 ], [ 96.524303748000079, 39.482906220000075 ], [ 96.313643985000056, 39.530304667000053 ], [ 96.097717727000031, 39.567170126000065 ], [ 95.481537918000072, 39.677766502000054 ], [ 95.212946719000058, 39.677766502000054 ], [ 95.076017873000069, 39.635634549000088 ], [ 94.994566551000048, 39.558708300000035 ], [ 94.981220979000057, 39.546104149000087 ], [ 94.881157591000033, 39.461840244000086 ], [ 94.802160180000044, 39.40917530300004 ], [ 94.675764322000077, 39.419708291000063 ], [ 94.65378766200007, 39.425379687000088 ], [ 94.512503005000042, 39.461840244000086 ], [ 94.412439617000075, 39.467106738000041 ], [ 94.33344220500004, 39.456573750000075 ], [ 94.149114912000073, 39.456573750000075 ], [ 93.906856184000048, 39.467106738000041 ], [ 93.654064467000069, 39.477639726000064 ], [ 93.485536656000079, 39.488172714000086 ], [ 93.380206775000033, 39.488172714000086 ], [ 93.259077410000032, 39.609302078000042 ], [ 93.127415058000054, 39.967423677000056 ], [ 93.006285694000042, 40.220215393000046 ], [ 92.848290871000074, 40.46247412200006 ], [ 92.716628519000039, 40.82586221400004 ], [ 92.505968755000083, 41.294580188000054 ], [ 92.479636285000083, 41.410443058000055 ], [ 92.384839391000071, 41.700100234000047 ], [ 92.369039909000037, 41.884427527000071 ], [ 92.342707438000048, 42.13195274900005 ], [ 92.363773414000036, 42.316280042000074 ], [ 92.411171861000071, 42.463741877000075 ], [ 92.469103296000071, 42.600670724000054 ], [ 92.511235249000038, 42.974591804000056 ], [ 92.490169273000049, 43.043056227000079 ], [ 92.416438355000082, 43.13258662700008 ], [ 92.355873673000076, 43.298481191000064 ], [ 92.296625615000039, 43.452526143000057 ], [ 92.284776003000047, 43.618420707000041 ], [ 92.166279886000041, 43.642119931000082 ], [ 92.118881439000063, 43.701367989000062 ], [ 92.408456325000031, 44.010198494000065 ], [ 92.760241673000053, 43.936138421000067 ], [ 93.352722258000028, 43.899108385000034 ], [ 93.963717862000067, 43.899108385000034 ], [ 94.315503210000031, 44.010198494000065 ], [ 95.204224088000046, 43.973168458000089 ], [ 95.475685329000044, 43.942144316000054 ], [ 95.85224972900005, 43.899108385000034 ], [ 96.315125186000046, 43.862078348000068 ], [ 96.981665845000066, 43.936138421000067 ], [ 99.092377931000044, 43.936138421000067 ], [ 99.832978663000063, 44.047228531000087 ], [ 100.277339102000042, 44.028713513000071 ], [ 101.067102944000055, 43.888311052000063 ] ] ] ] } },
{ "type": "Feature", "properties": { "州镇": "河州" }, "geometry": { "type": "MultiPolygon", "coordinates": [ [ [ [ 104.299160354000037, 36.357100165000077 ], [ 104.319350850000035, 36.325692726000057 ], [ 104.350841324000044, 36.25984900900005 ], [ 104.370880716000045, 36.179691439000067 ], [ 104.390920109000035, 36.142475425000043 ], [ 104.442449975000045, 36.096671100000037 ], [ 104.448175515000059, 36.042278463000059 ], [ 104.430998893000037, 35.970709205000048 ], [ 104.402371190000054, 35.873375014000089 ], [ 104.376606257000049, 35.761726971000087 ], [ 104.316667003000077, 35.717532954000035 ], [ 104.298774689000027, 35.637017538000066 ], [ 104.312193925000031, 35.556502123000087 ], [ 104.276409295000065, 35.484932865000076 ], [ 104.213786194000079, 35.42230976400009 ], [ 104.209313116000033, 35.359686663000048 ], [ 104.173528487000056, 35.256805854000049 ], [ 104.146690015000047, 35.207601989000068 ], [ 104.101959228000055, 35.140505809000047 ], [ 104.075120756000047, 35.064463472000057 ], [ 104.178001565000045, 34.992894214000046 ], [ 104.222732352000037, 34.970528821000073 ], [ 104.267463138000039, 34.894486484000083 ], [ 104.307720846000052, 34.831863383000041 ], [ 104.356924711000033, 34.791605675000085 ], [ 104.370343947000038, 34.688724866000086 ], [ 104.330086239000082, 34.599263294000082 ], [ 104.392709340000067, 34.60820945100005 ], [ 104.553740171000072, 34.621628687000054 ], [ 104.638728665000031, 34.603736372000071 ], [ 104.710297924000031, 34.505328642000052 ], [ 104.73266331700006, 34.482963249000079 ], [ 104.804232575000071, 34.45612477700007 ], [ 104.848963362000063, 34.411393991000068 ], [ 104.875801833000025, 34.272728553000036 ], [ 104.862382597000078, 34.205632373000071 ], [ 104.674513294000064, 34.165374665000058 ], [ 104.589524800000049, 34.160901587000069 ], [ 104.289828531000069, 34.13853619300005 ], [ 104.079593835000026, 34.196686216000046 ], [ 103.949874555000065, 34.268255474000057 ], [ 103.887251454000079, 34.335351654000078 ], [ 103.739639858000032, 34.402447833000053 ], [ 103.547297477000029, 34.447178620000045 ], [ 103.381793567000045, 34.559005586000069 ], [ 103.274439680000057, 34.670832552000036 ], [ 103.265493522000043, 34.733455653000078 ], [ 103.24312812900007, 34.827390304000062 ], [ 103.229708893000065, 34.872121091000054 ], [ 103.193924264000032, 34.983948057000077 ], [ 103.211816579000072, 35.118140416000074 ], [ 103.064204983000081, 35.144978888000082 ], [ 102.912120310000034, 35.234440461000077 ], [ 102.76898179300008, 35.332848191000039 ], [ 102.524491139000077, 35.383935790000066 ], [ 102.512208017000034, 35.403456033000055 ], [ 102.515489001000049, 35.411007515000051 ], [ 102.507259557000054, 35.412447668000084 ], [ 102.506558934000054, 35.438370726000073 ], [ 102.468907837000074, 35.586078875000055 ], [ 102.457322885000053, 35.733787024000037 ], [ 102.410983073000068, 35.959693604000051 ], [ 102.41613194100006, 36.114159642000061 ], [ 102.560300243000029, 36.211988132000045 ], [ 102.71991514900003, 36.294370019000041 ], [ 102.797148168000035, 36.387049642000079 ], [ 102.725064017000079, 36.505473604000088 ], [ 102.714766281000038, 36.582706623000036 ], [ 102.704468545000054, 36.695981718000041 ], [ 102.683873073000029, 36.768065869000054 ], [ 102.931018734000077, 36.732023793000053 ], [ 103.044293828000036, 36.60330209500006 ], [ 103.100931375000073, 36.448836057000051 ], [ 103.111229111000057, 36.330412095000042 ], [ 103.157568923000042, 36.248030208000046 ], [ 103.296588357000076, 36.211988132000045 ], [ 103.517989678000049, 36.253179076000038 ], [ 103.657009112000026, 36.217137 ], [ 103.73424213100003, 36.217137 ], [ 103.924750244000052, 36.186243793000074 ], [ 104.089514017000056, 36.186243793000074 ], [ 104.135853829000041, 36.263476812000079 ], [ 104.161598168000069, 36.309816623000074 ], [ 104.269724395000026, 36.361305302000062 ], [ 104.299160354000037, 36.357100165000077 ] ] ] ] } },
{ "type": "Feature", "properties": { "州镇": "凉州" }, "geometry": { "type": "MultiPolygon", "coordinates": [ [ [ [ 99.021317477000082, 38.911414285000035 ], [ 99.083527175000029, 38.986584337000068 ], [ 99.131797812000059, 39.25207283900005 ], [ 99.091572281000026, 39.525606448000076 ], [ 99.059391857000037, 39.694553677000044 ], [ 98.922625052000058, 39.775004738000064 ], [ 98.809993567000049, 39.887636224000062 ], [ 98.809993567000049, 40.112899196000058 ], [ 98.834128885000041, 40.305981743000075 ], [ 98.850219097000036, 40.523199609000073 ], [ 98.938715265000042, 40.740417474000083 ], [ 99.059391857000037, 40.812823430000037 ], [ 99.373150996000049, 40.780643005000059 ], [ 99.646684605000075, 41.005905977000054 ], [ 99.960443744000031, 41.247259161000045 ], [ 100.153526291000048, 41.657559574000061 ], [ 100.419014794000077, 41.890867652000054 ], [ 100.772999464000065, 42.365528914000038 ], [ 101.006307542000059, 42.462070188000041 ], [ 101.085501555000064, 42.793050882000045 ], [ 101.064288873000066, 43.104170221000061 ], [ 101.057217979000029, 43.288013467000042 ], [ 101.028934403000051, 43.514282077000075 ], [ 101.071359767000047, 43.683983534000049 ], [ 101.067102944000055, 43.888311052000063 ], [ 101.110514925000075, 43.880593366000085 ], [ 101.295665108000037, 43.806533293000086 ], [ 101.758540566000079, 43.806533293000086 ], [ 102.12884093200006, 43.91762340300005 ], [ 102.462111261000075, 44.010198494000065 ], [ 102.943501737000076, 44.010198494000065 ], [ 103.702617487000055, 43.954653439000083 ], [ 104.665988077000065, 43.616628670000068 ], [ 104.661610454000026, 43.515943335000088 ], [ 104.624996282000041, 43.351179562000084 ], [ 104.588382110000055, 43.149801616000047 ], [ 104.652456911000058, 42.893502413000078 ], [ 104.62865769900003, 42.478297703000067 ], [ 104.587649827000064, 42.109226850000084 ], [ 104.529067151000049, 41.863179615000035 ], [ 104.400185266000051, 41.599557577000041 ], [ 104.201004171000079, 41.289069399000084 ], [ 104.136563228000057, 41.066455234000045 ], [ 104.042830948000073, 40.820407998000064 ], [ 104.025256146000061, 40.58021903000008 ], [ 104.08272340700006, 40.346505922000063 ], [ 104.069925826000031, 40.256922857000063 ], [ 104.044330665000075, 40.141744631000051 ], [ 104.023001364000038, 40.073490868000079 ], [ 103.988874482000028, 39.966844362000074 ], [ 103.997406202000036, 39.898590599000045 ], [ 104.005937923000033, 39.821805115000075 ], [ 104.04859652500005, 39.719424470000035 ], [ 104.06139410600008, 39.60424624400008 ], [ 104.06139410600008, 39.531726620000086 ], [ 104.069925826000031, 39.442143556000076 ], [ 104.108318568000072, 39.412282534000042 ], [ 104.257623676000037, 39.228850545000057 ], [ 104.253357815000072, 39.105140599000038 ], [ 104.125382009000077, 39.002759954000055 ], [ 103.976076901000056, 38.891847588000076 ], [ 103.681732546000035, 38.759605921000059 ], [ 103.668934966000052, 38.661491136000052 ], [ 103.656137385000079, 38.567642212000067 ], [ 103.660403245000055, 38.478059147000067 ], [ 103.660403245000055, 38.367146781000088 ], [ 103.545225020000032, 38.311690599000087 ], [ 103.545225020000032, 38.294627158000083 ], [ 103.604947063000054, 38.239170975000036 ], [ 103.604947063000054, 38.170917211000074 ], [ 103.587883622000049, 38.025877964000074 ], [ 103.549490880000064, 37.944826620000072 ], [ 103.566554321000069, 37.80831909300008 ], [ 103.615867665000053, 37.591101491000074 ], [ 103.634296181000082, 37.554244459000074 ], [ 103.645046149000052, 37.511244588000068 ], [ 103.638903310000046, 37.443673362000084 ], [ 103.607684038000059, 37.367679622000082 ], [ 103.604189446000078, 37.32050262000007 ], [ 103.623409706000075, 37.23837969200008 ], [ 103.695048856000028, 37.159751357000061 ], [ 103.729994783000052, 37.098595985000088 ], [ 103.777171784000075, 37.053166280000084 ], [ 103.824348785000041, 37.009483871000043 ], [ 103.930933862000074, 36.922119054000063 ], [ 104.007814901000074, 36.853974496000035 ], [ 104.061981088000039, 36.777093457000035 ], [ 104.107410793000042, 36.689728640000055 ], [ 104.173808054000062, 36.649540824000042 ], [ 104.217490463000047, 36.625078675000054 ], [ 104.26466746400007, 36.586638156000049 ], [ 104.346368245000065, 36.496027561000062 ], [ 104.365691945000037, 36.465431703000036 ], [ 104.402729036000039, 36.42517399500008 ], [ 104.391456878000042, 36.388136904000078 ], [ 104.335096087000068, 36.386526596000067 ], [ 104.29358591700003, 36.365771511000048 ], [ 104.299160354000037, 36.357100165000077 ], [ 104.269724395000026, 36.361305302000062 ], [ 104.161598168000069, 36.309816623000074 ], [ 104.135853829000041, 36.263476812000079 ], [ 104.089514017000056, 36.186243793000074 ], [ 103.924750244000052, 36.186243793000074 ], [ 103.73424213100003, 36.217137 ], [ 103.657009112000026, 36.217137 ], [ 103.517989678000049, 36.253179076000038 ], [ 103.296588357000076, 36.211988132000045 ], [ 103.157568923000042, 36.248030208000046 ], [ 103.111229111000057, 36.330412095000042 ], [ 103.100931375000073, 36.448836057000051 ], [ 103.044293828000036, 36.60330209500006 ], [ 102.931018734000077, 36.732023793000053 ], [ 102.683873073000029, 36.768065869000054 ], [ 102.704468545000054, 36.695981718000041 ], [ 102.714766281000038, 36.582706623000036 ], [ 102.725064017000079, 36.505473604000088 ], [ 102.797148168000035, 36.387049642000079 ], [ 102.71991514900003, 36.294370019000041 ], [ 102.560300243000029, 36.211988132000045 ], [ 102.41613194100006, 36.114159642000061 ], [ 102.410983073000068, 35.959693604000051 ], [ 102.457322885000053, 35.733787024000037 ], [ 102.468907837000074, 35.586078875000055 ], [ 102.506558934000054, 35.438370726000073 ], [ 102.507259557000054, 35.412447668000084 ], [ 102.154041929000073, 35.474260753000067 ], [ 101.704024123000067, 35.628552572000046 ], [ 101.164002756000059, 35.834274998000069 ], [ 101.138287453000032, 36.065712726000072 ], [ 101.009710937000079, 36.297150455000065 ], [ 100.89399207200006, 36.502872881000087 ], [ 100.868276769000033, 36.721452958000043 ], [ 100.89399207200006, 36.875744777000079 ], [ 100.983995634000053, 37.030036596000059 ], [ 100.983995634000053, 37.145755460000089 ], [ 100.90684972400004, 37.454339099000038 ], [ 100.90684972400004, 37.557200311000088 ], [ 100.77827320800003, 37.582915615000047 ], [ 100.572550783000054, 37.737207434000084 ], [ 100.63683904100003, 37.865783950000036 ], [ 100.63683904100003, 37.981502814000066 ], [ 100.379686009000068, 38.251513498000065 ], [ 100.122532977000049, 38.315801756000042 ], [ 99.857665354000062, 38.305515634000074 ], [ 99.53673837000008, 38.470093575000078 ], [ 99.322787047000077, 38.634671515000036 ], [ 99.17466690100008, 38.725189382000053 ], [ 99.034775652000064, 38.82393614700004 ], [ 99.021317477000082, 38.911414285000035 ] ] ] ] } },
{ "type": "Feature", "properties": { "州镇": "司州" }, "geometry": { "type": "MultiPolygon", "coordinates": [ [ [ [ 114.977343610000048, 34.332601704000069 ], [ 114.984874677000107, 34.300423506000072 ], [ 114.99020550900002, 34.229314851000083 ], [ 114.986497104000023, 34.174430465000057 ], [ 115.00429744600001, 34.095812290000083 ], [ 115.02728955300006, 33.970468219000054 ], [ 115.021356106000098, 33.921517280000046 ], [ 115.022097787, 33.857732724000073 ], [ 115.010972574000107, 33.807298423000077 ], [ 114.969591995000087, 33.812029536000068 ], [ 114.908026687000074, 33.831947724000088 ], [ 114.821110957000087, 33.866351867000049 ], [ 114.717898528000092, 33.886270055000068 ], [ 114.552613783000083, 33.956623509000053 ], [ 114.439301424000064, 33.956623509000053 ], [ 114.358952661000103, 33.911298566000085 ], [ 114.282724347, 33.835070252000037 ], [ 114.187954011000102, 33.773263511000039 ], [ 114.099364348000108, 33.762962387000073 ], [ 114.037557607000053, 33.769143062000069 ], [ 113.918064575000017, 33.734119242000077 ], [ 113.835655587000019, 33.655830703000049 ], [ 113.800631767000027, 33.550759243000073 ], [ 113.767668172000072, 33.429205986000056 ], [ 113.522501432000013, 33.167557449000071 ], [ 113.513025934000098, 33.147658902000046 ], [ 113.463731712000026, 33.157671791000041 ], [ 113.418915789000039, 33.141375092000089 ], [ 113.363914429000033, 33.134245286000066 ], [ 113.353728992000015, 33.142393635000076 ], [ 113.348636273000011, 33.188228102000039 ], [ 113.352710448000039, 33.233044025000083 ], [ 113.380211128000042, 33.339991114000043 ], [ 113.374099866000051, 33.406196455000043 ], [ 113.363914429000033, 33.469346165000047 ], [ 113.351691904000063, 33.500921020000078 ], [ 113.304376300000058, 33.552021872000068 ], [ 113.318539187000056, 33.596084187000088 ], [ 113.318539187000056, 33.649650029000043 ], [ 113.219648401000086, 33.738239691000047 ], [ 113.09191447, 33.793865758000038 ], [ 113.023927055000058, 33.84743160000005 ], [ 112.842627281000091, 33.880395195000062 ], [ 112.686050204000026, 33.917479240000034 ], [ 112.585099194, 33.884515645000079 ], [ 112.462515824000093, 33.893915420000042 ], [ 112.359504589000039, 33.829533398000081 ], [ 112.253274253000086, 33.800561488000085 ], [ 112.211425939000037, 33.755494073000079 ], [ 112.130948411000077, 33.707207557000061 ], [ 112.082661895, 33.678235647000065 ], [ 112.005403469000044, 33.678235647000065 ], [ 111.947459649000052, 33.710426658000074 ], [ 111.876639425000064, 33.703988455000058 ], [ 111.818695605000073, 33.681454748000078 ], [ 111.696369764000053, 33.678235647000065 ], [ 111.58692032700003, 33.713645759000087 ], [ 111.326173138000058, 33.752274972000066 ], [ 111.203847296000049, 33.806999690000055 ], [ 111.100836061000052, 33.864943510000046 ], [ 110.939881007000054, 33.868162611000059 ], [ 110.714543930000048, 33.906791824000038 ], [ 110.614933681000025, 33.968369069000062 ], [ 110.630822152000064, 33.991066885000066 ], [ 110.591212119000033, 34.03067691800004 ], [ 110.568577815000026, 34.095750544000055 ], [ 110.58555354300006, 34.124043424000035 ], [ 110.57989496700003, 34.169312034000086 ], [ 110.511992053000029, 34.200434202000054 ], [ 110.39316195400005, 34.293800709000038 ], [ 110.339405481000028, 34.392825791000064 ], [ 110.290247502000057, 34.43847248600008 ], [ 110.287948653000058, 34.461460970000076 ], [ 110.287948653000058, 34.565296295000053 ], [ 110.249381247000031, 34.633530937000046 ], [ 110.237514352000062, 34.719565920000036 ], [ 110.237514352000062, 34.770000221000089 ], [ 110.243447800000069, 34.826367969000046 ], [ 110.252347970000073, 34.861968652000087 ], [ 110.284981929000026, 34.93020329400008 ], [ 110.30871571800003, 35.037005342000043 ], [ 110.362116742000069, 35.16160773200005 ], [ 110.385850531000074, 35.229842374000043 ], [ 110.468918791000078, 35.387078723000059 ], [ 110.563853945000062, 35.520581284000059 ], [ 110.619115104000059, 35.620870054000079 ], [ 110.638116203000038, 35.624489311000048 ], [ 110.641326991000028, 35.642951339000035 ], [ 110.70835217900003, 35.676263259000052 ], [ 110.788220516000081, 35.693922589000067 ], [ 110.836783676000039, 35.695527983000034 ], [ 110.881734700000038, 35.683487530000036 ], [ 111.041872724000029, 35.713588663000053 ], [ 111.189568946000065, 35.809912286000042 ], [ 111.215255245000037, 35.893392759000051 ], [ 111.220071426000061, 35.93513299600005 ], [ 111.325449470000081, 36.063564493000058 ], [ 111.376308343000062, 36.142164570000034 ], [ 111.471090788000026, 36.220764646000077 ], [ 111.528884962000063, 36.297052956000073 ], [ 111.538132030000043, 36.454253108000046 ], [ 111.531196729000044, 36.507423748000065 ], [ 111.48496139000008, 36.560594388000084 ], [ 111.468779021000046, 36.613765028000046 ], [ 111.464155487000028, 36.671559202000083 ], [ 111.471090788000026, 36.729353376000063 ], [ 111.498831992000078, 36.796394618000079 ], [ 111.660655678000069, 36.805641686000058 ], [ 111.852532336000024, 36.810265220000076 ], [ 112.016667789000053, 36.817200520000085 ], [ 112.162309108000045, 36.817200520000085 ], [ 112.31257396, 36.814888753000048 ], [ 112.342626930000051, 36.835694656000044 ], [ 112.405044638000049, 36.865747626000086 ], [ 112.430474074000017, 36.865747626000086 ], [ 112.444344676000014, 36.805641686000058 ], [ 112.418915240000047, 36.752471046000039 ], [ 112.425850540000056, 36.69698863900004 ], [ 112.418915240000047, 36.632259164000061 ], [ 112.428162307000093, 36.604517961000056 ], [ 112.416603473, 36.586023825000041 ], [ 112.379615201000092, 36.500488448000056 ], [ 112.374224089000109, 36.448934238000049 ], [ 112.3620331300001, 36.406265884000049 ], [ 112.343746692000082, 36.36359752900006 ], [ 112.335619386000076, 36.322961 ], [ 112.32139660200005, 36.300610909000056 ], [ 112.319364775000054, 36.249815249000051 ], [ 112.313269296000044, 36.188860456000043 ], [ 112.311237469000048, 36.15431940700006 ], [ 112.327492081000059, 36.121810184000083 ], [ 112.404701485000032, 36.075078176000034 ], [ 112.563183946000095, 36.044600780000053 ], [ 112.685093532, 36.024282516000085 ], [ 112.774493894000102, 36.001932425000064 ], [ 112.90453078500002, 35.96739137600008 ], [ 113.060981420000076, 35.936913979000053 ], [ 113.209304749000012, 35.904404757000066 ], [ 113.258068583000068, 35.898309277000067 ], [ 113.321944127000052, 35.871260588000041 ], [ 113.493379481000034, 35.896658418000072 ], [ 113.607669718000011, 35.960152994000055 ], [ 113.649900193, 36.006908163000048 ], [ 113.699510406000059, 35.983021764000057 ], [ 113.773333688000093, 35.932511097000088 ], [ 113.847156970000015, 35.889771302000042 ], [ 114.037543328000083, 35.889771302000042 ], [ 114.200731635000011, 35.878114995000089 ], [ 114.305638404000092, 35.819833456000083 ], [ 114.468826712, 35.819833456000083 ], [ 114.569848045000072, 35.742124739000076 ], [ 114.705838301000085, 35.753781046000086 ], [ 114.756348968, 35.63333253400009 ], [ 114.775776147000101, 35.547852944000056 ], [ 114.826286814000014, 35.46625879000004 ], [ 114.911766403, 35.411862688000042 ], [ 114.977818813, 35.264216124000086 ], [ 115.032214916000044, 35.093256945000064 ], [ 115.055527531000052, 35.003891920000058 ], [ 115.08272558200008, 34.871787100000063 ], [ 115.055527531000052, 34.708598792000089 ], [ 114.985589685000036, 34.483243511000069 ], [ 114.966162506000046, 34.339482383000075 ], [ 114.977343610000048, 34.332601704000069 ] ] ] ] } },
{ "type": "Feature", "properties": { "州镇": "洛州" }, "geometry": { "type": "MultiPolygon", "coordinates": [ [ [ [ 110.986665644000027, 33.53025105100005 ], [ 110.966009806000045, 33.534524673000078 ], [ 110.968646894000074, 33.513427972000045 ], [ 110.98974359500005, 33.483101464000072 ], [ 110.973921069000028, 33.451456413000074 ], [ 110.966009806000045, 33.423766993000072 ], [ 110.960735631000034, 33.392121941000084 ], [ 110.975239613000042, 33.369706697000083 ], [ 110.979195244000039, 33.322239120000063 ], [ 110.865841681000063, 33.198589584000047 ], [ 110.791802356000062, 33.198589584000047 ], [ 110.727420334000044, 33.159960371000068 ], [ 110.695229323000035, 33.134207562000086 ], [ 110.672695616000055, 33.11167385400006 ], [ 110.598656291000054, 33.114892955000073 ], [ 110.582560785000055, 33.159960371000068 ], [ 110.534274269000036, 33.176055876000078 ], [ 110.53749337000005, 33.227561494000042 ], [ 110.492425955000044, 33.243656999000052 ], [ 110.444139438000036, 33.21790419000007 ], [ 110.399072023000031, 33.188932280000074 ], [ 110.312156293000044, 33.182494078000047 ], [ 110.160858542000028, 33.163179472000081 ], [ 110.09969562100008, 33.205027786000073 ], [ 110.015998993000039, 33.211465988000043 ], [ 109.958055173000048, 33.214685089000056 ], [ 109.816414725000072, 33.230780595000056 ], [ 109.706965288000049, 33.31447722300004 ], [ 109.700527085000033, 33.42070755900005 ], [ 109.662155400000074, 33.472985761000075 ], [ 109.625071356000035, 33.542518345000076 ], [ 109.611164839000025, 33.62595744500004 ], [ 109.601893828000073, 33.704761040000051 ], [ 109.560174278000034, 33.783564634000072 ], [ 109.513819222000052, 33.936536318000037 ], [ 109.518454728000052, 34.019975419000048 ], [ 109.532361244000072, 34.108050025000068 ], [ 109.643613378000055, 34.25175069800008 ], [ 109.778043040000057, 34.321283281000035 ], [ 109.902274589000058, 34.402126498000086 ], [ 109.958642337000072, 34.431793734000053 ], [ 110.00314319000006, 34.431793734000053 ], [ 110.044677320000062, 34.413993393000055 ], [ 110.145545922000053, 34.428827011000067 ], [ 110.228614182000058, 34.431793734000053 ], [ 110.290915377000033, 34.431793734000053 ], [ 110.290247502000057, 34.43847248600008 ], [ 110.339405481000028, 34.392825791000064 ], [ 110.39316195400005, 34.293800709000038 ], [ 110.511992053000029, 34.200434202000054 ], [ 110.57989496700003, 34.169312034000086 ], [ 110.58555354300006, 34.124043424000035 ], [ 110.568577815000026, 34.095750544000055 ], [ 110.591212119000033, 34.03067691800004 ], [ 110.630822152000064, 33.991066885000066 ], [ 110.611017136000044, 33.962774004000039 ], [ 110.557260663000079, 33.906188243000088 ], [ 110.545943510000029, 33.860919634000084 ], [ 110.695895778000079, 33.815651025000079 ], [ 110.77794513200007, 33.761894551000069 ], [ 110.78643299600003, 33.716625942000064 ], [ 110.792091572000061, 33.662869469000043 ], [ 110.874140926000052, 33.611942284000065 ], [ 110.905263095000066, 33.600625131000072 ], [ 110.953360992000057, 33.569502962000058 ], [ 110.986665644000027, 33.53025105100005 ] ] ] ] } },
{ "type": "Feature", "properties": { "州镇": "荆州" }, "geometry": { "type": "MultiPolygon", "coordinates": [ [ [ [ 113.304376300000058, 33.552021872000068 ], [ 113.300764719000085, 33.555922380000084 ], [ 113.273264039000082, 33.564070729000036 ], [ 113.195854718000078, 33.549811117000047 ], [ 113.124556658000074, 33.532495874000062 ], [ 113.05325859900006, 33.53657004900009 ], [ 112.856234051, 33.553057726000077 ], [ 112.806898340000089, 33.492581693000034 ], [ 112.818038662000049, 33.452794830000073 ], [ 112.768702951000023, 33.397093221000034 ], [ 112.757562629000063, 33.352531934000069 ], [ 112.779843273000097, 33.315928019000069 ], [ 112.778251798000042, 33.26818378300004 ], [ 112.733690511000077, 33.237945767000042 ], [ 112.6159213950001, 33.185427107000066 ], [ 112.467914263000011, 33.191793005000079 ], [ 112.302400911000063, 33.198158903000035 ], [ 112.243516353000018, 33.223622496000075 ], [ 112.205320964000066, 33.269775257000049 ], [ 112.184631795000087, 33.309562121000056 ], [ 112.007978121000065, 33.287281477000079 ], [ 111.936361767000051, 33.322293917000081 ], [ 111.731908640000029, 33.337397223000039 ], [ 111.678600326000037, 33.340873852000072 ], [ 111.606749989000036, 33.335079470000039 ], [ 111.538376282000058, 33.304948684000067 ], [ 111.514039878000062, 33.300313178000067 ], [ 111.456096058000071, 33.304948684000067 ], [ 111.432918530000052, 33.325808459000086 ], [ 111.414376508000032, 33.352462616000082 ], [ 111.387722351000036, 33.389546661000054 ], [ 111.319348644000058, 33.454443739000055 ], [ 111.205984779000062, 33.485738552000043 ], [ 111.133464870000068, 33.485738552000043 ], [ 111.063582048000058, 33.488375639000083 ], [ 111.022707190000062, 33.509472340000059 ], [ 111.004247577000058, 33.526613410000039 ], [ 110.986665644000027, 33.53025105100005 ], [ 110.953360992000057, 33.569502962000058 ], [ 110.905263095000066, 33.600625131000072 ], [ 110.874140926000052, 33.611942284000065 ], [ 110.792091572000061, 33.662869469000043 ], [ 110.78643299600003, 33.716625942000064 ], [ 110.77794513200007, 33.761894551000069 ], [ 110.695895778000079, 33.815651025000079 ], [ 110.545943510000029, 33.860919634000084 ], [ 110.557260663000079, 33.906188243000088 ], [ 110.611017136000044, 33.962774004000039 ], [ 110.614933681000025, 33.968369069000062 ], [ 110.714543930000048, 33.906791824000038 ], [ 110.939881007000054, 33.868162611000059 ], [ 111.100836061000052, 33.864943510000046 ], [ 111.203847296000049, 33.806999690000055 ], [ 111.326173138000058, 33.752274972000066 ], [ 111.58692032700003, 33.713645759000087 ], [ 111.696369764000053, 33.678235647000065 ], [ 111.818695605000073, 33.681454748000078 ], [ 111.876639425000064, 33.703988455000058 ], [ 111.947459649000052, 33.710426658000074 ], [ 112.005403469000044, 33.678235647000065 ], [ 112.082661895, 33.678235647000065 ], [ 112.130948411000077, 33.707207557000061 ], [ 112.211425939000037, 33.755494073000079 ], [ 112.253274253000086, 33.800561488000085 ], [ 112.359504589000039, 33.829533398000081 ], [ 112.462515824000093, 33.893915420000042 ], [ 112.585099194, 33.884515645000079 ], [ 112.686050204000026, 33.917479240000034 ], [ 112.842627281000091, 33.880395195000062 ], [ 113.023927055000058, 33.84743160000005 ], [ 113.09191447, 33.793865758000038 ], [ 113.219648401000086, 33.738239691000047 ], [ 113.318539187000056, 33.649650029000043 ], [ 113.318539187000056, 33.596084187000088 ], [ 113.304376300000058, 33.552021872000068 ] ] ] ] } },
{ "type": "Feature", "properties": { "州镇": "豫州" }, "geometry": { "type": "MultiPolygon", "coordinates": [ [ [ [ 115.578996964, 32.423697909000055 ], [ 115.571278231000065, 32.44354608000009 ], [ 115.510279327000035, 32.500609571000041 ], [ 115.508311620000086, 32.504544984000063 ], [ 115.423700237000048, 32.536028289000058 ], [ 115.413861704000055, 32.555705355000043 ], [ 115.390249225000048, 32.567511595000042 ], [ 115.327282615000058, 32.559640768000065 ], [ 115.29776701600008, 32.567511595000042 ], [ 115.29776701600008, 32.571447008000064 ], [ 115.287928483000087, 32.593091780000066 ], [ 115.276122244000021, 32.593091780000066 ], [ 115.226929579000057, 32.600962606000053 ], [ 115.211187927000083, 32.614736552000068 ], [ 115.20134939400009, 32.626542792000066 ], [ 115.203317100000049, 32.656058391000045 ], [ 115.163962969000067, 32.683606283000074 ], [ 115.106899478000059, 32.683606283000074 ], [ 115.067545346000088, 32.697380229000089 ], [ 114.931773592000013, 32.693444816000067 ], [ 114.876677808000068, 32.673767750000081 ], [ 114.833388263000074, 32.626542792000066 ], [ 114.7841955990001, 32.608833433000086 ], [ 114.715325869000026, 32.60686572600008 ], [ 114.642520725000054, 32.642284445000087 ], [ 114.577586408, 32.618671966000079 ], [ 114.46936254600007, 32.575382421000086 ], [ 114.380815750000011, 32.551769942000078 ], [ 114.304075194, 32.543899116000034 ], [ 114.213560691, 32.522254343000043 ], [ 114.150594080000019, 32.480932505000055 ], [ 114.143503030000034, 32.460447250000072 ], [ 114.135693616000026, 32.461272188000066 ], [ 114.13035169, 32.457442128000082 ], [ 114.125211346000015, 32.447866977000047 ], [ 114.109487941, 32.442021096000076 ], [ 114.108681613000044, 32.433957811000084 ], [ 114.106161836000069, 32.430934080000043 ], [ 114.100920701000064, 32.430430124000054 ], [ 114.09860250700001, 32.427305601000057 ], [ 114.101727029000017, 32.426499273000047 ], [ 114.104448388000037, 32.423979496000072 ], [ 114.101727029000017, 32.420048645000065 ], [ 114.100013581000098, 32.420653392000077 ], [ 114.097695387000044, 32.422669213000063 ], [ 114.095276402000081, 32.425088198000083 ], [ 114.09033764000003, 32.42256842200004 ], [ 114.087918654000077, 32.425491362000059 ], [ 114.090740804, 32.426801646000058 ], [ 114.089934476000053, 32.429523005000078 ], [ 114.087414699000078, 32.428313512000045 ], [ 114.083584639000037, 32.42770876600008 ], [ 114.081367236, 32.42932142300009 ], [ 114.079653788000087, 32.429220632000067 ], [ 114.076025310000091, 32.429623796000044 ], [ 114.075622145000011, 32.432647527000086 ], [ 114.074009488, 32.436578379000082 ], [ 114.073303951000071, 32.442928215000052 ], [ 114.073606324000025, 32.446859067000048 ], [ 114.07219524900006, 32.44988279800009 ], [ 114.0693731, 32.450487545000044 ], [ 114.065139875, 32.446959858000071 ], [ 114.063124054000014, 32.447967768000069 ], [ 114.062720890000037, 32.449983590000045 ], [ 114.057177382000077, 32.450285963000056 ], [ 114.052339411000048, 32.452503366000087 ], [ 114.053347322000036, 32.454317605000085 ], [ 114.056572635000066, 32.453007321000086 ], [ 114.05798371000003, 32.454418396000051 ], [ 114.05440562800004, 32.463936852000074 ], [ 114.053101643000105, 32.463539987000047 ], [ 114.050833844000067, 32.463993547000086 ], [ 114.050607065, 32.46586448100004 ], [ 114.046014772000035, 32.468075584000076 ], [ 114.045731297000088, 32.470229993000089 ], [ 114.047999096000012, 32.47289465700004 ], [ 114.046362029000079, 32.477979487000084 ], [ 114.046716372000105, 32.481700095000065 ], [ 114.05194294, 32.486129389000041 ], [ 114.050702737000051, 32.487989693000088 ], [ 114.04777940300005, 32.488432622000062 ], [ 114.046804958000052, 32.492596159000072 ], [ 114.04777940300005, 32.493836362000081 ], [ 114.049019605000012, 32.495608079000078 ], [ 114.048488090000092, 32.497999898000046 ], [ 114.04777940300005, 32.500303132000056 ], [ 114.049551121000036, 32.502606365000076 ], [ 114.049728293000044, 32.504112325000051 ], [ 114.050259808000078, 32.505972629000041 ], [ 114.051145667000014, 32.50845303400007 ], [ 114.051677182000049, 32.510313337000071 ], [ 114.053005971000061, 32.513502429000084 ], [ 114.05194294, 32.51483121800004 ], [ 114.048753848000047, 32.515451319000078 ], [ 114.047602231000042, 32.518197482000062 ], [ 114.04467889700004, 32.521297988000072 ], [ 114.027936163000049, 32.521120816000064 ], [ 114.023506869000016, 32.520412129000078 ], [ 114.013319491000061, 32.519260512000074 ], [ 114.007118479000042, 32.515539905000082 ], [ 114.000828881000075, 32.50987040800004 ], [ 113.992480353000019, 32.506437013000038 ], [ 113.986208402000102, 32.49843486900005 ], [ 113.94727905600007, 32.485674694000068 ], [ 113.930409672, 32.490216451000038 ], [ 113.922407529, 32.509248576000061 ], [ 113.874178394000069, 32.544284988000072 ], [ 113.862932138000019, 32.54925929400008 ], [ 113.846279028000026, 32.553152229000034 ], [ 113.825516710000102, 32.555963792000057 ], [ 113.813189084000101, 32.557045163000055 ], [ 113.80388929500009, 32.563100839000072 ], [ 113.797833619000016, 32.56115437200009 ], [ 113.790106491000074, 32.55967249400004 ], [ 113.735637446000055, 32.58103290300005 ], [ 113.703505049, 32.579109632000041 ], [ 113.659386624000035, 32.555642385000056 ], [ 113.630287238000051, 32.539684657000066 ], [ 113.584291434000079, 32.521849549000081 ], [ 113.497931965000021, 32.524665619000075 ], [ 113.446304022000049, 32.526542999000071 ], [ 113.405001667000079, 32.565029284000047 ], [ 113.341170755, 32.519972170000074 ], [ 113.296113641000034, 32.541562037000062 ], [ 113.285788053000033, 32.592251290000036 ], [ 113.28203329300004, 32.630737575000069 ], [ 113.269830325000044, 32.663591721000046 ], [ 113.262320806000048, 32.704894076000073 ], [ 113.274523774000045, 32.73774822200005 ], [ 113.310193989000027, 32.774357127000087 ], [ 113.368392762000099, 32.810966032000067 ], [ 113.390921319000086, 32.828801140000053 ], [ 113.420959395000068, 32.847574937000047 ], [ 113.461323060000041, 32.864471355000035 ], [ 113.525153972, 32.88606122200008 ], [ 113.587107504000073, 32.903896330000066 ], [ 113.60494261100007, 32.963033793000079 ], [ 113.605309287000068, 33.106744606000063 ], [ 113.52891850900005, 33.144430723000085 ], [ 113.513025934000098, 33.147658902000046 ], [ 113.522501432000013, 33.167557449000071 ], [ 113.767668172000072, 33.429205986000056 ], [ 113.800631767000027, 33.550759243000073 ], [ 113.835655587000019, 33.655830703000049 ], [ 113.918064575000017, 33.734119242000077 ], [ 114.037557607000053, 33.769143062000069 ], [ 114.099364348000108, 33.762962387000073 ], [ 114.187954011000102, 33.773263511000039 ], [ 114.282724347, 33.835070252000037 ], [ 114.358952661000103, 33.911298566000085 ], [ 114.439301424000064, 33.956623509000053 ], [ 114.552613783000083, 33.956623509000053 ], [ 114.717898528000092, 33.886270055000068 ], [ 114.821110957000087, 33.866351867000049 ], [ 114.908026687000074, 33.831947724000088 ], [ 114.969591995000087, 33.812029536000068 ], [ 115.010972574000107, 33.807298423000077 ], [ 115.022097787, 33.857732724000073 ], [ 115.021356106000098, 33.921517280000046 ], [ 115.02728955300006, 33.970468219000054 ], [ 115.00429744600001, 34.095812290000083 ], [ 114.986497104000023, 34.174430465000057 ], [ 114.99020550900002, 34.229314851000083 ], [ 114.984874677000107, 34.300423506000072 ], [ 114.977343610000048, 34.332601704000069 ], [ 115.117694505000031, 34.24623192100006 ], [ 115.187632351000047, 34.172408640000072 ], [ 115.319737171000043, 34.102470794000055 ], [ 115.393560453000077, 34.094699922000075 ], [ 115.510123530000101, 34.083043614000076 ], [ 115.681082709000066, 34.016991204000078 ], [ 115.844271016000107, 33.98202228100007 ], [ 116.004824969000083, 33.927450728000053 ], [ 116.052292546000103, 33.877016427000058 ], [ 116.120527188000096, 33.796914891000085 ], [ 116.176894936000053, 33.719780078000042 ], [ 116.254029749000097, 33.67824594800004 ], [ 116.32226439100009, 33.598144411000078 ], [ 116.417199545000017, 33.500242534000051 ], [ 116.589269512000101, 33.426074444000051 ], [ 116.838592961000018, 33.349124755000048 ], [ 116.89692112, 33.329682036000065 ], [ 116.946743089000051, 33.310239316000036 ], [ 117.012362267000071, 33.284720747000051 ], [ 117.062184236, 33.260417347000043 ], [ 117.110791035000034, 33.204519528000048 ], [ 117.154537154000082, 33.19479816900008 ], [ 117.217725993000045, 33.181431299000053 ], [ 117.28699068100002, 33.153482390000079 ], [ 117.305218231000026, 33.141330690000075 ], [ 117.359900880000055, 33.100014911000073 ], [ 117.42916556800003, 33.064774981000085 ], [ 117.505721276000031, 32.985788933000038 ], [ 117.474126857000101, 32.98943444300005 ], [ 117.435241418000032, 32.971206893000044 ], [ 117.352646801000105, 32.954445325000052 ], [ 117.325271452000038, 32.949965722000059 ], [ 117.274502622, 32.953449858000056 ], [ 117.233688465, 32.957929460000059 ], [ 117.2018335140001, 32.941504251000083 ], [ 117.180430968, 32.923088107000069 ], [ 117.182421902000101, 32.90367649600006 ], [ 117.190883374, 32.882273950000069 ], [ 117.19735391100005, 32.864853273000051 ], [ 117.173960431000069, 32.85688953500005 ], [ 117.12767120400008, 32.850916732000087 ], [ 117.107264126000018, 32.830509653000036 ], [ 117.097807187000058, 32.784718160000068 ], [ 117.079391043000101, 32.75236547500009 ], [ 117.090838916000052, 32.72499012600008 ], [ 117.060477165000066, 32.691144239000039 ], [ 117.007219668000062, 32.67023942700007 ], [ 116.968396445000053, 32.674221296000042 ], [ 116.923102686000107, 32.673225829000046 ], [ 116.899709206000011, 32.635895807000054 ], [ 116.830524232000016, 32.667750759000057 ], [ 116.8185786250001, 32.694628375000036 ], [ 116.787221407000061, 32.71304451900005 ], [ 116.737448045000065, 32.718519588000049 ], [ 116.706588561000103, 32.703089846000069 ], [ 116.695140687000048, 32.694628375000036 ], [ 116.696633888000065, 32.676212231000079 ], [ 116.72301377000008, 32.663768890000085 ], [ 116.743918582000106, 32.634402607000084 ], [ 116.726497905000087, 32.614493262000053 ], [ 116.693647486000032, 32.589108847000034 ], [ 116.651837862000093, 32.562728965000076 ], [ 116.554282073000081, 32.542321887000071 ], [ 116.524418055000069, 32.510964668000042 ], [ 116.521929387, 32.490557590000037 ], [ 116.521929387, 32.479109717000085 ], [ 116.511974715000065, 32.46019583900005 ], [ 116.49306083700003, 32.467661843000087 ], [ 116.490572169000075, 32.450241167000058 ], [ 116.476635628000054, 32.439291027000081 ], [ 116.456228549, 32.450241167000058 ], [ 116.429350934000013, 32.448747966000042 ], [ 116.398491449000062, 32.445263830000044 ], [ 116.380573039000069, 32.449743433000037 ], [ 116.333786078, 32.458702638000034 ], [ 116.284510450000084, 32.459698105000086 ], [ 116.213315099000056, 32.458745412000042 ], [ 116.192754423, 32.444309193000038 ], [ 116.170006441000055, 32.435997430000043 ], [ 116.155132761, 32.441246965000062 ], [ 116.142883848, 32.451746033000063 ], [ 116.139384158000098, 32.468369558000063 ], [ 116.116198715, 32.483680700000036 ], [ 116.09476311700007, 32.519989979000059 ], [ 116.072015135000015, 32.547550034000039 ], [ 116.037018240000066, 32.558924025000067 ], [ 115.998469159000024, 32.604787456000054 ], [ 115.984190426000055, 32.608427133000077 ], [ 115.969911693000086, 32.608987083000045 ], [ 115.95479303400009, 32.600307853000061 ], [ 115.947233705000031, 32.589668797000058 ], [ 115.927075493000075, 32.570350511000072 ], [ 115.916156462, 32.574550139000053 ], [ 115.892358573000024, 32.558031604000064 ], [ 115.874720138000043, 32.545992672000068 ], [ 115.869120635000058, 32.536193541000046 ], [ 115.855401852, 32.525554485000043 ], [ 115.840563168000017, 32.50763607500005 ], [ 115.814805453000076, 32.500916671000084 ], [ 115.803886422, 32.491117540000062 ], [ 115.791007564000097, 32.491117540000062 ], [ 115.778408682000077, 32.493357342000081 ], [ 115.771129328000029, 32.501196646000039 ], [ 115.763010048000069, 32.50763607500005 ], [ 115.763569999000083, 32.495877118000067 ], [ 115.748451340000088, 32.484118161000083 ], [ 115.721853699, 32.481598385000041 ], [ 115.700015637000092, 32.492237441000043 ], [ 115.681143561, 32.467822732000059 ], [ 115.665422300000046, 32.442532007000068 ], [ 115.631245644000046, 32.430228411000087 ], [ 115.60185372, 32.430228411000087 ], [ 115.578996964, 32.423697909000055 ] ] ] ] } },
{ "type": "Feature", "properties": { "州镇": "武川镇" }, "geometry": { "type": "MultiPolygon", "coordinates": [ [ [ [ 109.511093808000055, 43.614758218000077 ], [ 109.556012306000071, 43.390165724000042 ], [ 109.651009932000079, 42.879553483000052 ], [ 109.722258152000052, 42.582685902000037 ], [ 109.876629294000054, 42.214570101000049 ], [ 110.220045713000047, 41.624159854000084 ], [ 110.516438306000055, 41.274568590000058 ], [ 110.630435457000033, 41.114972578000049 ], [ 110.645635078000055, 40.962976377000075 ], [ 110.665070119000063, 40.846366129000046 ], [ 110.633899737000036, 40.839686761000053 ], [ 110.583538887000032, 40.818949940000039 ], [ 110.506516411000064, 40.80117552300004 ], [ 110.423569129000043, 40.80117552300004 ], [ 110.379133085000035, 40.80117552300004 ], [ 110.293223400000045, 40.80117552300004 ], [ 110.260636968000028, 40.807100329000036 ], [ 110.151028060000044, 40.818949940000039 ], [ 110.056231166000032, 40.818949940000039 ], [ 109.979208690000064, 40.818949940000039 ], [ 109.902186214000039, 40.80117552300004 ], [ 109.857750170000031, 40.780438702000083 ], [ 109.824555405000069, 40.761470265000071 ], [ 109.005163950000053, 41.228212233000079 ], [ 108.507152758000075, 42.29537907200006 ], [ 108.566439805000073, 43.433690368000043 ], [ 108.65774549300005, 43.67379051100005 ], [ 108.984413484000072, 43.647123736000083 ], [ 109.331242707000058, 43.607104979000042 ], [ 109.511093808000055, 43.614758218000077 ] ] ] ] } },
{ "type": "Feature", "properties": { "州镇": "御夷镇" }, "geometry": { "type": "MultiPolygon", "coordinates": [ [ [ [ 116.821093883, 42.732206032000079 ], [ 116.957691238000052, 42.527309999000067 ], [ 117.124643561000084, 42.527309999000067 ], [ 117.337128337000081, 42.534898741000063 ], [ 117.50408066, 42.428656353000065 ], [ 117.640678015000049, 42.345180191000054 ], [ 117.800041597000018, 42.155461642000034 ], [ 117.769686629000034, 41.973331835000067 ], [ 117.853162791000045, 41.806379511000046 ], [ 117.746920403000104, 41.768435802000056 ], [ 117.420604498000102, 41.745669576000068 ], [ 117.34471707900002, 41.624249704000079 ], [ 117.192942239000104, 41.533184801000061 ], [ 117.03357865800001, 41.487652349000086 ], [ 116.919747528000016, 41.351054993000048 ], [ 116.859037593000039, 41.229635122000047 ], [ 116.601020366000057, 41.176513928000077 ], [ 116.365769365, 41.153747702000089 ], [ 116.198817041000098, 41.08544902400007 ], [ 115.910444846000019, 40.933674185000086 ], [ 115.644838877000097, 40.903319217000046 ], [ 115.38682165, 40.910907959000042 ], [ 115.312451979, 40.927701111000033 ], [ 115.312451979, 40.991348624000068 ], [ 115.300309992000052, 41.185620418000042 ], [ 115.306380986000022, 41.379892213000062 ], [ 115.263884030000099, 41.586305994000043 ], [ 115.306380986000022, 41.738080834000073 ], [ 115.397445889000096, 41.974849583000037 ], [ 115.446013838, 42.126624423000067 ], [ 115.379232908000063, 42.411961121000047 ], [ 115.245671050000055, 42.679084838000051 ], [ 115.239600056000086, 42.958350542000062 ], [ 115.239600056000086, 43.298326183000086 ], [ 115.112109191000059, 43.462243009000076 ], [ 114.996760313000095, 43.620088842000087 ], [ 114.851056467000035, 43.868999579000047 ], [ 114.847222156000043, 44.01470342500005 ], [ 114.874581567000064, 44.01470342500005 ], [ 115.230303847000073, 44.073990471000059 ], [ 115.692742811000016, 44.073990471000059 ], [ 115.965463226, 44.073990471000059 ], [ 116.119609547000096, 43.848699694000061 ], [ 116.178896594000094, 43.789412647000063 ], [ 116.451617008000085, 43.706410782000034 ], [ 116.518303497000034, 43.693073484000081 ], [ 116.688765195000087, 43.658981145000041 ], [ 116.697865175000061, 43.558881367000083 ], [ 116.700622604000046, 43.528549642000087 ], [ 116.670237037000106, 43.42726441700006 ], [ 116.563076656000021, 43.346894131000056 ], [ 116.472011752000071, 43.141998098000045 ], [ 116.547899172000029, 42.944690807000086 ], [ 116.669319043000087, 42.808093451000047 ], [ 116.821093883, 42.732206032000079 ] ] ] ] } },
{ "type": "Feature", "properties": { "州镇": "怀荒镇" }, "geometry": { "type": "MultiPolygon", "coordinates": [ [ [ [ 114.145279213000094, 41.043014720000087 ], [ 114.17110518700008, 41.100626508000062 ], [ 114.080040283000017, 41.519525065000039 ], [ 114.02540134100002, 41.792719776000069 ], [ 114.158963200000017, 42.065914487000043 ], [ 114.231815123000047, 42.369464166000057 ], [ 114.146821213000067, 42.679084838000051 ], [ 114.02540134100002, 42.867285639000045 ], [ 113.92219445, 43.122267369000042 ], [ 113.758277624000016, 43.529023939000069 ], [ 113.806845572000043, 43.717224739000073 ], [ 113.85541352100006, 44.00863243100008 ], [ 113.831183708000026, 44.07223569000007 ], [ 114.174994417000107, 44.038418243000081 ], [ 114.507001878000096, 44.01470342500005 ], [ 114.847222156000043, 44.01470342500005 ], [ 114.851056467000035, 43.868999579000047 ], [ 114.996760313000095, 43.620088842000087 ], [ 115.112109191000059, 43.462243009000076 ], [ 115.239600056000086, 43.298326183000086 ], [ 115.239600056000086, 42.958350542000062 ], [ 115.245671050000055, 42.679084838000051 ], [ 115.379232908000063, 42.411961121000047 ], [ 115.446013838, 42.126624423000067 ], [ 115.397445889000096, 41.974849583000037 ], [ 115.306380986000022, 41.738080834000073 ], [ 115.263884030000099, 41.586305994000043 ], [ 115.306380986000022, 41.379892213000062 ], [ 115.300309992000052, 41.185620418000042 ], [ 115.312451979, 40.991348624000068 ], [ 115.312451979, 40.927701111000033 ], [ 115.151570649000064, 40.96402915300007 ], [ 114.977029584000093, 41.024739089000036 ], [ 114.787311035000016, 41.032327831000089 ], [ 114.703834873, 40.994384121000053 ], [ 114.468583872000067, 41.01715034700004 ], [ 114.145279213000094, 41.043014720000087 ] ] ] ] } },
{ "type": "Feature", "properties": { "州镇": "柔玄镇" }, "geometry": { "type": "MultiPolygon", "coordinates": [ [ [ [ 112.8774116620001, 40.963616763000061 ], [ 112.914409517000081, 41.088484521000055 ], [ 113.054042369000058, 41.149194457000078 ], [ 113.230101183000102, 41.428460161000089 ], [ 113.242243170000052, 41.701654872000063 ], [ 113.230101183000102, 42.065914487000043 ], [ 113.090468330000022, 42.339109198000074 ], [ 112.799060639, 42.691226825000058 ], [ 112.586575864, 42.940137562000075 ], [ 112.51979493400006, 43.158693330000062 ], [ 112.416588043000047, 43.328681151000069 ], [ 112.27695519100007, 43.492597977000059 ], [ 112.070541410000033, 43.699011759000086 ], [ 111.900553589000026, 43.85078659800007 ], [ 111.846671084000036, 44.020131614000036 ], [ 111.959141049000038, 44.073990471000059 ], [ 112.279291101000013, 44.060650886000076 ], [ 112.646129702000053, 44.053981093000061 ], [ 112.91292141200006, 44.14735819200007 ], [ 113.451692448000017, 44.109562699000037 ], [ 113.831183708000026, 44.07223569000007 ], [ 113.85541352100006, 44.00863243100008 ], [ 113.806845572000043, 43.717224739000073 ], [ 113.758277624000016, 43.529023939000069 ], [ 113.92219445, 43.122267369000042 ], [ 114.02540134100002, 42.867285639000045 ], [ 114.146821213000067, 42.679084838000051 ], [ 114.231815123000047, 42.369464166000057 ], [ 114.158963200000017, 42.065914487000043 ], [ 114.02540134100002, 41.792719776000069 ], [ 114.080040283000017, 41.519525065000039 ], [ 114.17110518700008, 41.100626508000062 ], [ 114.145279213000094, 41.043014720000087 ], [ 114.089146774000028, 41.04750531500008 ], [ 113.952111010000067, 41.024666021000087 ], [ 113.951170391, 41.028831622000041 ], [ 113.94717037800001, 41.046545964000074 ], [ 113.589637258000039, 41.047795567000037 ], [ 113.441517112000042, 41.043166812000038 ], [ 113.316540738000072, 41.038538057000039 ], [ 113.228594401, 41.01539428500007 ], [ 113.098989273000029, 41.010765530000072 ], [ 112.992527918000064, 40.996879266000064 ], [ 112.91383909000001, 40.973735493000049 ], [ 112.8774116620001, 40.963616763000061 ] ] ] ] } },
{ "type": "Feature", "properties": { "州镇": "幽州" }, "geometry": { "type": "MultiPolygon", "coordinates": [ [ [ [ 118.14965264, 40.476622569000085 ], [ 118.217108109000037, 40.401939728000059 ], [ 118.176352958000052, 40.334014477000039 ], [ 118.176352958000052, 40.297787676000041 ], [ 118.176352958000052, 40.25250417500007 ], [ 118.185409658000026, 40.216277374000072 ], [ 118.194466358, 40.184578923000061 ], [ 118.208051409000063, 40.09401192100006 ], [ 118.221636459000024, 40.012501618000044 ], [ 118.257863260000022, 39.949104717000068 ], [ 118.289561711000033, 39.885707815000046 ], [ 118.321260162000044, 39.82231091400007 ], [ 118.330316862000018, 39.709102161000089 ], [ 118.330316862000018, 39.668347010000048 ], [ 118.298618411, 39.577780007000058 ], [ 118.253334910000035, 39.487213005000058 ], [ 118.239749860000074, 39.374004252000077 ], [ 118.221636459000024, 39.283437250000077 ], [ 118.221636459000024, 39.256267149000053 ], [ 118.163192040000013, 39.181588169000065 ], [ 118.162499999000033, 39.1825 ], [ 118.1535, 39.1894 ], [ 118.138299999000083, 39.201 ], [ 118.0968, 39.2174 ], [ 118.0729, 39.2235 ], [ 118.0655, 39.2278 ], [ 118.0335, 39.2267 ], [ 117.980900001, 39.22 ], [ 117.9626, 39.216800001000081 ], [ 117.940700000000106, 39.2109 ], [ 117.9327, 39.2106 ], [ 117.9143, 39.20979999900004 ], [ 117.884500001000106, 39.200200001000042 ], [ 117.855100000000107, 39.1885 ], [ 117.836299999000062, 39.1798 ], [ 117.8177, 39.1671 ], [ 117.79690000100004, 39.1508 ], [ 117.774100001000079, 39.125 ], [ 117.7692, 39.1159 ], [ 117.7554, 39.1031 ], [ 117.7444, 39.0973 ], [ 117.7373, 39.0979 ], [ 117.7331, 39.0946 ], [ 117.7235, 39.0925 ], [ 117.7236, 39.087 ], [ 117.7315, 39.0844 ], [ 117.7363, 39.0789 ], [ 117.744599999, 39.074 ], [ 117.7494, 39.0616 ], [ 117.753, 39.0443 ], [ 117.7535, 39.008799999000075 ], [ 117.7644, 39.0045 ], [ 117.757800001000078, 38.986700001000088 ], [ 117.7562, 38.9829 ], [ 117.74, 38.9848 ], [ 117.7341, 38.984 ], [ 117.7297, 38.9801 ], [ 117.7263, 38.98 ], [ 117.7186, 38.9859 ], [ 117.7026, 38.9863 ], [ 117.7004, 38.9846 ], [ 117.715699999000094, 38.9649 ], [ 117.716499999, 38.9615 ], [ 117.710861624000017, 38.952544934000059 ], [ 117.541418878000059, 39.047598182000058 ], [ 117.394865814000013, 39.07104667200008 ], [ 117.277623364000078, 39.141392142000086 ], [ 117.142794546, 39.129667897000047 ], [ 116.890723277, 39.106219407000083 ], [ 116.791067194000107, 39.13553002000009 ], [ 116.632789885000079, 39.16484063200005 ], [ 116.42175347400007, 39.13553002000009 ], [ 116.292786779000039, 39.082770917000062 ], [ 116.193130695000036, 39.059322427000041 ], [ 116.017267020000077, 39.053460304000055 ], [ 115.911748814000021, 39.041736059000073 ], [ 115.787068502000011, 38.996677441000088 ], [ 115.683820111000045, 39.008683068000039 ], [ 115.578170593000095, 39.008683068000039 ], [ 115.498933456000032, 39.030293196000059 ], [ 115.405289565000089, 39.037496572000066 ], [ 115.364470434000054, 39.037496572000066 ], [ 115.361228057000062, 39.026472489000071 ], [ 115.33772977600006, 39.067060429000037 ], [ 115.24276339100004, 39.107157347000054 ], [ 115.240653027, 39.170468270000072 ], [ 115.253315211000086, 39.233779193000089 ], [ 115.231159917000014, 39.239962066000089 ], [ 115.263867032, 39.26332429100006 ], [ 115.280749945000025, 39.415270507000059 ], [ 115.398930335000045, 39.465919246000055 ], [ 115.41159252, 39.569327087000033 ], [ 115.417923612000095, 39.657962380000072 ], [ 115.470682715000066, 39.75081840100006 ], [ 115.595194197000069, 39.765590950000046 ], [ 115.641200135000076, 39.823414926000055 ], [ 115.707381153000028, 39.822064293000039 ], [ 115.785717869, 39.866635183000085 ], [ 115.826236860000108, 39.866635183000085 ], [ 115.918079906, 39.863933917000054 ], [ 115.977507760000094, 39.889595945000053 ], [ 116.02072801700001, 39.927413670000078 ], [ 116.043688778000046, 40.012503551000066 ], [ 116.036935613000082, 40.094892165000033 ], [ 116.027481182000088, 40.161073184000088 ], [ 116.011273585000026, 40.232656735000035 ], [ 115.993715356000052, 40.269123826000055 ], [ 116.032883714000036, 40.336655478000068 ], [ 116.144986256000038, 40.377174469000067 ], [ 116.27599766000003, 40.417693460000066 ], [ 116.380249647000028, 40.493666568000037 ], [ 116.502650765, 40.586522589000083 ], [ 116.52586477, 40.658274969000047 ], [ 116.52453825300006, 40.665286559000037 ], [ 116.604212038000014, 40.621211699000071 ], [ 116.699837912000021, 40.565155152000045 ], [ 116.746002127, 40.515693493000072 ], [ 116.755894458000057, 40.469529278000039 ], [ 116.742704683000056, 40.410175288000062 ], [ 116.752597015000106, 40.344226409000044 ], [ 116.759191902, 40.284872419000067 ], [ 116.762489346000052, 40.212328652000053 ], [ 116.769084234000047, 40.152974662000076 ], [ 116.805356117000088, 40.126595110000039 ], [ 116.907576879000089, 40.054051344000072 ], [ 117.019689972000037, 39.92545103100008 ], [ 117.125208178000094, 39.889179148000039 ], [ 117.263700823000022, 40.021076905000086 ], [ 117.38570624800002, 40.106810447000043 ], [ 117.557173332000048, 40.156272106000074 ], [ 117.665988981000055, 40.212328652000053 ], [ 117.877025393000054, 40.314549414000055 ], [ 118.015518037000106, 40.403580400000067 ], [ 118.137523463000093, 40.479421610000088 ], [ 118.14965264, 40.476622569000085 ] ] ] ] } },
{ "type": "Feature", "properties": { "州镇": "相州" }, "geometry": { "type": "MultiPolygon", "coordinates": [ [ [ [ 116.423830790000011, 36.959031724000056 ], [ 116.349532125, 36.992338022000069 ], [ 116.274496956, 36.951068680000049 ], [ 116.131930136000051, 36.83851592700006 ], [ 116.090660794000087, 36.755977242000085 ], [ 115.989363316000095, 36.677190315000075 ], [ 115.970604524, 36.515864703000034 ], [ 115.97435628300002, 36.380801400000053 ], [ 116.011873867000077, 36.328276782000046 ], [ 116.034384417000069, 36.272000406000075 ], [ 116.000618592000023, 36.193213479000065 ], [ 115.813030671000092, 36.174454687000036 ], [ 115.783016603000078, 36.03188786700008 ], [ 115.745499019000022, 35.821789395000053 ], [ 115.602932199000065, 35.765513019000082 ], [ 115.509138239000094, 35.761761261000061 ], [ 115.374074935000067, 35.701733126000079 ], [ 115.208997565, 35.690477851000082 ], [ 115.036416678000023, 35.660463783000068 ], [ 114.860084032000032, 35.709236643000054 ], [ 114.717018826000071, 35.727119793000043 ], [ 114.705838301000085, 35.753781046000086 ], [ 114.569848045000072, 35.742124739000076 ], [ 114.468826712, 35.819833456000083 ], [ 114.305638404000092, 35.819833456000083 ], [ 114.200731635000011, 35.878114995000089 ], [ 114.037543328000083, 35.889771302000042 ], [ 113.847156970000015, 35.889771302000042 ], [ 113.773333688000093, 35.932511097000088 ], [ 113.699510406000059, 35.983021764000057 ], [ 113.649900193, 36.006908163000048 ], [ 113.696562124000025, 36.058569587000079 ], [ 113.690212666000093, 36.210956568000086 ], [ 113.699736853000104, 36.293499517000043 ], [ 113.725134683000078, 36.407789753000088 ], [ 113.769580886000085, 36.54747782000004 ], [ 113.788629259, 36.610972396000079 ], [ 113.839424919000066, 36.674466972000062 ], [ 113.848949106000077, 36.77288356400004 ], [ 113.861648021000065, 36.817329767000047 ], [ 113.902919495000106, 36.887173800000085 ], [ 113.934666783000011, 36.93796946100008 ], [ 113.906094224000071, 37.017337681000072 ], [ 113.950540427000078, 37.077657528000088 ], [ 113.92831732500008, 37.141152104000071 ], [ 113.92831732500008, 37.191947764000076 ], [ 113.979112986000018, 37.284014899000056 ], [ 114.007685545000072, 37.350684204000061 ], [ 114.023559189000025, 37.391955678000045 ], [ 114.033849149000048, 37.454027371000052 ], [ 114.068463005000012, 37.438797274000081 ], [ 114.120987623000019, 37.39752793200006 ], [ 114.237292134000086, 37.363762106000081 ], [ 114.316079061000096, 37.386272656000074 ], [ 114.383610712000063, 37.408783207000056 ], [ 114.466149398000084, 37.408783207000056 ], [ 114.556191600000034, 37.393776173000049 ], [ 114.631226768000033, 37.442549033000034 ], [ 114.661240836000047, 37.382520898000053 ], [ 114.785048863000043, 37.367513864000045 ], [ 114.848828757000092, 37.401279690000081 ], [ 114.923863925000092, 37.446300791000056 ], [ 115.01015436900002, 37.465059583000084 ], [ 115.103948329000104, 37.502577167000084 ], [ 115.193990531000054, 37.491321892000087 ], [ 115.224004599000068, 37.453804308000088 ], [ 115.261522183000011, 37.367513864000045 ], [ 115.272777458000064, 37.292478696000046 ], [ 115.280280975000096, 37.221195286000068 ], [ 115.239011632000029, 37.153663634000054 ], [ 115.227756357000089, 37.093635500000062 ], [ 115.227756357000089, 36.999841539000045 ], [ 115.254018666000093, 36.891040545000067 ], [ 115.355316143000096, 36.87603351100006 ], [ 115.467868896000027, 36.906047579000074 ], [ 115.580421648000083, 36.992338022000069 ], [ 115.768009569000014, 37.116146050000054 ], [ 115.876810564000039, 37.209940011000072 ], [ 116.030632659000048, 37.292478696000046 ], [ 116.176951237000026, 37.318741005000049 ], [ 116.289503990000071, 37.292478696000046 ], [ 116.413312018000056, 37.254961112000046 ], [ 116.417063776000077, 37.127401325000051 ], [ 116.420815535000088, 37.022352090000084 ], [ 116.423830790000011, 36.959031724000056 ] ] ] ] } },
{ "type": "Feature", "properties": { "州镇": "冀州" }, "geometry": { "type": "MultiPolygon", "coordinates": [ [ [ [ 118.8141, 38.2176 ], [ 118.811, 38.2124 ], [ 118.8042, 38.2133 ], [ 118.8025, 38.2171 ], [ 118.8057, 38.2221 ], [ 118.8113, 38.2218 ], [ 118.8141, 38.2176 ] ] ], [ [ [ 117.9515, 38.2193 ], [ 117.9449, 38.2059 ], [ 117.9593, 38.2084 ], [ 117.967600001000051, 38.2053 ], [ 117.974699999000109, 38.1999 ], [ 117.975400001000025, 38.1978 ], [ 117.972399999, 38.1952 ], [ 117.961100000000101, 38.1917 ], [ 117.9685, 38.1881 ], [ 117.9853, 38.1928 ], [ 118.0008, 38.1925 ], [ 118.0112, 38.1888 ], [ 118.024500001000092, 38.1804 ], [ 118.0398, 38.1611 ], [ 118.0427, 38.1525 ], [ 118.0411, 38.1469 ], [ 118.0345, 38.141400001000079 ], [ 118.0284, 38.1324 ], [ 118.0375, 38.1271 ], [ 118.042, 38.133 ], [ 118.0538, 38.1429 ], [ 118.063099999000087, 38.1564 ], [ 118.075699999000108, 38.1413 ], [ 118.086899999000025, 38.1344 ], [ 118.0918, 38.122 ], [ 118.0964, 38.1192 ], [ 118.0979, 38.1227 ], [ 118.095600000000104, 38.1298 ], [ 118.093800000000101, 38.1354 ], [ 118.0962, 38.1396 ], [ 118.1037, 38.1434 ], [ 118.1192, 38.147 ], [ 118.1379, 38.141400001000079 ], [ 118.1448, 38.141400001000079 ], [ 118.1455, 38.135499999000047 ], [ 118.1478, 38.1354 ], [ 118.1544, 38.145 ], [ 118.1583, 38.1479 ], [ 118.1669, 38.1492 ], [ 118.1785, 38.1495 ], [ 118.2023, 38.1413 ], [ 118.2171, 38.141 ], [ 118.2207, 38.1395 ], [ 118.2264, 38.1374 ], [ 118.226500000000101, 38.1362 ], [ 118.2289, 38.1398 ], [ 118.2331, 38.1412 ], [ 118.2588, 38.1383 ], [ 118.2741, 38.1405 ], [ 118.286, 38.135499999000047 ], [ 118.2921, 38.1312 ], [ 118.2968, 38.1304 ], [ 118.3056, 38.1331 ], [ 118.3115, 38.1312 ], [ 118.3144, 38.1321 ], [ 118.3226, 38.1349 ], [ 118.324300000000108, 38.140899999000055 ], [ 118.3287, 38.1441 ], [ 118.3442, 38.147 ], [ 118.3539, 38.144600001000072 ], [ 118.369600000000105, 38.1361 ], [ 118.3742, 38.1372 ], [ 118.3706, 38.1474 ], [ 118.3726, 38.148599999000055 ], [ 118.3808, 38.1475 ], [ 118.3891, 38.1435 ], [ 118.3911, 38.1404 ], [ 118.382399999000086, 38.1396 ], [ 118.3829, 38.1373 ], [ 118.386800000000108, 38.1342 ], [ 118.393, 38.1324 ], [ 118.4032, 38.1326 ], [ 118.4103, 38.1301 ], [ 118.4258, 38.1284 ], [ 118.4623, 38.1244 ], [ 118.4814, 38.1171 ], [ 118.4987, 38.1086 ], [ 118.507, 38.1013 ], [ 118.5112, 38.095300001000055 ], [ 118.5202, 38.089899999000068 ], [ 118.5261, 38.0885 ], [ 118.5315, 38.0812 ], [ 118.5346, 38.067999999000051 ], [ 118.5325, 38.0608 ], [ 118.5295, 38.0572 ], [ 118.519499999, 38.045100001000037 ], [ 118.5202, 38.0436 ], [ 118.524700001000042, 38.0449 ], [ 118.5336, 38.0521 ], [ 118.5386, 38.0605 ], [ 118.543500000000108, 38.0598 ], [ 118.55229999900007, 38.0496 ], [ 118.5563, 38.0502 ], [ 118.53969999900005, 38.0835 ], [ 118.5418, 38.092100001000063 ], [ 118.5384, 38.100000001000069 ], [ 118.5393, 38.1055 ], [ 118.543500000000108, 38.1073 ], [ 118.5607, 38.1066 ], [ 118.5638, 38.113499999000055 ], [ 118.5645, 38.1152 ], [ 118.5745, 38.1076 ], [ 118.579300000000103, 38.1059 ], [ 118.580599999000015, 38.10709999900007 ], [ 118.5762, 38.114299999000082 ], [ 118.567700001000048, 38.1195 ], [ 118.5753, 38.1232 ], [ 118.5746, 38.1252 ], [ 118.5709, 38.1292 ], [ 118.5676, 38.1302 ], [ 118.560800001000075, 38.1288 ], [ 118.5592, 38.1308 ], [ 118.562499999000011, 38.133699999000044 ], [ 118.5736, 38.1316 ], [ 118.5885, 38.1203 ], [ 118.5925, 38.1215 ], [ 118.5884, 38.1269 ], [ 118.5781, 38.1341 ], [ 118.5741, 38.1387 ], [ 118.5736, 38.141 ], [ 118.577, 38.1471 ], [ 118.5791, 38.1475 ], [ 118.581, 38.148 ], [ 118.5875, 38.1466 ], [ 118.5909, 38.1433 ], [ 118.5902, 38.1412 ], [ 118.5941, 38.1381 ], [ 118.6027, 38.1405 ], [ 118.612599999000054, 38.1402 ], [ 118.6213, 38.1352 ], [ 118.6278, 38.1361 ], [ 118.625500000000102, 38.1418 ], [ 118.6281, 38.1433 ], [ 118.636, 38.1411 ], [ 118.648499999000023, 38.142 ], [ 118.6543, 38.1374 ], [ 118.6583, 38.137600001000067 ], [ 118.6719, 38.1479 ], [ 118.676200000000108, 38.1483 ], [ 118.684, 38.1445 ], [ 118.689, 38.1488 ], [ 118.688000000000102, 38.1611 ], [ 118.689199999000039, 38.1615 ], [ 118.6911, 38.1622 ], [ 118.6955, 38.1607 ], [ 118.7006, 38.1536 ], [ 118.705, 38.152400001000046 ], [ 118.7081, 38.1552 ], [ 118.708500001000061, 38.1626 ], [ 118.7054, 38.1659 ], [ 118.6961, 38.1701 ], [ 118.6929, 38.1748 ], [ 118.6944, 38.1793 ], [ 118.6992, 38.1826 ], [ 118.7279, 38.1878 ], [ 118.756499999000084, 38.1997 ], [ 118.772700001000089, 38.2016 ], [ 118.7802, 38.2076 ], [ 118.7854, 38.2117 ], [ 118.7942, 38.2116 ], [ 118.7991, 38.2069 ], [ 118.8013, 38.199400001000072 ], [ 118.8023, 38.200900001000036 ], [ 118.8101, 38.2021 ], [ 118.8132, 38.208099999000069 ], [ 118.8259, 38.2159 ], [ 118.8301, 38.217 ], [ 118.8329, 38.2155 ], [ 118.8414, 38.2089 ], [ 118.8537, 38.1759 ], [ 118.8516, 38.1579 ], [ 118.8433, 38.1562 ], [ 118.8405, 38.1493 ], [ 118.845, 38.1366 ], [ 118.8419, 38.129600001000085 ], [ 118.8426, 38.1256 ], [ 118.8428, 38.124300001000051 ], [ 118.839300001000083, 38.115 ], [ 118.8426, 38.0973 ], [ 118.8485, 38.08599999900008 ], [ 118.8472, 38.083 ], [ 118.8344, 38.0784 ], [ 118.8344, 38.0745 ], [ 118.8373, 38.0739 ], [ 118.851500000000101, 38.07969999900007 ], [ 118.855800001000034, 38.0746 ], [ 118.8554, 38.0677 ], [ 118.85219999900005, 38.061799999000073 ], [ 118.8608, 38.0582 ], [ 118.871599999000068, 38.0634 ], [ 118.883, 38.0716 ], [ 118.8923, 38.070399999000074 ], [ 118.9067999990001, 38.0752 ], [ 118.912299999000084, 38.0757 ], [ 118.9299, 38.0733 ], [ 118.932100000000105, 38.0745 ], [ 118.9433, 38.0616 ], [ 118.9522, 38.0374 ], [ 118.9485, 38.0251 ], [ 118.948399999, 38.0153 ], [ 118.948399999, 38.0074 ], [ 118.9435, 37.9917 ], [ 118.9428, 37.9784 ], [ 118.9477, 37.9785 ], [ 118.9532, 37.9941 ], [ 118.9595, 38.0053 ], [ 118.965, 38.0105 ], [ 118.9711, 38.0096 ], [ 118.9821, 38.0006 ], [ 118.9817, 37.9967 ], [ 118.9921, 37.9699 ], [ 118.9972, 37.967899999000053 ], [ 118.9981, 37.9571 ], [ 118.9929, 37.9528 ], [ 118.9838, 37.9536 ], [ 118.9843, 37.949799999000049 ], [ 119.0004, 37.943 ], [ 119.007600001000014, 37.9373 ], [ 119.0143, 37.9274 ], [ 119.0182, 37.9135 ], [ 119.023600000000101, 37.8734 ], [ 119.023600000000101, 37.8688 ], [ 119.023399999000048, 37.8682 ], [ 119.016, 37.8488 ], [ 119.0048, 37.8367 ], [ 119.003199999, 37.8298 ], [ 119.003910843000085, 37.825179516000048 ], [ 118.964507743000013, 37.817724875000067 ], [ 118.791926856000032, 37.776455532000057 ], [ 118.67937410400009, 37.697668605000047 ], [ 118.521800250000069, 37.603874645000076 ], [ 118.401743980000106, 37.491321892000087 ], [ 118.225411335000103, 37.405031449000035 ], [ 117.940277695000077, 37.345003314000053 ], [ 117.546343061000016, 37.322492763000071 ], [ 117.366258656000014, 37.254961112000046 ], [ 117.306230522000078, 37.239954078000039 ], [ 117.201181286000065, 37.206188252000061 ], [ 117.122394359000054, 37.243705836000061 ], [ 116.92355116300007, 37.277471662000039 ], [ 116.698445658000082, 37.078628466000055 ], [ 116.578389388, 36.99608978100008 ], [ 116.458333119000031, 36.943565163000073 ], [ 116.423830790000011, 36.959031724000056 ], [ 116.420815535000088, 37.022352090000084 ], [ 116.417063776000077, 37.127401325000051 ], [ 116.413312018000056, 37.254961112000046 ], [ 116.289503990000071, 37.292478696000046 ], [ 116.176951237000026, 37.318741005000049 ], [ 116.030632659000048, 37.292478696000046 ], [ 115.876810564000039, 37.209940011000072 ], [ 115.768009569000014, 37.116146050000054 ], [ 115.580421648000083, 36.992338022000069 ], [ 115.467868896000027, 36.906047579000074 ], [ 115.355316143000096, 36.87603351100006 ], [ 115.254018666000093, 36.891040545000067 ], [ 115.227756357000089, 36.999841539000045 ], [ 115.227756357000089, 37.093635500000062 ], [ 115.239011632000029, 37.153663634000054 ], [ 115.280280975000096, 37.221195286000068 ], [ 115.272777458000064, 37.292478696000046 ], [ 115.261522183000011, 37.367513864000045 ], [ 115.224004599000068, 37.453804308000088 ], [ 115.193990531000054, 37.491321892000087 ], [ 115.158584715000075, 37.495747619000042 ], [ 115.208997565, 37.585115853000048 ], [ 115.314046801000018, 37.693916847000082 ], [ 115.385330211, 37.757696740000085 ], [ 115.441606587000024, 37.851490701000046 ], [ 115.527897031000066, 37.990305762000048 ], [ 115.72298846800004, 38.057837414000062 ], [ 115.813030671000092, 38.057837414000062 ], [ 115.914328148000095, 38.132872582000061 ], [ 115.955597490000059, 38.144127857000058 ], [ 116.083157277000055, 38.155383133000043 ], [ 116.225724097000011, 38.144127857000058 ], [ 116.259489923000046, 38.039078622000034 ], [ 116.2707451980001, 37.990305762000048 ], [ 116.357035641000039, 37.941532903000052 ], [ 116.477091911, 37.971546970000077 ], [ 116.522113012000091, 38.009064554000076 ], [ 116.604651697, 38.110362032000069 ], [ 116.728459725000107, 38.192900717000043 ], [ 116.85977127000001, 38.16663840800004 ], [ 116.878530062000095, 38.102858515000037 ], [ 116.856019511, 38.031575105000059 ], [ 116.848515994000081, 37.990305762000048 ], [ 116.908544129, 37.922774111000081 ], [ 116.949813472000073, 37.87775300900006 ], [ 117.054862708000087, 37.80271784100006 ], [ 117.174918977000061, 37.795214324000085 ], [ 117.287471730000107, 37.810221358000035 ], [ 117.392520965000017, 37.810221358000035 ], [ 117.583860645000073, 37.858994217000088 ], [ 117.595115920000012, 37.941532903000052 ], [ 117.598867679000023, 38.042830380000055 ], [ 117.636385263000079, 38.095354998000062 ], [ 117.745186257, 38.125369065000086 ], [ 117.805214392000039, 38.16663840800004 ], [ 117.908941404000075, 38.245066149000081 ], [ 117.9393, 38.231599999000082 ], [ 117.945699999, 38.2275 ], [ 117.9515, 38.2193 ] ] ] ] } },
{ "type": "Feature", "properties": { "州镇": "瀛州" }, "geometry": { "type": "MultiPolygon", "coordinates": [ [ [ [ 117.710861624000017, 38.952544934000059 ], [ 117.7097, 38.950700001000087 ], [ 117.708300001, 38.9419 ], [ 117.6691, 38.9039 ], [ 117.659800001, 38.9077 ], [ 117.6579, 38.9084 ], [ 117.645, 38.8942 ], [ 117.628099999000028, 38.8757 ], [ 117.6347, 38.8702 ], [ 117.6149, 38.8457 ], [ 117.6098, 38.8466 ], [ 117.6065, 38.8417 ], [ 117.6056, 38.8405 ], [ 117.6096, 38.837 ], [ 117.5825, 38.7961 ], [ 117.5807, 38.7915 ], [ 117.5721, 38.771 ], [ 117.5627, 38.764 ], [ 117.5695, 38.7592 ], [ 117.563099999000087, 38.736 ], [ 117.5487, 38.7362 ], [ 117.5456, 38.6999 ], [ 117.5424, 38.6878 ], [ 117.5346, 38.6854 ], [ 117.5255, 38.685 ], [ 117.5215, 38.6863 ], [ 117.5501, 38.6209 ], [ 117.547, 38.616 ], [ 117.5498, 38.6107 ], [ 117.554400000000101, 38.608700001000045 ], [ 117.5549, 38.6025 ], [ 117.591, 38.5453 ], [ 117.5894, 38.5416 ], [ 117.6036, 38.512 ], [ 117.6161, 38.4979 ], [ 117.6236, 38.4822 ], [ 117.644300001000033, 38.4558 ], [ 117.649899999000013, 38.44129999900008 ], [ 117.662, 38.420800001000089 ], [ 117.6995, 38.3718 ], [ 117.700700001000087, 38.3702 ], [ 117.7158, 38.3549 ], [ 117.7234, 38.3499 ], [ 117.7261, 38.3452 ], [ 117.750000001000103, 38.325 ], [ 117.8014, 38.2859 ], [ 117.802, 38.2823 ], [ 117.8059, 38.2799 ], [ 117.815700000000106, 38.2778 ], [ 117.8309, 38.2643 ], [ 117.83910000100002, 38.2628 ], [ 117.8487, 38.2632 ], [ 117.8606, 38.2638 ], [ 117.87, 38.2619 ], [ 117.8741, 38.2543 ], [ 117.8805, 38.2538 ], [ 117.8875, 38.2539 ], [ 117.9012, 38.2485 ], [ 117.908941404000075, 38.245066149000081 ], [ 117.805214392000039, 38.16663840800004 ], [ 117.745186257, 38.125369065000086 ], [ 117.636385263000079, 38.095354998000062 ], [ 117.598867679000023, 38.042830380000055 ], [ 117.595115920000012, 37.941532903000052 ], [ 117.583860645000073, 37.858994217000088 ], [ 117.392520965000017, 37.810221358000035 ], [ 117.287471730000107, 37.810221358000035 ], [ 117.174918977000061, 37.795214324000085 ], [ 117.054862708000087, 37.80271784100006 ], [ 116.949813472000073, 37.87775300900006 ], [ 116.908544129, 37.922774111000081 ], [ 116.848515994000081, 37.990305762000048 ], [ 116.856019511, 38.031575105000059 ], [ 116.878530062000095, 38.102858515000037 ], [ 116.85977127000001, 38.16663840800004 ], [ 116.728459725000107, 38.192900717000043 ], [ 116.604651697, 38.110362032000069 ], [ 116.522113012000091, 38.009064554000076 ], [ 116.477091911, 37.971546970000077 ], [ 116.357035641000039, 37.941532903000052 ], [ 116.2707451980001, 37.990305762000048 ], [ 116.259489923000046, 38.039078622000034 ], [ 116.225724097000011, 38.144127857000058 ], [ 116.083157277000055, 38.155383133000043 ], [ 115.955597490000059, 38.144127857000058 ], [ 115.914328148000095, 38.132872582000061 ], [ 115.813030671000092, 38.057837414000062 ], [ 115.72298846800004, 38.057837414000062 ], [ 115.712723819000075, 38.054284266000082 ], [ 115.731842618000087, 38.115464423000049 ], [ 115.811079756000026, 38.165888056000085 ], [ 115.839893261000043, 38.254729696000084 ], [ 115.919130399000096, 38.309955579000075 ], [ 115.9119270220001, 38.341170210000087 ], [ 115.844695512000044, 38.374785965000058 ], [ 115.717435866000073, 38.386791592000066 ], [ 115.645402104000027, 38.369983714000057 ], [ 115.525345835000053, 38.360379213000044 ], [ 115.443707572000108, 38.389192717000071 ], [ 115.417295192000097, 38.468429855000068 ], [ 115.402888440000083, 38.538062491000062 ], [ 115.306843424000022, 38.622101880000059 ], [ 115.282832171, 38.682130015000041 ], [ 115.256419791000098, 38.746960400000034 ], [ 115.275628794, 38.799785159000066 ], [ 115.287634421, 38.869417795000061 ], [ 115.32365130200003, 38.927044804000047 ], [ 115.340459180000039, 38.955858309000064 ], [ 115.364470434000054, 39.037496572000066 ], [ 115.405289565000089, 39.037496572000066 ], [ 115.498933456000032, 39.030293196000059 ], [ 115.578170593000095, 39.008683068000039 ], [ 115.683820111000045, 39.008683068000039 ], [ 115.787068502000011, 38.996677441000088 ], [ 115.911748814000021, 39.041736059000073 ], [ 116.017267020000077, 39.053460304000055 ], [ 116.193130695000036, 39.059322427000041 ], [ 116.292786779000039, 39.082770917000062 ], [ 116.42175347400007, 39.13553002000009 ], [ 116.632789885000079, 39.16484063200005 ], [ 116.791067194000107, 39.13553002000009 ], [ 116.890723277, 39.106219407000083 ], [ 117.142794546, 39.129667897000047 ], [ 117.277623364000078, 39.141392142000086 ], [ 117.394865814000013, 39.07104667200008 ], [ 117.541418878000059, 39.047598182000058 ], [ 117.710861624000017, 38.952544934000059 ] ] ] ] } },
{ "type": "Feature", "properties": { "州镇": "定州" }, "geometry": { "type": "MultiPolygon", "coordinates": [ [ [ [ 114.52409014300008, 39.284357716000045 ], [ 114.577998696, 39.269655383000043 ], [ 114.641309619000026, 39.265434655000035 ], [ 114.765821102000018, 39.269655383000043 ], [ 114.919877682000106, 39.25066210600005 ], [ 115.057051349000062, 39.242220650000036 ], [ 115.162569554000015, 39.259103563000053 ], [ 115.253315211000086, 39.233779193000089 ], [ 115.240653027, 39.170468270000072 ], [ 115.24276339100004, 39.107157347000054 ], [ 115.33772977600006, 39.067060429000037 ], [ 115.361228057000062, 39.026472489000071 ], [ 115.340459180000039, 38.955858309000064 ], [ 115.32365130200003, 38.927044804000047 ], [ 115.287634421, 38.869417795000061 ], [ 115.275628794, 38.799785159000066 ], [ 115.256419791000098, 38.746960400000034 ], [ 115.282832171, 38.682130015000041 ], [ 115.306843424000022, 38.622101880000059 ], [ 115.402888440000083, 38.538062491000062 ], [ 115.417295192000097, 38.468429855000068 ], [ 115.443707572000108, 38.389192717000071 ], [ 115.525345835000053, 38.360379213000044 ], [ 115.645402104000027, 38.369983714000057 ], [ 115.717435866000073, 38.386791592000066 ], [ 115.844695512000044, 38.374785965000058 ], [ 115.9119270220001, 38.341170210000087 ], [ 115.919130399000096, 38.309955579000075 ], [ 115.839893261000043, 38.254729696000084 ], [ 115.811079756000026, 38.165888056000085 ], [ 115.731842618000087, 38.115464423000049 ], [ 115.712723819000075, 38.054284266000082 ], [ 115.527897031000066, 37.990305762000048 ], [ 115.441606587000024, 37.851490701000046 ], [ 115.385330211, 37.757696740000085 ], [ 115.314046801000018, 37.693916847000082 ], [ 115.208997565, 37.585115853000048 ], [ 115.158584715000075, 37.495747619000042 ], [ 115.103948329000104, 37.502577167000084 ], [ 115.01015436900002, 37.465059583000084 ], [ 114.923863925000092, 37.446300791000056 ], [ 114.848828757000092, 37.401279690000081 ], [ 114.785048863000043, 37.367513864000045 ], [ 114.661240836000047, 37.382520898000053 ], [ 114.631226768000033, 37.442549033000034 ], [ 114.556191600000034, 37.393776173000049 ], [ 114.466149398000084, 37.408783207000056 ], [ 114.383610712000063, 37.408783207000056 ], [ 114.316079061000096, 37.386272656000074 ], [ 114.237292134000086, 37.363762106000081 ], [ 114.120987623000019, 37.39752793200006 ], [ 114.068463005000012, 37.438797274000081 ], [ 114.033849149000048, 37.454027371000052 ], [ 114.035369180000089, 37.463196592000088 ], [ 114.026225961000023, 37.556914586000062 ], [ 114.01822564500003, 37.606059387000073 ], [ 114.022797254000011, 37.638060654000071 ], [ 114.022797254000011, 37.675776432000077 ], [ 114.027368864000096, 37.718063819000065 ], [ 114.028511766000065, 37.75120798800009 ], [ 114.045655301000011, 37.852926298000057 ], [ 114.044512399000041, 37.887213369000051 ], [ 114.017082742000071, 37.915785928000048 ], [ 113.970223745, 37.945501390000061 ], [ 113.939365382, 37.96378782700009 ], [ 113.931365065000023, 37.982074265000051 ], [ 113.92336474800004, 37.994646191000072 ], [ 113.90050670100004, 37.995789094000088 ], [ 113.884506068000064, 38.001503605000039 ], [ 113.874219947000029, 38.025504555000055 ], [ 113.87307704400007, 38.042648091000046 ], [ 113.874219947000029, 38.080363869000053 ], [ 113.846790290000058, 38.09979320900004 ], [ 113.826218048000101, 38.111222232000046 ], [ 113.82736095000007, 38.139794791000043 ], [ 113.810217414000022, 38.154652522000049 ], [ 113.795359684, 38.159224132000077 ], [ 113.767930027000034, 38.174081862000037 ], [ 113.764501320000022, 38.186653788000058 ], [ 113.767930027000034, 38.210654738000073 ], [ 113.772501636000015, 38.230084078000061 ], [ 113.758786808000082, 38.244941809000068 ], [ 113.737071663000052, 38.256370833000062 ], [ 113.714213616000052, 38.282657587000074 ], [ 113.702784592000057, 38.296372415000064 ], [ 113.683355252000069, 38.307801439000059 ], [ 113.651353986, 38.328373682000063 ], [ 113.63878206000004, 38.339802705000068 ], [ 113.610209501000099, 38.375232678000089 ], [ 113.604494989000045, 38.424377480000089 ], [ 113.61592401300004, 38.464379063000081 ], [ 113.626147631000094, 38.522729586000082 ], [ 113.609405898000091, 38.572954787000072 ], [ 113.631728209000016, 38.639921723000043 ], [ 113.65963109900008, 38.704098369000064 ], [ 113.634518498000034, 38.771065305000036 ], [ 113.64009907600007, 38.871515708000061 ], [ 113.676372833000073, 38.910579753000036 ], [ 113.734968901, 38.941272932000061 ], [ 113.768452369000101, 38.983127267000043 ], [ 113.771242658, 39.041723335000086 ], [ 113.762871791000066, 39.072416514000054 ], [ 113.746130057000073, 39.105899982000039 ], [ 113.743339768000055, 39.133802871000057 ], [ 113.72938832300008, 39.175657206000039 ], [ 113.755336157000102, 39.226720541000077 ], [ 113.789977985000064, 39.284886042000039 ], [ 113.858442408000087, 39.313325110000051 ], [ 113.909000752, 39.309111915000074 ], [ 113.9553459, 39.283832743000062 ], [ 114.026970219000077, 39.262766767000073 ], [ 114.104914332000021, 39.250127181000039 ], [ 114.161792468000044, 39.242754089000073 ], [ 114.21129751300009, 39.225901308000061 ], [ 114.291022153000085, 39.227409254000065 ], [ 114.364310767, 39.237052492000089 ], [ 114.442099559000098, 39.270482387000072 ], [ 114.52409014300008, 39.284357716000045 ] ] ] ] } },
{ "type": "Feature", "properties": { "州镇": "燕州" }, "geometry": { "type": "MultiPolygon", "coordinates": [ [ [ [ 115.231159917000014, 39.239962066000089 ], [ 115.162569554000015, 39.259103563000053 ], [ 115.057051349000062, 39.242220650000036 ], [ 114.919877682000106, 39.25066210600005 ], [ 114.765821102000018, 39.269655383000043 ], [ 114.641309619000026, 39.265434655000035 ], [ 114.577998696, 39.269655383000043 ], [ 114.52409014300008, 39.284357716000045 ], [ 114.525674294000055, 39.28462580300004 ], [ 114.525031412000089, 39.341842353000061 ], [ 114.516031056000088, 39.390058546000034 ], [ 114.494815931000062, 39.427988619000075 ], [ 114.487821368000027, 39.474019011000053 ], [ 114.485764144000086, 39.514340607000065 ], [ 114.484529809000037, 39.532855625000082 ], [ 114.484529809000037, 39.538615853000067 ], [ 114.458975227, 39.583084041000063 ], [ 114.451381176000041, 39.624308886000051 ], [ 114.453912526000067, 39.663002382000059 ], [ 114.451742798000055, 39.707481820000055 ], [ 114.451742798000055, 39.739143787000046 ], [ 114.485172692000106, 39.804074928000034 ], [ 114.497387461000017, 39.83814770500004 ], [ 114.490958635000084, 39.872220481000056 ], [ 114.482601162000037, 39.908864788000074 ], [ 114.473600805000046, 39.933294326000066 ], [ 114.453671445000055, 39.955152334000047 ], [ 114.436313616, 39.963509808000083 ], [ 114.403526604000035, 39.968009986000084 ], [ 114.375882653000076, 39.962866925000071 ], [ 114.357239058, 39.953223686000058 ], [ 114.325094929000102, 39.937151622000044 ], [ 114.289093505000096, 39.919793792000064 ], [ 114.258235141, 39.894721372000049 ], [ 114.231876955000075, 39.869648951000045 ], [ 114.209376065000015, 39.854219769000053 ], [ 114.176589054000033, 39.838790587000062 ], [ 114.13480168600006, 39.83171887900005 ], [ 114.072442076000016, 39.825932935000083 ], [ 114.016983408000101, 39.822658252000053 ], [ 113.9744928880001, 39.83712311000005 ], [ 113.928838179000081, 39.86469674600005 ], [ 113.923865884000065, 39.893174435000049 ], [ 113.9354773230001, 39.936569009000038 ], [ 113.984211464000055, 39.978240231000086 ], [ 114.012463140000023, 40.005079323000075 ], [ 114.073989012000084, 40.052086973000087 ], [ 114.112913543000104, 40.073432684000068 ], [ 114.166905635000035, 40.078455204000079 ], [ 114.21964209600003, 40.088500244000045 ], [ 114.288701748000108, 40.12491351500006 ], [ 114.303769309000018, 40.177649977000044 ], [ 114.303769309000018, 40.216574508000065 ], [ 114.291213008, 40.315769281000087 ], [ 114.268611668000062, 40.391107083000065 ], [ 114.24098780700001, 40.438821025000038 ], [ 114.180717565, 40.45765547600007 ], [ 114.126725473000079, 40.456399845000078 ], [ 114.119191693000062, 40.504113787000051 ], [ 114.116680433000056, 40.550572098000089 ], [ 114.094079092000015, 40.63595494100008 ], [ 114.051387671000043, 40.681157622000057 ], [ 113.998651209000059, 40.735149714000045 ], [ 113.981072389000019, 40.772818615000062 ], [ 113.967260459000045, 40.843133897000087 ], [ 113.967260459000045, 40.902148509000085 ], [ 113.952192898000021, 40.952373711000064 ], [ 113.955959788000087, 41.007621432000064 ], [ 113.952111010000067, 41.024666021000087 ], [ 114.089146774000028, 41.04750531500008 ], [ 114.468583872000067, 41.01715034700004 ], [ 114.703834873, 40.994384121000053 ], [ 114.787311035000016, 41.032327831000089 ], [ 114.977029584000093, 41.024739089000036 ], [ 115.151570649000064, 40.96402915300007 ], [ 115.38682165, 40.910907959000042 ], [ 115.644838877000097, 40.903319217000046 ], [ 115.910444846000019, 40.933674185000086 ], [ 116.198817041000098, 41.08544902400007 ], [ 116.288951031000011, 41.12232202000007 ], [ 116.308497267, 41.086678883000047 ], [ 116.287393626000039, 41.052913057000069 ], [ 116.348594185000024, 40.974829585000066 ], [ 116.395022195000024, 40.919960118000063 ], [ 116.485767852000095, 40.812331549000078 ], [ 116.511092222, 40.73635844100005 ], [ 116.52586477, 40.658274969000047 ], [ 116.502650765, 40.586522589000083 ], [ 116.380249647000028, 40.493666568000037 ], [ 116.27599766000003, 40.417693460000066 ], [ 116.144986256000038, 40.377174469000067 ], [ 116.032883714000036, 40.336655478000068 ], [ 115.993715356000052, 40.269123826000055 ], [ 116.011273585000026, 40.232656735000035 ], [ 116.027481182000088, 40.161073184000088 ], [ 116.036935613000082, 40.094892165000033 ], [ 116.043688778000046, 40.012503551000066 ], [ 116.02072801700001, 39.927413670000078 ], [ 115.977507760000094, 39.889595945000053 ], [ 115.918079906, 39.863933917000054 ], [ 115.826236860000108, 39.866635183000085 ], [ 115.785717869, 39.866635183000085 ], [ 115.707381153000028, 39.822064293000039 ], [ 115.641200135000076, 39.823414926000055 ], [ 115.595194197000069, 39.765590950000046 ], [ 115.470682715000066, 39.75081840100006 ], [ 115.417923612000095, 39.657962380000072 ], [ 115.41159252, 39.569327087000033 ], [ 115.398930335000045, 39.465919246000055 ], [ 115.280749945000025, 39.415270507000059 ], [ 115.263867032, 39.26332429100006 ], [ 115.231159917000014, 39.239962066000089 ] ] ] ] } },
{ "type": "Feature", "properties": { "州镇": "安州" }, "geometry": { "type": "MultiPolygon", "coordinates": [ [ [ [ 118.680407961000014, 40.463732488000062 ], [ 118.585975836000102, 40.45304205900004 ], [ 118.421103640000069, 40.436554839000053 ], [ 118.266123776000086, 40.449744615000043 ], [ 118.137523463000093, 40.479421610000088 ], [ 118.015518037000106, 40.403580400000067 ], [ 117.877025393000054, 40.314549414000055 ], [ 117.665988981000055, 40.212328652000053 ], [ 117.557173332000048, 40.156272106000074 ], [ 117.38570624800002, 40.106810447000043 ], [ 117.263700823000022, 40.021076905000086 ], [ 117.125208178000094, 39.889179148000039 ], [ 117.019689972000037, 39.92545103100008 ], [ 116.907576879000089, 40.054051344000072 ], [ 116.805356117000088, 40.126595110000039 ], [ 116.769084234000047, 40.152974662000076 ], [ 116.762489346000052, 40.212328652000053 ], [ 116.759191902, 40.284872419000067 ], [ 116.752597015000106, 40.344226409000044 ], [ 116.742704683000056, 40.410175288000062 ], [ 116.755894458000057, 40.469529278000039 ], [ 116.746002127, 40.515693493000072 ], [ 116.699837912000021, 40.565155152000045 ], [ 116.604212038000014, 40.621211699000071 ], [ 116.52453825300006, 40.665286559000037 ], [ 116.511092222, 40.73635844100005 ], [ 116.485767852000095, 40.812331549000078 ], [ 116.395022195000024, 40.919960118000063 ], [ 116.348594185000024, 40.974829585000066 ], [ 116.287393626000039, 41.052913057000069 ], [ 116.308497267, 41.086678883000047 ], [ 116.288951031000011, 41.12232202000007 ], [ 116.365769365, 41.153747702000089 ], [ 116.601020366000057, 41.176513928000077 ], [ 116.859037593000039, 41.229635122000047 ], [ 116.919747528000016, 41.351054993000048 ], [ 117.03357865800001, 41.487652349000086 ], [ 117.192942239000104, 41.533184801000061 ], [ 117.34471707900002, 41.624249704000079 ], [ 117.420604498000102, 41.745669576000068 ], [ 117.746920403000104, 41.768435802000056 ], [ 117.850005970000097, 41.805252075000055 ], [ 117.852111372000081, 41.802795772000081 ], [ 117.986940190000041, 41.802795772000081 ], [ 118.080734151, 41.832106384000042 ], [ 118.121769008, 41.738312424000071 ], [ 118.121769008, 41.65038058600004 ], [ 118.239011459000039, 41.585897238000086 ], [ 118.239011459000039, 41.550724503000083 ], [ 118.221425091000015, 41.492103277000069 ], [ 118.215562969000075, 41.404171439000038 ], [ 118.268322072000046, 41.368998704000035 ], [ 118.620049423000069, 41.368998704000035 ], [ 118.684532771000022, 41.380722949000074 ], [ 118.725567629000011, 41.298653234000085 ], [ 118.790050977000078, 41.234169886000075 ], [ 118.766602487, 41.070030455000051 ], [ 118.7079812610001, 40.900028902000088 ], [ 118.684532771000022, 40.74175159300006 ], [ 118.684532771000022, 40.636233388000051 ], [ 118.67280852600004, 40.513128815000073 ], [ 118.680407961000014, 40.463732488000062 ] ] ] ] } },
{ "type": "Feature", "properties": { "州镇": "平州" }, "geometry": { "type": "MultiPolygon", "coordinates": [ [ [ [ 118.5221, 38.9179 ], [ 118.5095, 38.9135 ], [ 118.5076, 38.9149 ], [ 118.5087, 38.9167 ], [ 118.5193, 38.9203 ], [ 118.5246, 38.9244 ], [ 118.532200000000103, 38.9326 ], [ 118.5466, 38.9482 ], [ 118.5548, 38.9581 ], [ 118.5592, 38.967 ], [ 118.557, 38.9697 ], [ 118.5574, 38.9727 ], [ 118.5606, 38.9728 ], [ 118.5641, 38.9681 ], [ 118.5619, 38.9616 ], [ 118.5293, 38.9239 ], [ 118.5221, 38.9179 ] ] ], [ [ [ 118.565700000000106, 38.995 ], [ 118.5577, 38.9908 ], [ 118.554400000000101, 38.9913 ], [ 118.5746, 39.0111 ], [ 118.5767, 39.011 ], [ 118.5777, 39.0092 ], [ 118.5735, 39.0048 ], [ 118.565700000000106, 38.995 ] ] ], [ [ [ 118.7379, 39.0158 ], [ 118.7305, 39.0125 ], [ 118.720600000000104, 39.011 ], [ 118.712000000000103, 39.0123 ], [ 118.713, 39.0139 ], [ 118.7185, 39.0155 ], [ 118.721500000000106, 39.0147 ], [ 118.7288, 39.0159 ], [ 118.7407, 39.0227 ], [ 118.7512, 39.031 ], [ 118.7553, 39.0343 ], [ 118.7596, 39.0411 ], [ 118.7487, 39.0508 ], [ 118.7503, 39.0533 ], [ 118.7639, 39.0426 ], [ 118.7650000000001, 39.0385 ], [ 118.7627, 39.0332 ], [ 118.7379, 39.0158 ] ] ], [ [ [ 118.6212, 39.0328 ], [ 118.6052, 39.0246 ], [ 118.6044, 39.0259 ], [ 118.6175, 39.0356 ], [ 118.6225, 39.0445 ], [ 118.6281, 39.0495 ], [ 118.6351, 39.0537 ], [ 118.6384, 39.0527 ], [ 118.6259, 39.0421 ], [ 118.6212, 39.0328 ] ] ], [ [ [ 118.8256, 39.1023 ], [ 118.8068, 39.0971 ], [ 118.8049, 39.0981 ], [ 118.8063, 39.1007 ], [ 118.8105, 39.1027 ], [ 118.8318, 39.1055 ], [ 118.8422, 39.1098 ], [ 118.8519, 39.1188 ], [ 118.8546, 39.1187 ], [ 118.8496, 39.1087 ], [ 118.847, 39.1072 ], [ 118.836100000000101, 39.1029 ], [ 118.8256, 39.1023 ] ] ], [ [ [ 118.8174, 39.1247 ], [ 118.8143, 39.1235 ], [ 118.8125, 39.1248 ], [ 118.8287, 39.1393 ], [ 118.8294, 39.1366 ], [ 118.8267, 39.1326 ], [ 118.8174, 39.1247 ] ] ], [ [ [ 118.9195, 39.1292 ], [ 118.8837, 39.1227 ], [ 118.881, 39.1237 ], [ 118.8844, 39.1273 ], [ 118.8998, 39.1294 ], [ 118.9283, 39.1393 ], [ 118.9574, 39.1653 ], [ 118.9877, 39.185 ], [ 118.9714, 39.1688 ], [ 118.956100000000106, 39.1579 ], [ 118.9417, 39.1423 ], [ 118.9304, 39.1335 ], [ 118.9195, 39.1292 ] ] ], [ [ [ 119.057100000000105, 39.2321 ], [ 119.0535, 39.2319 ], [ 119.0524, 39.2338 ], [ 119.0614, 39.2419 ], [ 119.0823, 39.2527 ], [ 119.0836, 39.2493 ], [ 119.0798, 39.2448 ], [ 119.0606, 39.2346 ], [ 119.057100000000105, 39.2321 ] ] ], [ [ [ 119.1025, 39.2644 ], [ 119.087900000000104, 39.2571 ], [ 119.09, 39.2617 ], [ 119.1059, 39.278 ], [ 119.110100000000102, 39.2813 ], [ 119.1157, 39.282 ], [ 119.1173, 39.2795 ], [ 119.105, 39.2686 ], [ 119.1025, 39.2644 ] ] ], [ [ [ 119.1227, 39.2893 ], [ 119.1195, 39.2883 ], [ 119.1184, 39.2908 ], [ 119.121400000000108, 39.2964 ], [ 119.1242, 39.2994 ], [ 119.1274, 39.2993 ], [ 119.1284, 39.2977 ], [ 119.1227, 39.2893 ] ] ], [ [ [ 119.1402, 39.3126 ], [ 119.1336, 39.3052 ], [ 119.1308, 39.3068 ], [ 119.1317, 39.3118 ], [ 119.1384, 39.3187 ], [ 119.1499, 39.3243 ], [ 119.151300000000106, 39.3209 ], [ 119.148600000000101, 39.3165 ], [ 119.144, 39.3131 ], [ 119.1402, 39.3126 ] ] ], [ [ [ 119.1678, 39.3337 ], [ 119.1601, 39.3277 ], [ 119.1586, 39.3281 ], [ 119.1587, 39.3317 ], [ 119.1614, 39.3349 ], [ 119.1669, 39.3363 ], [ 119.1678, 39.3337 ] ] ], [ [ [ 119.183900000000108, 39.349 ], [ 119.1798, 39.348 ], [ 119.178, 39.3495 ], [ 119.1818, 39.3561 ], [ 119.1914, 39.3637 ], [ 119.195700000000102, 39.3654 ], [ 119.1978, 39.3648 ], [ 119.1983, 39.3621 ], [ 119.183900000000108, 39.349 ] ] ], [ [ [ 119.2176, 39.3698 ], [ 119.2071, 39.3672 ], [ 119.2026, 39.3693 ], [ 119.2048, 39.3712 ], [ 119.2132, 39.3738 ], [ 119.2195, 39.3735 ], [ 119.2202, 39.3715 ], [ 119.2176, 39.3698 ] ] ], [ [ [ 119.2717, 39.372 ], [ 119.2575, 39.3677 ], [ 119.2554, 39.3694 ], [ 119.2605, 39.3726 ], [ 119.2682, 39.3767 ], [ 119.2738, 39.3771 ], [ 119.2751, 39.3742 ], [ 119.2717, 39.372 ] ] ], [ [ [ 119.2886, 39.3821 ], [ 119.2862, 39.3821 ], [ 119.2867, 39.3853 ], [ 119.3008, 39.402 ], [ 119.3028, 39.3975 ], [ 119.2991, 39.3898 ], [ 119.2886, 39.3821 ] ] ], [ [ [ 119.3086, 39.4229 ], [ 119.3055, 39.4226 ], [ 119.2992, 39.4379 ], [ 119.2999, 39.4407 ], [ 119.2956, 39.444 ], [ 119.2946, 39.4462 ], [ 119.2972, 39.4475 ], [ 119.3035, 39.4399 ], [ 119.3079, 39.4295 ], [ 119.3086, 39.4229 ] ] ], [ [ [ 119.274, 39.4561 ], [ 119.2692, 39.4518 ], [ 119.2678, 39.4564 ], [ 119.2728, 39.4618 ], [ 119.2769, 39.4622 ], [ 119.2806, 39.4602 ], [ 119.2816, 39.4584 ], [ 119.274, 39.4561 ] ] ], [ [ [ 119.587299641000072, 40.501404570000034 ], [ 119.722128459000032, 40.401748487000077 ], [ 119.757301195000082, 40.302092404000064 ], [ 119.769025440000064, 40.190712075000079 ], [ 119.774887562, 40.091055992000065 ], [ 119.796097255000063, 39.969857746000059 ], [ 119.7942, 39.9683 ], [ 119.7896, 39.9591 ], [ 119.785799999, 39.9576 ], [ 119.7815, 39.9618 ], [ 119.7757, 39.9642 ], [ 119.7665, 39.9641 ], [ 119.7687, 39.961000001000059 ], [ 119.778699999000082, 39.9583 ], [ 119.7836, 39.953900001000079 ], [ 119.781300000000101, 39.9527 ], [ 119.7742, 39.9513 ], [ 119.7691, 39.952499999000054 ], [ 119.763799999000071, 39.9574 ], [ 119.7584, 39.9589 ], [ 119.762900001000048, 39.9524 ], [ 119.7594, 39.9509 ], [ 119.7442, 39.9514 ], [ 119.7349, 39.9466 ], [ 119.70529999900009, 39.938399999000069 ], [ 119.6832, 39.935 ], [ 119.6413, 39.9286 ], [ 119.63, 39.923 ], [ 119.6094, 39.906900001000054 ], [ 119.5953, 39.9049 ], [ 119.5914, 39.9059 ], [ 119.593000001000064, 39.9091 ], [ 119.599, 39.9084 ], [ 119.5989, 39.9107 ], [ 119.5952, 39.9135 ], [ 119.5919, 39.9135 ], [ 119.5667, 39.9063 ], [ 119.5592, 39.9008 ], [ 119.5481, 39.8927 ], [ 119.5325, 39.889099999000052 ], [ 119.5274, 39.8848 ], [ 119.5231, 39.8751 ], [ 119.5191, 39.8381 ], [ 119.5212, 39.8318 ], [ 119.5269, 39.8232 ], [ 119.5306, 39.80939999900005 ], [ 119.5287, 39.8061 ], [ 119.522500001000026, 39.8048 ], [ 119.5121, 39.8097 ], [ 119.5089, 39.8113 ], [ 119.48580000100003, 39.8044 ], [ 119.4742, 39.8052 ], [ 119.4672, 39.8075 ], [ 119.464, 39.806900001000088 ], [ 119.4456, 39.7947 ], [ 119.4378, 39.7972 ], [ 119.436, 39.7915 ], [ 119.421, 39.7844 ], [ 119.4127, 39.7779 ], [ 119.4085, 39.7785 ], [ 119.396, 39.7907 ], [ 119.394, 39.7902 ], [ 119.3932, 39.787399999000058 ], [ 119.3953, 39.7827 ], [ 119.391900001000067, 39.7794 ], [ 119.3979, 39.7777 ], [ 119.4012, 39.7742 ], [ 119.4039, 39.7712 ], [ 119.403100000000109, 39.7689 ], [ 119.394399999000029, 39.7641 ], [ 119.38, 39.7515 ], [ 119.361300001000018, 39.7404 ], [ 119.3439, 39.7225 ], [ 119.3384, 39.7141 ], [ 119.325, 39.6759 ], [ 119.3217, 39.6714 ], [ 119.3227, 39.6699 ], [ 119.3209, 39.665 ], [ 119.297399999000049, 39.6102 ], [ 119.280899999000098, 39.5811 ], [ 119.288, 39.5715 ], [ 119.286399999000082, 39.5675 ], [ 119.2818, 39.5699 ], [ 119.279299999000045, 39.57350000100007 ], [ 119.275, 39.5658 ], [ 119.276100001000032, 39.5606 ], [ 119.2735, 39.5555 ], [ 119.2688, 39.5535 ], [ 119.2647, 39.5481 ], [ 119.2563, 39.5279 ], [ 119.2558, 39.516 ], [ 119.2521, 39.5076 ], [ 119.2485, 39.4803 ], [ 119.2531, 39.4728 ], [ 119.2585, 39.471 ], [ 119.2605, 39.4673 ], [ 119.2617, 39.4651 ], [ 119.258200000000102, 39.4535 ], [ 119.260000000000105, 39.4483 ], [ 119.2637, 39.4455 ], [ 119.272900001000039, 39.4437 ], [ 119.2767, 39.4502 ], [ 119.280099999000072, 39.4481 ], [ 119.2841, 39.4333 ], [ 119.2783, 39.426500001000079 ], [ 119.281099999000048, 39.423400001000061 ], [ 119.2872, 39.4249 ], [ 119.289400001000104, 39.422 ], [ 119.2891, 39.4167 ], [ 119.2796, 39.4061 ], [ 119.2818, 39.3989 ], [ 119.2764, 39.394599999000036 ], [ 119.256, 39.3883 ], [ 119.25, 39.3864 ], [ 119.2349, 39.388 ], [ 119.2327, 39.3952 ], [ 119.222400000000107, 39.3851 ], [ 119.210300001000064, 39.3792 ], [ 119.2047, 39.378800001000059 ], [ 119.1999, 39.3809 ], [ 119.1927, 39.3885 ], [ 119.188900000000103, 39.3877 ], [ 119.1904, 39.3808 ], [ 119.1896, 39.374900001000071 ], [ 119.1871000000001, 39.372 ], [ 119.1733, 39.3645 ], [ 119.169699999000045, 39.3557 ], [ 119.164999999000088, 39.3502 ], [ 119.1632, 39.3456 ], [ 119.1642, 39.343600001000084 ], [ 119.1615, 39.3399 ], [ 119.1559, 39.337 ], [ 119.1414, 39.3337 ], [ 119.1268, 39.326499999000077 ], [ 119.1222, 39.3188 ], [ 119.1189, 39.3045 ], [ 119.1134, 39.2977 ], [ 119.1142, 39.2938 ], [ 119.111700001000031, 39.2908 ], [ 119.0979, 39.2844 ], [ 119.080599999000015, 39.2714 ], [ 119.0817, 39.268 ], [ 119.078, 39.2656 ], [ 119.0732, 39.2662 ], [ 119.070300001000078, 39.2665 ], [ 119.057799999000054, 39.2588 ], [ 119.0556, 39.2564 ], [ 119.0595, 39.254 ], [ 119.0622, 39.2543 ], [ 119.063499999000101, 39.2509 ], [ 119.0411, 39.2307 ], [ 119.0277, 39.2236 ], [ 119.0065, 39.203 ], [ 118.9907, 39.1928 ], [ 118.9877, 39.1909 ], [ 118.972400000000107, 39.186 ], [ 118.970999999000014, 39.1858 ], [ 118.9288, 39.1815 ], [ 118.916999999000041, 39.1786 ], [ 118.8978, 39.1642 ], [ 118.8863, 39.159699999000054 ], [ 118.872399999000095, 39.156400001000065 ], [ 118.8636, 39.155700001000071 ], [ 118.8505, 39.1575 ], [ 118.8445, 39.1594 ], [ 118.8323, 39.1633 ], [ 118.8308, 39.1633 ], [ 118.8249, 39.163699999000073 ], [ 118.822000001000106, 39.1622 ], [ 118.8122, 39.1536 ], [ 118.8014, 39.147999999000035 ], [ 118.78, 39.1467 ], [ 118.74070000100005, 39.143 ], [ 118.7282, 39.1428 ], [ 118.7168, 39.1458 ], [ 118.700199999, 39.1523 ], [ 118.6961, 39.1578 ], [ 118.6913, 39.1641 ], [ 118.687799999000049, 39.1931 ], [ 118.6855, 39.1958 ], [ 118.6829, 39.1961 ], [ 118.681, 39.1924 ], [ 118.6829, 39.1854 ], [ 118.681, 39.1743 ], [ 118.6712, 39.18080000100008 ], [ 118.6559, 39.1846 ], [ 118.6252, 39.1869 ], [ 118.6159, 39.1937 ], [ 118.6108, 39.190100001000076 ], [ 118.6038, 39.1852 ], [ 118.5816, 39.178 ], [ 118.5601, 39.168 ], [ 118.5519, 39.1658 ], [ 118.542800001000046, 39.1635 ], [ 118.5342, 39.1551 ], [ 118.528600001000086, 39.1556 ], [ 118.5235, 39.1476 ], [ 118.5086, 39.1319 ], [ 118.4748, 39.1077 ], [ 118.4456, 39.0915 ], [ 118.4334, 39.0856 ], [ 118.4125, 39.0755 ], [ 118.3897, 39.0604 ], [ 118.3733, 39.054700001000072 ], [ 118.3539, 39.0457 ], [ 118.3303, 39.0386 ], [ 118.318, 39.0381 ], [ 118.3112, 39.0397 ], [ 118.292600000000107, 39.0484 ], [ 118.2962, 39.0524 ], [ 118.2954, 39.0551 ], [ 118.290000001000067, 39.0567 ], [ 118.285300001, 39.061099999000078 ], [ 118.2808, 39.0589 ], [ 118.275, 39.0619 ], [ 118.2717, 39.053900001000045 ], [ 118.2653, 39.0619 ], [ 118.2645, 39.0656 ], [ 118.2621, 39.0662 ], [ 118.2573000000001, 39.0726 ], [ 118.243199999000012, 39.0856 ], [ 118.231300001000022, 39.0956 ], [ 118.1964, 39.1334 ], [ 118.1858, 39.1518 ], [ 118.163192040000013, 39.181588169000065 ], [ 118.221636459000024, 39.256267149000053 ], [ 118.221636459000024, 39.283437250000077 ], [ 118.239749860000074, 39.374004252000077 ], [ 118.253334910000035, 39.487213005000058 ], [ 118.298618411, 39.577780007000058 ], [ 118.330316862000018, 39.668347010000048 ], [ 118.330316862000018, 39.709102161000089 ], [ 118.321260162000044, 39.82231091400007 ], [ 118.289561711000033, 39.885707815000046 ], [ 118.257863260000022, 39.949104717000068 ], [ 118.221636459000024, 40.012501618000044 ], [ 118.208051409000063, 40.09401192100006 ], [ 118.194466358, 40.184578923000061 ], [ 118.185409658000026, 40.216277374000072 ], [ 118.176352958000052, 40.25250417500007 ], [ 118.176352958000052, 40.297787676000041 ], [ 118.176352958000052, 40.334014477000039 ], [ 118.217108109000037, 40.401939728000059 ], [ 118.14965264, 40.476622569000085 ], [ 118.266123776000086, 40.449744615000043 ], [ 118.421103640000069, 40.436554839000053 ], [ 118.585975836000102, 40.45304205900004 ], [ 118.680407961000014, 40.463732488000062 ], [ 118.684532771000022, 40.43692122200008 ], [ 118.825223712000025, 40.43692122200008 ], [ 119.10660559400003, 40.47795608000007 ], [ 119.294193515000075, 40.483818202000066 ], [ 119.487643558000059, 40.507266692000087 ], [ 119.587299641000072, 40.501404570000034 ] ] ] ] } },
{ "type": "Feature", "properties": { "州镇": "营州" }, "geometry": { "type": "MultiPolygon", "coordinates": [ [ [ [ 120.6127, 40.3879 ], [ 120.6098, 40.3865 ], [ 120.6065, 40.3884 ], [ 120.606000000000108, 40.391 ], [ 120.6108, 40.3984 ], [ 120.6155, 40.4001 ], [ 120.617, 40.3946 ], [ 120.6127, 40.3879 ] ] ], [ [ [ 120.8264, 40.5026 ], [ 120.8277, 40.493 ], [ 120.8258, 40.4881 ], [ 120.8218, 40.4823 ], [ 120.8, 40.4812 ], [ 120.795, 40.4792 ], [ 120.7934, 40.4737 ], [ 120.789900000000102, 40.4695 ], [ 120.782200000000103, 40.4687 ], [ 120.7734, 40.4728 ], [ 120.7725, 40.4797 ], [ 120.7751, 40.4891 ], [ 120.7811, 40.4908 ], [ 120.7912, 40.4903 ], [ 120.7928, 40.4902 ], [ 120.7953, 40.4934 ], [ 120.7918, 40.5004 ], [ 120.7942, 40.5071 ], [ 120.8061, 40.5026 ], [ 120.808000000000106, 40.5072 ], [ 120.8055, 40.5174 ], [ 120.8199, 40.5095 ], [ 120.8264, 40.5026 ] ] ], [ [ [ 121.8, 40.9265 ], [ 121.7955, 40.9257 ], [ 121.7938, 40.9321 ], [ 121.7962, 40.9356 ], [ 121.803, 40.9425 ], [ 121.8083, 40.9437 ], [ 121.8074, 40.9314 ], [ 121.8, 40.9265 ] ] ], [ [ [ 121.80003935000002, 41.296037301000069 ], [ 121.787460600000031, 41.157671048000054 ], [ 121.778237459000025, 40.871753672000068 ], [ 121.7699, 40.8577 ], [ 121.7708, 40.8552 ], [ 121.7683, 40.8496 ], [ 121.7561, 40.840099999000074 ], [ 121.74629999900003, 40.8361 ], [ 121.7447, 40.836000001000059 ], [ 121.7276, 40.8351 ], [ 121.7135, 40.8363 ], [ 121.7066, 40.8328 ], [ 121.6882, 40.8339 ], [ 121.6588, 40.8326 ], [ 121.6407, 40.834 ], [ 121.6298, 40.833600001000036 ], [ 121.6188, 40.8302 ], [ 121.6133, 40.8318 ], [ 121.5929000000001, 40.8296 ], [ 121.5829, 40.8325 ], [ 121.5687, 40.8371 ], [ 121.5645, 40.8356 ], [ 121.5593, 40.8362 ], [ 121.5523, 40.8421 ], [ 121.5502, 40.85230000100006 ], [ 121.5437, 40.853399999000089 ], [ 121.5411, 40.8538 ], [ 121.5353, 40.8578 ], [ 121.5448, 40.8632 ], [ 121.5444, 40.8664 ], [ 121.5271, 40.8735 ], [ 121.5218, 40.877500001000044 ], [ 121.5187, 40.8937 ], [ 121.5124, 40.8946 ], [ 121.5029, 40.8871 ], [ 121.496, 40.8874 ], [ 121.491999999000086, 40.8897 ], [ 121.4879, 40.8969 ], [ 121.483899999000073, 40.8976 ], [ 121.4789, 40.895 ], [ 121.4735, 40.8832 ], [ 121.4567, 40.8795 ], [ 121.4528, 40.8799 ], [ 121.4504, 40.8801 ], [ 121.4439, 40.883700001000079 ], [ 121.4352, 40.8969 ], [ 121.3789, 40.903 ], [ 121.3634, 40.9091 ], [ 121.363, 40.9121 ], [ 121.366400001000102, 40.9181 ], [ 121.3649, 40.9197 ], [ 121.3529, 40.919 ], [ 121.3353, 40.9208 ], [ 121.3331, 40.923 ], [ 121.3351, 40.9297 ], [ 121.3335, 40.9324 ], [ 121.329300000000103, 40.931 ], [ 121.3238, 40.9233 ], [ 121.3206, 40.9201 ], [ 121.3142, 40.9198 ], [ 121.313900000000103, 40.9012 ], [ 121.3076, 40.900200001000087 ], [ 121.2611, 40.9021 ], [ 121.252300000000105, 40.9146 ], [ 121.2555, 40.9274 ], [ 121.2519, 40.937700001000053 ], [ 121.2498, 40.9358 ], [ 121.2491, 40.9214 ], [ 121.2438, 40.9172 ], [ 121.2449, 40.911199999000075 ], [ 121.2408, 40.9073 ], [ 121.2341, 40.9076 ], [ 121.229500001000019, 40.911199999000075 ], [ 121.228500001000043, 40.9151 ], [ 121.2307, 40.9222 ], [ 121.2268, 40.9226 ], [ 121.2198, 40.9147 ], [ 121.2143, 40.915 ], [ 121.2123, 40.9207 ], [ 121.2065, 40.9234 ], [ 121.1951, 40.9227 ], [ 121.1892, 40.937 ], [ 121.1765, 40.9192 ], [ 121.1498, 40.8981 ], [ 121.121, 40.8662 ], [ 121.0904, 40.8624 ], [ 121.0794, 40.8562 ], [ 121.0777, 40.8528 ], [ 121.08, 40.8475 ], [ 121.0752, 40.8383 ], [ 121.0783, 40.8276 ], [ 121.0776, 40.8207 ], [ 121.0656, 40.8184 ], [ 121.0262, 40.8202 ], [ 121.0185, 40.8223 ], [ 121.0187, 40.825800001000061 ], [ 121.008800001000054, 40.8349 ], [ 121.001799999000013, 40.8355 ], [ 121.0013, 40.8252 ], [ 120.9953, 40.825099999000088 ], [ 120.9934, 40.8266 ], [ 120.9766, 40.8245 ], [ 120.971, 40.8227 ], [ 120.9676, 40.8176 ], [ 120.9549, 40.7936 ], [ 120.9719, 40.788399999000035 ], [ 120.9812, 40.779 ], [ 120.9589, 40.7651 ], [ 120.953499999000087, 40.7645 ], [ 120.9471, 40.7667 ], [ 120.933900000000108, 40.7657 ], [ 120.9214, 40.7606 ], [ 120.9277, 40.7528 ], [ 120.9279, 40.7495 ], [ 120.9225, 40.7403 ], [ 120.9232, 40.7376 ], [ 120.927, 40.7319 ], [ 120.9277, 40.7214 ], [ 120.9333, 40.7222 ], [ 120.9371000000001, 40.7273 ], [ 120.942499999, 40.7267 ], [ 120.949, 40.72160000100007 ], [ 120.9547, 40.7213 ], [ 120.974, 40.7285 ], [ 120.9858, 40.7256 ], [ 120.989, 40.7286 ], [ 120.9956, 40.7285 ], [ 121.0262, 40.7133 ], [ 121.0252, 40.7083 ], [ 121.0204, 40.7075 ], [ 121.011800000000108, 40.7133 ], [ 121.008000001000028, 40.7133 ], [ 121.002799999000104, 40.7133 ], [ 120.995500000000106, 40.7047 ], [ 120.9917, 40.7037 ], [ 120.9871, 40.7043 ], [ 120.980100000000107, 40.708499999000082 ], [ 120.9693, 40.708499999000082 ], [ 120.9615, 40.7061 ], [ 120.9369, 40.6898 ], [ 120.9202, 40.6853 ], [ 120.87480000100004, 40.6782 ], [ 120.8617, 40.6778 ], [ 120.8493, 40.6774 ], [ 120.83890000100007, 40.674700001000076 ], [ 120.828400000000101, 40.6669 ], [ 120.8245, 40.6602 ], [ 120.822500000000105, 40.6329 ], [ 120.8058, 40.621600001000047 ], [ 120.800600001000021, 40.6157 ], [ 120.8001, 40.6127 ], [ 120.8033, 40.6071 ], [ 120.8019, 40.605199999000035 ], [ 120.7911, 40.5965 ], [ 120.7815, 40.597499999000036 ], [ 120.7774, 40.5942 ], [ 120.777200000000107, 40.5914 ], [ 120.7774, 40.5884 ], [ 120.7595, 40.5775 ], [ 120.7533, 40.5678 ], [ 120.746600001000047, 40.5624 ], [ 120.730100001000096, 40.554399999000054 ], [ 120.7132, 40.5419 ], [ 120.7002, 40.537099999000077 ], [ 120.69269999900007, 40.52840000100008 ], [ 120.6702, 40.5149 ], [ 120.6659, 40.4937 ], [ 120.6606, 40.4846 ], [ 120.6567, 40.4779 ], [ 120.649500000000103, 40.4721 ], [ 120.6393, 40.4718 ], [ 120.62990000100001, 40.4755 ], [ 120.622100001000035, 40.4744 ], [ 120.610300001000041, 40.4709 ], [ 120.605099999, 40.4651 ], [ 120.5968, 40.463 ], [ 120.589, 40.4571 ], [ 120.5842, 40.449 ], [ 120.5931, 40.4286 ], [ 120.5955, 40.4234 ], [ 120.5805, 40.4089 ], [ 120.571600000000103, 40.4075 ], [ 120.5462, 40.4076 ], [ 120.5394, 40.4058 ], [ 120.5319, 40.3697 ], [ 120.542600000000107, 40.364 ], [ 120.5462, 40.3637 ], [ 120.5619, 40.367200001000072 ], [ 120.5674, 40.3651 ], [ 120.5828, 40.3744 ], [ 120.5884, 40.3704 ], [ 120.5891, 40.3677 ], [ 120.583299999000019, 40.3632 ], [ 120.5889, 40.3576 ], [ 120.583000001000073, 40.3545 ], [ 120.572800001000019, 40.3554 ], [ 120.5611, 40.3505 ], [ 120.5595, 40.3495 ], [ 120.535800000000108, 40.3341 ], [ 120.516400001000079, 40.3256 ], [ 120.5011, 40.314099999000064 ], [ 120.49629999900003, 40.3075 ], [ 120.495, 40.3011 ], [ 120.493899999000064, 40.2729 ], [ 120.4858, 40.2647 ], [ 120.4872, 40.2609 ], [ 120.4941, 40.253 ], [ 120.493899999000064, 40.2505 ], [ 120.495499999, 40.2492 ], [ 120.4904, 40.2355 ], [ 120.475899999000035, 40.219399999000075 ], [ 120.4743, 40.2136 ], [ 120.4445, 40.1928 ], [ 120.4354, 40.1896 ], [ 120.4233, 40.1876 ], [ 120.3761, 40.1886 ], [ 120.363, 40.188800001000061 ], [ 120.326, 40.1771 ], [ 120.319, 40.1735 ], [ 120.3047, 40.1731 ], [ 120.2959, 40.1699 ], [ 120.284999999000092, 40.1596 ], [ 120.2836, 40.152899999000056 ], [ 120.2846, 40.1499 ], [ 120.2832, 40.1485 ], [ 120.2699, 40.1454 ], [ 120.213600001000032, 40.126299999000082 ], [ 120.1945, 40.1209 ], [ 120.1841, 40.12 ], [ 120.1768, 40.1118 ], [ 120.1447, 40.0983 ], [ 120.1236, 40.0937 ], [ 120.122900001000062, 40.0936 ], [ 120.1037, 40.0845 ], [ 120.0925, 40.0819 ], [ 120.035800000000108, 40.0721 ], [ 120.0151, 40.0635 ], [ 120.0, 40.0618 ], [ 119.997699999000019, 40.0616 ], [ 119.965, 40.048700001000043 ], [ 119.9391, 40.0411 ], [ 119.938000000000102, 40.0408 ], [ 119.9227, 40.0319 ], [ 119.9145, 40.0248 ], [ 119.9078, 40.0106 ], [ 119.913999999, 40.0 ], [ 119.914700001000028, 39.999 ], [ 119.9051, 39.9936 ], [ 119.9011, 39.9913 ], [ 119.8924, 39.9916 ], [ 119.886, 39.9948 ], [ 119.8819, 39.9938 ], [ 119.8742, 39.9886 ], [ 119.865200001000062, 39.9895 ], [ 119.8557, 39.988300001000084 ], [ 119.8355, 39.9816 ], [ 119.8177, 39.980600001000084 ], [ 119.8037, 39.9761 ], [ 119.796097255000063, 39.969857746000059 ], [ 119.774887562, 40.091055992000065 ], [ 119.769025440000064, 40.190712075000079 ], [ 119.757301195000082, 40.302092404000064 ], [ 119.722128459000032, 40.401748487000077 ], [ 119.587299641000072, 40.501404570000034 ], [ 119.487643558000059, 40.507266692000087 ], [ 119.294193515000075, 40.483818202000066 ], [ 119.10660559400003, 40.47795608000007 ], [ 118.825223712000025, 40.43692122200008 ], [ 118.684532771000022, 40.43692122200008 ], [ 118.67280852600004, 40.513128815000073 ], [ 118.684532771000022, 40.636233388000051 ], [ 118.684532771000022, 40.74175159300006 ], [ 118.7079812610001, 40.900028902000088 ], [ 118.766602487, 41.070030455000051 ], [ 118.790050977000078, 41.234169886000075 ], [ 118.725567629000011, 41.298653234000085 ], [ 118.718478607000065, 41.312831279000079 ], [ 118.790417360000106, 41.305637403000048 ], [ 119.053182422000077, 41.274723867000034 ], [ 119.233511387000021, 41.295332891000044 ], [ 119.357165534000046, 41.357159965000051 ], [ 119.568408035000061, 41.424139294000042 ], [ 119.728127975, 41.455052831000046 ], [ 119.882695659000092, 41.552945698000087 ], [ 120.303168062000054, 41.824344815000075 ], [ 120.466691816000093, 42.025604820000069 ], [ 120.680530572000066, 42.151392323000039 ], [ 121.095629332000044, 42.214286074000086 ], [ 121.384940590000042, 42.214286074000086 ], [ 121.67425184700005, 42.151392323000039 ], [ 121.862933102000056, 42.050762320000047 ], [ 122.013878106000107, 41.874659816000076 ], [ 122.013878106000107, 41.711136062000037 ], [ 121.850354351000078, 41.484718556000075 ], [ 121.80003935000002, 41.296037301000069 ] ] ] ] } },
{ "type": "Feature", "properties": { "州镇": "徐州" }, "geometry": { "type": "MultiPolygon", "coordinates": [ [ [ [ 115.04185356000005, 34.664538220000054 ], [ 115.093316083000104, 34.642936667000072 ], [ 115.201723764, 34.595415492000086 ], [ 115.256670123000049, 34.57016986800005 ], [ 115.316071592000071, 34.573139941000079 ], [ 115.420024162, 34.579080088000069 ], [ 115.556647541000075, 34.602840676000085 ], [ 115.629414340000039, 34.595415492000086 ], [ 115.665055222000092, 34.610265859000037 ], [ 115.681390626000052, 34.629571337000073 ], [ 115.748217278000084, 34.623631190000083 ], [ 115.803163637000011, 34.628086300000064 ], [ 115.815043931000105, 34.674122439000087 ], [ 115.801678600000059, 34.718673540000054 ], [ 115.798708527000031, 34.776589972000068 ], [ 115.769007792000025, 34.844901662000041 ], [ 115.743762168000103, 34.904303131000063 ], [ 115.724456690000011, 34.965189636000048 ], [ 115.700696103000041, 35.02459110500007 ], [ 115.705151213000022, 35.081022501000064 ], [ 115.770492829000091, 35.121118492000051 ], [ 115.969766194000044, 35.067749985000034 ], [ 116.064901359000032, 35.039905546000057 ], [ 116.132192086000032, 35.000459258000035 ], [ 116.241249470000071, 34.981896299000084 ], [ 116.329423525000038, 34.951731491000089 ], [ 116.389753142000018, 34.930848162000075 ], [ 116.424558690000026, 34.90996483300006 ], [ 116.526654965000034, 34.898362984000073 ], [ 116.661236418000044, 34.933168532000082 ], [ 116.740128994000088, 34.933168532000082 ], [ 117.006971530000101, 34.923887052000055 ], [ 117.162436312000068, 35.000459258000035 ], [ 117.169397422000088, 35.107196273000056 ], [ 117.174038161, 35.137361081000051 ], [ 117.327182573000073, 35.146642561000078 ], [ 117.42231773900005, 35.132720341000038 ], [ 117.603306589, 35.153603670000052 ], [ 117.672917685000016, 35.130399972000077 ], [ 117.798217659000102, 35.128079602000071 ], [ 117.962963920000107, 35.267301794000048 ], [ 118.062739825000108, 35.332272151000041 ], [ 118.132350922, 35.385640658000057 ], [ 118.136769858000093, 35.43572193600005 ], [ 118.184460516000058, 35.419030206000059 ], [ 118.226193791000014, 35.331390329000044 ], [ 118.422340182000084, 35.289657054000088 ], [ 118.564233315000024, 35.222883815000046 ], [ 118.64769986500005, 35.101857318000043 ], [ 118.676913157000058, 35.014217442000074 ], [ 118.752033051000012, 34.926577565000059 ], [ 118.831326273000059, 34.851457670000059 ], [ 118.989912717000038, 34.788857758000063 ], [ 119.036409065000043, 34.76560958400006 ], [ 119.025168987000029, 34.763964695000084 ], [ 118.984143509000091, 34.740033166000046 ], [ 118.936280451000016, 34.688751318000072 ], [ 118.873032839000075, 34.669947974000081 ], [ 118.799528857000041, 34.66140099900008 ], [ 118.688418186000035, 34.66140099900008 ], [ 118.59269207, 34.663110394000057 ], [ 118.502094139000064, 34.591315807000058 ], [ 118.473034425000037, 34.548580934000086 ], [ 118.435427736000065, 34.420376314000066 ], [ 118.423461972000041, 34.374222651000082 ], [ 118.379017704000034, 34.336615962000053 ], [ 118.379017704000034, 34.271658955000078 ], [ 118.445684106000044, 34.211830132000046 ], [ 118.490128374000051, 34.124650991000067 ], [ 118.486709584000096, 34.08020672300006 ], [ 118.498675349, 34.025506085000075 ], [ 118.565341751, 33.946873918000051 ], [ 118.606122062000054, 33.890800990000059 ], [ 118.602624636000087, 33.886464182000054 ], [ 118.527167295000027, 33.86607030600004 ], [ 118.459867504000044, 33.835479492000047 ], [ 118.388488939000013, 33.798770515000058 ], [ 118.372173838000094, 33.743707050000069 ], [ 118.408882815000084, 33.66621032200004 ], [ 118.431316078, 33.592792369000051 ], [ 118.463946280000073, 33.537728904000062 ], [ 118.52104913200003, 33.445956462000083 ], [ 118.629136674000051, 33.325632595000059 ], [ 118.716830341000104, 33.276687292000076 ], [ 118.743475971000066, 33.259557958000073 ], [ 118.703787546000058, 33.213254795000068 ], [ 118.674613872, 33.125733775000072 ], [ 118.639605464000056, 33.05960678200006 ], [ 118.608486879, 33.018763639000042 ], [ 118.552084444, 32.964306115000056 ], [ 118.484012539000105, 32.917628237000088 ], [ 118.412050811000086, 32.917628237000088 ], [ 118.334254349000048, 32.956526469000039 ], [ 118.318695056000024, 32.993479788000059 ], [ 118.314805233000016, 33.086835544000053 ], [ 118.31091541, 33.147127802000057 ], [ 118.270072267000046, 33.166576918000089 ], [ 118.231174036000084, 33.158797271000083 ], [ 118.196165627000028, 33.125733775000072 ], [ 118.077354870000022, 33.116149251000081 ], [ 118.015217279000012, 33.114555979000045 ], [ 117.972198947000038, 33.125708880000047 ], [ 117.956266232000075, 33.112166072000036 ], [ 117.947503238000081, 33.082690548000073 ], [ 117.952283053000087, 33.046045302000039 ], [ 117.94909651, 33.022146229000043 ], [ 117.924400801000047, 33.00940005700005 ], [ 117.866246389000025, 33.015773143000047 ], [ 117.834380958, 33.027722679000078 ], [ 117.807295341000099, 33.012586600000077 ], [ 117.770650096000054, 32.989484162000053 ], [ 117.742767843000024, 32.950449009000067 ], [ 117.720462042, 32.902650862000087 ], [ 117.687799975000075, 32.89787104800007 ], [ 117.652748001000077, 32.914600399000051 ], [ 117.585830595000061, 32.947262466000041 ], [ 117.553168528000015, 32.970364903000075 ], [ 117.505419373, 32.986100420000071 ], [ 117.42916556800003, 33.064774981000085 ], [ 117.359900880000055, 33.100014911000073 ], [ 117.305218231000026, 33.141330690000075 ], [ 117.28699068100002, 33.153482390000079 ], [ 117.217725993000045, 33.181431299000053 ], [ 117.154537154000082, 33.19479816900008 ], [ 117.110791035000034, 33.204519528000048 ], [ 117.062184236, 33.260417347000043 ], [ 117.012362267000071, 33.284720747000051 ], [ 116.946743089000051, 33.310239316000036 ], [ 116.89692112, 33.329682036000065 ], [ 116.838592961000018, 33.349124755000048 ], [ 116.589269512000101, 33.426074444000051 ], [ 116.417199545000017, 33.500242534000051 ], [ 116.32226439100009, 33.598144411000078 ], [ 116.254029749000097, 33.67824594800004 ], [ 116.176894936000053, 33.719780078000042 ], [ 116.120527188000096, 33.796914891000085 ], [ 116.052292546000103, 33.877016427000058 ], [ 116.004824969000083, 33.927450728000053 ], [ 115.844271016000107, 33.98202228100007 ], [ 115.681082709000066, 34.016991204000078 ], [ 115.510123530000101, 34.083043614000076 ], [ 115.393560453000077, 34.094699922000075 ], [ 115.319737171000043, 34.102470794000055 ], [ 115.187632351000047, 34.172408640000072 ], [ 115.117694505000031, 34.24623192100006 ], [ 114.966162506000046, 34.339482383000075 ], [ 114.985589685000036, 34.483243511000069 ], [ 115.04185356000005, 34.664538220000054 ] ] ] ] } },
{ "type": "Feature", "properties": { "州镇": "南青州" }, "geometry": { "type": "MultiPolygon", "coordinates": [ [ [ [ 119.4531, 34.7658 ], [ 119.4573, 34.765 ], [ 119.4672, 34.7671 ], [ 119.4708, 34.7622 ], [ 119.4865, 34.7593 ], [ 119.4908, 34.7569 ], [ 119.4929, 34.7533 ], [ 119.4848, 34.7528 ], [ 119.479200000000105, 34.7485 ], [ 119.4756, 34.7477 ], [ 119.4637, 34.748 ], [ 119.46, 34.7495 ], [ 119.4537, 34.7582 ], [ 119.439800000000105, 34.7649 ], [ 119.44, 34.7713 ], [ 119.437, 34.7758 ], [ 119.4445, 34.7765 ], [ 119.4491, 34.7746 ], [ 119.4531, 34.7658 ] ] ], [ [ [ 118.080127329000106, 36.253695699000048 ], [ 118.184460516000058, 36.232829062000064 ], [ 118.213673808000067, 36.232829062000064 ], [ 118.33052697700009, 36.24117571700009 ], [ 118.434860164000042, 36.14101585700007 ], [ 118.514153386000089, 36.019989361000057 ], [ 118.539193351000108, 36.032509343000072 ], [ 118.572579970000106, 36.078415945000074 ], [ 118.610139918000073, 36.153535840000075 ], [ 118.731166414000086, 36.128495875000056 ], [ 118.810459636000019, 36.086762600000043 ], [ 118.927312805000042, 36.04085599800004 ], [ 119.035819319000097, 36.036682671000051 ], [ 119.131805851000081, 36.007469379000042 ], [ 119.261179002000063, 35.940696139000067 ], [ 119.46984537600008, 35.869749572000046 ], [ 119.595045200000072, 35.777936368000042 ], [ 119.661818439000058, 35.694469819000062 ], [ 119.67913752000004, 35.604987899000037 ], [ 119.6769, 35.6015 ], [ 119.6687, 35.5971 ], [ 119.6611, 35.5982 ], [ 119.65049999900009, 35.6023 ], [ 119.6437, 35.602799999000069 ], [ 119.639200001000063, 35.616700001000083 ], [ 119.6404, 35.6249 ], [ 119.6357, 35.6234 ], [ 119.6322, 35.6198 ], [ 119.6314, 35.6132 ], [ 119.6369, 35.6048 ], [ 119.636800001000097, 35.6005 ], [ 119.6344, 35.5986 ], [ 119.6237, 35.6095 ], [ 119.6192, 35.6107 ], [ 119.6179, 35.6029 ], [ 119.6195, 35.598800001000086 ], [ 119.6305, 35.59 ], [ 119.633199999, 35.5861 ], [ 119.638, 35.5854 ], [ 119.628, 35.5665 ], [ 119.622, 35.5628 ], [ 119.6188, 35.5584 ], [ 119.6184, 35.554 ], [ 119.619600000000105, 35.5421 ], [ 119.612799999, 35.5298 ], [ 119.6138, 35.5273 ], [ 119.6117, 35.5176 ], [ 119.6152, 35.509600001000081 ], [ 119.6149, 35.5077 ], [ 119.6145, 35.5052 ], [ 119.6085, 35.5025 ], [ 119.6044, 35.498699999000053 ], [ 119.5944, 35.4675 ], [ 119.5896, 35.4623 ], [ 119.577, 35.4568 ], [ 119.571000001000016, 35.452 ], [ 119.570700000000102, 35.4417 ], [ 119.5615, 35.4212 ], [ 119.5551, 35.3981 ], [ 119.5521, 35.377300001000037 ], [ 119.549299999000027, 35.3765 ], [ 119.5377, 35.3799 ], [ 119.53, 35.3771 ], [ 119.5227000000001, 35.3707 ], [ 119.5149, 35.358 ], [ 119.5092, 35.3429 ], [ 119.4563, 35.3252 ], [ 119.449, 35.3192 ], [ 119.442000001, 35.3036 ], [ 119.4368, 35.306900001000088 ], [ 119.4304, 35.323 ], [ 119.4187, 35.320999999000037 ], [ 119.416700000000105, 35.317 ], [ 119.4186, 35.312 ], [ 119.4084, 35.3096 ], [ 119.4094, 35.306199999000057 ], [ 119.4056, 35.3029 ], [ 119.392700001000094, 35.3032 ], [ 119.3903, 35.300600001000078 ], [ 119.408, 35.2993 ], [ 119.4184, 35.3045 ], [ 119.4245, 35.3007 ], [ 119.4278, 35.3004 ], [ 119.431099999000025, 35.297300001000053 ], [ 119.4201, 35.287300001000062 ], [ 119.4019, 35.2635 ], [ 119.3964, 35.2516 ], [ 119.3968, 35.2376 ], [ 119.3924, 35.2191 ], [ 119.388899999000046, 35.2158 ], [ 119.3871, 35.2208 ], [ 119.3891, 35.2337 ], [ 119.3882, 35.236 ], [ 119.3851, 35.237 ], [ 119.3692, 35.1959 ], [ 119.3649, 35.1804 ], [ 119.3645, 35.1774 ], [ 119.3667, 35.1779 ], [ 119.3796, 35.2061 ], [ 119.383399999000062, 35.2076 ], [ 119.3845, 35.2037 ], [ 119.382599999000035, 35.19759999900009 ], [ 119.378699999000105, 35.1845 ], [ 119.3758, 35.1647 ], [ 119.3703, 35.1555 ], [ 119.367800000000102, 35.1398 ], [ 119.371, 35.1358 ], [ 119.3711, 35.1333 ], [ 119.3666, 35.1175 ], [ 119.3661, 35.1054 ], [ 119.362999999000067, 35.100200001000076 ], [ 119.3369, 35.0872 ], [ 119.324699999000018, 35.0845 ], [ 119.315, 35.076800001000038 ], [ 119.3107, 35.0801 ], [ 119.3079, 35.0803 ], [ 119.300200001, 35.076800001000038 ], [ 119.2957, 35.078 ], [ 119.2951, 35.0906 ], [ 119.2904, 35.094999999000038 ], [ 119.2859, 35.096499999000059 ], [ 119.2833, 35.089499999000054 ], [ 119.2862, 35.0842 ], [ 119.2885, 35.0763 ], [ 119.285800000000108, 35.0746 ], [ 119.2543, 35.06660000100004 ], [ 119.2516, 35.072199999000077 ], [ 119.247299999, 35.0717 ], [ 119.2463, 35.0668 ], [ 119.2389, 35.063 ], [ 119.2391, 35.058899999000062 ], [ 119.226099999000098, 35.0545 ], [ 119.2225, 35.0562 ], [ 119.218999999000062, 35.05320000100005 ], [ 119.2113, 35.0534 ], [ 119.2038, 35.0412 ], [ 119.205099999000026, 35.0281 ], [ 119.1998, 35.0187 ], [ 119.2017, 35.017 ], [ 119.1979, 35.0109 ], [ 119.2012, 35.0007 ], [ 119.2011, 35.0 ], [ 119.1949, 34.9651 ], [ 119.1945, 34.9187 ], [ 119.19, 34.92 ], [ 119.1792, 34.9299 ], [ 119.1755, 34.93 ], [ 119.175300000000107, 34.9284 ], [ 119.1895, 34.9131 ], [ 119.191, 34.9108 ], [ 119.1857, 34.8948 ], [ 119.1742, 34.8861 ], [ 119.1748, 34.8588 ], [ 119.1687, 34.8513 ], [ 119.173600001000068, 34.8496 ], [ 119.1805, 34.8331 ], [ 119.194099999000059, 34.8182 ], [ 119.1949, 34.8125 ], [ 119.2068, 34.7924 ], [ 119.2085, 34.7822 ], [ 119.207185433000063, 34.770462786000053 ], [ 119.192689691000055, 34.763964695000084 ], [ 119.149954817000093, 34.774221064000074 ], [ 119.095254180000097, 34.774221064000074 ], [ 119.036409065000043, 34.76560958400006 ], [ 118.989912717000038, 34.788857758000063 ], [ 118.831326273000059, 34.851457670000059 ], [ 118.752033051000012, 34.926577565000059 ], [ 118.676913157000058, 35.014217442000074 ], [ 118.64769986500005, 35.101857318000043 ], [ 118.564233315000024, 35.222883815000046 ], [ 118.422340182000084, 35.289657054000088 ], [ 118.226193791000014, 35.331390329000044 ], [ 118.184460516000058, 35.419030206000059 ], [ 118.100993967000022, 35.448243498000068 ], [ 118.034220727000047, 35.519190065000089 ], [ 117.967447488000062, 35.560923340000045 ], [ 117.896500921000097, 35.577616650000039 ], [ 117.829727681, 35.67360318100009 ], [ 117.829727681, 35.74872307600009 ], [ 117.909020903000055, 35.832189625000069 ], [ 118.021700745000089, 35.857229590000088 ], [ 118.067607347000035, 35.890616210000076 ], [ 118.00083410700006, 36.011642706000089 ], [ 117.988314125000102, 36.06589596300006 ], [ 118.009180762000028, 36.182749132000083 ], [ 118.080127329000106, 36.253695699000048 ] ] ] ] } },
{ "type": "Feature", "properties": { "州镇": "光州" }, "geometry": { "type": "MultiPolygon", "coordinates": [ [ [ [ 120.8663, 35.8904 ], [ 120.8621, 35.8899 ], [ 120.8595, 35.8921 ], [ 120.8611, 35.8949 ], [ 120.8708, 35.8997 ], [ 120.8739, 35.8991 ], [ 120.8743, 35.897 ], [ 120.8663, 35.8904 ] ] ], [ [ [ 120.3151, 36.0998 ], [ 120.3083, 36.0925 ], [ 120.3082, 36.1008 ], [ 120.3115, 36.1045 ], [ 120.3168, 36.1054 ], [ 120.3223, 36.1105 ], [ 120.3235, 36.1083 ], [ 120.3206, 36.1015 ], [ 120.3151, 36.0998 ] ] ], [ [ [ 120.9583, 36.4175 ], [ 120.9522, 36.4149 ], [ 120.9462, 36.4155 ], [ 120.9439, 36.4177 ], [ 120.9463, 36.4208 ], [ 120.95, 36.4215 ], [ 120.9557, 36.42 ], [ 120.9583, 36.4175 ] ] ], [ [ [ 120.916, 36.5777 ], [ 120.9138, 36.5766 ], [ 120.9101, 36.5776 ], [ 120.9047, 36.5862 ], [ 120.9087, 36.5865 ], [ 120.916, 36.5777 ] ] ], [ [ [ 120.8877, 36.6309 ], [ 120.8883, 36.621 ], [ 120.883, 36.6262 ], [ 120.8849, 36.6382 ], [ 120.8873, 36.6439 ], [ 120.8925, 36.6411 ], [ 120.8877, 36.6309 ] ] ], [ [ [ 121.6237, 36.7242 ], [ 121.6156, 36.7168 ], [ 121.6188, 36.7313 ], [ 121.6227, 36.7318 ], [ 121.6237, 36.7242 ] ] ], [ [ [ 121.5594, 36.7359 ], [ 121.5529, 36.7352 ], [ 121.5449, 36.7362 ], [ 121.538, 36.7389 ], [ 121.5402, 36.7407 ], [ 121.5516, 36.7429 ], [ 121.5532, 36.7457 ], [ 121.5505, 36.7516 ], [ 121.5513, 36.7562 ], [ 121.5535, 36.757 ], [ 121.5573, 36.7556 ], [ 121.564, 36.7477 ], [ 121.5655, 36.7434 ], [ 121.563900000000103, 36.739 ], [ 121.5594, 36.7359 ] ] ], [ [ [ 121.5829, 37.4418 ], [ 121.5766, 37.4405 ], [ 121.5768, 37.4447 ], [ 121.5907, 37.4554 ], [ 121.5972, 37.4564 ], [ 121.604, 37.4643 ], [ 121.6236, 37.4721 ], [ 121.6301, 37.4798 ], [ 121.637, 37.481 ], [ 121.643, 37.479 ], [ 121.6415, 37.4734 ], [ 121.627, 37.4647 ], [ 121.6199, 37.4609 ], [ 121.6182, 37.4556 ], [ 121.614, 37.4518 ], [ 121.6049, 37.4483 ], [ 121.5937, 37.4479 ], [ 121.5829, 37.4418 ] ] ], [ [ [ 122.175300000000107, 37.5092 ], [ 122.1814, 37.5035 ], [ 122.1921, 37.5038 ], [ 122.191600000000108, 37.497 ], [ 122.2011, 37.4947 ], [ 122.2063, 37.4916 ], [ 122.2046, 37.4895 ], [ 122.1683, 37.4949 ], [ 122.1651, 37.4986 ], [ 122.1657, 37.5015 ], [ 122.1708, 37.5036 ], [ 122.175300000000107, 37.5092 ] ] ], [ [ [ 121.516800000000103, 37.5559 ], [ 121.5143, 37.5518 ], [ 121.5085, 37.5519 ], [ 121.5029, 37.5459 ], [ 121.5003, 37.5486 ], [ 121.505, 37.5526 ], [ 121.5075, 37.5583 ], [ 121.5144, 37.56 ], [ 121.516800000000103, 37.5559 ] ] ], [ [ [ 120.4654, 37.7807 ], [ 120.4626, 37.779 ], [ 120.4523, 37.7778 ], [ 120.4516, 37.7721 ], [ 120.444, 37.7676 ], [ 120.4384, 37.7709 ], [ 120.4337, 37.7793 ], [ 120.4365, 37.7828 ], [ 120.4418, 37.7794 ], [ 120.458, 37.7869 ], [ 120.462900000000104, 37.7861 ], [ 120.4668, 37.783 ], [ 120.4654, 37.7807 ] ] ], [ [ [ 120.752999999000053, 37.8224 ], [ 120.7554, 37.8204 ], [ 120.7776, 37.8222 ], [ 120.7857, 37.8205 ], [ 120.7955, 37.813799999000082 ], [ 120.8051, 37.8113 ], [ 120.8309, 37.8093 ], [ 120.8366, 37.8103 ], [ 120.844, 37.8146 ], [ 120.8513, 37.82 ], [ 120.8572, 37.827 ], [ 120.8685, 37.824500001000047 ], [ 120.8731, 37.8266 ], [ 120.88, 37.8267 ], [ 120.8864, 37.8243 ], [ 120.895, 37.8169 ], [ 120.904799999000033, 37.8181 ], [ 120.920499999000072, 37.813799999000082 ], [ 120.9258, 37.815299999000047 ], [ 120.93, 37.8224 ], [ 120.933900000000108, 37.8233 ], [ 120.9384, 37.8212 ], [ 120.9386, 37.8146 ], [ 120.9363, 37.8083 ], [ 120.9418, 37.7995 ], [ 120.939, 37.7969 ], [ 120.9281, 37.7926 ], [ 120.926200000000108, 37.788 ], [ 120.9291, 37.7784 ], [ 120.9331, 37.7723 ], [ 120.9507, 37.7609 ], [ 120.9712, 37.7517 ], [ 120.985200001000067, 37.746 ], [ 120.9939, 37.7457 ], [ 120.9976, 37.7366 ], [ 121.0052, 37.73440000100004 ], [ 121.0077, 37.7252 ], [ 121.010100001000069, 37.716400001000068 ], [ 121.018, 37.7108 ], [ 121.023799999000062, 37.7093 ], [ 121.0618, 37.7018 ], [ 121.0813, 37.7076 ], [ 121.0919, 37.7085 ], [ 121.1029, 37.7064 ], [ 121.1156, 37.7075 ], [ 121.121400000000108, 37.7053 ], [ 121.1286, 37.7078 ], [ 121.134100000000103, 37.7069 ], [ 121.1422, 37.6956 ], [ 121.1429, 37.6901 ], [ 121.1416, 37.686700001000077 ], [ 121.1328, 37.6787 ], [ 121.1317, 37.6766 ], [ 121.128200000000106, 37.6702 ], [ 121.1256, 37.6591 ], [ 121.1333, 37.6526 ], [ 121.14250000100003, 37.6516 ], [ 121.1463, 37.6498 ], [ 121.1490999990001, 37.6441 ], [ 121.1461, 37.6379 ], [ 121.135000000000105, 37.6329 ], [ 121.1322, 37.6296 ], [ 121.1316, 37.6223 ], [ 121.1351, 37.608599999000035 ], [ 121.1414, 37.5991 ], [ 121.1523, 37.5903 ], [ 121.164900000000102, 37.5846 ], [ 121.171, 37.5831 ], [ 121.2211, 37.5706 ], [ 121.246400000000108, 37.5713 ], [ 121.2655, 37.56860000100005 ], [ 121.291, 37.570900001000041 ], [ 121.2951, 37.567700001000048 ], [ 121.2847, 37.5518 ], [ 121.2823, 37.54 ], [ 121.274399999000025, 37.5298 ], [ 121.2761, 37.527100001000065 ], [ 121.2857, 37.5368 ], [ 121.2905, 37.5457 ], [ 121.291, 37.5556 ], [ 121.2984, 37.5628 ], [ 121.2988, 37.5696 ], [ 121.3023, 37.5713 ], [ 121.320200001000103, 37.5744 ], [ 121.3323, 37.5766 ], [ 121.3446, 37.5832 ], [ 121.3569, 37.5854 ], [ 121.3631, 37.5906 ], [ 121.3658, 37.5989 ], [ 121.3654, 37.603 ], [ 121.3579, 37.6113 ], [ 121.3481, 37.615500001000044 ], [ 121.347400000000107, 37.6197 ], [ 121.3419, 37.6214 ], [ 121.3415, 37.6239 ], [ 121.347, 37.62260000100008 ], [ 121.3516, 37.6245 ], [ 121.3641, 37.619 ], [ 121.378200001000096, 37.6183 ], [ 121.3843, 37.6161 ], [ 121.3899, 37.6104 ], [ 121.3956, 37.604600001000051 ], [ 121.403399999000044, 37.6004 ], [ 121.4164, 37.5996 ], [ 121.4264, 37.5938 ], [ 121.4281, 37.5913 ], [ 121.4271, 37.587 ], [ 121.420499999000072, 37.5869 ], [ 121.3947, 37.5922 ], [ 121.3894, 37.5958 ], [ 121.384, 37.595900001000075 ], [ 121.38, 37.5922 ], [ 121.3746000000001, 37.5921 ], [ 121.3658, 37.5853 ], [ 121.362800000000107, 37.5766 ], [ 121.3646, 37.5651 ], [ 121.3671, 37.557600001000083 ], [ 121.3708, 37.5467 ], [ 121.375500000000102, 37.5447 ], [ 121.382199999000022, 37.5494 ], [ 121.3863, 37.547400001000085 ], [ 121.382399999000086, 37.5411 ], [ 121.3833, 37.5402 ], [ 121.3897, 37.5405 ], [ 121.3953, 37.5445 ], [ 121.4045, 37.534999999000036 ], [ 121.4115, 37.531899999000075 ], [ 121.4224, 37.5312 ], [ 121.434300001, 37.526300001000038 ], [ 121.4382, 37.5199 ], [ 121.441699999000093, 37.5175 ], [ 121.4513, 37.5144 ], [ 121.4517, 37.511 ], [ 121.4452, 37.5026 ], [ 121.4485, 37.4983 ], [ 121.4477, 37.4931 ], [ 121.447500000000105, 37.4917 ], [ 121.4488, 37.4855 ], [ 121.4548, 37.4769 ], [ 121.4723, 37.4641 ], [ 121.5092, 37.4458 ], [ 121.5181, 37.4496 ], [ 121.5258, 37.4495 ], [ 121.5266, 37.4426 ], [ 121.529200001000049, 37.4408 ], [ 121.537600001000101, 37.439500001000056 ], [ 121.5388, 37.437299999000061 ], [ 121.5369, 37.4324 ], [ 121.5389, 37.430199999000081 ], [ 121.545799999, 37.4314 ], [ 121.5548, 37.4272 ], [ 121.5614, 37.427700001000062 ], [ 121.5708, 37.418 ], [ 121.5736, 37.4199 ], [ 121.5724, 37.4244 ], [ 121.5735, 37.426999999000088 ], [ 121.5893, 37.426999999000088 ], [ 121.611000000000104, 37.4314 ], [ 121.6132, 37.431 ], [ 121.6177, 37.4303 ], [ 121.6397, 37.4352 ], [ 121.6439, 37.4382 ], [ 121.6490999990001, 37.4367 ], [ 121.6584, 37.4297 ], [ 121.6682, 37.4308 ], [ 121.6776, 37.436399999000059 ], [ 121.689, 37.439699999000084 ], [ 121.69129999900008, 37.4416 ], [ 121.6895, 37.443400001000043 ], [ 121.6763, 37.4426 ], [ 121.6693, 37.4475 ], [ 121.6618, 37.449 ], [ 121.6555, 37.4611 ], [ 121.6484, 37.4706 ], [ 121.6512, 37.4721 ], [ 121.652100001, 37.4703 ], [ 121.656800001000079, 37.4667 ], [ 121.6752, 37.454 ], [ 121.7089, 37.4501 ], [ 121.72790000100008, 37.4496 ], [ 121.7368, 37.4461 ], [ 121.7425, 37.435600001000068 ], [ 121.748, 37.4322 ], [ 121.750700001000041, 37.4268 ], [ 121.755400001, 37.4254 ], [ 121.7569, 37.4209 ], [ 121.765900000000101, 37.416 ], [ 121.7696, 37.4158 ], [ 121.771, 37.4176 ], [ 121.7726, 37.425 ], [ 121.771700001, 37.4286 ], [ 121.7633, 37.4299 ], [ 121.7603, 37.4365 ], [ 121.7548, 37.4383 ], [ 121.7527, 37.4412 ], [ 121.7578, 37.4475 ], [ 121.7658, 37.4506 ], [ 121.7902, 37.4504 ], [ 121.8488, 37.454499999000063 ], [ 121.863700000000108, 37.4564 ], [ 121.888, 37.4596 ], [ 121.9231, 37.462 ], [ 121.9394, 37.4658 ], [ 121.945700000000102, 37.4645 ], [ 121.9504, 37.4596 ], [ 121.9517, 37.454499999000063 ], [ 121.9495, 37.4485 ], [ 121.9449, 37.4448 ], [ 121.9331, 37.4461 ], [ 121.9234, 37.4407 ], [ 121.9206, 37.4363 ], [ 121.9283, 37.4261 ], [ 121.9281, 37.425 ], [ 121.9273, 37.4203 ], [ 121.9305, 37.4181 ], [ 121.9422, 37.4214 ], [ 121.950000001000035, 37.418499999000062 ], [ 121.9591, 37.4211 ], [ 121.9617, 37.4205 ], [ 121.9664, 37.4146 ], [ 121.972400000000107, 37.416899999000066 ], [ 121.972000001000083, 37.4226 ], [ 121.9758, 37.4241 ], [ 121.9793, 37.4172 ], [ 121.9839, 37.4202 ], [ 121.9823, 37.4264 ], [ 121.987700001, 37.4297 ], [ 121.987700001, 37.4329 ], [ 121.9727, 37.451299999000071 ], [ 121.9631, 37.4579 ], [ 121.9619, 37.4608 ], [ 121.964, 37.4683 ], [ 121.9646, 37.4705 ], [ 121.9619, 37.4753 ], [ 121.954999999000052, 37.4756 ], [ 121.9559, 37.4777 ], [ 121.9803, 37.4798 ], [ 121.9865, 37.484 ], [ 121.992, 37.4845 ], [ 121.994600000000105, 37.4818 ], [ 121.9938, 37.4761 ], [ 121.9954, 37.4715 ], [ 122.0002, 37.474099999000089 ], [ 122.000399999000024, 37.4812 ], [ 121.998500001000025, 37.4882 ], [ 121.9939, 37.4912 ], [ 122.0146, 37.5072 ], [ 122.017699999, 37.5084 ], [ 122.021500001000049, 37.5064 ], [ 122.0227000000001, 37.5025 ], [ 122.0302, 37.502999999000053 ], [ 122.0283, 37.499899999000036 ], [ 122.0303, 37.4977 ], [ 122.0351, 37.4987 ], [ 122.0362, 37.5038 ], [ 122.0341, 37.5085 ], [ 122.0194, 37.5141 ], [ 122.0144, 37.5184 ], [ 122.015000001000089, 37.5203 ], [ 122.0219, 37.5197 ], [ 122.0307, 37.523200001000077 ], [ 122.0367, 37.5237 ], [ 122.043, 37.526499999000066 ], [ 122.0464, 37.533400001000075 ], [ 122.0515, 37.5339 ], [ 122.057100000000105, 37.5299 ], [ 122.0611, 37.529 ], [ 122.0723, 37.53 ], [ 122.074, 37.5323 ], [ 122.0679, 37.5382 ], [ 122.0712, 37.5438 ], [ 122.063900000000103, 37.5517 ], [ 122.065, 37.5538 ], [ 122.0685, 37.5534 ], [ 122.070899999000062, 37.551 ], [ 122.0732, 37.5488 ], [ 122.0766, 37.549099999000077 ], [ 122.0787, 37.542000001000076 ], [ 122.0854, 37.5409 ], [ 122.0892, 37.5368 ], [ 122.0969, 37.5364 ], [ 122.107, 37.5384 ], [ 122.1081, 37.5436 ], [ 122.114699999000095, 37.543 ], [ 122.120100001000083, 37.546099999000035 ], [ 122.1166, 37.550600001000078 ], [ 122.1174, 37.5538 ], [ 122.1275, 37.5514 ], [ 122.1302, 37.5477 ], [ 122.1402, 37.5494 ], [ 122.1423, 37.5458 ], [ 122.1369, 37.5425 ], [ 122.1401, 37.5366 ], [ 122.1519, 37.534200001000045 ], [ 122.1543, 37.531 ], [ 122.1542, 37.52 ], [ 122.1564, 37.5181 ], [ 122.158499999000014, 37.5164 ], [ 122.1552, 37.5113 ], [ 122.1465, 37.5135 ], [ 122.1437, 37.5082 ], [ 122.1394, 37.5057 ], [ 122.1254, 37.5028 ], [ 122.1229, 37.4977 ], [ 122.1232, 37.4936 ], [ 122.127, 37.4893 ], [ 122.1363, 37.486599999000077 ], [ 122.138299999000083, 37.4839 ], [ 122.1347, 37.4772 ], [ 122.1347, 37.4738 ], [ 122.144, 37.4509 ], [ 122.1499, 37.4416 ], [ 122.1583, 37.4341 ], [ 122.1578, 37.430199999000081 ], [ 122.1544, 37.4272 ], [ 122.152399999000068, 37.425499999000067 ], [ 122.156800001000079, 37.4217 ], [ 122.1596, 37.4226 ], [ 122.158100000000104, 37.4263 ], [ 122.161, 37.4295 ], [ 122.170299999, 37.423000001000048 ], [ 122.1777, 37.4216 ], [ 122.1823, 37.4224 ], [ 122.1869, 37.4259 ], [ 122.1928, 37.4342 ], [ 122.203299999000023, 37.4423 ], [ 122.211600001000079, 37.4419 ], [ 122.2205, 37.448100001000057 ], [ 122.2325, 37.4478 ], [ 122.2371, 37.454 ], [ 122.2413, 37.4552 ], [ 122.2486, 37.4539 ], [ 122.2587, 37.448900001000084 ], [ 122.2661, 37.4488 ], [ 122.2708, 37.4462 ], [ 122.271900001000063, 37.4456 ], [ 122.2769, 37.4406 ], [ 122.2769, 37.438500001000079 ], [ 122.268299999000078, 37.4382 ], [ 122.267499999000052, 37.436399999000059 ], [ 122.272799999000085, 37.4211 ], [ 122.2896, 37.4139 ], [ 122.2979, 37.4144 ], [ 122.302, 37.408200001000068 ], [ 122.3098, 37.4101 ], [ 122.3319, 37.4046 ], [ 122.3391, 37.4049 ], [ 122.347400000000107, 37.4088 ], [ 122.3503, 37.4084 ], [ 122.3593, 37.402 ], [ 122.362600001000033, 37.4078 ], [ 122.3675, 37.4071 ], [ 122.3701, 37.408 ], [ 122.376099999000076, 37.4099 ], [ 122.3885, 37.4041 ], [ 122.3997, 37.403500001000054 ], [ 122.424400000000105, 37.4064 ], [ 122.4477, 37.4061 ], [ 122.457000000000107, 37.4142 ], [ 122.4648, 37.4158 ], [ 122.4756, 37.4225 ], [ 122.478500001000043, 37.4228 ], [ 122.4797, 37.4187 ], [ 122.478599999000039, 37.4111 ], [ 122.482400001000087, 37.405800001000046 ], [ 122.4862, 37.4038 ], [ 122.4805, 37.4001 ], [ 122.476500000000101, 37.4024 ], [ 122.4744, 37.4037 ], [ 122.4718, 37.4033 ], [ 122.4707, 37.4007 ], [ 122.474, 37.3923 ], [ 122.4723, 37.389499999000066 ], [ 122.4596, 37.3867 ], [ 122.4574, 37.38230000100009 ], [ 122.4583, 37.38 ], [ 122.4614, 37.37910000100004 ], [ 122.4752, 37.3856 ], [ 122.477799999000013, 37.3843 ], [ 122.4784, 37.3813 ], [ 122.4758, 37.3774 ], [ 122.4769999990001, 37.3758 ], [ 122.4876, 37.3756 ], [ 122.5055, 37.364300001000061 ], [ 122.5156, 37.365 ], [ 122.519500000000107, 37.36989999900004 ], [ 122.5284, 37.3722 ], [ 122.5292, 37.377 ], [ 122.5266, 37.3798 ], [ 122.5189, 37.3798 ], [ 122.508, 37.379900001000067 ], [ 122.5031, 37.381699999000034 ], [ 122.4917, 37.39279999900009 ], [ 122.491900000000101, 37.4002 ], [ 122.498, 37.3986 ], [ 122.5018, 37.3947 ], [ 122.523, 37.397200001000044 ], [ 122.5282, 37.3965 ], [ 122.536, 37.3929 ], [ 122.5615, 37.393 ], [ 122.5704, 37.3967 ], [ 122.5778, 37.3975 ], [ 122.593, 37.409199999000066 ], [ 122.595, 37.4091 ], [ 122.601, 37.4086 ], [ 122.606700001000036, 37.4128 ], [ 122.6162, 37.413 ], [ 122.618500001000029, 37.4066 ], [ 122.620900001, 37.405 ], [ 122.6246000000001, 37.409 ], [ 122.6216, 37.4128 ], [ 122.6242, 37.4158 ], [ 122.631399999, 37.4147 ], [ 122.63509999900009, 37.417 ], [ 122.636800000000108, 37.4166 ], [ 122.6346, 37.410599999000056 ], [ 122.636899999000093, 37.4079 ], [ 122.643199999000103, 37.4077 ], [ 122.645800001, 37.4111 ], [ 122.6463, 37.4162 ], [ 122.6526, 37.416 ], [ 122.653199999000094, 37.4135 ], [ 122.6498, 37.4077 ], [ 122.651599999000041, 37.405899999000042 ], [ 122.6628, 37.4032 ], [ 122.6665, 37.4057 ], [ 122.6708, 37.4057 ], [ 122.6722, 37.408 ], [ 122.6664, 37.4135 ], [ 122.6682, 37.4151 ], [ 122.6745, 37.4136 ], [ 122.674999999000079, 37.4132 ], [ 122.680300000000102, 37.409 ], [ 122.6846, 37.4099 ], [ 122.6872, 37.4054 ], [ 122.6935, 37.4061 ], [ 122.6952, 37.4036 ], [ 122.6961999990001, 37.393 ], [ 122.6982, 37.3912 ], [ 122.7031, 37.3905 ], [ 122.704300000000103, 37.3878 ], [ 122.702, 37.3853 ], [ 122.688000000000102, 37.3822 ], [ 122.685399999000083, 37.379 ], [ 122.685999999000046, 37.376000001000079 ], [ 122.681200001000093, 37.3707 ], [ 122.6765, 37.3725 ], [ 122.675300000000107, 37.3792 ], [ 122.6704, 37.380800001000068 ], [ 122.6607, 37.3803 ], [ 122.65, 37.386200001000077 ], [ 122.6276, 37.3727 ], [ 122.6206, 37.3686 ], [ 122.61, 37.3683 ], [ 122.592899999, 37.3561 ], [ 122.5832, 37.351800001000072 ], [ 122.5746, 37.3434 ], [ 122.5709, 37.3433 ], [ 122.5703, 37.3461 ], [ 122.5751, 37.3532 ], [ 122.5688, 37.3536 ], [ 122.5602, 37.3479 ], [ 122.5557, 37.3426 ], [ 122.5638, 37.3364 ], [ 122.5761, 37.334 ], [ 122.5886, 37.3242 ], [ 122.5932, 37.3242 ], [ 122.5986, 37.3279 ], [ 122.6032, 37.3249 ], [ 122.58890000100007, 37.3178 ], [ 122.5865999990001, 37.3152 ], [ 122.588, 37.3102 ], [ 122.5864, 37.307 ], [ 122.583, 37.3063 ], [ 122.5761, 37.3101 ], [ 122.565700000000106, 37.3108 ], [ 122.5614, 37.312799999000049 ], [ 122.5646, 37.3146 ], [ 122.5662, 37.3197 ], [ 122.559000001000072, 37.322199999000077 ], [ 122.5573, 37.326800001000038 ], [ 122.554400000000101, 37.3286 ], [ 122.551, 37.328300001000059 ], [ 122.547200001000078, 37.326 ], [ 122.5473, 37.3148 ], [ 122.5592, 37.3029 ], [ 122.565300001000082, 37.300000001000058 ], [ 122.570800001000066, 37.2879 ], [ 122.569200001000013, 37.2842 ], [ 122.5614, 37.2867 ], [ 122.5597, 37.2823 ], [ 122.5517, 37.2786 ], [ 122.5524, 37.274300001000086 ], [ 122.5532, 37.2692 ], [ 122.5561, 37.2674 ], [ 122.559800001000099, 37.2692 ], [ 122.5624, 37.2681 ], [ 122.564500001000056, 37.2631 ], [ 122.5608, 37.255500001000087 ], [ 122.5652, 37.249300001000051 ], [ 122.5723, 37.2503 ], [ 122.577, 37.2457 ], [ 122.5824, 37.2441 ], [ 122.5908, 37.2359 ], [ 122.597400000000107, 37.2339 ], [ 122.589700000000107, 37.2295 ], [ 122.5863, 37.2238 ], [ 122.5887, 37.219 ], [ 122.595600000000104, 37.214199999000073 ], [ 122.5997, 37.2092 ], [ 122.6088, 37.208099999000069 ], [ 122.6135, 37.2026 ], [ 122.6227, 37.1999 ], [ 122.6195, 37.1969 ], [ 122.6202, 37.1962 ], [ 122.6244, 37.1923 ], [ 122.6236, 37.19069999900006 ], [ 122.6182, 37.19069999900006 ], [ 122.6144, 37.1946 ], [ 122.6115, 37.1952 ], [ 122.5987, 37.191499999000087 ], [ 122.5907, 37.1814 ], [ 122.5867, 37.182 ], [ 122.5815, 37.1882 ], [ 122.5713, 37.1826 ], [ 122.560099999000045, 37.1798 ], [ 122.557, 37.1729 ], [ 122.557100000000105, 37.168799999000043 ], [ 122.5603, 37.1649 ], [ 122.5634, 37.1643 ], [ 122.570800001000066, 37.1661 ], [ 122.5721, 37.159 ], [ 122.5775000000001, 37.15699999900005 ], [ 122.575500001000023, 37.154 ], [ 122.5753, 37.1474 ], [ 122.5731, 37.1444 ], [ 122.5696, 37.1439 ], [ 122.5688, 37.1451 ], [ 122.566999999000018, 37.147799999000085 ], [ 122.5596, 37.148 ], [ 122.5558, 37.1495 ], [ 122.5496, 37.1481 ], [ 122.5455, 37.1509 ], [ 122.5378, 37.1524 ], [ 122.5297, 37.1581 ], [ 122.525400001000094, 37.1588 ], [ 122.5148, 37.1553 ], [ 122.4988, 37.1559 ], [ 122.4922, 37.1531 ], [ 122.4789, 37.142 ], [ 122.473800001000086, 37.1353 ], [ 122.4649, 37.11000000100006 ], [ 122.4587, 37.1033 ], [ 122.4555, 37.105300001000046 ], [ 122.4566, 37.1113 ], [ 122.4539, 37.121799999000075 ], [ 122.455700001000082, 37.1252 ], [ 122.4643, 37.13 ], [ 122.4681, 37.1369 ], [ 122.4703, 37.1451 ], [ 122.4682, 37.147 ], [ 122.463099999000065, 37.144300001000033 ], [ 122.4567, 37.1467 ], [ 122.4536, 37.146099999000057 ], [ 122.449400001000072, 37.1427 ], [ 122.447, 37.1369 ], [ 122.4423, 37.1341 ], [ 122.4397, 37.128800001000059 ], [ 122.439800000000105, 37.1213 ], [ 122.4499, 37.1141 ], [ 122.450499999000044, 37.1091 ], [ 122.446, 37.099000001000036 ], [ 122.447, 37.0961 ], [ 122.4504, 37.0954 ], [ 122.4548, 37.1001 ], [ 122.4586, 37.1002 ], [ 122.4617, 37.0933 ], [ 122.4592, 37.0875 ], [ 122.4624, 37.0774 ], [ 122.4616, 37.0699 ], [ 122.4634, 37.0642 ], [ 122.461200001000066, 37.0596 ], [ 122.4583, 37.0582 ], [ 122.4559, 37.0705 ], [ 122.4522, 37.0735 ], [ 122.4465, 37.0695 ], [ 122.4408, 37.069 ], [ 122.439400001000081, 37.0665 ], [ 122.4418, 37.059 ], [ 122.428499999, 37.041900001000045 ], [ 122.4171, 37.0384 ], [ 122.4084, 37.0313 ], [ 122.4069, 37.0301 ], [ 122.4049, 37.0305 ], [ 122.4043, 37.0353 ], [ 122.4014, 37.0365 ], [ 122.3997, 37.0353 ], [ 122.3978, 37.0275 ], [ 122.3932, 37.027 ], [ 122.3884, 37.028799999000057 ], [ 122.3838, 37.0276 ], [ 122.393600000000106, 37.022 ], [ 122.403, 37.0245 ], [ 122.4122, 37.022499999000047 ], [ 122.4129, 37.0211 ], [ 122.4133, 37.0203 ], [ 122.4037, 37.009 ], [ 122.4018, 37.0023 ], [ 122.3992, 37.0009 ], [ 122.3968, 36.9929 ], [ 122.3985, 36.991700001000083 ], [ 122.402200000000107, 36.9927 ], [ 122.4073, 36.9968 ], [ 122.412999999000021, 36.998000001000037 ], [ 122.42, 37.007500001000039 ], [ 122.4354, 37.0101 ], [ 122.4417, 37.0152 ], [ 122.4422, 37.0172 ], [ 122.439, 37.021799999000052 ], [ 122.4401, 37.0241 ], [ 122.4462, 37.0237 ], [ 122.448400000000106, 37.028699999000082 ], [ 122.4535, 37.0306 ], [ 122.4627, 37.027 ], [ 122.4641, 37.0316 ], [ 122.4661, 37.0328 ], [ 122.4701, 37.0323 ], [ 122.473000001000059, 37.0301 ], [ 122.473299999, 37.0284 ], [ 122.473800001000086, 37.0262 ], [ 122.4725, 37.0227 ], [ 122.476, 37.0143 ], [ 122.481699999000057, 37.0129 ], [ 122.484000001000027, 37.0152 ], [ 122.4828, 37.0187 ], [ 122.479, 37.021600001000081 ], [ 122.4819, 37.0248 ], [ 122.4899, 37.020800001000055 ], [ 122.5136, 37.023 ], [ 122.515900000000101, 37.0182 ], [ 122.512, 37.009 ], [ 122.5126, 37.0065 ], [ 122.5181, 37.0019 ], [ 122.5221, 37.0017 ], [ 122.5266, 37.0065 ], [ 122.529400001, 37.0132 ], [ 122.5285, 37.016000001000066 ], [ 122.5202, 37.0228 ], [ 122.522399999000072, 37.0262 ], [ 122.52780000100006, 37.0302 ], [ 122.531300000000101, 37.030800001000046 ], [ 122.5407, 37.0323 ], [ 122.5569, 37.0418 ], [ 122.5629, 37.0421 ], [ 122.5715, 37.0398 ], [ 122.5532, 37.0331 ], [ 122.5421, 37.0268 ], [ 122.536200001, 37.021 ], [ 122.5284, 36.9981 ], [ 122.5346, 36.9802 ], [ 122.538099999, 36.9752 ], [ 122.5321, 36.9691 ], [ 122.5273, 36.9641 ], [ 122.5228, 36.9565 ], [ 122.521, 36.9439 ], [ 122.524500000000103, 36.932 ], [ 122.5306, 36.921 ], [ 122.522399999000072, 36.9146 ], [ 122.5225, 36.91 ], [ 122.5165, 36.904 ], [ 122.514, 36.8985 ], [ 122.4921, 36.894 ], [ 122.4898, 36.895600001000048 ], [ 122.5028, 36.9096 ], [ 122.505000001000099, 36.918399999000087 ], [ 122.505800001000011, 36.9214 ], [ 122.5098, 36.9225 ], [ 122.5135, 36.9203 ], [ 122.5166, 36.9212 ], [ 122.5194, 36.9269 ], [ 122.5155, 36.94480000100009 ], [ 122.5138, 36.9462 ], [ 122.511, 36.9459 ], [ 122.5034, 36.9349 ], [ 122.4991, 36.9314 ], [ 122.4954, 36.9305 ], [ 122.4837, 36.9313 ], [ 122.476900001000104, 36.9267 ], [ 122.470600000000104, 36.9264 ], [ 122.46, 36.9295 ], [ 122.454, 36.928400001000057 ], [ 122.448400000000106, 36.9251 ], [ 122.4287, 36.9234 ], [ 122.4216, 36.9194 ], [ 122.4179, 36.915999999000064 ], [ 122.4108, 36.914499999000043 ], [ 122.409099999000091, 36.9111 ], [ 122.4098, 36.9001 ], [ 122.420600001000025, 36.9 ], [ 122.4218, 36.8999 ], [ 122.4241, 36.8968 ], [ 122.424, 36.8869 ], [ 122.425399999000092, 36.8835 ], [ 122.4319, 36.8892 ], [ 122.4359, 36.8881 ], [ 122.436, 36.885599999000078 ], [ 122.4315, 36.8805 ], [ 122.43470000100001, 36.875 ], [ 122.4241, 36.8711 ], [ 122.4157, 36.863 ], [ 122.4108, 36.8648 ], [ 122.4071, 36.8645 ], [ 122.400900001000082, 36.8615 ], [ 122.398, 36.8626 ], [ 122.394, 36.867400001000078 ], [ 122.3914, 36.8679 ], [ 122.3869, 36.865099999000051 ], [ 122.3757, 36.8677 ], [ 122.3724, 36.859 ], [ 122.3701, 36.858099999000046 ], [ 122.3618, 36.864399999000057 ], [ 122.3568, 36.865000001000055 ], [ 122.3509, 36.8657 ], [ 122.3504, 36.863699999000062 ], [ 122.3547, 36.8593 ], [ 122.365899999000021, 36.8548 ], [ 122.3668, 36.8519 ], [ 122.3589, 36.8422 ], [ 122.3518, 36.843 ], [ 122.3424, 36.8404 ], [ 122.3398, 36.837699999000051 ], [ 122.3393, 36.8317 ], [ 122.3365, 36.8303 ], [ 122.3328, 36.8314 ], [ 122.330699999000103, 36.8374 ], [ 122.326700001000063, 36.839 ], [ 122.321299999000075, 36.8382 ], [ 122.3162, 36.8341 ], [ 122.295599999000046, 36.8383 ], [ 122.2825, 36.8365 ], [ 122.2748, 36.8397 ], [ 122.2685, 36.840800001000048 ], [ 122.2631, 36.84169999900007 ], [ 122.2497, 36.8411 ], [ 122.2422, 36.844700001000035 ], [ 122.222, 36.8468 ], [ 122.2173, 36.8507 ], [ 122.1994, 36.8482 ], [ 122.1929, 36.8443 ], [ 122.189800000000105, 36.843999999000062 ], [ 122.185199999000019, 36.8472 ], [ 122.1784, 36.8455 ], [ 122.175999999000055, 36.8487 ], [ 122.1863, 36.8658 ], [ 122.1851, 36.8731 ], [ 122.17960000100004, 36.8769 ], [ 122.1775, 36.8877 ], [ 122.178600001000063, 36.8881 ], [ 122.1834, 36.8898 ], [ 122.1864, 36.8979 ], [ 122.189600001000031, 36.9 ], [ 122.2021, 36.8996 ], [ 122.221, 36.8947 ], [ 122.2248, 36.8893 ], [ 122.2285, 36.8881 ], [ 122.2305, 36.8909 ], [ 122.2284, 36.894800001000078 ], [ 122.222400000000107, 36.8996 ], [ 122.2232, 36.902799999000081 ], [ 122.228300000000104, 36.9008 ], [ 122.252, 36.8998 ], [ 122.2558, 36.8978 ], [ 122.2606, 36.8974 ], [ 122.2652, 36.899 ], [ 122.2599, 36.9072 ], [ 122.2559, 36.9083 ], [ 122.2504, 36.9129 ], [ 122.2467, 36.9126 ], [ 122.2445, 36.9124 ], [ 122.231000000000108, 36.9164 ], [ 122.219799999000088, 36.916700001000038 ], [ 122.2119, 36.9153 ], [ 122.1995, 36.9205 ], [ 122.189800000000105, 36.9227 ], [ 122.1861, 36.9201 ], [ 122.1816, 36.920799999000053 ], [ 122.1783, 36.9253 ], [ 122.1777, 36.9315 ], [ 122.182100000000105, 36.9409 ], [ 122.1815, 36.9437 ], [ 122.1775, 36.9441 ], [ 122.167099999000015, 36.9353 ], [ 122.1602, 36.935500001000037 ], [ 122.1554000000001, 36.9318 ], [ 122.1441, 36.943300001000068 ], [ 122.146899999000084, 36.9468 ], [ 122.1479, 36.947 ], [ 122.1566, 36.9485 ], [ 122.162300001000062, 36.9513 ], [ 122.164999999000088, 36.9555 ], [ 122.164700001000028, 36.958 ], [ 122.159200001000045, 36.9623 ], [ 122.159200001000045, 36.9648 ], [ 122.162, 36.9667 ], [ 122.166, 36.9669 ], [ 122.1677, 36.9688 ], [ 122.1651, 36.9738 ], [ 122.167000001000019, 36.9766 ], [ 122.174100001000056, 36.9801 ], [ 122.1706, 36.9881 ], [ 122.1756, 36.9968 ], [ 122.183500001000084, 37.0006 ], [ 122.189600001000031, 36.9976 ], [ 122.1999, 36.9982 ], [ 122.2123, 37.0065 ], [ 122.2099, 37.0139 ], [ 122.2119, 37.0171 ], [ 122.221500000000106, 37.0215 ], [ 122.2223, 37.0228 ], [ 122.2246, 37.0266 ], [ 122.221899999000016, 37.0335 ], [ 122.217900001000089, 37.0371 ], [ 122.211100000000101, 37.0354 ], [ 122.205300001000069, 37.0358 ], [ 122.2024, 37.0402 ], [ 122.1955, 37.044 ], [ 122.1946, 37.048999999000046 ], [ 122.181200000000104, 37.0475 ], [ 122.184399999000107, 37.0421 ], [ 122.1804, 37.0386 ], [ 122.1808, 37.0303 ], [ 122.1864, 37.023299999000074 ], [ 122.184399999000107, 37.020099999000081 ], [ 122.1879, 37.0157 ], [ 122.1859, 37.0137 ], [ 122.1828, 37.0132 ], [ 122.1759, 37.0168 ], [ 122.1727, 37.0163 ], [ 122.168500000000108, 37.013 ], [ 122.1622, 37.0123 ], [ 122.1571, 37.0141 ], [ 122.1523, 37.02 ], [ 122.1515, 37.0209 ], [ 122.1475, 37.0209 ], [ 122.1354, 37.0109 ], [ 122.1424, 37.0013 ], [ 122.1481, 37.0 ], [ 122.1487, 36.9973 ], [ 122.1439, 36.991999999000086 ], [ 122.1454, 36.9874 ], [ 122.1444, 36.982599999000058 ], [ 122.1363, 36.9719 ], [ 122.1415, 36.965100001000053 ], [ 122.134, 36.9522 ], [ 122.1283, 36.952600001000064 ], [ 122.1225, 36.9564 ], [ 122.123299999000096, 36.9624 ], [ 122.120100001000083, 36.9649 ], [ 122.1121, 36.9811 ], [ 122.1116, 36.9807 ], [ 122.105299999000067, 36.9753 ], [ 122.1063, 36.9712 ], [ 122.114699999000095, 36.9612 ], [ 122.111900000000105, 36.9568 ], [ 122.0943, 36.9514 ], [ 122.0839, 36.94160000100004 ], [ 122.0823, 36.935400001000062 ], [ 122.0894, 36.9201 ], [ 122.0697, 36.9193 ], [ 122.0461, 36.911200001000054 ], [ 122.0371, 36.9068 ], [ 122.0365, 36.9048 ], [ 122.0341, 36.8971 ], [ 122.0297, 36.9017 ], [ 122.0211, 36.906400001000065 ], [ 122.0199, 36.9091 ], [ 122.0302, 36.9264 ], [ 122.0409, 36.9336 ], [ 122.03969999900005, 36.935699999000065 ], [ 122.0343, 36.9382 ], [ 122.0325, 36.941799999000068 ], [ 122.0347, 36.9467 ], [ 122.0338, 36.9521 ], [ 122.0256, 36.9612 ], [ 122.0196, 36.9644 ], [ 122.0197, 36.971699999000066 ], [ 122.0053, 36.9824 ], [ 121.9989, 36.9853 ], [ 121.9935, 36.9952 ], [ 121.9917, 36.9941 ], [ 121.9886, 36.9886 ], [ 121.986000000000104, 36.9879 ], [ 121.9837, 36.9934 ], [ 121.9811, 36.9943 ], [ 121.976, 36.9892 ], [ 121.9698, 36.9852 ], [ 121.9541, 36.9841 ], [ 121.942, 36.9909 ], [ 121.9379, 36.9949 ], [ 121.9268, 36.9909 ], [ 121.926, 36.9891 ], [ 121.9327, 36.982 ], [ 121.9265, 36.9756 ], [ 121.9247, 36.967500001000076 ], [ 121.9173, 36.9661 ], [ 121.9116, 36.96299999900009 ], [ 121.9019, 36.9624 ], [ 121.902, 36.9599 ], [ 121.911700001000099, 36.9587 ], [ 121.915199999000038, 36.9537 ], [ 121.9206, 36.9581 ], [ 121.9423, 36.9542 ], [ 121.9536, 36.9467 ], [ 121.9542, 36.9442 ], [ 121.9434, 36.9402 ], [ 121.9363, 36.9398 ], [ 121.93, 36.939400001000081 ], [ 121.8864, 36.923799999000039 ], [ 121.862699999000029, 36.918399999000087 ], [ 121.8554, 36.9147 ], [ 121.8531, 36.916700001000038 ], [ 121.8573, 36.920699999000078 ], [ 121.8564, 36.9232 ], [ 121.8538, 36.923799999000039 ], [ 121.8499, 36.9217 ], [ 121.8452, 36.9111 ], [ 121.8052, 36.898 ], [ 121.803999999000098, 36.8989 ], [ 121.808699999000055, 36.9077 ], [ 121.8059, 36.9114 ], [ 121.8025, 36.9056 ], [ 121.7969, 36.9012 ], [ 121.7955, 36.897 ], [ 121.789299999000036, 36.894 ], [ 121.779899999, 36.892 ], [ 121.7604, 36.882399999000086 ], [ 121.751500001000068, 36.8745 ], [ 121.750700001000041, 36.8732 ], [ 121.7451, 36.863599999000087 ], [ 121.7441, 36.8585 ], [ 121.7474, 36.8501 ], [ 121.746000001000084, 36.8476 ], [ 121.735899999000026, 36.8401 ], [ 121.727400000000102, 36.837699999000051 ], [ 121.7198, 36.832999999000037 ], [ 121.7152, 36.8327 ], [ 121.706900001, 36.8349 ], [ 121.702299999000047, 36.8342 ], [ 121.6937, 36.8258 ], [ 121.6686, 36.8264 ], [ 121.6485, 36.8183 ], [ 121.6377, 36.817 ], [ 121.6338, 36.8152 ], [ 121.6249, 36.8006 ], [ 121.6193, 36.7978 ], [ 121.6208, 36.793 ], [ 121.6192, 36.79 ], [ 121.625, 36.7848 ], [ 121.6216, 36.773 ], [ 121.6228, 36.7696 ], [ 121.6274, 36.766499999000075 ], [ 121.631700001000013, 36.76579999900008 ], [ 121.6335, 36.762 ], [ 121.6324, 36.7567 ], [ 121.6376, 36.7432 ], [ 121.6362, 36.741400001000045 ], [ 121.625400001, 36.739099999000075 ], [ 121.6179, 36.7448 ], [ 121.612800001000096, 36.742900001000066 ], [ 121.6022, 36.748 ], [ 121.604200000000105, 36.7522 ], [ 121.6057, 36.7552 ], [ 121.603600001000018, 36.7613 ], [ 121.6071, 36.7676 ], [ 121.603, 36.775099999000076 ], [ 121.598999999000057, 36.7769 ], [ 121.591, 36.7763 ], [ 121.5857, 36.7705 ], [ 121.5798, 36.767 ], [ 121.5781, 36.7683 ], [ 121.581, 36.775 ], [ 121.578400000000101, 36.7779 ], [ 121.5598, 36.7818 ], [ 121.557100000000105, 36.77580000100005 ], [ 121.5529, 36.773 ], [ 121.547800001000041, 36.7734 ], [ 121.5428, 36.7765 ], [ 121.5409, 36.7735 ], [ 121.5385, 36.767100001000074 ], [ 121.54, 36.7625 ], [ 121.5461, 36.7569 ], [ 121.5382, 36.753100001000064 ], [ 121.525400000000104, 36.7559 ], [ 121.52, 36.752399999000033 ], [ 121.5143, 36.753 ], [ 121.5134, 36.7543 ], [ 121.5179, 36.7592 ], [ 121.5161, 36.76240000100006 ], [ 121.506699999000034, 36.7627 ], [ 121.5027, 36.7643 ], [ 121.4999, 36.7709 ], [ 121.4877, 36.7714 ], [ 121.4822, 36.7734 ], [ 121.477, 36.7788 ], [ 121.4764, 36.7821 ], [ 121.485400001000016, 36.7819 ], [ 121.4873, 36.7893 ], [ 121.5093, 36.7965 ], [ 121.5194, 36.803900001000045 ], [ 121.5223, 36.8042 ], [ 121.526800001000083, 36.8022 ], [ 121.5283, 36.8015 ], [ 121.5316, 36.7924 ], [ 121.5366, 36.7886 ], [ 121.5415, 36.7988 ], [ 121.5473, 36.805699999000069 ], [ 121.5466, 36.8126 ], [ 121.548800001000018, 36.8158 ], [ 121.5702, 36.8269 ], [ 121.584099999000045, 36.8289 ], [ 121.5869, 36.8324 ], [ 121.5952, 36.8337 ], [ 121.6001, 36.8438 ], [ 121.6057, 36.848 ], [ 121.6025, 36.8512 ], [ 121.5937, 36.8502 ], [ 121.588700001, 36.8542 ], [ 121.5849, 36.8543 ], [ 121.5773, 36.8545 ], [ 121.5708, 36.8533 ], [ 121.5686, 36.8491 ], [ 121.5629, 36.8472 ], [ 121.554100001000052, 36.8446 ], [ 121.5456, 36.8449 ], [ 121.5398, 36.8473 ], [ 121.5375, 36.8372 ], [ 121.529200001000049, 36.8371 ], [ 121.5225, 36.8299 ], [ 121.511800000000108, 36.8247 ], [ 121.510000000000105, 36.815 ], [ 121.4976, 36.811 ], [ 121.486299999000039, 36.79610000100007 ], [ 121.482, 36.7954 ], [ 121.479999999000029, 36.7972 ], [ 121.4821, 36.802 ], [ 121.489100001, 36.8104 ], [ 121.4861, 36.8163 ], [ 121.4877, 36.819799999000054 ], [ 121.4872, 36.8209 ], [ 121.4856, 36.8241 ], [ 121.4892, 36.8297 ], [ 121.4959, 36.8341 ], [ 121.4976, 36.8373 ], [ 121.4952, 36.8401 ], [ 121.4879, 36.8342 ], [ 121.4794, 36.8334 ], [ 121.4712, 36.829800001000081 ], [ 121.4677, 36.832100001000072 ], [ 121.46, 36.8437 ], [ 121.4487, 36.8522 ], [ 121.4479, 36.8648 ], [ 121.4436, 36.8643 ], [ 121.4412, 36.8567 ], [ 121.441699999000093, 36.8475 ], [ 121.4359, 36.85 ], [ 121.4334, 36.861199999000064 ], [ 121.431400001000043, 36.8607 ], [ 121.430699999000012, 36.8542 ], [ 121.4385, 36.8374 ], [ 121.4471, 36.8345 ], [ 121.4489, 36.832299999000043 ], [ 121.4483, 36.8233 ], [ 121.4559, 36.8145 ], [ 121.4622, 36.8132 ], [ 121.4683, 36.8082 ], [ 121.4686, 36.805699999000069 ], [ 121.4648, 36.8006 ], [ 121.4655, 36.7947 ], [ 121.463699999000028, 36.7886 ], [ 121.463400001000082, 36.7875 ], [ 121.4664, 36.7809 ], [ 121.465, 36.7772 ], [ 121.4668, 36.7731 ], [ 121.455500001000019, 36.7693 ], [ 121.446100001000104, 36.7715 ], [ 121.4486, 36.7614 ], [ 121.4467, 36.757899999000074 ], [ 121.431, 36.7582 ], [ 121.4245, 36.756 ], [ 121.4087, 36.7613 ], [ 121.40419999900007, 36.7605 ], [ 121.38760000100001, 36.7508 ], [ 121.3743, 36.737599999000054 ], [ 121.371900001000085, 36.7307 ], [ 121.3726, 36.7293 ], [ 121.3796, 36.7156 ], [ 121.3899, 36.7135 ], [ 121.3906, 36.7114 ], [ 121.382399999000086, 36.7086 ], [ 121.3748, 36.7036 ], [ 121.37, 36.7123 ], [ 121.3614, 36.7181 ], [ 121.3608, 36.7284 ], [ 121.359, 36.7323 ], [ 121.3539, 36.7327 ], [ 121.3531, 36.73149999900005 ], [ 121.352200001000028, 36.7294 ], [ 121.3558, 36.7237 ], [ 121.3516, 36.721199999000078 ], [ 121.3314, 36.7202 ], [ 121.3159, 36.7146 ], [ 121.3085, 36.7145 ], [ 121.3022, 36.7167 ], [ 121.2937, 36.714 ], [ 121.285199999000042, 36.7139 ], [ 121.277299999000093, 36.7092 ], [ 121.2674, 36.7067 ], [ 121.2548, 36.697600001000069 ], [ 121.2408, 36.6916 ], [ 121.2307, 36.6942 ], [ 121.2227, 36.6946 ], [ 121.221, 36.6947 ], [ 121.208, 36.6927 ], [ 121.184900001000074, 36.6847 ], [ 121.1828, 36.6881 ], [ 121.19100000100002, 36.7 ], [ 121.1892, 36.7018 ], [ 121.1873, 36.7017 ], [ 121.184900001000074, 36.7051 ], [ 121.1835, 36.7049 ], [ 121.179, 36.6913 ], [ 121.1743, 36.687499999000067 ], [ 121.168, 36.6869 ], [ 121.1467, 36.6857 ], [ 121.1395, 36.68 ], [ 121.141, 36.6759 ], [ 121.1449, 36.6778 ], [ 121.153500001, 36.6768 ], [ 121.1594, 36.679699999000036 ], [ 121.1651, 36.6775 ], [ 121.1416, 36.6649 ], [ 121.1235, 36.650600001000043 ], [ 121.1075, 36.6414 ], [ 121.1027, 36.632799999000042 ], [ 121.0928, 36.6278 ], [ 121.087900000000104, 36.6229 ], [ 121.0742, 36.6218 ], [ 121.0638, 36.6172 ], [ 121.0582, 36.6148 ], [ 121.0534, 36.6143 ], [ 121.0577, 36.616200001000038 ], [ 121.0584, 36.6199 ], [ 121.054999999000074, 36.6269 ], [ 121.0554, 36.6338 ], [ 121.0598, 36.6376 ], [ 121.0703, 36.6407 ], [ 121.073899999000105, 36.6445 ], [ 121.08140000100002, 36.6485 ], [ 121.0782, 36.650500001000069 ], [ 121.0745, 36.6507 ], [ 121.0602, 36.6451 ], [ 121.0508, 36.6443 ], [ 121.0488, 36.6463 ], [ 121.0369, 36.6557 ], [ 121.035599999000056, 36.651300001000038 ], [ 121.04550000100005, 36.6407 ], [ 121.044700001000024, 36.6393 ], [ 121.037, 36.6406 ], [ 121.025400000000104, 36.6385 ], [ 121.0154, 36.639699999000072 ], [ 121.0121, 36.6348 ], [ 121.012799999000094, 36.632600001000071 ], [ 121.0162, 36.6324 ], [ 121.02660000100002, 36.6262 ], [ 121.0334, 36.6256 ], [ 121.0378, 36.6133 ], [ 121.041099999000039, 36.6088 ], [ 121.0412, 36.6042 ], [ 121.0342, 36.5914 ], [ 121.0243, 36.5892 ], [ 121.018299999000078, 36.5893 ], [ 121.0107, 36.5974 ], [ 121.0029, 36.5994 ], [ 120.9952, 36.5994 ], [ 120.9884, 36.6021 ], [ 120.977, 36.6 ], [ 120.9709, 36.5969 ], [ 120.9615, 36.586 ], [ 120.9562, 36.5847 ], [ 120.9292, 36.594300001000079 ], [ 120.9282, 36.5972 ], [ 120.930400001000066, 36.6003 ], [ 120.930300000000102, 36.6046 ], [ 120.9349, 36.6031 ], [ 120.9371000000001, 36.6038 ], [ 120.9387, 36.6071 ], [ 120.9446, 36.618699999000057 ], [ 120.9442, 36.6239 ], [ 120.9467, 36.627199999000084 ], [ 120.9447, 36.6457 ], [ 120.940700000000106, 36.6457 ], [ 120.9368, 36.6332 ], [ 120.9325, 36.6333 ], [ 120.9305, 36.6439 ], [ 120.922, 36.6439 ], [ 120.9161, 36.6486 ], [ 120.9107, 36.6487 ], [ 120.9074, 36.6468 ], [ 120.9059, 36.6402 ], [ 120.898499999000023, 36.64 ], [ 120.894500000000107, 36.639500001000044 ], [ 120.8933, 36.641299999000069 ], [ 120.8941, 36.6532 ], [ 120.8878, 36.654699999000059 ], [ 120.8848, 36.659 ], [ 120.8801, 36.6562 ], [ 120.878299999000092, 36.6562 ], [ 120.876400001000093, 36.6563 ], [ 120.8777, 36.6583 ], [ 120.8815, 36.6642 ], [ 120.8786, 36.6662 ], [ 120.871999999000082, 36.6597 ], [ 120.8635, 36.6565 ], [ 120.8485, 36.6542 ], [ 120.845600000000104, 36.6472 ], [ 120.842000001000088, 36.6456 ], [ 120.833400001000086, 36.6371 ], [ 120.825500001000023, 36.6434 ], [ 120.821099999000012, 36.6415 ], [ 120.8198000000001, 36.6362 ], [ 120.8122, 36.6335 ], [ 120.8084, 36.6275 ], [ 120.8081, 36.6199 ], [ 120.8028, 36.614699999000038 ], [ 120.7989, 36.614 ], [ 120.7966, 36.6153 ], [ 120.7843, 36.6263 ], [ 120.7728, 36.6219 ], [ 120.785999999000069, 36.6164 ], [ 120.7941, 36.605100001000039 ], [ 120.7922, 36.601900001000047 ], [ 120.788000001, 36.5995 ], [ 120.772599999000022, 36.6001 ], [ 120.7667, 36.5977 ], [ 120.760500001000082, 36.5877 ], [ 120.7631, 36.5857 ], [ 120.772, 36.5847 ], [ 120.7775, 36.58029999900009 ], [ 120.7823, 36.5726 ], [ 120.7889, 36.5713 ], [ 120.7979, 36.5816 ], [ 120.8029, 36.5847 ], [ 120.814, 36.587 ], [ 120.820000001000039, 36.5947 ], [ 120.831000001, 36.5981 ], [ 120.8387, 36.6044 ], [ 120.84520000100008, 36.6059 ], [ 120.849199999, 36.6049 ], [ 120.8574, 36.5972 ], [ 120.864000001000022, 36.5953 ], [ 120.87, 36.5963 ], [ 120.873, 36.5985 ], [ 120.8749, 36.5921 ], [ 120.8736, 36.5906 ], [ 120.8711, 36.5879 ], [ 120.8746000000001, 36.5845 ], [ 120.8812, 36.5837 ], [ 120.8795, 36.5738 ], [ 120.88110000100005, 36.5686 ], [ 120.8867, 36.5602 ], [ 120.889, 36.5502 ], [ 120.893600000000106, 36.5475 ], [ 120.9056, 36.5571 ], [ 120.9162, 36.5633 ], [ 120.9193, 36.5627 ], [ 120.9239, 36.5527 ], [ 120.932, 36.5469 ], [ 120.9345, 36.5405 ], [ 120.9368, 36.5394 ], [ 120.946600000000103, 36.5437 ], [ 120.956, 36.5427 ], [ 120.9566, 36.544200001000036 ], [ 120.957100001000072, 36.5455 ], [ 120.9499, 36.5559 ], [ 120.9507, 36.557500001000051 ], [ 120.956399999000041, 36.557 ], [ 120.9622, 36.5541 ], [ 120.9713, 36.5444 ], [ 120.973699999000019, 36.5396 ], [ 120.9589, 36.5219 ], [ 120.9444, 36.4927 ], [ 120.9468, 36.4818 ], [ 120.9597, 36.4756 ], [ 120.959799999000097, 36.4731 ], [ 120.9554, 36.4695 ], [ 120.9542, 36.4686 ], [ 120.95409999900005, 36.4631 ], [ 120.9497, 36.461 ], [ 120.9428, 36.4615 ], [ 120.941699999000093, 36.4507 ], [ 120.9361, 36.448099999000078 ], [ 120.9326, 36.45209999900004 ], [ 120.930699999000012, 36.4581 ], [ 120.918600001000073, 36.4661 ], [ 120.912599999, 36.4655 ], [ 120.903199999000094, 36.457499999000049 ], [ 120.8944, 36.4569 ], [ 120.8878, 36.4522 ], [ 120.887, 36.4485 ], [ 120.89299999900004, 36.440100001000076 ], [ 120.904999999000097, 36.4353 ], [ 120.9082, 36.4319 ], [ 120.9117, 36.4212 ], [ 120.912, 36.4201 ], [ 120.9104, 36.4166 ], [ 120.903100001000098, 36.413500001000045 ], [ 120.892, 36.4059 ], [ 120.8807, 36.3855 ], [ 120.8856, 36.3755 ], [ 120.8825, 36.3734 ], [ 120.8774, 36.3735 ], [ 120.8708, 36.3778 ], [ 120.854200000000105, 36.3818 ], [ 120.8527, 36.3854 ], [ 120.8532, 36.3953 ], [ 120.8495, 36.4039 ], [ 120.856299999000043, 36.4146 ], [ 120.854600001000108, 36.4211 ], [ 120.8544, 36.4222 ], [ 120.850199999000097, 36.4278 ], [ 120.8357, 36.4376 ], [ 120.834499999000059, 36.4406 ], [ 120.8408, 36.4483 ], [ 120.8371, 36.4567 ], [ 120.8378, 36.4615 ], [ 120.8357, 36.4647 ], [ 120.8126, 36.4764 ], [ 120.8084, 36.4751 ], [ 120.8074, 36.4731 ], [ 120.810899999000071, 36.4672 ], [ 120.809, 36.4655 ], [ 120.755200001000048, 36.4614 ], [ 120.7517, 36.4662 ], [ 120.746, 36.4663 ], [ 120.7405, 36.4609 ], [ 120.737800000000107, 36.4473 ], [ 120.7291, 36.4357 ], [ 120.725699999000085, 36.4342 ], [ 120.717500001000076, 36.441799999000068 ], [ 120.7115, 36.4449 ], [ 120.7064, 36.4441 ], [ 120.7003, 36.439 ], [ 120.6985, 36.4341 ], [ 120.6992, 36.43 ], [ 120.7066, 36.420699999000078 ], [ 120.703600001000041, 36.4172 ], [ 120.7014, 36.4055 ], [ 120.6976, 36.4011 ], [ 120.6881, 36.3981 ], [ 120.6834, 36.3838 ], [ 120.6876, 36.3694 ], [ 120.6896, 36.367499999000074 ], [ 120.692600001000073, 36.3645 ], [ 120.7141, 36.3574 ], [ 120.7166, 36.3508 ], [ 120.7271, 36.340700001000073 ], [ 120.7287, 36.3363 ], [ 120.726500000000101, 36.3312 ], [ 120.7235, 36.3303 ], [ 120.714, 36.3337 ], [ 120.7066, 36.3347 ], [ 120.6852, 36.3308 ], [ 120.6619, 36.3404 ], [ 120.6458, 36.328900001000079 ], [ 120.642, 36.3262 ], [ 120.6383, 36.3193 ], [ 120.642, 36.309 ], [ 120.648600000000101, 36.3062 ], [ 120.654, 36.3079 ], [ 120.6571, 36.307 ], [ 120.6586, 36.303199999000071 ], [ 120.6562, 36.3001 ], [ 120.6467, 36.29539999900004 ], [ 120.6429, 36.2898 ], [ 120.640999999000087, 36.281200001000059 ], [ 120.6438, 36.274 ], [ 120.6487, 36.2713 ], [ 120.658299999000064, 36.2713 ], [ 120.6602, 36.2654 ], [ 120.6622, 36.264000001000056 ], [ 120.666700000000105, 36.2641 ], [ 120.6692, 36.2681 ], [ 120.6678, 36.2738 ], [ 120.67, 36.2764 ], [ 120.674, 36.2751 ], [ 120.675, 36.272600001000058 ], [ 120.6724, 36.2658 ], [ 120.6721, 36.2649 ], [ 120.672, 36.2594 ], [ 120.676, 36.2492 ], [ 120.6671, 36.238200001000052 ], [ 120.6677, 36.235 ], [ 120.675, 36.2301 ], [ 120.6809, 36.2215 ], [ 120.680000001000053, 36.2139 ], [ 120.683900000000108, 36.1993 ], [ 120.6802, 36.1917 ], [ 120.6851, 36.180300001000035 ], [ 120.6845, 36.1734 ], [ 120.695799999000087, 36.1659 ], [ 120.6867, 36.1583 ], [ 120.6886, 36.1559 ], [ 120.6896, 36.1547 ], [ 120.6976, 36.1528 ], [ 120.7003, 36.1492 ], [ 120.6972, 36.1409 ], [ 120.702000001000101, 36.1401 ], [ 120.7095, 36.1425 ], [ 120.7127, 36.141 ], [ 120.7136, 36.139 ], [ 120.7109, 36.135 ], [ 120.6893, 36.1302 ], [ 120.6834, 36.13 ], [ 120.6699, 36.136599999000055 ], [ 120.6648, 36.134900001000062 ], [ 120.6538, 36.1267 ], [ 120.63620000100002, 36.1203 ], [ 120.626000001000079, 36.1206 ], [ 120.6164, 36.1238 ], [ 120.615800001000025, 36.124 ], [ 120.609500001000015, 36.1234 ], [ 120.603400001000068, 36.1196 ], [ 120.595899999000039, 36.1093 ], [ 120.590100001, 36.1046 ], [ 120.5862, 36.1043 ], [ 120.5858, 36.1061 ], [ 120.589599999000029, 36.1108 ], [ 120.585, 36.113700001000041 ], [ 120.586999999, 36.122 ], [ 120.5852000000001, 36.124 ], [ 120.5798, 36.1253 ], [ 120.57, 36.1221 ], [ 120.566500001, 36.119 ], [ 120.5698000000001, 36.113099999000042 ], [ 120.5641, 36.1125 ], [ 120.5501, 36.1182 ], [ 120.5444, 36.1183 ], [ 120.5419, 36.1168 ], [ 120.540099999000063, 36.112399999000047 ], [ 120.547, 36.1018 ], [ 120.543700001000047, 36.0999 ], [ 120.5423, 36.0999 ], [ 120.530099999000072, 36.0994 ], [ 120.5241, 36.102 ], [ 120.519, 36.1019 ], [ 120.5124, 36.0967 ], [ 120.4936, 36.0939 ], [ 120.4732, 36.0953 ], [ 120.4662, 36.0929 ], [ 120.4546, 36.0859 ], [ 120.4215, 36.0631 ], [ 120.4049, 36.059899999000038 ], [ 120.391, 36.0571 ], [ 120.3831, 36.0629 ], [ 120.3777, 36.0632 ], [ 120.362399999000104, 36.0574 ], [ 120.3604, 36.0504 ], [ 120.3582, 36.049 ], [ 120.346, 36.0519 ], [ 120.3414, 36.0447 ], [ 120.3358, 36.044800001000056 ], [ 120.334, 36.0473 ], [ 120.3368, 36.054900001000078 ], [ 120.3358, 36.0586 ], [ 120.3246, 36.0569 ], [ 120.3184, 36.0629 ], [ 120.3105, 36.062800001000085 ], [ 120.300400001000071, 36.0552 ], [ 120.293300001000034, 36.0566 ], [ 120.2876, 36.0489 ], [ 120.2817, 36.0483 ], [ 120.279400001, 36.0501 ], [ 120.2797, 36.0556 ], [ 120.2819, 36.0575 ], [ 120.2895, 36.0586 ], [ 120.28969999900005, 36.0609 ], [ 120.2981, 36.07 ], [ 120.305100001000028, 36.0711 ], [ 120.306700001000081, 36.0734 ], [ 120.306999999000027, 36.0819 ], [ 120.3102, 36.085500001000071 ], [ 120.3213, 36.091 ], [ 120.333400001000086, 36.0945 ], [ 120.3352000000001, 36.097300001000065 ], [ 120.331099999, 36.1094 ], [ 120.3315, 36.1211 ], [ 120.3651, 36.151499999000066 ], [ 120.3658, 36.1555 ], [ 120.3667, 36.1616 ], [ 120.3697, 36.1665 ], [ 120.3713, 36.182600001000083 ], [ 120.365, 36.19209999900005 ], [ 120.3655, 36.1956 ], [ 120.3698, 36.2007 ], [ 120.3643, 36.212 ], [ 120.3596, 36.2165 ], [ 120.3443, 36.2253 ], [ 120.3321, 36.2259 ], [ 120.330300001000069, 36.2277 ], [ 120.332699999000056, 36.232799999000065 ], [ 120.329599999000038, 36.2477 ], [ 120.3387, 36.253 ], [ 120.3392, 36.2557 ], [ 120.3299, 36.255 ], [ 120.318500001000075, 36.2557 ], [ 120.3211, 36.2622 ], [ 120.3238, 36.2643 ], [ 120.324099999000055, 36.272600001000058 ], [ 120.3159, 36.2733 ], [ 120.3088, 36.2788 ], [ 120.3095, 36.2795 ], [ 120.3061, 36.2804 ], [ 120.2993, 36.2772 ], [ 120.2916, 36.2777 ], [ 120.2891, 36.2687 ], [ 120.2818, 36.2683 ], [ 120.2871, 36.2613 ], [ 120.2914, 36.2548 ], [ 120.2921, 36.242900001000066 ], [ 120.294300001000011, 36.2381 ], [ 120.2927, 36.2346 ], [ 120.2852, 36.2312 ], [ 120.2789, 36.2258 ], [ 120.276, 36.21949999900005 ], [ 120.281300000000101, 36.2142 ], [ 120.277099999000029, 36.2046 ], [ 120.277099999000029, 36.1989 ], [ 120.2796, 36.1971 ], [ 120.2811, 36.195999999000037 ], [ 120.294399999, 36.198 ], [ 120.299, 36.1965 ], [ 120.3011, 36.1924 ], [ 120.2993, 36.1877 ], [ 120.2835, 36.1869 ], [ 120.278, 36.1829 ], [ 120.2717, 36.1848 ], [ 120.2636, 36.1821 ], [ 120.259, 36.1822 ], [ 120.2547, 36.1855 ], [ 120.2573000000001, 36.189500001000056 ], [ 120.268400001000032, 36.195999999000037 ], [ 120.2658, 36.1977 ], [ 120.2579, 36.1984 ], [ 120.2504, 36.2014 ], [ 120.2329, 36.2001 ], [ 120.2256, 36.1917 ], [ 120.2216, 36.192 ], [ 120.2195, 36.1956 ], [ 120.2244, 36.2141 ], [ 120.2225, 36.2207 ], [ 120.2196, 36.2284 ], [ 120.2066, 36.2277 ], [ 120.1926, 36.2232 ], [ 120.1804, 36.2176 ], [ 120.179, 36.2182 ], [ 120.170600001000025, 36.214999999000042 ], [ 120.164000000000101, 36.2105 ], [ 120.151570099000082, 36.207836450000059 ], [ 120.148856839000018, 36.23564736700007 ], [ 120.176085601000068, 36.297884537000073 ], [ 120.143022104000011, 36.334837857000082 ], [ 120.133297546000108, 36.385405558000059 ], [ 120.092454403000033, 36.437918170000046 ], [ 120.020492675000014, 36.470981667000046 ], [ 119.91546745100004, 36.486540959000081 ], [ 119.804607492000059, 36.511824810000064 ], [ 119.763764349000098, 36.521549367000034 ], [ 119.678188240000054, 36.56822724500006 ], [ 119.617895981000061, 36.626574592000054 ], [ 119.54787916500004, 36.700481231000083 ], [ 119.586777396, 36.756883667000068 ], [ 119.625675628000067, 36.815231014000062 ], [ 119.627620539000077, 36.867743626000049 ], [ 119.608072659000072, 36.912674122000055 ], [ 119.632004188, 36.957118390000062 ], [ 119.613200843000072, 36.984468709000055 ], [ 119.579012945000045, 37.008400238000036 ], [ 119.577303550000011, 37.032331767000073 ], [ 119.596106894000059, 37.059682086000066 ], [ 119.597816289000093, 37.093869985000083 ], [ 119.599679649, 37.137658936000037 ], [ 119.605, 37.1402 ], [ 119.6155, 37.1419 ], [ 119.6217, 37.139799999000047 ], [ 119.649499999, 37.1385 ], [ 119.679800001000103, 37.1399 ], [ 119.6973, 37.1392 ], [ 119.7086, 37.1396 ], [ 119.7102000000001, 37.1656 ], [ 119.7698, 37.166 ], [ 119.7726, 37.171899999000061 ], [ 119.7789, 37.1774 ], [ 119.8027, 37.1898 ], [ 119.813000000000102, 37.1974 ], [ 119.8271, 37.2024 ], [ 119.8377, 37.2086 ], [ 119.8407, 37.2128 ], [ 119.8417, 37.217 ], [ 119.842600001000051, 37.2205 ], [ 119.8472, 37.225899999000035 ], [ 119.8531, 37.2293 ], [ 119.8664, 37.2271 ], [ 119.878200000000106, 37.2318 ], [ 119.8805, 37.2312 ], [ 119.8879, 37.2458 ], [ 119.8865, 37.2515 ], [ 119.8941, 37.262699999000063 ], [ 119.9055, 37.2968 ], [ 119.8976, 37.312799999000049 ], [ 119.8925, 37.3111 ], [ 119.8951, 37.3056 ], [ 119.895, 37.3015 ], [ 119.8923, 37.3021 ], [ 119.8877, 37.3107 ], [ 119.8829, 37.3152 ], [ 119.879100000000108, 37.322199999000077 ], [ 119.876, 37.3278 ], [ 119.8727, 37.3307 ], [ 119.8557, 37.3316 ], [ 119.8525, 37.3338 ], [ 119.8502, 37.3409 ], [ 119.8431, 37.3446 ], [ 119.8409, 37.3493 ], [ 119.842400001000101, 37.354 ], [ 119.8469, 37.3571 ], [ 119.8618, 37.3637 ], [ 119.859700001000078, 37.3657 ], [ 119.854200000000105, 37.366 ], [ 119.8409, 37.3608 ], [ 119.8372, 37.3621 ], [ 119.8385, 37.3644 ], [ 119.8427, 37.3677 ], [ 119.862800000000107, 37.3731 ], [ 119.915500001000055, 37.3769 ], [ 119.9246, 37.3792 ], [ 119.9327, 37.3837 ], [ 119.9348, 37.3879 ], [ 119.9337, 37.3917 ], [ 119.9326, 37.3991 ], [ 119.9401, 37.4062 ], [ 119.959, 37.4074 ], [ 119.9713, 37.4098 ], [ 119.9962, 37.4178 ], [ 119.997, 37.4196 ], [ 119.9987, 37.4195 ], [ 120.0, 37.4219 ], [ 120.003199999, 37.4281 ], [ 120.0013, 37.4333 ], [ 120.004100000000108, 37.4352 ], [ 120.045300001000101, 37.4333 ], [ 120.048500000000104, 37.431600001000049 ], [ 120.0549, 37.4339 ], [ 120.061000001000025, 37.436 ], [ 120.0809, 37.440200001000051 ], [ 120.0868, 37.4433 ], [ 120.088800000000106, 37.45209999900004 ], [ 120.0964, 37.4557 ], [ 120.1398, 37.4699 ], [ 120.1519, 37.476 ], [ 120.163, 37.4847 ], [ 120.1752, 37.4903 ], [ 120.1851, 37.4969 ], [ 120.1881, 37.4989 ], [ 120.2205, 37.5222 ], [ 120.235, 37.5345 ], [ 120.2411, 37.5468 ], [ 120.2476, 37.551 ], [ 120.2595, 37.5552 ], [ 120.2722, 37.563100001000066 ], [ 120.2887, 37.5807 ], [ 120.2997, 37.5883 ], [ 120.3132, 37.6047 ], [ 120.3158, 37.6105 ], [ 120.3163, 37.6286 ], [ 120.3266, 37.6447 ], [ 120.3222, 37.6512 ], [ 120.3211, 37.6528 ], [ 120.321699999000089, 37.6592 ], [ 120.3008, 37.6718 ], [ 120.2958, 37.673500001000036 ], [ 120.2408, 37.6708 ], [ 120.233299999, 37.6725 ], [ 120.229399999000066, 37.6694 ], [ 120.2259, 37.6695 ], [ 120.220999999000014, 37.6829 ], [ 120.230199999000092, 37.683600001000059 ], [ 120.234200000000101, 37.686 ], [ 120.2468, 37.6842 ], [ 120.2643, 37.6817 ], [ 120.34, 37.686 ], [ 120.381, 37.699399999000036 ], [ 120.3988, 37.7076 ], [ 120.3997, 37.7081 ], [ 120.4449, 37.7417 ], [ 120.4538, 37.7437 ], [ 120.4714, 37.7443 ], [ 120.4859, 37.7428 ], [ 120.4888, 37.7406 ], [ 120.5111, 37.7471 ], [ 120.5178, 37.747 ], [ 120.5838000010001, 37.7556 ], [ 120.5935, 37.759699999000077 ], [ 120.6031, 37.7671 ], [ 120.6179, 37.7785 ], [ 120.6349, 37.7727 ], [ 120.66, 37.7826 ], [ 120.69269999900007, 37.8051 ], [ 120.7173, 37.8194 ], [ 120.7344, 37.8236 ], [ 120.735, 37.8399 ], [ 120.7456, 37.8384 ], [ 120.745099999000104, 37.8344 ], [ 120.752999999000053, 37.8311 ], [ 120.752999999000053, 37.8224 ] ] ], [ [ [ 120.7449, 37.869 ], [ 120.7417, 37.868 ], [ 120.7376, 37.8702 ], [ 120.7357, 37.8752 ], [ 120.7373, 37.8803 ], [ 120.7406, 37.8838 ], [ 120.7461, 37.8848 ], [ 120.7487, 37.8824 ], [ 120.7431, 37.877 ], [ 120.7473, 37.8722 ], [ 120.7449, 37.869 ] ] ], [ [ [ 120.6877, 37.9446 ], [ 120.6826, 37.9312 ], [ 120.6796, 37.9277 ], [ 120.6752, 37.9294 ], [ 120.6691, 37.9286 ], [ 120.667600000000107, 37.9302 ], [ 120.6721, 37.9337 ], [ 120.6653, 37.9398 ], [ 120.6678, 37.9426 ], [ 120.6742, 37.9413 ], [ 120.6867, 37.9466 ], [ 120.6877, 37.9446 ] ] ], [ [ [ 120.7548, 37.8923 ], [ 120.7493, 37.8908 ], [ 120.745500000000106, 37.8921 ], [ 120.7371, 37.9023 ], [ 120.7321, 37.9052 ], [ 120.7309, 37.9053 ], [ 120.7208, 37.9065 ], [ 120.7174, 37.9108 ], [ 120.7176, 37.9134 ], [ 120.7239, 37.9171 ], [ 120.7223, 37.9368 ], [ 120.7259, 37.9433 ], [ 120.7349, 37.9495 ], [ 120.7379, 37.9486 ], [ 120.7429, 37.9379 ], [ 120.7566, 37.9174 ], [ 120.7517, 37.9067 ], [ 120.7555, 37.8974 ], [ 120.7548, 37.8923 ] ] ], [ [ [ 120.65, 37.9628 ], [ 120.642, 37.9604 ], [ 120.6376, 37.9623 ], [ 120.6415, 37.9656 ], [ 120.6439, 37.9728 ], [ 120.648600000000101, 37.9786 ], [ 120.6555, 37.9705 ], [ 120.651300000000106, 37.9683 ], [ 120.65, 37.9628 ] ] ], [ [ [ 120.6285, 37.9562 ], [ 120.6165, 37.9456 ], [ 120.6056, 37.9506 ], [ 120.5933, 37.9628 ], [ 120.5943, 37.9685 ], [ 120.5987, 37.9734 ], [ 120.6064, 37.9759 ], [ 120.6121, 37.9806 ], [ 120.617800000000102, 37.9809 ], [ 120.6208, 37.9782 ], [ 120.6278, 37.9777 ], [ 120.624, 37.9623 ], [ 120.6285, 37.9562 ] ] ], [ [ [ 120.6939, 37.991 ], [ 120.7083, 37.9844 ], [ 120.7172, 37.9865 ], [ 120.7214, 37.9822 ], [ 120.7232, 37.9721 ], [ 120.7298, 37.9652 ], [ 120.7273, 37.961 ], [ 120.722400000000107, 37.9604 ], [ 120.7142, 37.963 ], [ 120.7045, 37.9614 ], [ 120.6992, 37.962 ], [ 120.6904, 37.965 ], [ 120.6883, 37.9755 ], [ 120.6806, 37.9825 ], [ 120.6811, 37.9846 ], [ 120.6896, 37.9905 ], [ 120.6939, 37.991 ] ] ], [ [ [ 120.9399, 38.0216 ], [ 120.932100000000105, 38.021 ], [ 120.9271, 38.0241 ], [ 120.9236, 38.0318 ], [ 120.9241, 38.0355 ], [ 120.9414, 38.0298 ], [ 120.9432, 38.0262 ], [ 120.9399, 38.0216 ] ] ], [ [ [ 120.6463, 38.0604 ], [ 120.6423, 38.0509 ], [ 120.6394, 38.052 ], [ 120.6377, 38.0584 ], [ 120.6333, 38.0622 ], [ 120.6334, 38.0654 ], [ 120.6437, 38.0628 ], [ 120.6463, 38.0604 ] ] ], [ [ [ 120.7458, 38.1805 ], [ 120.7462, 38.169 ], [ 120.7548, 38.1706 ], [ 120.7644, 38.1694 ], [ 120.7764, 38.1593 ], [ 120.7646, 38.157 ], [ 120.7491, 38.1597 ], [ 120.7367, 38.1565 ], [ 120.7324, 38.1566 ], [ 120.7326, 38.1669 ], [ 120.735, 38.1727 ], [ 120.7334, 38.1791 ], [ 120.735100000000102, 38.1896 ], [ 120.7353, 38.191 ], [ 120.7374, 38.1959 ], [ 120.7398, 38.1964 ], [ 120.7458, 38.1805 ] ] ], [ [ [ 120.8257, 38.3131 ], [ 120.8305, 38.3075 ], [ 120.8376, 38.3037 ], [ 120.8314, 38.2965 ], [ 120.8189, 38.2961 ], [ 120.8114, 38.2943 ], [ 120.8082, 38.2883 ], [ 120.797600000000102, 38.2821 ], [ 120.7944, 38.2825 ], [ 120.7943, 38.2841 ], [ 120.8002, 38.2918 ], [ 120.8021, 38.3035 ], [ 120.8046, 38.3079 ], [ 120.8075, 38.3096 ], [ 120.8174, 38.3095 ], [ 120.8208, 38.3124 ], [ 120.8257, 38.3131 ] ] ], [ [ [ 120.846, 38.3399 ], [ 120.837000000000103, 38.3326 ], [ 120.8346, 38.3339 ], [ 120.8382, 38.3384 ], [ 120.8335, 38.3419 ], [ 120.836100000000101, 38.3498 ], [ 120.8384, 38.3507 ], [ 120.8403, 38.345 ], [ 120.846, 38.3399 ] ] ], [ [ [ 120.9096, 38.3452 ], [ 120.9088, 38.3427 ], [ 120.9064, 38.3429 ], [ 120.890900000000101, 38.3552 ], [ 120.8891, 38.359 ], [ 120.8898, 38.3625 ], [ 120.9052, 38.3649 ], [ 120.902200000000107, 38.3582 ], [ 120.9074, 38.3576 ], [ 120.9101, 38.3558 ], [ 120.9055, 38.3523 ], [ 120.9096, 38.3452 ] ] ], [ [ [ 120.9224, 38.3819 ], [ 120.9219, 38.3778 ], [ 120.9181, 38.3804 ], [ 120.9035, 38.3811 ], [ 120.8931, 38.3786 ], [ 120.8916, 38.3802 ], [ 120.895, 38.3837 ], [ 120.9019, 38.3859 ], [ 120.9068, 38.3947 ], [ 120.9138, 38.3946 ], [ 120.9148, 38.3902 ], [ 120.9193, 38.3869 ], [ 120.9224, 38.3819 ] ] ] ] } },
{ "type": "Feature", "properties": { "州镇": "青州" }, "geometry": { "type": "MultiPolygon", "coordinates": [ [ [ [ 120.1695, 35.7508 ], [ 120.162, 35.7502 ], [ 120.1571, 35.7521 ], [ 120.1536, 35.7557 ], [ 120.1542, 35.7624 ], [ 120.1583, 35.7707 ], [ 120.164000000000101, 35.7766 ], [ 120.1681, 35.787 ], [ 120.172600000000102, 35.7878 ], [ 120.1768, 35.7666 ], [ 120.1826, 35.7613 ], [ 120.1767, 35.7545 ], [ 120.1695, 35.7508 ] ] ], [ [ [ 119.0094, 37.7921 ], [ 119.0066, 37.7891 ], [ 119.0017, 37.7884 ], [ 118.9935, 37.790900001000068 ], [ 118.992700001, 37.7842 ], [ 119.011500001000059, 37.7748 ], [ 119.0253, 37.7718 ], [ 119.0269, 37.771399999000039 ], [ 119.045, 37.7642 ], [ 119.0516, 37.7601 ], [ 119.0547, 37.7604 ], [ 119.07, 37.755 ], [ 119.0729, 37.751 ], [ 119.077300001000026, 37.7282 ], [ 119.073499999000092, 37.7175 ], [ 119.074, 37.7081 ], [ 119.0706, 37.702 ], [ 119.0622, 37.69779999900004 ], [ 119.0541, 37.687500001000046 ], [ 119.0491, 37.6843 ], [ 119.0472, 37.684 ], [ 119.0429, 37.6871 ], [ 119.0345, 37.693000001000087 ], [ 119.0307, 37.6935 ], [ 119.029, 37.6923 ], [ 119.038800001000027, 37.6848 ], [ 119.039600001000053, 37.678900001000045 ], [ 119.0283, 37.6646 ], [ 118.9908, 37.6279 ], [ 118.9837, 37.6201 ], [ 118.983, 37.6171 ], [ 118.9737, 37.609 ], [ 118.9695, 37.6068 ], [ 118.9648, 37.6071 ], [ 118.9621, 37.5956 ], [ 118.9567, 37.5733 ], [ 118.9525000000001, 37.5656 ], [ 118.951346029000092, 37.538179433000039 ], [ 118.9504, 37.5157 ], [ 118.947500000000105, 37.5005 ], [ 118.949999999000056, 37.4875 ], [ 118.9509, 37.4711 ], [ 118.9517, 37.4557 ], [ 118.956100000000106, 37.439500001000056 ], [ 118.9556, 37.4182 ], [ 118.9617, 37.3961 ], [ 118.9645, 37.3717 ], [ 118.954400001000067, 37.3571 ], [ 118.9436, 37.3546 ], [ 118.948399999, 37.3525 ], [ 118.9557, 37.3493 ], [ 118.9673, 37.3415 ], [ 118.9844, 37.3242 ], [ 118.9918, 37.3139 ], [ 118.994, 37.306599999000071 ], [ 118.992999999000062, 37.2981 ], [ 118.985099999, 37.290000001000067 ], [ 118.979, 37.2871 ], [ 118.94899999900008, 37.2839 ], [ 118.938000000000102, 37.280600001000039 ], [ 118.9331, 37.2815 ], [ 118.9298, 37.2839 ], [ 118.925300001000096, 37.286999999000045 ], [ 118.9148, 37.2894 ], [ 118.90439999900002, 37.2906 ], [ 118.894100001000083, 37.290000001000067 ], [ 118.8900000000001, 37.287600001000044 ], [ 118.9101, 37.2812 ], [ 118.925500001000046, 37.2778 ], [ 118.9341, 37.2731 ], [ 118.940700000000106, 37.2731 ], [ 118.9531, 37.278300001000048 ], [ 118.9752, 37.2775 ], [ 118.9843, 37.2788 ], [ 119.0054, 37.2861 ], [ 119.0126, 37.286199999000075 ], [ 119.020200001000035, 37.2832 ], [ 119.033100000000104, 37.2738 ], [ 119.041499999000052, 37.2727 ], [ 119.0456, 37.2703 ], [ 119.0469, 37.2679 ], [ 119.0458, 37.2629 ], [ 119.0446, 37.2575 ], [ 119.0481, 37.256399999000053 ], [ 119.054400000000101, 37.2514 ], [ 119.0591, 37.2552 ], [ 119.066300001000059, 37.255 ], [ 119.0678, 37.2582 ], [ 119.072, 37.2602 ], [ 119.075099999000031, 37.256399999000053 ], [ 119.074299999, 37.2502 ], [ 119.0767, 37.243000001000041 ], [ 119.088399999000103, 37.2335 ], [ 119.116, 37.2161 ], [ 119.1179, 37.212699999000051 ], [ 119.117200001000015, 37.204 ], [ 119.120300001000032, 37.205 ], [ 119.1262, 37.2123 ], [ 119.137, 37.208099999000069 ], [ 119.146, 37.2065 ], [ 119.1528, 37.2021 ], [ 119.1615, 37.1965 ], [ 119.173099999000101, 37.192999999000051 ], [ 119.1837, 37.193799999000078 ], [ 119.1887, 37.1908 ], [ 119.197199999000077, 37.1869 ], [ 119.1986, 37.187599999000042 ], [ 119.2059, 37.1856 ], [ 119.2125, 37.1803 ], [ 119.2248, 37.175199999000085 ], [ 119.2275, 37.1725 ], [ 119.2461, 37.1686 ], [ 119.2775, 37.1588 ], [ 119.2783, 37.1611 ], [ 119.2836, 37.1645 ], [ 119.2857, 37.166 ], [ 119.2881, 37.1651 ], [ 119.302, 37.1557 ], [ 119.3289, 37.152 ], [ 119.3497, 37.1531 ], [ 119.370500000000106, 37.1512 ], [ 119.3871, 37.1497 ], [ 119.4014, 37.1513 ], [ 119.407200000000103, 37.1497 ], [ 119.4114, 37.1519 ], [ 119.432899999000028, 37.152300001000071 ], [ 119.4653, 37.15699999900005 ], [ 119.494499999000027, 37.1572 ], [ 119.512, 37.155499999000085 ], [ 119.5214, 37.152300001000071 ], [ 119.5234, 37.1498 ], [ 119.5348, 37.1483 ], [ 119.5376, 37.1542 ], [ 119.551699999000107, 37.1475 ], [ 119.5594, 37.1365 ], [ 119.5626, 37.134300001000042 ], [ 119.565500001000032, 37.1392 ], [ 119.5658, 37.146099999000057 ], [ 119.570700000000102, 37.1506 ], [ 119.5775000000001, 37.1527 ], [ 119.5859, 37.1513 ], [ 119.5871, 37.1497 ], [ 119.585200001000089, 37.1467 ], [ 119.580200000000104, 37.1449 ], [ 119.579199999000025, 37.1408 ], [ 119.5923, 37.136799999000061 ], [ 119.598300001000098, 37.137 ], [ 119.599679649, 37.137658936000037 ], [ 119.597816289000093, 37.093869985000083 ], [ 119.596106894000059, 37.059682086000066 ], [ 119.577303550000011, 37.032331767000073 ], [ 119.579012945000045, 37.008400238000036 ], [ 119.613200843000072, 36.984468709000055 ], [ 119.632004188, 36.957118390000062 ], [ 119.608072659000072, 36.912674122000055 ], [ 119.627620539000077, 36.867743626000049 ], [ 119.625675628000067, 36.815231014000062 ], [ 119.586777396, 36.756883667000068 ], [ 119.54787916500004, 36.700481231000083 ], [ 119.617895981000061, 36.626574592000054 ], [ 119.678188240000054, 36.56822724500006 ], [ 119.763764349000098, 36.521549367000034 ], [ 119.804607492000059, 36.511824810000064 ], [ 119.91546745100004, 36.486540959000081 ], [ 120.020492675000014, 36.470981667000046 ], [ 120.092454403000033, 36.437918170000046 ], [ 120.133297546000108, 36.385405558000059 ], [ 120.143022104000011, 36.334837857000082 ], [ 120.176085601000068, 36.297884537000073 ], [ 120.148856839000018, 36.23564736700007 ], [ 120.151570099000082, 36.207836450000059 ], [ 120.1444, 36.2063 ], [ 120.124499999000022, 36.2028 ], [ 120.115000001, 36.2011 ], [ 120.120300001000032, 36.1995 ], [ 120.109200000000101, 36.1953 ], [ 120.1072, 36.1939 ], [ 120.1105, 36.183 ], [ 120.109200000000101, 36.180399999000088 ], [ 120.1039, 36.1711 ], [ 120.093800001000091, 36.1628 ], [ 120.0864, 36.1575 ], [ 120.089700000000107, 36.151399999000034 ], [ 120.0885, 36.1461 ], [ 120.088599999000053, 36.1379 ], [ 120.09, 36.131 ], [ 120.0889, 36.1289 ], [ 120.08280000100001, 36.1278 ], [ 120.0812, 36.1255 ], [ 120.0948, 36.1176 ], [ 120.094, 36.112100001000044 ], [ 120.0935, 36.1079 ], [ 120.0979, 36.1037 ], [ 120.1054, 36.1 ], [ 120.1185, 36.097399999000061 ], [ 120.125200001000053, 36.0932 ], [ 120.144500000000107, 36.0898 ], [ 120.1711, 36.0677 ], [ 120.1905, 36.0616 ], [ 120.1917, 36.0595 ], [ 120.184, 36.055899999000076 ], [ 120.1811, 36.0517 ], [ 120.1795, 36.038500001000045 ], [ 120.1895, 36.0379 ], [ 120.1921, 36.0366 ], [ 120.2047, 36.0461 ], [ 120.20919999900002, 36.0467 ], [ 120.213899999000091, 36.0558 ], [ 120.229200000000105, 36.061200001000088 ], [ 120.2345, 36.057 ], [ 120.2327, 36.0519 ], [ 120.226, 36.0494 ], [ 120.2226, 36.0468 ], [ 120.2195, 36.0444 ], [ 120.214, 36.032399999000063 ], [ 120.2107, 36.0307 ], [ 120.208900001000075, 36.032200001000035 ], [ 120.2004, 36.0274 ], [ 120.179400000000101, 36.021400001000075 ], [ 120.174, 36.0169 ], [ 120.169000001000086, 36.0062 ], [ 120.1724, 36.0049 ], [ 120.170600001000025, 35.986999999000034 ], [ 120.1732, 35.979000001000088 ], [ 120.1775, 35.978 ], [ 120.1827, 35.9797 ], [ 120.2013, 35.9953 ], [ 120.2024, 35.9955 ], [ 120.208399999000108, 35.9962 ], [ 120.214400001000058, 35.9938 ], [ 120.2209, 35.9938 ], [ 120.2269, 36.0047 ], [ 120.2311, 36.0069 ], [ 120.234800001000053, 36.0065 ], [ 120.2366, 36.0031 ], [ 120.2345, 35.9904 ], [ 120.23560000100008, 35.9861 ], [ 120.2264, 35.9755 ], [ 120.2308, 35.9717 ], [ 120.237499999000079, 35.9726 ], [ 120.2549, 35.9813 ], [ 120.256600001000038, 35.989399999000057 ], [ 120.2744, 35.99 ], [ 120.2767, 35.9938 ], [ 120.2757, 35.9971 ], [ 120.273199999000099, 36.0056 ], [ 120.274700001000042, 36.0116 ], [ 120.2854, 36.0188 ], [ 120.2997, 36.0138 ], [ 120.3074, 36.0049 ], [ 120.294100001000061, 35.989399999000057 ], [ 120.2932, 35.9758 ], [ 120.288800001000027, 35.9727 ], [ 120.2816, 35.971 ], [ 120.2553, 35.9703 ], [ 120.2449, 35.9622 ], [ 120.238, 35.959500001000038 ], [ 120.2352, 35.9514 ], [ 120.223800001000086, 35.9479 ], [ 120.211, 35.9359 ], [ 120.2096, 35.9294 ], [ 120.2007, 35.9253 ], [ 120.193, 35.9192 ], [ 120.1891, 35.9113 ], [ 120.1873, 35.9 ], [ 120.1797, 35.8995 ], [ 120.1731, 35.895499999000037 ], [ 120.1661, 35.8951 ], [ 120.1632, 35.8959 ], [ 120.1628, 35.9007 ], [ 120.1666, 35.9105 ], [ 120.173, 35.9134 ], [ 120.1741, 35.9139 ], [ 120.181600001000106, 35.9237 ], [ 120.1842, 35.9215 ], [ 120.1892, 35.924300001000063 ], [ 120.190200001000107, 35.9269 ], [ 120.186300001000063, 35.9321 ], [ 120.1882, 35.9337 ], [ 120.197500000000105, 35.9349 ], [ 120.206100000000106, 35.9392 ], [ 120.206500001, 35.9507 ], [ 120.2048, 35.9559 ], [ 120.1934, 35.9529 ], [ 120.184799999, 35.9559 ], [ 120.1768, 35.9527 ], [ 120.1728, 35.9455 ], [ 120.1631, 35.940899999000067 ], [ 120.1585, 35.9359 ], [ 120.1583, 35.9279 ], [ 120.1539, 35.9233 ], [ 120.1488, 35.918 ], [ 120.147000001000038, 35.9129 ], [ 120.1428, 35.9124 ], [ 120.1394, 35.9136 ], [ 120.1328, 35.923600001000068 ], [ 120.1295, 35.9228 ], [ 120.127600001000019, 35.9202 ], [ 120.131, 35.9137 ], [ 120.126800001000106, 35.9124 ], [ 120.1208, 35.9145 ], [ 120.1149, 35.9139 ], [ 120.1029, 35.9095 ], [ 120.0958, 35.904700001000037 ], [ 120.0863, 35.8948 ], [ 120.080200000000104, 35.8921 ], [ 120.0668, 35.8895 ], [ 120.061000001000025, 35.8857 ], [ 120.0509, 35.872099999000056 ], [ 120.0428, 35.8574 ], [ 120.037, 35.84600000100005 ], [ 120.027200001000097, 35.8322 ], [ 120.0234, 35.8158 ], [ 120.0265, 35.8076 ], [ 120.033100000000104, 35.797 ], [ 120.033799999000053, 35.7966 ], [ 120.036, 35.795299999000065 ], [ 120.0365, 35.789799999000081 ], [ 120.032, 35.7828 ], [ 120.033500001000107, 35.775 ], [ 120.032, 35.7708 ], [ 120.0206, 35.7611 ], [ 120.0153, 35.7513 ], [ 120.0153, 35.7396 ], [ 120.0092, 35.7351 ], [ 120.0068, 35.7268 ], [ 120.0027, 35.723 ], [ 120.0, 35.7241 ], [ 119.991900000000101, 35.727299999000081 ], [ 119.9828, 35.7291 ], [ 119.978700001000107, 35.732 ], [ 119.974299999000095, 35.7438 ], [ 119.969500001000029, 35.7446 ], [ 119.964800001000071, 35.7437 ], [ 119.963299999000014, 35.743500001000086 ], [ 119.9536, 35.7611 ], [ 119.944, 35.7675 ], [ 119.9353, 35.7661 ], [ 119.9265, 35.7689 ], [ 119.9218, 35.767800001000069 ], [ 119.916, 35.7644 ], [ 119.908400001000018, 35.7569 ], [ 119.9032, 35.7404 ], [ 119.9162, 35.727299999000081 ], [ 119.9364, 35.7269 ], [ 119.9406, 35.7215 ], [ 119.937, 35.7185 ], [ 119.9327, 35.7149 ], [ 119.931000001000029, 35.7089 ], [ 119.914700001000028, 35.702900001000046 ], [ 119.910099999000067, 35.6984 ], [ 119.9023, 35.6849 ], [ 119.8978, 35.6648 ], [ 119.898600000000101, 35.659099999000034 ], [ 119.900400000000104, 35.656799999000043 ], [ 119.9065, 35.656799999000043 ], [ 119.909000000000106, 35.652899999000056 ], [ 119.9152, 35.6506 ], [ 119.908200001000068, 35.6447 ], [ 119.9064, 35.6405 ], [ 119.9003, 35.6378 ], [ 119.8924, 35.6382 ], [ 119.881, 35.6327 ], [ 119.8579, 35.6125 ], [ 119.853699999000014, 35.6119 ], [ 119.8488, 35.6143 ], [ 119.8471, 35.6204 ], [ 119.84030000100006, 35.6237 ], [ 119.84030000100006, 35.628699999000048 ], [ 119.8385, 35.6317 ], [ 119.8318, 35.630800001000068 ], [ 119.8255, 35.6276 ], [ 119.8174, 35.619999999000072 ], [ 119.8125, 35.622 ], [ 119.8118, 35.6256 ], [ 119.8138, 35.6314 ], [ 119.8091, 35.6356 ], [ 119.8133, 35.6431 ], [ 119.8109, 35.645799999000076 ], [ 119.8026, 35.6492 ], [ 119.7998, 35.648199999000042 ], [ 119.797, 35.642400001000055 ], [ 119.796799999000086, 35.6419 ], [ 119.789000000000101, 35.6383 ], [ 119.7893, 35.6337 ], [ 119.783, 35.6275 ], [ 119.784900000000107, 35.623899999000059 ], [ 119.780000001000076, 35.6201 ], [ 119.7775, 35.6143 ], [ 119.777600001, 35.6056 ], [ 119.7687, 35.5971 ], [ 119.762100001000022, 35.5877 ], [ 119.757400001000065, 35.5846 ], [ 119.754, 35.5849 ], [ 119.75, 35.58799999900009 ], [ 119.749, 35.5917 ], [ 119.7578, 35.600599999000053 ], [ 119.7579, 35.6057 ], [ 119.7534, 35.6184 ], [ 119.7507, 35.6218 ], [ 119.7396, 35.6249 ], [ 119.734600001000103, 35.6298 ], [ 119.733800001000077, 35.6426 ], [ 119.7297, 35.640200001000039 ], [ 119.7269, 35.6335 ], [ 119.722, 35.628500001000077 ], [ 119.7075, 35.6262 ], [ 119.69899999900008, 35.6221 ], [ 119.6936, 35.6173 ], [ 119.6884, 35.6085 ], [ 119.680300000000102, 35.6068 ], [ 119.67913752000004, 35.604987899000037 ], [ 119.661818439000058, 35.694469819000062 ], [ 119.595045200000072, 35.777936368000042 ], [ 119.46984537600008, 35.869749572000046 ], [ 119.261179002000063, 35.940696139000067 ], [ 119.131805851000081, 36.007469379000042 ], [ 119.035819319000097, 36.036682671000051 ], [ 118.927312805000042, 36.04085599800004 ], [ 118.810459636000019, 36.086762600000043 ], [ 118.731166414000086, 36.128495875000056 ], [ 118.610139918000073, 36.153535840000075 ], [ 118.572579970000106, 36.078415945000074 ], [ 118.539193351000108, 36.032509343000072 ], [ 118.514153386000089, 36.019989361000057 ], [ 118.434860164000042, 36.14101585700007 ], [ 118.33052697700009, 36.24117571700009 ], [ 118.213673808000067, 36.232829062000064 ], [ 118.184460516000058, 36.232829062000064 ], [ 118.097566916, 36.250207782000075 ], [ 118.116744083000071, 36.277908135000075 ], [ 118.209684924000044, 36.319952801000056 ], [ 118.293774256, 36.353145958000084 ], [ 118.335818922000044, 36.390764870000055 ], [ 118.353521939000075, 36.472641325000041 ], [ 118.357947693000028, 36.521324622000066 ], [ 118.315903027000104, 36.589923814000088 ], [ 118.278284116, 36.629755603000035 ], [ 118.262793976000012, 36.68286465500006 ], [ 118.269432607, 36.755889601000035 ], [ 118.240665204000038, 36.875384967000059 ], [ 118.161001626000029, 36.959474299000078 ], [ 118.07248654, 36.968325808000088 ], [ 117.975119945000074, 36.959474299000078 ], [ 117.886604859000045, 36.977177317000042 ], [ 117.840134438000064, 37.04798938600004 ], [ 117.835708684, 37.14535598100008 ], [ 117.831282930000043, 37.229445313000042 ], [ 117.833495807000077, 37.278128610000067 ], [ 117.829932908000046, 37.338697897000088 ], [ 117.940277695000077, 37.345003314000053 ], [ 118.225411335000103, 37.405031449000035 ], [ 118.401743980000106, 37.491321892000087 ], [ 118.521800250000069, 37.603874645000076 ], [ 118.67937410400009, 37.697668605000047 ], [ 118.791926856000032, 37.776455532000057 ], [ 118.964507743000013, 37.817724875000067 ], [ 119.003910843000085, 37.825179516000048 ], [ 119.005, 37.8181 ], [ 119.0036, 37.813 ], [ 118.9971, 37.8091 ], [ 118.9953, 37.8063 ], [ 118.9963, 37.8027 ], [ 119.00379999900008, 37.7977 ], [ 119.007, 37.7976 ], [ 119.0098, 37.794700001000081 ], [ 119.0094, 37.7921 ] ] ] ] } },
{ "type": "Feature", "properties": { "州镇": "齐州" }, "geometry": { "type": "MultiPolygon", "coordinates": [ [ [ [ 118.097566916, 36.250207782000075 ], [ 118.08688801400001, 36.252343562000078 ], [ 118.079470934000028, 36.315388741000049 ], [ 118.040572702000077, 36.369846265000035 ], [ 117.962776240000039, 36.385405558000059 ], [ 117.883034865000013, 36.399019939000084 ], [ 117.861640838000085, 36.41846905400007 ], [ 117.832467165000025, 36.437918170000046 ], [ 117.869420485000092, 36.478761313000064 ], [ 117.863585750000084, 36.502100252000048 ], [ 117.77800964100004, 36.500155340000049 ], [ 117.719662294000045, 36.478761313000064 ], [ 117.655480212000043, 36.435973258000047 ], [ 117.59324304200004, 36.397075027000085 ], [ 117.536840607000045, 36.38151573500005 ], [ 117.449319586, 36.371791177000034 ], [ 117.357908743000053, 36.369846265000035 ], [ 117.272332634, 36.332892946000072 ], [ 117.192591260000086, 36.315388741000049 ], [ 117.075896566000097, 36.280380333000039 ], [ 116.986430634000044, 36.258986306000054 ], [ 116.914468906000025, 36.276490510000087 ], [ 116.811388593000061, 36.292049803000054 ], [ 116.729702307000025, 36.292049803000054 ], [ 116.626621994000061, 36.327058211000065 ], [ 116.603283056, 36.365956442000083 ], [ 116.630511818000059, 36.428193612000086 ], [ 116.630511818000059, 36.467091844000038 ], [ 116.632456729000069, 36.498210429000039 ], [ 116.605227967000019, 36.529329014000041 ], [ 116.535211151, 36.548778129000084 ], [ 116.502147654000055, 36.673252469000033 ], [ 116.496312920000037, 36.778277694000053 ], [ 116.463249423000093, 36.848294510000073 ], [ 116.449635042000068, 36.887192742000082 ], [ 116.450991035000015, 36.946856442000069 ], [ 116.458333119000031, 36.943565163000073 ], [ 116.578389388, 36.99608978100008 ], [ 116.698445658000082, 37.078628466000055 ], [ 116.92355116300007, 37.277471662000039 ], [ 117.122394359000054, 37.243705836000061 ], [ 117.201181286000065, 37.206188252000061 ], [ 117.306230522000078, 37.239954078000039 ], [ 117.366258656000014, 37.254961112000046 ], [ 117.546343061000016, 37.322492763000071 ], [ 117.829932908000046, 37.338697897000088 ], [ 117.833495807000077, 37.278128610000067 ], [ 117.831282930000043, 37.229445313000042 ], [ 117.835708684, 37.14535598100008 ], [ 117.840134438000064, 37.04798938600004 ], [ 117.886604859000045, 36.977177317000042 ], [ 117.975119945000074, 36.959474299000078 ], [ 118.07248654, 36.968325808000088 ], [ 118.161001626000029, 36.959474299000078 ], [ 118.240665204000038, 36.875384967000059 ], [ 118.269432607, 36.755889601000035 ], [ 118.262793976000012, 36.68286465500006 ], [ 118.278284116, 36.629755603000035 ], [ 118.315903027000104, 36.589923814000088 ], [ 118.357947693000028, 36.521324622000066 ], [ 118.353521939000075, 36.472641325000041 ], [ 118.335818922000044, 36.390764870000055 ], [ 118.293774256, 36.353145958000084 ], [ 118.209684924000044, 36.319952801000056 ], [ 118.116744083000071, 36.277908135000075 ], [ 118.097566916, 36.250207782000075 ] ] ] ] } },
{ "type": "Feature", "properties": { "州镇": "南徐州" }, "geometry": { "type": "MultiPolygon", "coordinates": [ [ [ [ 118.743475971000066, 33.259557958000073 ], [ 118.716830341000104, 33.276687292000076 ], [ 118.629136674000051, 33.325632595000059 ], [ 118.52104913200003, 33.445956462000083 ], [ 118.463946280000073, 33.537728904000062 ], [ 118.431316078, 33.592792369000051 ], [ 118.408882815000084, 33.66621032200004 ], [ 118.372173838000094, 33.743707050000069 ], [ 118.388488939000013, 33.798770515000058 ], [ 118.459867504000044, 33.835479492000047 ], [ 118.527167295000027, 33.86607030600004 ], [ 118.602624636000087, 33.886464182000054 ], [ 118.606122062000054, 33.890800990000059 ], [ 118.606367229000057, 33.890463885000088 ], [ 118.691267178000089, 33.856655852000074 ], [ 118.773318134000078, 33.792838442000061 ], [ 118.815863075000038, 33.698631788000057 ], [ 118.834096621000072, 33.640892226000062 ], [ 118.809785226000031, 33.54364664700006 ], [ 118.834096621000072, 33.449439993000055 ], [ 118.894875107000075, 33.434245372000078 ], [ 118.958692518000021, 33.412972902000035 ], [ 118.894875107000075, 33.361311188000059 ], [ 118.750465423000037, 33.267712319000054 ], [ 118.743475971000066, 33.259557958000073 ] ] ] ] } },
{ "type": "Feature", "properties": { "州镇": "兖州" }, "geometry": { "type": "MultiPolygon", "coordinates": [ [ [ [ 114.816067394000015, 35.482767085000035 ], [ 114.88521610500004, 35.504476564000072 ], [ 114.960489647000031, 35.519531272000052 ], [ 115.126091438, 35.518162662000066 ], [ 115.282112960000063, 35.512688223000055 ], [ 115.410762285000033, 35.474367147000066 ], [ 115.453189190000103, 35.419622754000045 ], [ 115.509302194000043, 35.379933068000071 ], [ 115.543517440000073, 35.337506163000057 ], [ 115.558572148000053, 35.321082845000035 ], [ 115.581838516000062, 35.337506163000057 ], [ 115.646163178000052, 35.381301678000057 ], [ 115.711856451000017, 35.404568045000076 ], [ 115.799447481000016, 35.437414682000053 ], [ 115.885669901000028, 35.486684636000064 ], [ 115.985578420000024, 35.544166249000057 ], [ 116.038954204000106, 35.581118715000059 ], [ 116.049903082000014, 35.623545620000073 ], [ 116.049903082000014, 35.660498086000075 ], [ 116.054008912000086, 35.68513306300008 ], [ 116.089592768000102, 35.708399431000089 ], [ 116.132019673000059, 35.72619135900004 ], [ 116.197712945000035, 35.722085529000083 ], [ 116.223716532000026, 35.748089116000074 ], [ 116.163497699, 35.801464900000042 ], [ 116.107384696000054, 35.797359070000084 ], [ 116.041691423000088, 35.797359070000084 ], [ 116.011582007000015, 35.815150998000036 ], [ 116.007476177000058, 35.839785976000087 ], [ 116.062220571000012, 35.863052343000049 ], [ 116.129282453000087, 35.872632612000075 ], [ 116.160760480000022, 35.924639786000057 ], [ 116.241508460000091, 36.002650547000087 ], [ 116.311307562000025, 36.064237990000038 ], [ 116.537128187, 36.122746061000043 ], [ 116.716758229000106, 36.124884514000087 ], [ 116.748835022000094, 36.062869380000052 ], [ 116.795880985000053, 35.992300435000061 ], [ 116.864311477, 35.919593037000084 ], [ 116.930603517, 35.904623867000055 ], [ 117.009726273000069, 35.932423754000069 ], [ 117.039664614, 35.985885076000045 ], [ 117.063187595000045, 36.020100323000065 ], [ 117.095264388000032, 36.062869380000052 ], [ 117.067464501000018, 36.107776891000071 ], [ 117.024695443000041, 36.131299872000056 ], [ 116.977649480000082, 36.171930477000046 ], [ 116.977649480000082, 36.204007270000034 ], [ 116.979068724000058, 36.26077704100004 ], [ 116.986430634000044, 36.258986306000054 ], [ 117.075896566000097, 36.280380333000039 ], [ 117.192591260000086, 36.315388741000049 ], [ 117.272332634, 36.332892946000072 ], [ 117.357908743000053, 36.369846265000035 ], [ 117.449319586, 36.371791177000034 ], [ 117.536840607000045, 36.38151573500005 ], [ 117.59324304200004, 36.397075027000085 ], [ 117.655480212000043, 36.435973258000047 ], [ 117.719662294000045, 36.478761313000064 ], [ 117.77800964100004, 36.500155340000049 ], [ 117.863585750000084, 36.502100252000048 ], [ 117.869420485000092, 36.478761313000064 ], [ 117.832467165000025, 36.437918170000046 ], [ 117.861640838000085, 36.41846905400007 ], [ 117.883034865000013, 36.399019939000084 ], [ 117.962776240000039, 36.385405558000059 ], [ 118.040572702000077, 36.369846265000035 ], [ 118.079470934000028, 36.315388741000049 ], [ 118.08688801400001, 36.252343562000078 ], [ 118.080127329000106, 36.253695699000048 ], [ 118.009180762000028, 36.182749132000083 ], [ 117.988314125000102, 36.06589596300006 ], [ 118.00083410700006, 36.011642706000089 ], [ 118.067607347000035, 35.890616210000076 ], [ 118.021700745000089, 35.857229590000088 ], [ 117.909020903000055, 35.832189625000069 ], [ 117.829727681, 35.74872307600009 ], [ 117.829727681, 35.67360318100009 ], [ 117.896500921000097, 35.577616650000039 ], [ 117.967447488000062, 35.560923340000045 ], [ 118.034220727000047, 35.519190065000089 ], [ 118.100993967000022, 35.448243498000068 ], [ 118.136769858000093, 35.43572193600005 ], [ 118.132350922, 35.385640658000057 ], [ 118.062739825000108, 35.332272151000041 ], [ 117.962963920000107, 35.267301794000048 ], [ 117.798217659000102, 35.128079602000071 ], [ 117.672917685000016, 35.130399972000077 ], [ 117.603306589, 35.153603670000052 ], [ 117.42231773900005, 35.132720341000038 ], [ 117.327182573000073, 35.146642561000078 ], [ 117.174038161, 35.137361081000051 ], [ 117.169397422000088, 35.107196273000056 ], [ 117.162436312000068, 35.000459258000035 ], [ 117.006971530000101, 34.923887052000055 ], [ 116.740128994000088, 34.933168532000082 ], [ 116.661236418000044, 34.933168532000082 ], [ 116.526654965000034, 34.898362984000073 ], [ 116.424558690000026, 34.90996483300006 ], [ 116.389753142000018, 34.930848162000075 ], [ 116.329423525000038, 34.951731491000089 ], [ 116.241249470000071, 34.981896299000084 ], [ 116.132192086000032, 35.000459258000035 ], [ 116.064901359000032, 35.039905546000057 ], [ 115.969766194000044, 35.067749985000034 ], [ 115.770492829000091, 35.121118492000051 ], [ 115.705151213000022, 35.081022501000064 ], [ 115.700696103000041, 35.02459110500007 ], [ 115.724456690000011, 34.965189636000048 ], [ 115.743762168000103, 34.904303131000063 ], [ 115.769007792000025, 34.844901662000041 ], [ 115.798708527000031, 34.776589972000068 ], [ 115.801678600000059, 34.718673540000054 ], [ 115.815043931000105, 34.674122439000087 ], [ 115.803163637000011, 34.628086300000064 ], [ 115.748217278000084, 34.623631190000083 ], [ 115.681390626000052, 34.629571337000073 ], [ 115.665055222000092, 34.610265859000037 ], [ 115.629414340000039, 34.595415492000086 ], [ 115.556647541000075, 34.602840676000085 ], [ 115.420024162, 34.579080088000069 ], [ 115.316071592000071, 34.573139941000079 ], [ 115.256670123000049, 34.57016986800005 ], [ 115.201723764, 34.595415492000086 ], [ 115.093316083000104, 34.642936667000072 ], [ 115.04185356000005, 34.664538220000054 ], [ 115.055527531000052, 34.708598792000089 ], [ 115.08272558200008, 34.871787100000063 ], [ 115.055527531000052, 35.003891920000058 ], [ 115.032214916000044, 35.093256945000064 ], [ 114.977818813, 35.264216124000086 ], [ 114.911766403, 35.411862688000042 ], [ 114.826286814000014, 35.46625879000004 ], [ 114.816067394000015, 35.482767085000035 ] ] ] ] } },
{ "type": "Feature", "properties": { "州镇": "济州" }, "geometry": { "type": "MultiPolygon", "coordinates": [ [ [ [ 116.979068724000058, 36.26077704100004 ], [ 116.977649480000082, 36.204007270000034 ], [ 116.977649480000082, 36.171930477000046 ], [ 117.024695443000041, 36.131299872000056 ], [ 117.067464501000018, 36.107776891000071 ], [ 117.095264388000032, 36.062869380000052 ], [ 117.063187595000045, 36.020100323000065 ], [ 117.039664614, 35.985885076000045 ], [ 117.009726273000069, 35.932423754000069 ], [ 116.930603517, 35.904623867000055 ], [ 116.864311477, 35.919593037000084 ], [ 116.795880985000053, 35.992300435000061 ], [ 116.748835022000094, 36.062869380000052 ], [ 116.716758229000106, 36.124884514000087 ], [ 116.537128187, 36.122746061000043 ], [ 116.311307562000025, 36.064237990000038 ], [ 116.241508460000091, 36.002650547000087 ], [ 116.160760480000022, 35.924639786000057 ], [ 116.129282453000087, 35.872632612000075 ], [ 116.062220571000012, 35.863052343000049 ], [ 116.007476177000058, 35.839785976000087 ], [ 116.011582007000015, 35.815150998000036 ], [ 116.041691423000088, 35.797359070000084 ], [ 116.107384696000054, 35.797359070000084 ], [ 116.163497699, 35.801464900000042 ], [ 116.223716532000026, 35.748089116000074 ], [ 116.197712945000035, 35.722085529000083 ], [ 116.132019673000059, 35.72619135900004 ], [ 116.089592768000102, 35.708399431000089 ], [ 116.054008912000086, 35.68513306300008 ], [ 116.049903082000014, 35.660498086000075 ], [ 116.049903082000014, 35.623545620000073 ], [ 116.038954204000106, 35.581118715000059 ], [ 115.985578420000024, 35.544166249000057 ], [ 115.885669901000028, 35.486684636000064 ], [ 115.799447481000016, 35.437414682000053 ], [ 115.711856451000017, 35.404568045000076 ], [ 115.646163178000052, 35.381301678000057 ], [ 115.581838516000062, 35.337506163000057 ], [ 115.558572148000053, 35.321082845000035 ], [ 115.543517440000073, 35.337506163000057 ], [ 115.509302194000043, 35.379933068000071 ], [ 115.453189190000103, 35.419622754000045 ], [ 115.410762285000033, 35.474367147000066 ], [ 115.282112960000063, 35.512688223000055 ], [ 115.126091438, 35.518162662000066 ], [ 114.960489647000031, 35.519531272000052 ], [ 114.88521610500004, 35.504476564000072 ], [ 114.816067394000015, 35.482767085000035 ], [ 114.775776147000101, 35.547852944000056 ], [ 114.756348968, 35.63333253400009 ], [ 114.717018826000071, 35.727119793000043 ], [ 114.860084032000032, 35.709236643000054 ], [ 115.036416678000023, 35.660463783000068 ], [ 115.208997565, 35.690477851000082 ], [ 115.374074935000067, 35.701733126000079 ], [ 115.509138239000094, 35.761761261000061 ], [ 115.602932199000065, 35.765513019000082 ], [ 115.745499019000022, 35.821789395000053 ], [ 115.783016603000078, 36.03188786700008 ], [ 115.813030671000092, 36.174454687000036 ], [ 116.000618592000023, 36.193213479000065 ], [ 116.034384417000069, 36.272000406000075 ], [ 116.011873867000077, 36.328276782000046 ], [ 115.97435628300002, 36.380801400000053 ], [ 115.970604524, 36.515864703000034 ], [ 115.989363316000095, 36.677190315000075 ], [ 116.090660794000087, 36.755977242000085 ], [ 116.131930136000051, 36.83851592700006 ], [ 116.274496956, 36.951068680000049 ], [ 116.349532125, 36.992338022000069 ], [ 116.450991035000015, 36.946856442000069 ], [ 116.449635042000068, 36.887192742000082 ], [ 116.463249423000093, 36.848294510000073 ], [ 116.496312920000037, 36.778277694000053 ], [ 116.502147654000055, 36.673252469000033 ], [ 116.535211151, 36.548778129000084 ], [ 116.605227967000019, 36.529329014000041 ], [ 116.632456729000069, 36.498210429000039 ], [ 116.630511818000059, 36.467091844000038 ], [ 116.630511818000059, 36.428193612000086 ], [ 116.603283056, 36.365956442000083 ], [ 116.626621994000061, 36.327058211000065 ], [ 116.729702307000025, 36.292049803000054 ], [ 116.811388593000061, 36.292049803000054 ], [ 116.914468906000025, 36.276490510000087 ], [ 116.979068724000058, 36.26077704100004 ] ] ] ] } },
{ "type": "Feature", "properties": { "州镇": "薄骨律镇" }, "geometry": { "type": "MultiPolygon", "coordinates": [ [ [ [ 106.993477944000063, 37.719920467000065 ], [ 106.831279471000073, 37.642200366000054 ], [ 106.733388867000031, 37.589992044000041 ], [ 106.544133698000053, 37.531257681000056 ], [ 106.237409805000027, 37.603044124000064 ], [ 106.139519201000041, 37.603044124000064 ], [ 105.904581750000034, 37.583466003000069 ], [ 105.630488059000072, 37.524731641000074 ], [ 105.45428497100005, 37.459471238000049 ], [ 105.108404836000034, 37.413788956000076 ], [ 104.873467385000026, 37.407262916000036 ], [ 104.638529935000065, 37.302846271000078 ], [ 104.41664456500007, 37.19190358600008 ], [ 104.305701881000061, 37.06790882100006 ], [ 104.384014364000052, 36.917809894000072 ], [ 104.508009129000072, 36.872127612000043 ], [ 104.592847653000035, 36.839497411000082 ], [ 104.729894499000068, 36.74160680600005 ], [ 104.729894499000068, 36.578455799000039 ], [ 104.586321613000052, 36.500143316000049 ], [ 104.462326847000043, 36.421830832000069 ], [ 104.399741085000073, 36.415356443000064 ], [ 104.402729036000039, 36.42517399500008 ], [ 104.365691945000037, 36.465431703000036 ], [ 104.346368245000065, 36.496027561000062 ], [ 104.26466746400007, 36.586638156000049 ], [ 104.217490463000047, 36.625078675000054 ], [ 104.173808054000062, 36.649540824000042 ], [ 104.107410793000042, 36.689728640000055 ], [ 104.061981088000039, 36.777093457000035 ], [ 104.007814901000074, 36.853974496000035 ], [ 103.930933862000074, 36.922119054000063 ], [ 103.824348785000041, 37.009483871000043 ], [ 103.777171784000075, 37.053166280000084 ], [ 103.729994783000052, 37.098595985000088 ], [ 103.695048856000028, 37.159751357000061 ], [ 103.623409706000075, 37.23837969200008 ], [ 103.604189446000078, 37.32050262000007 ], [ 103.607684038000059, 37.367679622000082 ], [ 103.638903310000046, 37.443673362000084 ], [ 103.645046149000052, 37.511244588000068 ], [ 103.634296181000082, 37.554244459000074 ], [ 103.615867665000053, 37.591101491000074 ], [ 103.566554321000069, 37.80831909300008 ], [ 103.549490880000064, 37.944826620000072 ], [ 103.587883622000049, 38.025877964000074 ], [ 103.604947063000054, 38.170917211000074 ], [ 103.604947063000054, 38.239170975000036 ], [ 103.545225020000032, 38.294627158000083 ], [ 103.545225020000032, 38.311690599000087 ], [ 103.660403245000055, 38.367146781000088 ], [ 103.660403245000055, 38.478059147000067 ], [ 103.656137385000079, 38.567642212000067 ], [ 103.668934966000052, 38.661491136000052 ], [ 103.681732546000035, 38.759605921000059 ], [ 103.976076901000056, 38.891847588000076 ], [ 104.125382009000077, 39.002759954000055 ], [ 104.253357815000072, 39.105140599000038 ], [ 104.257623676000037, 39.228850545000057 ], [ 104.108318568000072, 39.412282534000042 ], [ 104.069925826000031, 39.442143556000076 ], [ 104.06139410600008, 39.531726620000086 ], [ 104.06139410600008, 39.60424624400008 ], [ 104.04859652500005, 39.719424470000035 ], [ 104.005937923000033, 39.821805115000075 ], [ 103.997406202000036, 39.898590599000045 ], [ 103.988874482000028, 39.966844362000074 ], [ 104.023001364000038, 40.073490868000079 ], [ 104.044330665000075, 40.141744631000051 ], [ 104.069925826000031, 40.256922857000063 ], [ 104.08272340700006, 40.346505922000063 ], [ 104.025256146000061, 40.58021903000008 ], [ 104.042830948000073, 40.820407998000064 ], [ 104.136563228000057, 41.066455234000045 ], [ 104.201004171000079, 41.289069399000084 ], [ 104.400185266000051, 41.599557577000041 ], [ 104.529067151000049, 41.863179615000035 ], [ 104.587649827000064, 42.109226850000084 ], [ 104.62865769900003, 42.478297703000067 ], [ 104.652456911000058, 42.893502413000078 ], [ 104.588382110000055, 43.149801616000047 ], [ 104.624996282000041, 43.351179562000084 ], [ 104.661610454000026, 43.515943335000088 ], [ 104.665988077000065, 43.616628670000068 ], [ 104.757973530000072, 43.584353073000045 ], [ 105.554119317000072, 43.584353073000045 ], [ 106.257690012000069, 43.658413147000033 ], [ 106.490218159000051, 43.683551325000053 ], [ 106.66160242400008, 43.287225213000056 ], [ 106.66160242400008, 42.90545185600007 ], [ 106.77907114900006, 42.582412862000069 ], [ 106.940590646000032, 42.024436417000061 ], [ 106.764387558000067, 41.789498967000043 ], [ 106.77907114900006, 41.437092792000044 ], [ 107.047450304000051, 40.595289125000079 ], [ 107.061338298000067, 40.587477128000046 ], [ 107.054388473000074, 40.471646707000048 ], [ 107.014008599000078, 40.255063745000086 ], [ 106.999325008000028, 40.170633099000042 ], [ 106.914894362000041, 40.089873350000062 ], [ 106.812109228000054, 40.056835271000068 ], [ 106.775400251000065, 39.961391932000083 ], [ 106.775400251000065, 39.876961286000039 ], [ 106.819451023000056, 39.726454482000065 ], [ 106.819451023000056, 39.642023836000078 ], [ 106.81578012500006, 39.564934985000036 ], [ 106.812109228000054, 39.458478953000053 ], [ 106.81578012500006, 39.399744590000068 ], [ 106.878185386000041, 39.142781754000055 ], [ 106.900210772000037, 39.014300336000076 ], [ 106.691199036000057, 38.836950093000041 ], [ 106.524861486000077, 38.555896990000065 ], [ 106.501918375000059, 38.389559440000085 ], [ 106.507654153000033, 38.297786999000039 ], [ 106.639577038000027, 38.171599892000074 ], [ 106.708406369000045, 38.062620117000051 ], [ 106.897687029000053, 38.028205452000066 ], [ 107.036766803000035, 37.916044344000056 ], [ 106.999559908000037, 37.774658142000078 ], [ 106.993477944000063, 37.719920467000065 ] ] ] ] } },
{ "type": "Feature", "properties": { "州镇": "凉州" }, "geometry": { "type": "MultiPolygon", "coordinates": [ [ [ [ 107.345471742000029, 33.826770256000088 ], [ 107.322134571000049, 33.812408920000053 ], [ 107.264776795000046, 33.749315366000076 ], [ 107.121382356000026, 33.663278702000071 ], [ 106.914894362000041, 33.600185149000083 ], [ 106.765764145000048, 33.565770483000051 ], [ 106.645312815000068, 33.582977816000039 ], [ 106.501918375000059, 33.605920926000067 ], [ 106.444560599000056, 33.514148485000078 ], [ 106.478975265000031, 33.399432933000071 ], [ 106.461767932000043, 33.319132047000039 ], [ 106.381467046000068, 33.238831160000075 ], [ 106.255279939000047, 33.227359605000061 ], [ 106.106149721000065, 32.997928501000047 ], [ 105.951283726000042, 33.003664279000077 ], [ 105.790681954000036, 33.015135834000034 ], [ 105.658759069000041, 32.934834948000059 ], [ 105.561250850000079, 32.917627615000072 ], [ 105.371970189000081, 32.957778058000088 ], [ 105.326083968000034, 32.860269839000068 ], [ 105.371970189000081, 32.774233175000063 ], [ 105.349027079000052, 32.72261117700009 ], [ 105.240047305000076, 32.682460734000074 ], [ 105.079445532000079, 32.665253401000086 ], [ 104.97620153500003, 32.613631403000056 ], [ 104.901636426000039, 32.590688292000038 ], [ 104.821335540000064, 32.648046068000042 ], [ 104.729563099000075, 32.739818510000077 ], [ 104.666469545000041, 32.774233175000063 ], [ 104.59764021400008, 32.820119396000052 ], [ 104.42556688600007, 32.774233175000063 ], [ 104.322322889000077, 32.762761620000049 ], [ 104.190400005000072, 32.83732672900004 ], [ 104.15598533900004, 32.929099170000086 ], [ 104.253493558000059, 32.980721169000049 ], [ 104.368209110000066, 33.032343167000079 ], [ 104.454245774000071, 33.112644053000054 ], [ 104.482924662000073, 33.221623828000077 ], [ 104.482924662000073, 33.347810935000041 ], [ 104.626319102000082, 33.410904488000085 ], [ 104.683676878000028, 33.473998042000062 ], [ 104.746770431000073, 33.657542925000087 ], [ 104.76397776400006, 33.835352030000081 ], [ 104.792656652000062, 34.024632691000079 ], [ 104.81559976300008, 34.139348243000086 ], [ 104.822825720000026, 34.197155899000052 ], [ 104.862382597000078, 34.205632373000071 ], [ 104.875801833000025, 34.272728553000036 ], [ 104.848963362000063, 34.411393991000068 ], [ 104.847261134000064, 34.413096219000067 ], [ 104.941786870000044, 34.443344455000044 ], [ 105.045030866000047, 34.489230676000034 ], [ 105.136803308000026, 34.546588452000037 ], [ 105.211368417000074, 34.489230676000034 ], [ 105.303140858000063, 34.403194012000085 ], [ 105.503893074000075, 34.311421571000039 ], [ 105.509628852000048, 34.208177574000047 ], [ 105.549779295000064, 34.179498686000045 ], [ 105.624344403000066, 34.190970241000059 ], [ 105.670230624000055, 34.242592239000089 ], [ 105.716116845000045, 34.26553535000005 ], [ 105.836568174000035, 34.259799572000077 ], [ 105.939812171000028, 34.242592239000089 ], [ 106.037320390000048, 34.185234463000086 ], [ 106.163507497000069, 34.236856462000048 ], [ 106.197922163000044, 34.288478460000078 ], [ 106.364259713000081, 34.288478460000078 ], [ 106.496182598000075, 34.328628903000038 ], [ 106.662520148000056, 34.288478460000078 ], [ 106.691199036000057, 34.294214238000052 ], [ 106.851800809000054, 34.299950015000036 ], [ 106.914894362000041, 34.248328017000063 ], [ 107.006666804000076, 34.150819798000043 ], [ 107.247569463000048, 34.030368468000063 ], [ 107.310663016000035, 33.87550247300004 ], [ 107.345471742000029, 33.826770256000088 ] ] ] ] } },
{ "type": "Feature", "properties": { "州镇": "秦州" }, "geometry": { "type": "MultiPolygon", "coordinates": [ [ [ [ 106.683627810000075, 34.292699993000042 ], [ 106.662520148000056, 34.288478460000078 ], [ 106.496182598000075, 34.328628903000038 ], [ 106.364259713000081, 34.288478460000078 ], [ 106.197922163000044, 34.288478460000078 ], [ 106.163507497000069, 34.236856462000048 ], [ 106.037320390000048, 34.185234463000086 ], [ 105.939812171000028, 34.242592239000089 ], [ 105.836568174000035, 34.259799572000077 ], [ 105.716116845000045, 34.26553535000005 ], [ 105.670230624000055, 34.242592239000089 ], [ 105.624344403000066, 34.190970241000059 ], [ 105.549779295000064, 34.179498686000045 ], [ 105.509628852000048, 34.208177574000047 ], [ 105.503893074000075, 34.311421571000039 ], [ 105.303140858000063, 34.403194012000085 ], [ 105.211368417000074, 34.489230676000034 ], [ 105.136803308000026, 34.546588452000037 ], [ 105.045030866000047, 34.489230676000034 ], [ 104.941786870000044, 34.443344455000044 ], [ 104.847261134000064, 34.413096219000067 ], [ 104.804232575000071, 34.45612477700007 ], [ 104.73266331700006, 34.482963249000079 ], [ 104.710297924000031, 34.505328642000052 ], [ 104.638728665000031, 34.603736372000071 ], [ 104.553740171000072, 34.621628687000054 ], [ 104.392709340000067, 34.60820945100005 ], [ 104.330086239000082, 34.599263294000082 ], [ 104.370343947000038, 34.688724866000086 ], [ 104.356924711000033, 34.791605675000085 ], [ 104.307720846000052, 34.831863383000041 ], [ 104.267463138000039, 34.894486484000083 ], [ 104.222732352000037, 34.970528821000073 ], [ 104.178001565000045, 34.992894214000046 ], [ 104.075120756000047, 35.064463472000057 ], [ 104.101959228000055, 35.140505809000047 ], [ 104.146690015000047, 35.207601989000068 ], [ 104.173528487000056, 35.256805854000049 ], [ 104.209313116000033, 35.359686663000048 ], [ 104.213786194000079, 35.42230976400009 ], [ 104.276409295000065, 35.484932865000076 ], [ 104.312193925000031, 35.556502123000087 ], [ 104.298774689000027, 35.637017538000066 ], [ 104.316667003000077, 35.717532954000035 ], [ 104.35185100800004, 35.743474594000077 ], [ 104.44070933900008, 35.688467055000046 ], [ 104.554507166000064, 35.640745386000049 ], [ 104.657292301000041, 35.629732693000051 ], [ 104.80045731000007, 35.578340126000057 ], [ 104.91792603500005, 35.600365512000053 ], [ 105.020711169000037, 35.673783465000042 ], [ 105.094129123000073, 35.750872316000084 ], [ 105.163876178000066, 35.831632064000075 ], [ 105.288686699000039, 35.838973859000077 ], [ 105.457547991000069, 35.79125219000008 ], [ 105.608054795000044, 35.769226804000084 ], [ 105.876030324000055, 35.875682836000067 ], [ 106.166031239000063, 35.886695529000065 ], [ 106.19539842100005, 35.72150513400004 ], [ 106.206411114000048, 35.589352819000055 ], [ 106.206411114000048, 35.493909479000081 ], [ 106.210082011000054, 35.424162424000087 ], [ 106.265145476000043, 35.383782550000035 ], [ 106.294512658000031, 35.284668313000054 ], [ 106.360588815000028, 35.159857792000082 ], [ 106.426664973000072, 35.06441445300004 ], [ 106.459703052000066, 35.002009193000049 ], [ 106.40096869000007, 34.950616626000055 ], [ 106.397297792000074, 34.89188226300007 ], [ 106.404639587000077, 34.847831491000079 ], [ 106.43767766600007, 34.723020971000039 ], [ 106.434006769000064, 34.656944813000052 ], [ 106.327550736000035, 34.642261222000059 ], [ 106.290841760000035, 34.590868655000065 ], [ 106.301854453000033, 34.561501474000067 ], [ 106.375272406000079, 34.561501474000067 ], [ 106.514766517000055, 34.510108906000085 ], [ 106.599197163000042, 34.451374544000089 ], [ 106.683627810000075, 34.359602102000053 ], [ 106.683627810000075, 34.292699993000042 ] ] ] ] } },
{ "type": "Feature", "properties": { "州镇": "雍州" }, "geometry": { "type": "MultiPolygon", "coordinates": [ [ [ [ 109.215629471000057, 35.31872270000008 ], [ 109.215629471000057, 35.284668313000054 ], [ 109.281705629000044, 35.210332635000043 ], [ 109.380819866000081, 35.177294556000049 ], [ 109.446896023000079, 35.069920800000034 ], [ 109.603826898000079, 34.93776848400006 ], [ 109.727719695000076, 34.855173286000081 ], [ 109.735979214000054, 34.731280490000074 ], [ 109.628605458000038, 34.673463852000054 ], [ 109.620345938000071, 34.607387694000067 ], [ 109.653384017000064, 34.458716339000034 ], [ 109.719460175000052, 34.343083063000051 ], [ 109.695590718000062, 34.278635529000042 ], [ 109.643613378000055, 34.25175069800008 ], [ 109.532361244000072, 34.108050025000068 ], [ 109.518454728000052, 34.019975419000048 ], [ 109.515920437000034, 33.974358184000039 ], [ 109.421429171000057, 33.984482248000063 ], [ 109.352599840000039, 33.955803360000061 ], [ 109.220676955000044, 33.955803360000061 ], [ 109.169054957000071, 33.950067582000088 ], [ 109.071546738000052, 33.892709806000084 ], [ 108.962566963000029, 33.800937365000038 ], [ 108.882266077000054, 33.755051144000049 ], [ 108.842115634000038, 33.686221813000088 ], [ 108.813436746000036, 33.554298928000037 ], [ 108.721664304000058, 33.49120537400006 ], [ 108.578269865000038, 33.571506261000081 ], [ 108.308688318000065, 33.577242038000065 ], [ 108.245594764000032, 33.554298928000037 ], [ 108.090728769000066, 33.531355818000065 ], [ 108.044842548000076, 33.623128259000055 ], [ 108.00757709700008, 33.700764616000072 ], [ 108.02625862900004, 33.71535956300005 ], [ 108.232746622000036, 33.87229043800005 ], [ 108.257525181000062, 34.004442754000081 ], [ 108.249265662000028, 34.169633148000059 ], [ 108.24100614200006, 34.285266425000088 ], [ 108.216227583000034, 34.409159221000039 ], [ 108.216227583000034, 34.566090096000039 ], [ 108.26578470100003, 34.714761451000072 ], [ 108.258298270000068, 34.767166465000059 ], [ 108.295289900000057, 34.844848887000069 ], [ 108.386031694000053, 34.960796735000088 ], [ 108.542309228000079, 35.056579739000085 ], [ 108.698586762000048, 35.14228032300008 ], [ 108.703627973000039, 35.25318696000005 ], [ 108.743957659000046, 35.338887543000055 ], [ 108.82965824200005, 35.359052386000087 ], [ 108.824617031000059, 35.333846332000064 ], [ 108.794369767000035, 35.263269381000043 ], [ 108.839740664000033, 35.233022117000075 ], [ 108.960729722000053, 35.243104538000068 ], [ 109.076677570000072, 35.313681489000089 ], [ 109.17750178600005, 35.31872270000008 ], [ 109.215629471000057, 35.31872270000008 ] ] ] ] } },
{ "type": "Feature", "properties": { "州镇": "岐州" }, "geometry": { "type": "MultiPolygon", "coordinates": [ [ [ [ 108.258298270000068, 34.767166465000059 ], [ 108.26578470100003, 34.714761451000072 ], [ 108.216227583000034, 34.566090096000039 ], [ 108.216227583000034, 34.409159221000039 ], [ 108.24100614200006, 34.285266425000088 ], [ 108.249265662000028, 34.169633148000059 ], [ 108.257525181000062, 34.004442754000081 ], [ 108.232746622000036, 33.87229043800005 ], [ 108.02625862900004, 33.71535956300005 ], [ 108.00757709700008, 33.700764616000072 ], [ 107.976013217000059, 33.766522699000063 ], [ 107.826883, 33.823880475000067 ], [ 107.803939889000048, 33.984482248000063 ], [ 107.746582113000045, 34.013161136000065 ], [ 107.649073894000026, 33.932860249000043 ], [ 107.477000566000072, 34.024632691000079 ], [ 107.40243545800007, 34.001689580000061 ], [ 107.39669968000004, 33.932860249000043 ], [ 107.39669968000004, 33.858295141000042 ], [ 107.345471742000029, 33.826770256000088 ], [ 107.310663016000035, 33.87550247300004 ], [ 107.247569463000048, 34.030368468000063 ], [ 107.006666804000076, 34.150819798000043 ], [ 106.914894362000041, 34.248328017000063 ], [ 106.851800809000054, 34.299950015000036 ], [ 106.691199036000057, 34.294214238000052 ], [ 106.683627810000075, 34.292699993000042 ], [ 106.683627810000075, 34.359602102000053 ], [ 106.599197163000042, 34.451374544000089 ], [ 106.514766517000055, 34.510108906000085 ], [ 106.375272406000079, 34.561501474000067 ], [ 106.301854453000033, 34.561501474000067 ], [ 106.290841760000035, 34.590868655000065 ], [ 106.327550736000035, 34.642261222000059 ], [ 106.434006769000064, 34.656944813000052 ], [ 106.43767766600007, 34.723020971000039 ], [ 106.404639587000077, 34.847831491000079 ], [ 106.397297792000074, 34.89188226300007 ], [ 106.40096869000007, 34.950616626000055 ], [ 106.459703052000066, 35.002009193000049 ], [ 106.426664973000072, 35.06441445300004 ], [ 106.360588815000028, 35.159857792000082 ], [ 106.322388537000052, 35.232013874000074 ], [ 106.370353977000036, 35.232013874000074 ], [ 106.467145224000035, 35.17393912600005 ], [ 106.554257346000043, 35.125543503000074 ], [ 106.676859592000028, 35.125543503000074 ], [ 106.77042446400003, 35.138449002000073 ], [ 106.870442086000025, 35.138449002000073 ], [ 106.973686083000075, 35.093279754000037 ], [ 107.070477329000028, 35.031978631000072 ], [ 107.073703704000081, 34.993262132000041 ], [ 107.147910327000034, 34.90615001000009 ], [ 107.176947701000074, 34.870659886000055 ], [ 107.260833448000028, 34.912602760000084 ], [ 107.338266446000034, 34.928734634000079 ], [ 107.480226941000069, 34.902923635000036 ], [ 107.583470938000062, 34.970677508000051 ], [ 107.667356685000073, 34.970677508000051 ], [ 107.812543556000037, 35.002941257000089 ], [ 107.962569988000041, 34.880137362000085 ], [ 108.002899675000037, 34.754107093000073 ], [ 108.07851783600006, 34.703694985000084 ], [ 108.244877792000068, 34.738983461000089 ], [ 108.258298270000068, 34.767166465000059 ] ] ] ] } },
{ "type": "Feature", "properties": { "州镇": "华州" }, "geometry": { "type": "MultiPolygon", "coordinates": [ [ [ [ 109.695590718000062, 34.278635529000042 ], [ 109.719460175000052, 34.343083063000051 ], [ 109.653384017000064, 34.458716339000034 ], [ 109.620345938000071, 34.607387694000067 ], [ 109.628605458000038, 34.673463852000054 ], [ 109.735979214000054, 34.731280490000074 ], [ 109.727719695000076, 34.855173286000081 ], [ 109.603826898000079, 34.93776848400006 ], [ 109.446896023000079, 35.069920800000034 ], [ 109.380819866000081, 35.177294556000049 ], [ 109.281705629000044, 35.210332635000043 ], [ 109.215629471000057, 35.284668313000054 ], [ 109.215629471000057, 35.31872270000008 ], [ 109.258161158000064, 35.31872270000008 ], [ 109.590881069000034, 35.469959023000058 ], [ 109.80261192200004, 35.616154136000034 ], [ 110.009301564000054, 35.737143194000055 ], [ 110.115166990000034, 35.832926199000042 ], [ 110.311774210000067, 35.848049831000083 ], [ 110.478134166000075, 35.908544361000054 ], [ 110.502885991000028, 35.933296186000064 ], [ 110.510227971000063, 35.924118710000073 ], [ 110.512077385000055, 35.917090939000047 ], [ 110.509488206000071, 35.908953519000079 ], [ 110.509118323000052, 35.894158211000047 ], [ 110.506899027000031, 35.877883371000053 ], [ 110.514666564000038, 35.875294192000069 ], [ 110.523543749000055, 35.87492431000004 ], [ 110.537969175000057, 35.875664075000088 ], [ 110.547216242000047, 35.870115834000046 ], [ 110.546846360000075, 35.839045687000066 ], [ 110.566034025000079, 35.811003953000068 ], [ 110.563144317000081, 35.796555410000053 ], [ 110.55967666600003, 35.782106866000049 ], [ 110.563722258000041, 35.770548032000079 ], [ 110.569501676000073, 35.75089801300004 ], [ 110.572969326000077, 35.738761236000073 ], [ 110.573547268000027, 35.724890634000076 ], [ 110.571235501000046, 35.704662673000087 ], [ 110.579326685000069, 35.690214130000072 ], [ 110.587417870000081, 35.683278829000074 ], [ 110.587144953000063, 35.667433593000055 ], [ 110.604804284000068, 35.654189095000049 ], [ 110.606409677000045, 35.639339203000077 ], [ 110.612831252000035, 35.619673130000081 ], [ 110.619115104000059, 35.620870054000079 ], [ 110.563853945000062, 35.520581284000059 ], [ 110.468918791000078, 35.387078723000059 ], [ 110.385850531000074, 35.229842374000043 ], [ 110.362116742000069, 35.16160773200005 ], [ 110.30871571800003, 35.037005342000043 ], [ 110.284981929000026, 34.93020329400008 ], [ 110.252347970000073, 34.861968652000087 ], [ 110.243447800000069, 34.826367969000046 ], [ 110.237514352000062, 34.770000221000089 ], [ 110.237514352000062, 34.719565920000036 ], [ 110.249381247000031, 34.633530937000046 ], [ 110.287948653000058, 34.565296295000053 ], [ 110.287948653000058, 34.461460970000076 ], [ 110.290915377000033, 34.431793734000053 ], [ 110.228614182000058, 34.431793734000053 ], [ 110.145545922000053, 34.428827011000067 ], [ 110.044677320000062, 34.413993393000055 ], [ 110.00314319000006, 34.431793734000053 ], [ 109.958642337000072, 34.431793734000053 ], [ 109.902274589000058, 34.402126498000086 ], [ 109.778043040000057, 34.321283281000035 ], [ 109.695590718000062, 34.278635529000042 ] ] ] ] } },
{ "type": "Feature", "properties": { "州镇": "东秦州" }, "geometry": { "type": "MultiPolygon", "coordinates": [ [ [ [ 110.034198056000037, 35.759668592000082 ], [ 110.009301564000054, 35.737143194000055 ], [ 109.80261192200004, 35.616154136000034 ], [ 109.590881069000034, 35.469959023000058 ], [ 109.258161158000064, 35.31872270000008 ], [ 109.17750178600005, 35.31872270000008 ], [ 109.076677570000072, 35.313681489000089 ], [ 108.960729722000053, 35.243104538000068 ], [ 108.839740664000033, 35.233022117000075 ], [ 108.794369767000035, 35.263269381000043 ], [ 108.824617031000059, 35.333846332000064 ], [ 108.82965824200005, 35.359052386000087 ], [ 108.743957659000046, 35.338887543000055 ], [ 108.703627973000039, 35.25318696000005 ], [ 108.703449796000029, 35.249267075000034 ], [ 108.618631384000025, 35.305812683000056 ], [ 108.549912180000035, 35.379817980000041 ], [ 108.618631384000025, 35.453823277000083 ], [ 108.618631384000025, 35.527828574000068 ], [ 108.618631384000025, 35.585975593000057 ], [ 108.571056551000027, 35.654694797000047 ], [ 108.523481717000038, 35.712841816000036 ], [ 108.518195624000043, 35.839708039000072 ], [ 108.512909532000037, 35.918999428000063 ], [ 108.560484365000036, 35.966574262000051 ], [ 108.623917477000077, 36.030007374000036 ], [ 108.66620621800007, 36.109298763000083 ], [ 108.66620621800007, 36.20444843100006 ], [ 108.676778403000071, 36.262595450000049 ], [ 108.956941313000073, 36.299598098000047 ], [ 108.98337177600007, 36.299598098000047 ], [ 109.152526740000042, 36.373603395000089 ], [ 109.31110951900007, 36.479325247000077 ], [ 109.400973094000051, 36.479325247000077 ], [ 109.469692298000041, 36.421178228000088 ], [ 109.686422096000058, 36.421178228000088 ], [ 109.823860504000038, 36.426464321000083 ], [ 109.839718782000034, 36.38417558000009 ], [ 109.755141300000048, 36.241451079000058 ], [ 109.749855207000053, 36.130443134000075 ], [ 109.755141300000048, 36.024721281000041 ], [ 109.808002226000042, 35.94542989200005 ], [ 109.871435338000026, 35.866138502000069 ], [ 109.993015468000067, 35.797419298000079 ], [ 110.034198056000037, 35.759668592000082 ] ] ] ] } },
{ "type": "Feature", "properties": { "州镇": "泾州" }, "geometry": { "type": "MultiPolygon", "coordinates": [ [ [ [ 108.561578464000036, 35.367254290000062 ], [ 108.618631384000025, 35.305812683000056 ], [ 108.703449796000029, 35.249267075000034 ], [ 108.698586762000048, 35.14228032300008 ], [ 108.542309228000079, 35.056579739000085 ], [ 108.386031694000053, 34.960796735000088 ], [ 108.295289900000057, 34.844848887000069 ], [ 108.244877792000068, 34.738983461000089 ], [ 108.07851783600006, 34.703694985000084 ], [ 108.002899675000037, 34.754107093000073 ], [ 107.962569988000041, 34.880137362000085 ], [ 107.812543556000037, 35.002941257000089 ], [ 107.667356685000073, 34.970677508000051 ], [ 107.583470938000062, 34.970677508000051 ], [ 107.480226941000069, 34.902923635000036 ], [ 107.338266446000034, 34.928734634000079 ], [ 107.260833448000028, 34.912602760000084 ], [ 107.176947701000074, 34.870659886000055 ], [ 107.147910327000034, 34.90615001000009 ], [ 107.073703704000081, 34.993262132000041 ], [ 107.070477329000028, 35.031978631000072 ], [ 106.973686083000075, 35.093279754000037 ], [ 106.870442086000025, 35.138449002000073 ], [ 106.77042446400003, 35.138449002000073 ], [ 106.676859592000028, 35.125543503000074 ], [ 106.554257346000043, 35.125543503000074 ], [ 106.467145224000035, 35.17393912600005 ], [ 106.370353977000036, 35.232013874000074 ], [ 106.322388537000052, 35.232013874000074 ], [ 106.294512658000031, 35.284668313000054 ], [ 106.265145476000043, 35.383782550000035 ], [ 106.210082011000054, 35.424162424000087 ], [ 106.206411114000048, 35.493909479000081 ], [ 106.206411114000048, 35.589352819000055 ], [ 106.19539842100005, 35.72150513400004 ], [ 106.166031239000063, 35.886695529000065 ], [ 106.165156007000064, 35.88666229200004 ], [ 106.310511898000073, 35.921748197000056 ], [ 106.445835869000064, 35.942046792000042 ], [ 106.631906330000049, 36.013091877000079 ], [ 106.777379599000028, 36.087520062000067 ], [ 106.919469769000045, 36.175480643000071 ], [ 107.048027542000057, 36.273590522000063 ], [ 107.14275432200003, 36.175480643000071 ], [ 107.240864201000079, 36.104435558000034 ], [ 107.308526187000041, 36.057072168000047 ], [ 107.389720569000076, 36.026624274000085 ], [ 107.437083959000063, 35.948812991000068 ], [ 107.410019165000051, 35.857469310000056 ], [ 107.362655775000064, 35.799956622000082 ], [ 107.193500811000035, 35.783041126000057 ], [ 107.108923329000049, 35.739060835000089 ], [ 107.10215713000008, 35.624035460000073 ], [ 107.17320221500006, 35.607119963000059 ], [ 107.264545896000072, 35.620652360000065 ], [ 107.379571272000078, 35.644334055000058 ], [ 107.487830449000057, 35.573288970000078 ], [ 107.562258633000056, 35.454880495000054 ], [ 107.694199505000029, 35.39736780800007 ], [ 107.748329094000042, 35.36015371600007 ], [ 107.849822072000052, 35.319556524000063 ], [ 107.947931951000044, 35.309407226000076 ], [ 108.022360136000032, 35.316173425000045 ], [ 108.167833405000067, 35.343238219000057 ], [ 108.23549539000004, 35.326322723000089 ], [ 108.336988369000039, 35.336472021000077 ], [ 108.53320812700008, 35.346621318000075 ], [ 108.561578464000036, 35.367254290000062 ] ] ] ] } },
{ "type": "Feature", "properties": { "州镇": "豳州" }, "geometry": { "type": "MultiPolygon", "coordinates": [ [ [ [ 108.676692028000048, 36.262120387000039 ], [ 108.66620621800007, 36.20444843100006 ], [ 108.66620621800007, 36.109298763000083 ], [ 108.623917477000077, 36.030007374000036 ], [ 108.560484365000036, 35.966574262000051 ], [ 108.512909532000037, 35.918999428000063 ], [ 108.518195624000043, 35.839708039000072 ], [ 108.523481717000038, 35.712841816000036 ], [ 108.571056551000027, 35.654694797000047 ], [ 108.618631384000025, 35.585975593000057 ], [ 108.618631384000025, 35.527828574000068 ], [ 108.618631384000025, 35.453823277000083 ], [ 108.549912180000035, 35.379817980000041 ], [ 108.561578464000036, 35.367254290000062 ], [ 108.53320812700008, 35.346621318000075 ], [ 108.336988369000039, 35.336472021000077 ], [ 108.23549539000004, 35.326322723000089 ], [ 108.167833405000067, 35.343238219000057 ], [ 108.022360136000032, 35.316173425000045 ], [ 107.947931951000044, 35.309407226000076 ], [ 107.849822072000052, 35.319556524000063 ], [ 107.748329094000042, 35.36015371600007 ], [ 107.694199505000029, 35.39736780800007 ], [ 107.562258633000056, 35.454880495000054 ], [ 107.487830449000057, 35.573288970000078 ], [ 107.379571272000078, 35.644334055000058 ], [ 107.264545896000072, 35.620652360000065 ], [ 107.17320221500006, 35.607119963000059 ], [ 107.10215713000008, 35.624035460000073 ], [ 107.108923329000049, 35.739060835000089 ], [ 107.193500811000035, 35.783041126000057 ], [ 107.362655775000064, 35.799956622000082 ], [ 107.410019165000051, 35.857469310000056 ], [ 107.437083959000063, 35.948812991000068 ], [ 107.389720569000076, 36.026624274000085 ], [ 107.308526187000041, 36.057072168000047 ], [ 107.240864201000079, 36.104435558000034 ], [ 107.14275432200003, 36.175480643000071 ], [ 107.048027542000057, 36.273590522000063 ], [ 107.033076074000064, 36.262180191000084 ], [ 107.021731388000035, 36.31134049700006 ], [ 106.905331120000028, 36.383397806000062 ], [ 106.827730942000073, 36.571855381000034 ], [ 106.805559463000066, 36.627284080000038 ], [ 106.772302244000059, 36.721512867000058 ], [ 106.783387983000068, 36.860084614000073 ], [ 106.788930853000068, 36.965399142000081 ], [ 106.833273812000073, 37.065170799000043 ], [ 106.910873990000027, 37.126142368000046 ], [ 107.138131655000052, 37.120599498000047 ], [ 107.36538931900003, 37.037456450000036 ], [ 107.465160977000039, 37.081799409000041 ], [ 107.54830402500005, 37.159399587000053 ], [ 107.620361333000062, 37.248085505000063 ], [ 107.903047696000044, 37.292428464000068 ], [ 108.174648320000074, 37.214828286000056 ], [ 108.379734505000044, 37.153856717000053 ], [ 108.390820245000043, 37.026370710000037 ], [ 108.274419978000026, 36.932141922000085 ], [ 108.152476841000066, 36.776941566000062 ], [ 108.218991279000079, 36.638369819000047 ], [ 108.42407746400005, 36.505340943000078 ], [ 108.546020601000066, 36.48871233300008 ], [ 108.634706519000076, 36.455455114000074 ], [ 108.679049478000081, 36.411112155000069 ], [ 108.640249389000076, 36.339054847000057 ], [ 108.676692028000048, 36.262120387000039 ] ] ] ] } },
{ "type": "Feature", "properties": { "州镇": "西安州" }, "geometry": { "type": "MultiPolygon", "coordinates": [ [ [ [ 107.909432521000042, 37.290604228000063 ], [ 107.903047696000044, 37.292428464000068 ], [ 107.620361333000062, 37.248085505000063 ], [ 107.54830402500005, 37.159399587000053 ], [ 107.465160977000039, 37.081799409000041 ], [ 107.36538931900003, 37.037456450000036 ], [ 107.138131655000052, 37.120599498000047 ], [ 106.910873990000027, 37.126142368000046 ], [ 106.865070959000036, 37.090154271000074 ], [ 106.883159641000077, 37.192656806000059 ], [ 106.97738842900003, 37.392200121000087 ], [ 106.97738842900003, 37.57511482700005 ], [ 106.999559908000037, 37.774658142000078 ], [ 107.082702956000048, 38.090601724000066 ], [ 107.088245826000048, 38.290145040000084 ], [ 107.15476026400006, 38.428716786000052 ], [ 107.204646093000065, 38.461974006000048 ], [ 107.492875326000046, 38.461974006000048 ], [ 107.614818463000063, 38.467516875000058 ], [ 107.858704738000029, 38.378830958000037 ], [ 108.058248053000057, 38.345573738000041 ], [ 108.263334238000027, 38.323402259000034 ], [ 108.335391546000039, 38.262430690000087 ], [ 108.24116275800003, 38.101687464000065 ], [ 108.20790553900008, 37.879972670000086 ], [ 108.102591012000062, 37.580657697000049 ], [ 108.019447964000051, 37.414371601000084 ], [ 107.909432521000042, 37.290604228000063 ] ] ] ] } },
{ "type": "Feature", "properties": { "州镇": "沃野镇" }, "geometry": { "type": "MultiPolygon", "coordinates": [ [ [ [ 109.726059896000038, 40.81757530200008 ], [ 109.598057302000029, 40.791974783000057 ], [ 109.49518163700003, 40.760047852000071 ], [ 109.303620054000078, 40.760047852000071 ], [ 109.239766194000026, 40.735215795000045 ], [ 109.119153345000029, 40.685551681000049 ], [ 108.938234073000046, 40.678456808000078 ], [ 108.849548155000036, 40.625245257000074 ], [ 108.757314800000074, 40.547201649000044 ], [ 108.675723756000025, 40.511727282000038 ], [ 108.480614737000053, 40.508179846000075 ], [ 108.40257112900008, 40.522369592000075 ], [ 108.310337774000061, 40.58267601700004 ], [ 108.278410844000064, 40.667814498000041 ], [ 108.182630053000025, 40.728120922000073 ], [ 108.051374894000048, 40.813259403000075 ], [ 107.874003058000028, 40.806164530000046 ], [ 107.710820970000043, 40.763595289000079 ], [ 107.476295987000071, 40.614208787000052 ], [ 107.230340374000036, 40.538530137000066 ], [ 107.148355170000059, 40.538530137000066 ], [ 107.047450304000051, 40.595289125000079 ], [ 106.77907114900006, 41.437092792000044 ], [ 106.764387558000067, 41.789498967000043 ], [ 106.940590646000032, 42.024436417000061 ], [ 106.77907114900006, 42.582412862000069 ], [ 106.66160242400008, 42.90545185600007 ], [ 106.66160242400008, 43.287225213000056 ], [ 106.490218159000051, 43.683551325000053 ], [ 106.942745689000049, 43.732473220000088 ], [ 107.442651183000066, 43.732473220000088 ], [ 107.961071696000033, 43.676928165000049 ], [ 107.968905410000048, 43.671230919000038 ], [ 108.190708147000066, 43.680472699000063 ], [ 108.657593639000027, 43.673802907000038 ], [ 108.65774549300005, 43.67379051100005 ], [ 108.566439805000073, 43.433690368000043 ], [ 108.507152758000075, 42.29537907200006 ], [ 109.005163950000053, 41.228212233000079 ], [ 109.726059896000038, 40.81757530200008 ] ] ] ] } },
{ "type": "Feature", "properties": { "州镇": "夏州" }, "geometry": { "type": "MultiPolygon", "coordinates": [ [ [ [ 107.036766803000035, 37.916044344000056 ], [ 106.897687029000053, 38.028205452000066 ], [ 106.708406369000045, 38.062620117000051 ], [ 106.639577038000027, 38.171599892000074 ], [ 106.507654153000033, 38.297786999000039 ], [ 106.501918375000059, 38.389559440000085 ], [ 106.524861486000077, 38.555896990000065 ], [ 106.691199036000057, 38.836950093000041 ], [ 106.900210772000037, 39.014300336000076 ], [ 106.878185386000041, 39.142781754000055 ], [ 106.81578012500006, 39.399744590000068 ], [ 106.812109228000054, 39.458478953000053 ], [ 106.81578012500006, 39.564934985000036 ], [ 106.819451023000056, 39.642023836000078 ], [ 106.819451023000056, 39.726454482000065 ], [ 106.775400251000065, 39.876961286000039 ], [ 106.775400251000065, 39.961391932000083 ], [ 106.812109228000054, 40.056835271000068 ], [ 106.914894362000041, 40.089873350000062 ], [ 106.999325008000028, 40.170633099000042 ], [ 107.014008599000078, 40.255063745000086 ], [ 107.054388473000074, 40.471646707000048 ], [ 107.061338298000067, 40.587477128000046 ], [ 107.148355170000059, 40.538530137000066 ], [ 107.230340374000036, 40.538530137000066 ], [ 107.476295987000071, 40.614208787000052 ], [ 107.710820970000043, 40.763595289000079 ], [ 107.874003058000028, 40.806164530000046 ], [ 108.051374894000048, 40.813259403000075 ], [ 108.182630053000025, 40.728120922000073 ], [ 108.278410844000064, 40.667814498000041 ], [ 108.310337774000061, 40.58267601700004 ], [ 108.40257112900008, 40.522369592000075 ], [ 108.480614737000053, 40.508179846000075 ], [ 108.675723756000025, 40.511727282000038 ], [ 108.757314800000074, 40.547201649000044 ], [ 108.849548155000036, 40.625245257000074 ], [ 108.938234073000046, 40.678456808000078 ], [ 109.119153345000029, 40.685551681000049 ], [ 109.239766194000026, 40.735215795000045 ], [ 109.303620054000078, 40.760047852000071 ], [ 109.49518163700003, 40.760047852000071 ], [ 109.598057302000029, 40.791974783000057 ], [ 109.726059896000038, 40.81757530200008 ], [ 109.824555405000069, 40.761470265000071 ], [ 109.816276529000049, 40.756739479000089 ], [ 109.808644621000042, 40.723653467000076 ], [ 109.855239190000077, 40.649878733000037 ], [ 109.874653594000051, 40.62580487200006 ], [ 109.901833759000056, 40.611826501000053 ], [ 109.927460772000074, 40.607943620000071 ], [ 109.953087785000037, 40.593188673000043 ], [ 109.982597679000037, 40.580763455000067 ], [ 109.991656707000061, 40.575914240000088 ], [ 109.993630323000048, 40.570689962000074 ], [ 110.091413953000028, 40.432789971000034 ], [ 110.223290330000054, 40.392212624000081 ], [ 110.350094538000064, 40.255264079000085 ], [ 110.44646573700004, 40.13099595500006 ], [ 110.491798241000026, 40.016079640000044 ], [ 110.528888472000062, 39.964723936000041 ], [ 110.597362745000055, 39.917647873000078 ], [ 110.668690112000036, 39.874851453000076 ], [ 110.724325459000056, 39.824922296000068 ], [ 110.761415690000035, 39.706518866000067 ], [ 110.811344847000044, 39.632338404000052 ], [ 110.884098762000065, 39.562437584000065 ], [ 110.971118150000052, 39.472565101000043 ], [ 111.01248802300006, 39.42548903900007 ], [ 111.042445517000033, 39.347028935000083 ], [ 111.07525610600004, 39.245744073000083 ], [ 111.156569305000062, 39.182975990000045 ], [ 111.20649846200007, 39.170137063000084 ], [ 111.180820610000069, 39.108795528000087 ], [ 111.150863116000039, 39.034615065000082 ], [ 111.096654317000059, 38.984685908000074 ], [ 111.028030284000067, 38.983427579000079 ], [ 110.988848991000054, 38.961877868000045 ], [ 111.014316832000077, 38.881556217000082 ], [ 110.998644315000035, 38.858047441000053 ], [ 111.004521509000028, 38.807111760000055 ], [ 110.981012733000057, 38.79143924300007 ], [ 110.967299280000077, 38.765971403000037 ], [ 110.930077052000058, 38.716994786000043 ], [ 110.910486405000029, 38.685649752000074 ], [ 110.902650146000042, 38.662140976000046 ], [ 110.886977629000057, 38.632755006000082 ], [ 110.896772952000049, 38.591614648000075 ], [ 110.910486405000029, 38.581819325000083 ], [ 110.896772952000049, 38.550474290000068 ], [ 110.896772952000049, 38.530883644000085 ], [ 110.898732017000043, 38.513252062000049 ], [ 110.885018565000053, 38.472111704000042 ], [ 110.855632595000031, 38.446643864000066 ], [ 110.820369431000074, 38.446643864000066 ], [ 110.806655978000038, 38.442725734000078 ], [ 110.749843103000046, 38.411380700000052 ], [ 110.732211521000067, 38.368281277000051 ], [ 110.710661810000033, 38.348690631000068 ], [ 110.673439582000071, 38.323222790000045 ], [ 110.651889871000037, 38.301673079000068 ], [ 110.606831383000042, 38.297754950000069 ], [ 110.56373196100003, 38.291877756000076 ], [ 110.567650090000029, 38.229187687000035 ], [ 110.544141315000047, 38.211556105000057 ], [ 110.512796280000032, 38.191965458000084 ], [ 110.499082827000052, 38.160620424000058 ], [ 110.518830199000035, 38.121830944000067 ], [ 110.502530781000075, 38.085470704000045 ], [ 110.488738966000028, 38.040333854000039 ], [ 110.498769377000031, 38.016511628000046 ], [ 110.520084001000043, 37.991435600000045 ], [ 110.512561192000078, 37.977643785000055 ], [ 110.520084001000043, 37.960090566000076 ], [ 110.545160028000055, 37.94128354500009 ], [ 110.585281672000065, 37.91495371600007 ], [ 110.597819686000037, 37.896146696000073 ], [ 110.627910919000044, 37.867309264000085 ], [ 110.668032563000054, 37.798350188000086 ], [ 110.724453625000081, 37.767005153000071 ], [ 110.752037256000051, 37.745690530000047 ], [ 110.724453625000081, 37.733152516000075 ], [ 110.711915612000041, 37.726883509000061 ], [ 110.703139002000057, 37.708076489000064 ], [ 110.742006845000049, 37.677985255000067 ], [ 110.763321468000072, 37.677985255000067 ], [ 110.785889893000046, 37.661685838000039 ], [ 110.76959047500003, 37.651655427000037 ], [ 110.760813865000046, 37.632848406000051 ], [ 110.773351879000074, 37.615295187000072 ], [ 110.772098078000056, 37.598995769000055 ], [ 110.772098078000056, 37.57893494700005 ], [ 110.789651297000034, 37.562635529000033 ], [ 110.783382290000077, 37.545082309000065 ], [ 110.773351879000074, 37.533798097000044 ], [ 110.74909032100004, 37.462445765000041 ], [ 110.731629381000062, 37.447039054000072 ], [ 110.667948308000064, 37.43984925500007 ], [ 110.644324684000026, 37.43779502700005 ], [ 110.626863744000048, 37.414171403000068 ], [ 110.620187503000068, 37.389520664000088 ], [ 110.626863744000048, 37.375141067000072 ], [ 110.641756899000029, 37.362815698000077 ], [ 110.674110992000067, 37.349976772000048 ], [ 110.690544818000035, 37.346895430000075 ], [ 110.693626160000065, 37.339705631000072 ], [ 110.689517704000025, 37.333029390000036 ], [ 110.676678778000053, 37.319163349000064 ], [ 110.675651664000043, 37.307865094000078 ], [ 110.680787234000036, 37.294512611000073 ], [ 110.680273677000059, 37.290917712000066 ], [ 110.66743475100003, 37.28424147000004 ], [ 110.651514482000039, 37.276024558000074 ], [ 110.641243342000053, 37.252400933000047 ], [ 110.560204040000031, 37.162795500000072 ], [ 110.533909919000052, 37.137816086000043 ], [ 110.531280507000076, 37.107577847000073 ], [ 110.493154032000064, 37.085227844000087 ], [ 110.487895208000054, 37.078654314000062 ], [ 110.47474814800006, 37.061563136000075 ], [ 110.448454027000025, 37.039213133000089 ], [ 110.430048142000032, 37.039213133000089 ], [ 110.416728593000073, 37.035988422000059 ], [ 110.411882060000039, 37.028718623000088 ], [ 110.420060584000055, 37.023569183000063 ], [ 110.438537988000064, 37.018419742000049 ], [ 110.442778704000034, 37.016602293000062 ], [ 110.442475796000053, 37.010847036000087 ], [ 110.438537988000064, 37.007817953000085 ], [ 110.427330382000036, 37.00660632000006 ], [ 110.408852978000027, 37.014784843000086 ], [ 110.398857005000025, 37.021145917000069 ], [ 110.390981390000036, 37.021145917000069 ], [ 110.373109802000045, 37.019328467000037 ], [ 110.374018526000043, 37.01054412700006 ], [ 110.376138884000056, 37.006000503000053 ], [ 110.383408683000027, 36.997519072000046 ], [ 110.397645371000067, 36.993884172000037 ], [ 110.408247161000077, 36.986008557000048 ], [ 110.417334409000034, 36.967531153000039 ], [ 110.419454767000047, 36.953294464000066 ], [ 110.411882060000039, 36.933605427000089 ], [ 110.402794812000025, 36.907555315000081 ], [ 110.40400644500005, 36.89392444300006 ], [ 110.398554096000055, 36.888472094000065 ], [ 110.391890114000034, 36.884231378000038 ], [ 110.379470875000038, 36.88301974500007 ], [ 110.371292352000069, 36.880899387000056 ], [ 110.367657453000049, 36.878476121000062 ], [ 110.374018526000043, 36.871206323000081 ], [ 110.38916394000006, 36.867874332000042 ], [ 110.39976572900008, 36.867268515000035 ], [ 110.416122776000066, 36.859392900000046 ], [ 110.418243134000079, 36.848791111000082 ], [ 110.415006467000069, 36.835701569000037 ], [ 110.404823247000081, 36.830310452000049 ], [ 110.402127689000054, 36.827165634000039 ], [ 110.403175962000034, 36.824619829000085 ], [ 110.40976510400003, 36.820875999000066 ], [ 110.414557208000076, 36.819677973000069 ], [ 110.418001532000062, 36.815185376000045 ], [ 110.417252766000047, 36.804403143000059 ], [ 110.415006467000069, 36.798113507000039 ], [ 110.410364117000029, 36.789577573000088 ], [ 110.40542226000008, 36.783587443000044 ], [ 110.40392472800005, 36.781341145000056 ], [ 110.399881391000065, 36.776549041000067 ], [ 110.397934599000052, 36.774752002000071 ], [ 110.387152366000066, 36.773703730000079 ], [ 110.379514951000033, 36.774901756000077 ], [ 110.377568159000077, 36.772954964000064 ], [ 110.377418405000071, 36.767264341000043 ], [ 110.385654833000046, 36.763820016000068 ], [ 110.403625222000073, 36.762921497000036 ], [ 110.418900051000037, 36.758878160000052 ], [ 110.427885245000027, 36.747496914000067 ], [ 110.42503993400004, 36.740308759000072 ], [ 110.419349311000076, 36.735067395000044 ], [ 110.413209429000062, 36.730574798000077 ], [ 110.410963130000027, 36.728328500000089 ], [ 110.410064611000053, 36.72473442200004 ], [ 110.41290992200004, 36.721439851000071 ], [ 110.420098077000034, 36.721589604000087 ], [ 110.426687220000076, 36.726381708000076 ], [ 110.432377842000051, 36.731922577000034 ], [ 110.438367972000037, 36.736415174000058 ], [ 110.443908842000042, 36.736564928000064 ], [ 110.445556127000032, 36.734019123000053 ], [ 110.446604400000069, 36.728777759000081 ], [ 110.444957114000033, 36.724135409000041 ], [ 110.438966985000036, 36.717845773000079 ], [ 110.428636674000074, 36.704019889000051 ], [ 110.430510919000028, 36.689707473000055 ], [ 110.43204439200008, 36.68425512500005 ], [ 110.426592043000028, 36.68135856400005 ], [ 110.416539275000048, 36.685788598000045 ], [ 110.402226859000052, 36.69618213800004 ], [ 110.397456054000031, 36.695841366000082 ], [ 110.392514863000031, 36.692774420000035 ], [ 110.388595987000031, 36.688514772000076 ], [ 110.389618302000031, 36.679654705000075 ], [ 110.395581809000078, 36.674543128000039 ], [ 110.405804963000037, 36.668068464000044 ], [ 110.416880047000063, 36.663127273000043 ], [ 110.44979601600005, 36.612325901000077 ], [ 110.47483288400008, 36.589160947000039 ], [ 110.492148102000044, 36.582375254000056 ], [ 110.487000335000062, 36.567399930000079 ], [ 110.48372448300006, 36.558976311000038 ], [ 110.495189965000066, 36.533003484000062 ], [ 110.497061880000047, 36.508668584000077 ], [ 110.493786028000045, 36.472166233000053 ], [ 110.469919106000077, 36.45859484600004 ], [ 110.467579212000032, 36.446193406000077 ], [ 110.479512673000045, 36.430750104000083 ], [ 110.484894430000054, 36.422794463000059 ], [ 110.483022514000027, 36.408521108000059 ], [ 110.478565747000061, 36.387938265000059 ], [ 110.467871699000057, 36.374365050000051 ], [ 110.464992532000053, 36.368401061000043 ], [ 110.463964258000033, 36.355033501000037 ], [ 110.458411579000028, 36.345162072000051 ], [ 110.453871507000031, 36.33349730000009 ], [ 110.459387598000035, 36.320038038000064 ], [ 110.46788237800007, 36.310991649000073 ], [ 110.467220447000045, 36.306137489000037 ], [ 110.463469505000035, 36.298304640000083 ], [ 110.462917896000079, 36.293009193000046 ], [ 110.469206239000073, 36.284404091000056 ], [ 110.471081710000078, 36.280653150000035 ], [ 110.468349028000034, 36.254423973000087 ], [ 110.451252227000055, 36.226806064000073 ], [ 110.448621950000074, 36.213654678000069 ], [ 110.455197643000076, 36.193927600000052 ], [ 110.444018966000044, 36.174200522000035 ], [ 110.443361396000057, 36.164336983000055 ], [ 110.442046258000062, 36.15118559800004 ], [ 110.444676535000042, 36.142637198000045 ], [ 110.444676535000042, 36.129485812000041 ], [ 110.451909797000042, 36.115676858000086 ], [ 110.465061182000056, 36.091346795000049 ], [ 110.463746044000061, 36.065701593000085 ], [ 110.484788260000073, 36.038083684000071 ], [ 110.486925360000043, 36.018438802000048 ], [ 110.493583249000039, 36.007712204000086 ], [ 110.485075947000041, 35.998835018000079 ], [ 110.486925360000043, 35.991437364000035 ], [ 110.490254305000065, 35.984409593000066 ], [ 110.502460434000056, 35.978491469000062 ], [ 110.512817150000046, 35.972203463000085 ], [ 110.510597854000025, 35.958887685000036 ], [ 110.500980903000027, 35.955188858000042 ], [ 110.496542311000042, 35.951120148000086 ], [ 110.495432663000031, 35.942612846000088 ], [ 110.502830317000075, 35.933365778000052 ], [ 110.502885991000028, 35.933296186000064 ], [ 110.478134166000075, 35.908544361000054 ], [ 110.311774210000067, 35.848049831000083 ], [ 110.115166990000034, 35.832926199000042 ], [ 110.034198056000037, 35.759668592000082 ], [ 109.993015468000067, 35.797419298000079 ], [ 109.871435338000026, 35.866138502000069 ], [ 109.808002226000042, 35.94542989200005 ], [ 109.755141300000048, 36.024721281000041 ], [ 109.749855207000053, 36.130443134000075 ], [ 109.755141300000048, 36.241451079000058 ], [ 109.839718782000034, 36.38417558000009 ], [ 109.823860504000038, 36.426464321000083 ], [ 109.686422096000058, 36.421178228000088 ], [ 109.469692298000041, 36.421178228000088 ], [ 109.400973094000051, 36.479325247000077 ], [ 109.31110951900007, 36.479325247000077 ], [ 109.152526740000042, 36.373603395000089 ], [ 108.98337177600007, 36.299598098000047 ], [ 108.956941313000073, 36.299598098000047 ], [ 108.676778403000071, 36.262595450000049 ], [ 108.676692028000048, 36.262120387000039 ], [ 108.640249389000076, 36.339054847000057 ], [ 108.679049478000081, 36.411112155000069 ], [ 108.634706519000076, 36.455455114000074 ], [ 108.546020601000066, 36.48871233300008 ], [ 108.42407746400005, 36.505340943000078 ], [ 108.218991279000079, 36.638369819000047 ], [ 108.152476841000066, 36.776941566000062 ], [ 108.274419978000026, 36.932141922000085 ], [ 108.390820245000043, 37.026370710000037 ], [ 108.379734505000044, 37.153856717000053 ], [ 108.174648320000074, 37.214828286000056 ], [ 107.909432521000042, 37.290604228000063 ], [ 108.019447964000051, 37.414371601000084 ], [ 108.102591012000062, 37.580657697000049 ], [ 108.20790553900008, 37.879972670000086 ], [ 108.24116275800003, 38.101687464000065 ], [ 108.335391546000039, 38.262430690000087 ], [ 108.263334238000027, 38.323402259000034 ], [ 108.058248053000057, 38.345573738000041 ], [ 107.858704738000029, 38.378830958000037 ], [ 107.614818463000063, 38.467516875000058 ], [ 107.492875326000046, 38.461974006000048 ], [ 107.204646093000065, 38.461974006000048 ], [ 107.15476026400006, 38.428716786000052 ], [ 107.088245826000048, 38.290145040000084 ], [ 107.082702956000048, 38.090601724000066 ], [ 107.036766803000035, 37.916044344000056 ] ] ] ] } },
{ "type": "Feature", "properties": { "州镇": "高平镇" }, "geometry": { "type": "MultiPolygon", "coordinates": [ [ [ [ 104.399741085000073, 36.415356443000064 ], [ 104.462326847000043, 36.421830832000069 ], [ 104.586321613000052, 36.500143316000049 ], [ 104.729894499000068, 36.578455799000039 ], [ 104.729894499000068, 36.74160680600005 ], [ 104.592847653000035, 36.839497411000082 ], [ 104.508009129000072, 36.872127612000043 ], [ 104.384014364000052, 36.917809894000072 ], [ 104.305701881000061, 37.06790882100006 ], [ 104.41664456500007, 37.19190358600008 ], [ 104.638529935000065, 37.302846271000078 ], [ 104.873467385000026, 37.407262916000036 ], [ 105.108404836000034, 37.413788956000076 ], [ 105.45428497100005, 37.459471238000049 ], [ 105.630488059000072, 37.524731641000074 ], [ 105.904581750000034, 37.583466003000069 ], [ 106.139519201000041, 37.603044124000064 ], [ 106.237409805000027, 37.603044124000064 ], [ 106.544133698000053, 37.531257681000056 ], [ 106.733388867000031, 37.589992044000041 ], [ 106.831279471000073, 37.642200366000054 ], [ 106.993477944000063, 37.719920467000065 ], [ 106.97738842900003, 37.57511482700005 ], [ 106.97738842900003, 37.392200121000087 ], [ 106.883159641000077, 37.192656806000059 ], [ 106.865070959000036, 37.090154271000074 ], [ 106.833273812000073, 37.065170799000043 ], [ 106.788930853000068, 36.965399142000081 ], [ 106.783387983000068, 36.860084614000073 ], [ 106.772302244000059, 36.721512867000058 ], [ 106.805559463000066, 36.627284080000038 ], [ 106.827730942000073, 36.571855381000034 ], [ 106.905331120000028, 36.383397806000062 ], [ 107.021731388000035, 36.31134049700006 ], [ 107.033076074000064, 36.262180191000084 ], [ 106.919469769000045, 36.175480643000071 ], [ 106.777379599000028, 36.087520062000067 ], [ 106.631906330000049, 36.013091877000079 ], [ 106.445835869000064, 35.942046792000042 ], [ 106.310511898000073, 35.921748197000056 ], [ 106.165156007000064, 35.88666229200004 ], [ 105.876030324000055, 35.875682836000067 ], [ 105.608054795000044, 35.769226804000084 ], [ 105.457547991000069, 35.79125219000008 ], [ 105.288686699000039, 35.838973859000077 ], [ 105.163876178000066, 35.831632064000075 ], [ 105.094129123000073, 35.750872316000084 ], [ 105.020711169000037, 35.673783465000042 ], [ 104.91792603500005, 35.600365512000053 ], [ 104.80045731000007, 35.578340126000057 ], [ 104.657292301000041, 35.629732693000051 ], [ 104.554507166000064, 35.640745386000049 ], [ 104.44070933900008, 35.688467055000046 ], [ 104.35185100800004, 35.743474594000077 ], [ 104.376606257000049, 35.761726971000087 ], [ 104.402371190000054, 35.873375014000089 ], [ 104.430998893000037, 35.970709205000048 ], [ 104.448175515000059, 36.042278463000059 ], [ 104.442449975000045, 36.096671100000037 ], [ 104.390920109000035, 36.142475425000043 ], [ 104.370880716000045, 36.179691439000067 ], [ 104.350841324000044, 36.25984900900005 ], [ 104.319350850000035, 36.325692726000057 ], [ 104.29358591700003, 36.365771511000048 ], [ 104.335096087000068, 36.386526596000067 ], [ 104.391456878000042, 36.388136904000078 ], [ 104.399741085000073, 36.415356443000064 ] ] ] ] } },
{ "type": "Feature", "properties": { "州镇": "抚冥镇" }, "geometry": { "type": "MultiPolygon", "coordinates": [ [ [ [ 111.670182532000069, 41.010765530000072 ], [ 111.722062935000054, 41.140466537000066 ], [ 111.648116788000038, 41.298922565000055 ], [ 111.542479437000054, 41.494351665000067 ], [ 111.500224496000044, 41.631680222000057 ], [ 111.526633834000052, 42.001410952000072 ], [ 111.399869012000067, 42.138739509000061 ], [ 111.25725858800007, 42.307759271000066 ], [ 111.137254557000063, 42.474666287000048 ], [ 111.06593760700008, 42.812471062000043 ], [ 110.567094558000065, 43.032548877000067 ], [ 110.567094558000065, 43.252626693000082 ], [ 110.416487693000079, 43.715204923000044 ], [ 110.638522085000034, 43.720491456000047 ], [ 110.945332551000035, 43.787189383000054 ], [ 111.272152396000081, 43.827208140000039 ], [ 111.485585764000064, 43.847217518000036 ], [ 111.846671084000036, 44.020131614000036 ], [ 111.900553589000026, 43.85078659800007 ], [ 112.070541410000033, 43.699011759000086 ], [ 112.27695519100007, 43.492597977000059 ], [ 112.416588043000047, 43.328681151000069 ], [ 112.51979493400006, 43.158693330000062 ], [ 112.586575864, 42.940137562000075 ], [ 112.799060639, 42.691226825000058 ], [ 113.090468330000022, 42.339109198000074 ], [ 113.230101183000102, 42.065914487000043 ], [ 113.242243170000052, 41.701654872000063 ], [ 113.230101183000102, 41.428460161000089 ], [ 113.054042369000058, 41.149194457000078 ], [ 112.914409517000081, 41.088484521000055 ], [ 112.8774116620001, 40.963616763000061 ], [ 112.830521508000061, 40.95059172100008 ], [ 112.696287625000082, 40.922819193000066 ], [ 112.497251179000045, 40.922819193000066 ], [ 112.446334878000016, 40.922819193000066 ], [ 112.316729750000036, 40.927447948000065 ], [ 112.126950813, 40.941334211000083 ], [ 111.863111802000049, 41.006136775000073 ], [ 111.705734146000054, 41.010765530000072 ], [ 111.670182532000069, 41.010765530000072 ] ] ] ] } },
{ "type": "Feature", "properties": { "州镇": "武川镇" }, "geometry": { "type": "MultiPolygon", "coordinates": [ [ [ [ 110.665070119000063, 40.846366129000046 ], [ 110.645635078000055, 40.962976377000075 ], [ 110.630435457000033, 41.114972578000049 ], [ 110.516438306000055, 41.274568590000058 ], [ 110.220045713000047, 41.624159854000084 ], [ 109.876629294000054, 42.214570101000049 ], [ 109.722258152000052, 42.582685902000037 ], [ 109.651009932000079, 42.879553483000052 ], [ 109.556012306000071, 43.390165724000042 ], [ 109.511093808000055, 43.614758218000077 ], [ 109.644722966000074, 43.620444565000071 ], [ 110.098268873000052, 43.680472699000063 ], [ 110.358390790000044, 43.713821663000033 ], [ 110.416487693000079, 43.715204923000044 ], [ 110.567094558000065, 43.252626693000082 ], [ 110.567094558000065, 43.032548877000067 ], [ 111.06593760700008, 42.812471062000043 ], [ 111.137254557000063, 42.474666287000048 ], [ 111.25725858800007, 42.307759271000066 ], [ 111.399869012000067, 42.138739509000061 ], [ 111.526633834000052, 42.001410952000072 ], [ 111.500224496000044, 41.631680222000057 ], [ 111.542479437000054, 41.494351665000067 ], [ 111.648116788000038, 41.298922565000055 ], [ 111.722062935000054, 41.140466537000066 ], [ 111.670182532000069, 41.010765530000072 ], [ 111.552985245000059, 41.010765530000072 ], [ 111.474296418000051, 40.959849230000088 ], [ 111.386350081000046, 40.893010014000083 ], [ 111.23822993400006, 40.881160402000035 ], [ 111.113809011000058, 40.85746117900004 ], [ 111.010124909000069, 40.836724358000083 ], [ 110.894591195000032, 40.854498776000071 ], [ 110.805719107000073, 40.860423581000077 ], [ 110.716847019000056, 40.85746117900004 ], [ 110.665070119000063, 40.846366129000046 ] ] ] ] } },
{ "type": "Feature", "properties": { "州镇": "东豫州" }, "geometry": { "type": "MultiPolygon", "coordinates": [ [ [ [ 115.578996964, 32.423697909000055 ], [ 115.577930061000075, 32.423393080000039 ], [ 115.555373469000074, 32.411773017000087 ], [ 115.534867475000055, 32.411089484000058 ], [ 115.519829747000017, 32.415190682000059 ], [ 115.494539022000026, 32.428861345000087 ], [ 115.436559009, 32.444361688000072 ], [ 115.418920574000026, 32.444641663000084 ], [ 115.418080649000103, 32.435682458000088 ], [ 115.41136124500008, 32.435402483000075 ], [ 115.403521940000019, 32.432602731000088 ], [ 115.401562114000058, 32.426443278000079 ], [ 115.41136124500008, 32.414964296000051 ], [ 115.398202412000046, 32.409084818000053 ], [ 115.390363108000088, 32.412724495000077 ], [ 115.392322934000049, 32.417484073000082 ], [ 115.387843331, 32.43064290500007 ], [ 115.380563977000065, 32.435122508000063 ], [ 115.371604772000069, 32.427003228000046 ], [ 115.356206138000061, 32.422523626000043 ], [ 115.356766088000086, 32.416084197000089 ], [ 115.363765467, 32.411044644000071 ], [ 115.371044822000044, 32.406005091000054 ], [ 115.37356459800003, 32.395646010000064 ], [ 115.36096571600001, 32.380247376000057 ], [ 115.351166585000101, 32.373807947000046 ], [ 115.339407628, 32.371848121000085 ], [ 115.330168448000109, 32.369048370000087 ], [ 115.315049789, 32.364288792000082 ], [ 115.301051031000043, 32.365408693000063 ], [ 115.294611602000032, 32.364848742000049 ], [ 115.281452770000101, 32.35868928900004 ], [ 115.266334111000106, 32.356169512000065 ], [ 115.254575154, 32.359249239000064 ], [ 115.246175899000036, 32.358409314000085 ], [ 115.242256247, 32.351409935000049 ], [ 115.241416322000077, 32.339930953000078 ], [ 115.232457116000091, 32.336571251000066 ], [ 115.218747083000039, 32.344431335000081 ], [ 115.209642422, 32.341724544000044 ], [ 115.20078383300006, 32.344431335000081 ], [ 115.198323113000015, 32.344677407000063 ], [ 115.189956668000036, 32.359933866000063 ], [ 115.180852007, 32.359195650000061 ], [ 115.167564123000034, 32.360918153000057 ], [ 115.15132337700004, 32.362886729000081 ], [ 115.136066918000097, 32.366823880000084 ], [ 115.125731897000037, 32.373713893000058 ], [ 115.113920445000076, 32.377651044000061 ], [ 115.110721510000076, 32.372483534000082 ], [ 115.107276503000094, 32.358949578000079 ], [ 115.088575037000055, 32.345661694000057 ], [ 115.086606462000077, 32.339263825000046 ], [ 115.086606462000077, 32.326714157000083 ], [ 115.080208592000076, 32.315394848000039 ], [ 115.070611787000075, 32.30653625900004 ], [ 115.056585688000041, 32.30333732400004 ], [ 115.043297804000076, 32.304567684000062 ], [ 115.0251653790001, 32.303475740000067 ], [ 115.008632422, 32.304629202000058 ], [ 114.995944339000062, 32.305013689000077 ], [ 114.97671997000009, 32.308858563000058 ], [ 114.97671997000009, 32.302706765000039 ], [ 114.979026894000071, 32.294248043000039 ], [ 114.975182021000023, 32.291941119000057 ], [ 114.969030223, 32.287711757000068 ], [ 114.975182021000023, 32.278099573000077 ], [ 114.960955988000023, 32.273485725000057 ], [ 114.940578157, 32.279637523000076 ], [ 114.922122763000061, 32.282713422000086 ], [ 114.895208647, 32.296170480000058 ], [ 114.874830816000099, 32.301937790000068 ], [ 114.858297859, 32.302322278000076 ], [ 114.845225288000051, 32.304244714000049 ], [ 114.83138374300006, 32.310012025000049 ], [ 114.819849121000061, 32.304244714000049 ], [ 114.805238601000042, 32.295017018000067 ], [ 114.787875151000094, 32.306782331000079 ], [ 114.757006796000042, 32.319632754000054 ], [ 114.74782011100001, 32.314383219000035 ], [ 114.732508969000037, 32.323569904000067 ], [ 114.718947673, 32.320070215000044 ], [ 114.707573682000088, 32.300384461000078 ], [ 114.702324147000013, 32.290322854000067 ], [ 114.693137462000095, 32.286823164000054 ], [ 114.674764092000032, 32.289447931000041 ], [ 114.678263782000045, 32.295572388000039 ], [ 114.680013627000108, 32.306946379000067 ], [ 114.671701864000056, 32.310008607000043 ], [ 114.659890412000095, 32.304759073000071 ], [ 114.648078960000021, 32.306508918000077 ], [ 114.633642740000028, 32.313070836000065 ], [ 114.627955745, 32.307383840000057 ], [ 114.607395069000063, 32.302571767000074 ], [ 114.597333462000051, 32.308696224000073 ], [ 114.57633532400007, 32.309133685000063 ], [ 114.55971179900007, 32.30563399600004 ], [ 114.549212731000011, 32.289010470000051 ], [ 114.530839361000062, 32.289010470000051 ], [ 114.518590447000065, 32.299072078000052 ], [ 114.491467854, 32.299072078000052 ], [ 114.489718009000057, 32.287260626000034 ], [ 114.47834401800003, 32.287260626000034 ], [ 114.469594794000045, 32.29382254300009 ], [ 114.455158575000041, 32.289447931000041 ], [ 114.438535049000052, 32.282886014000042 ], [ 114.431973132000053, 32.290760315000057 ], [ 114.417099451000013, 32.280698708000045 ], [ 114.39610131400002, 32.290760315000057 ], [ 114.373353332000079, 32.293385082000043 ], [ 114.365041569000027, 32.307821301000047 ], [ 114.361979341000051, 32.316133064000041 ], [ 114.35104281100007, 32.32225752100004 ], [ 114.342731049, 32.336693740000044 ], [ 114.340543743000012, 32.352879804000054 ], [ 114.331794519000027, 32.368628407000074 ], [ 114.317358300000024, 32.373003019000066 ], [ 114.305109386000026, 32.369503329000054 ], [ 114.284986172, 32.37169063500005 ], [ 114.275362025000049, 32.385689393000064 ], [ 114.261800728000026, 32.389189083000076 ], [ 114.250426738000101, 32.393563695000068 ], [ 114.247364509000022, 32.407562453000082 ], [ 114.2294286, 32.416749138000057 ], [ 114.212805075, 32.414561832000061 ], [ 114.19311932200003, 32.426810745000068 ], [ 114.169058956000072, 32.431622818000051 ], [ 114.162504038000066, 32.439904484000067 ], [ 114.156658156000049, 32.451999411000088 ], [ 114.150005946000078, 32.459760322000079 ], [ 114.143503030000034, 32.460447250000072 ], [ 114.150594080000019, 32.480932505000055 ], [ 114.213560691, 32.522254343000043 ], [ 114.304075194, 32.543899116000034 ], [ 114.380815750000011, 32.551769942000078 ], [ 114.46936254600007, 32.575382421000086 ], [ 114.577586408, 32.618671966000079 ], [ 114.642520725000054, 32.642284445000087 ], [ 114.715325869000026, 32.60686572600008 ], [ 114.7841955990001, 32.608833433000086 ], [ 114.833388263000074, 32.626542792000066 ], [ 114.876677808000068, 32.673767750000081 ], [ 114.931773592000013, 32.693444816000067 ], [ 115.067545346000088, 32.697380229000089 ], [ 115.106899478000059, 32.683606283000074 ], [ 115.163962969000067, 32.683606283000074 ], [ 115.203317100000049, 32.656058391000045 ], [ 115.20134939400009, 32.626542792000066 ], [ 115.211187927000083, 32.614736552000068 ], [ 115.226929579000057, 32.600962606000053 ], [ 115.276122244000021, 32.593091780000066 ], [ 115.287928483000087, 32.593091780000066 ], [ 115.29776701600008, 32.571447008000064 ], [ 115.29776701600008, 32.567511595000042 ], [ 115.327282615000058, 32.559640768000065 ], [ 115.390249225000048, 32.567511595000042 ], [ 115.413861704000055, 32.555705355000043 ], [ 115.423700237000048, 32.536028289000058 ], [ 115.508311620000086, 32.504544984000063 ], [ 115.510279327000035, 32.500609571000041 ], [ 115.571278231000065, 32.44354608000009 ], [ 115.578996964, 32.423697909000055 ] ] ] ] } }
]
}
