{
"type": "FeatureCollection",
"name": "行省",
"crs": { "type": "name", "properties": { "name": "urn:ogc:def:crs:OGC:1.3:CRS84" } },
"features": [
{ "type": "Feature", "properties": { "Name": "辽阳行省" }, "geometry": { "type": "MultiPolygon", "coordinates": [ [ [ [ 121.831, 38.8597 ], [ 121.8266, 38.8589 ], [ 121.8231, 38.86 ], [ 121.8206, 38.8648 ], [ 121.8201, 38.8749 ], [ 121.8262, 38.8782 ], [ 121.8214, 38.8841 ], [ 121.8245, 38.8891 ], [ 121.8333, 38.8888 ], [ 121.8343, 38.8831 ], [ 121.8321, 38.8755 ], [ 121.8373, 38.868 ], [ 121.831, 38.8597 ] ] ], [ [ [ 122.724000001000036, 39.0457 ], [ 122.732, 39.0324 ], [ 122.7361, 39.0313 ], [ 122.743700000000104, 39.0352 ], [ 122.7467, 39.033 ], [ 122.7509, 39.0222 ], [ 122.754100000000108, 39.0193 ], [ 122.7606, 39.0207 ], [ 122.7623, 39.0188 ], [ 122.7615, 39.0117 ], [ 122.7586, 39.0081 ], [ 122.7524, 39.0076 ], [ 122.732900001000075, 39.0132 ], [ 122.7313, 39.0137 ], [ 122.713, 39.0221 ], [ 122.719700000000103, 39.026200001000063 ], [ 122.7073, 39.0399 ], [ 122.7105, 39.0422 ], [ 122.7173, 39.042 ], [ 122.7208, 39.047 ], [ 122.724000001000036, 39.0457 ] ] ], [ [ [ 122.8265, 39.0342 ], [ 122.8241, 39.0333 ], [ 122.8179, 39.0408 ], [ 122.818800001, 39.044 ], [ 122.8264, 39.0474 ], [ 122.8281, 39.0532 ], [ 122.8325, 39.0521 ], [ 122.8387, 39.0447 ], [ 122.837300001000017, 39.0427 ], [ 122.8299, 39.0399 ], [ 122.8265, 39.0342 ] ] ], [ [ [ 122.867399999000099, 39.0631 ], [ 122.8718, 39.059 ], [ 122.8794, 39.0577 ], [ 122.871, 39.0462 ], [ 122.865399999000033, 39.048 ], [ 122.8624, 39.056 ], [ 122.8553, 39.0615 ], [ 122.8577, 39.0627 ], [ 122.8636, 39.0606 ], [ 122.867399999000099, 39.0631 ] ] ], [ [ [ 122.808000001000096, 39.0753 ], [ 122.8115, 39.0714 ], [ 122.8171, 39.0692 ], [ 122.8154, 39.0648 ], [ 122.8113, 39.0641 ], [ 122.8051, 39.0666 ], [ 122.7902, 39.0675 ], [ 122.785399999000106, 39.072 ], [ 122.7895, 39.0741 ], [ 122.7992, 39.0739 ], [ 122.8045, 39.076 ], [ 122.808000001000096, 39.0753 ] ] ], [ [ [ 123.1725, 39.0781 ], [ 123.190700000000106, 39.0733 ], [ 123.191, 39.0656 ], [ 123.1978, 39.0582 ], [ 123.1952, 39.0511 ], [ 123.1896, 39.0466 ], [ 123.172600000000102, 39.0372 ], [ 123.1568, 39.0248 ], [ 123.1518, 39.025 ], [ 123.147099999000034, 39.0275 ], [ 123.1412, 39.0387 ], [ 123.147, 39.0529 ], [ 123.1441, 39.0564 ], [ 123.1508, 39.0639 ], [ 123.1561, 39.0616 ], [ 123.162, 39.0527 ], [ 123.166700000000105, 39.0514 ], [ 123.1687, 39.0543 ], [ 123.1655, 39.0658 ], [ 123.159000000000106, 39.0708 ], [ 123.1476, 39.0747 ], [ 123.1412, 39.0734 ], [ 123.1385, 39.0729 ], [ 123.1382, 39.0788 ], [ 123.1329, 39.0822 ], [ 123.1335, 39.0838 ], [ 123.1364, 39.0843 ], [ 123.1584, 39.0784 ], [ 123.1725, 39.0781 ] ] ], [ [ [ 121.1669, 39.0839 ], [ 121.155600001000039, 39.0779 ], [ 121.1574, 39.0887 ], [ 121.1653, 39.0896 ], [ 121.1733, 39.0867 ], [ 121.1731, 39.0847 ], [ 121.1669, 39.0839 ] ] ], [ [ [ 123.1799, 39.0848 ], [ 123.1763, 39.0827 ], [ 123.1696, 39.093 ], [ 123.174, 39.0935 ], [ 123.179, 39.0919 ], [ 123.1807, 39.088 ], [ 123.1799, 39.0848 ] ] ], [ [ [ 122.4269, 39.1642 ], [ 122.4237, 39.1631 ], [ 122.4157, 39.169 ], [ 122.4074, 39.1701 ], [ 122.4033, 39.173 ], [ 122.4065, 39.1767 ], [ 122.41349999900001, 39.177 ], [ 122.4197, 39.1713 ], [ 122.4259, 39.1704 ], [ 122.4289, 39.167 ], [ 122.4269, 39.1642 ] ] ], [ [ [ 121.578400000000101, 39.1805 ], [ 121.574, 39.1788 ], [ 121.5672, 39.1822 ], [ 121.566800001000047, 39.1876 ], [ 121.5762, 39.1859 ], [ 121.5792, 39.1825 ], [ 121.578400000000101, 39.1805 ] ] ], [ [ [ 121.4929, 39.191 ], [ 121.4897, 39.1896 ], [ 121.485899999000026, 39.19 ], [ 121.482799999, 39.1938 ], [ 121.4854, 39.198 ], [ 121.4973, 39.2025 ], [ 121.4998, 39.1988 ], [ 121.496, 39.1965 ], [ 121.4929, 39.191 ] ] ], [ [ [ 121.4749, 39.182 ], [ 121.4711, 39.1815 ], [ 121.460899999000048, 39.1896 ], [ 121.445700000000102, 39.1985 ], [ 121.4559, 39.2026 ], [ 121.4588, 39.2012 ], [ 121.4605, 39.1951 ], [ 121.472400000000107, 39.1886 ], [ 121.47599999900001, 39.1836 ], [ 121.4749, 39.182 ] ] ], [ [ [ 122.390599999000074, 39.1997 ], [ 122.3846, 39.1887 ], [ 122.3981, 39.1608 ], [ 122.3949, 39.1585 ], [ 122.3796, 39.1609 ], [ 122.3772, 39.1682 ], [ 122.3733, 39.1701 ], [ 122.3683, 39.1696 ], [ 122.363700000000108, 39.167 ], [ 122.3609, 39.1507 ], [ 122.3399, 39.1403 ], [ 122.3346, 39.1432 ], [ 122.3253, 39.1537 ], [ 122.3232, 39.1544 ], [ 122.3165, 39.1568 ], [ 122.3146, 39.1653 ], [ 122.320099999000035, 39.171 ], [ 122.3165, 39.1772 ], [ 122.3177, 39.1797 ], [ 122.3285, 39.1805 ], [ 122.3378, 39.189 ], [ 122.3457, 39.1911 ], [ 122.3468, 39.1992 ], [ 122.348600001000023, 39.2005 ], [ 122.3624, 39.1981 ], [ 122.3756, 39.2021 ], [ 122.3793, 39.2067 ], [ 122.3884, 39.2081 ], [ 122.3987, 39.2139 ], [ 122.40419999900007, 39.2147 ], [ 122.4066, 39.2122 ], [ 122.403099999, 39.2082 ], [ 122.4009, 39.2077 ], [ 122.3914, 39.2052 ], [ 122.390599999000074, 39.1997 ] ] ], [ [ [ 122.609399999000061, 39.2202 ], [ 122.6121, 39.2164 ], [ 122.6072, 39.2095 ], [ 122.5952, 39.2025 ], [ 122.5919, 39.2032 ], [ 122.589, 39.2075 ], [ 122.5948, 39.2105 ], [ 122.593000001000064, 39.2156 ], [ 122.594800001000067, 39.2181 ], [ 122.603300000000104, 39.217 ], [ 122.603, 39.2197 ], [ 122.6059, 39.222 ], [ 122.609399999000061, 39.2202 ] ] ], [ [ [ 122.8065, 39.2218 ], [ 122.8018, 39.2199 ], [ 122.7894, 39.221 ], [ 122.779400001, 39.2162 ], [ 122.7676, 39.2214 ], [ 122.7703, 39.2255 ], [ 122.7717, 39.2271 ], [ 122.7764, 39.2283 ], [ 122.7861, 39.2261 ], [ 122.801699999000107, 39.2259 ], [ 122.8065, 39.2218 ] ] ], [ [ [ 122.4371000000001, 39.2199 ], [ 122.4328, 39.2151 ], [ 122.4289, 39.2139 ], [ 122.4242, 39.2194 ], [ 122.418, 39.2186 ], [ 122.4174, 39.2218 ], [ 122.42, 39.2239 ], [ 122.4268, 39.2249 ], [ 122.431399999000064, 39.2306 ], [ 122.4399, 39.2305 ], [ 122.4471, 39.223 ], [ 122.4371000000001, 39.2199 ] ] ], [ [ [ 122.7711, 39.231 ], [ 122.7705, 39.2273 ], [ 122.7592, 39.2254 ], [ 122.756799999, 39.2272 ], [ 122.7568, 39.2309 ], [ 122.758499999000037, 39.2319 ], [ 122.7639, 39.2305 ], [ 122.7669, 39.2319 ], [ 122.7711, 39.231 ] ] ], [ [ [ 122.5149, 39.2323 ], [ 122.537, 39.2299 ], [ 122.5437, 39.232 ], [ 122.5464, 39.2272 ], [ 122.5362, 39.2192 ], [ 122.5321, 39.2187 ], [ 122.522399999000072, 39.2188 ], [ 122.5136, 39.2208 ], [ 122.5018, 39.2199 ], [ 122.4917, 39.228 ], [ 122.4923, 39.2315 ], [ 122.495199999000079, 39.2329 ], [ 122.5149, 39.2323 ] ] ], [ [ [ 122.7336, 39.2483 ], [ 122.7313, 39.2423 ], [ 122.736000000000104, 39.2428 ], [ 122.7375, 39.2359 ], [ 122.7408, 39.2314 ], [ 122.747600001000023, 39.2289 ], [ 122.747, 39.2273 ], [ 122.7324, 39.2199 ], [ 122.7227, 39.2176 ], [ 122.7262, 39.2132 ], [ 122.709800001000076, 39.2109 ], [ 122.7022, 39.2044 ], [ 122.6954, 39.2033 ], [ 122.6899, 39.1968 ], [ 122.6867, 39.1984 ], [ 122.689200001000017, 39.2083 ], [ 122.7023, 39.2218 ], [ 122.7011, 39.225 ], [ 122.698, 39.2269 ], [ 122.697299999000052, 39.2273 ], [ 122.6876, 39.2305 ], [ 122.674400000000105, 39.2249 ], [ 122.6723, 39.229 ], [ 122.6691, 39.2295 ], [ 122.662299999000084, 39.2271 ], [ 122.6529, 39.228 ], [ 122.6447, 39.2238 ], [ 122.6329, 39.2231 ], [ 122.6303, 39.2242 ], [ 122.6311, 39.2272 ], [ 122.627, 39.2315 ], [ 122.6314, 39.2348 ], [ 122.6378, 39.2366 ], [ 122.6678, 39.2361 ], [ 122.6937, 39.2403 ], [ 122.698400000000106, 39.2404 ], [ 122.7104, 39.2406 ], [ 122.720499999000026, 39.2388 ], [ 122.7248, 39.2416 ], [ 122.730100000000107, 39.2499 ], [ 122.7327, 39.2499 ], [ 122.7336, 39.2483 ] ] ], [ [ [ 122.4324, 39.2673 ], [ 122.4357, 39.2634 ], [ 122.45549999900004, 39.256 ], [ 122.4529, 39.2532 ], [ 122.4447, 39.2525 ], [ 122.433100001000071, 39.2597 ], [ 122.4243, 39.2603 ], [ 122.4201, 39.2635 ], [ 122.421, 39.2651 ], [ 122.4281, 39.2649 ], [ 122.4324, 39.2673 ] ] ], [ [ [ 122.3029, 39.2714 ], [ 122.2951, 39.2619 ], [ 122.2886, 39.2674 ], [ 122.2844, 39.2678 ], [ 122.2826, 39.2717 ], [ 122.2837, 39.2753 ], [ 122.3002, 39.2734 ], [ 122.3029, 39.2714 ] ] ], [ [ [ 122.5451, 39.3002 ], [ 122.544, 39.2929 ], [ 122.548500000000104, 39.2849 ], [ 122.5509, 39.2847 ], [ 122.554400000000101, 39.2868 ], [ 122.553400001, 39.2911 ], [ 122.5572, 39.2934 ], [ 122.5592, 39.3019 ], [ 122.561599999, 39.3026 ], [ 122.564, 39.3001 ], [ 122.5652, 39.2907 ], [ 122.578, 39.2814 ], [ 122.586, 39.2787 ], [ 122.600700001000064, 39.2763 ], [ 122.6139, 39.2759 ], [ 122.6248, 39.2784 ], [ 122.635000000000105, 39.2854 ], [ 122.643600000000106, 39.2824 ], [ 122.649500000000103, 39.2767 ], [ 122.672, 39.2688 ], [ 122.6843, 39.2677 ], [ 122.6855, 39.2659 ], [ 122.675600001000021, 39.2583 ], [ 122.6671, 39.2542 ], [ 122.6429, 39.2621 ], [ 122.613700000000108, 39.2644 ], [ 122.6046, 39.2674 ], [ 122.590299999000081, 39.2662 ], [ 122.5896, 39.2661 ], [ 122.5867, 39.2631 ], [ 122.5891, 39.257 ], [ 122.583, 39.2519 ], [ 122.577999999000099, 39.2526 ], [ 122.573800001, 39.2564 ], [ 122.5758, 39.2624 ], [ 122.5699, 39.2667 ], [ 122.562499999000011, 39.269 ], [ 122.5522, 39.2696 ], [ 122.5297, 39.2814 ], [ 122.512, 39.2826 ], [ 122.494299999000077, 39.2914 ], [ 122.4981, 39.2947 ], [ 122.5084, 39.2954 ], [ 122.5183, 39.3033 ], [ 122.524500000000103, 39.2973 ], [ 122.5301, 39.2981 ], [ 122.5338, 39.3001 ], [ 122.5395, 39.3034 ], [ 122.5424, 39.3027 ], [ 122.5451, 39.3002 ] ] ], [ [ [ 121.6904, 39.2895 ], [ 121.6869, 39.2892 ], [ 121.6835, 39.2942 ], [ 121.6725, 39.3028 ], [ 121.6736, 39.3053 ], [ 121.6795, 39.3029 ], [ 121.6877, 39.2945 ], [ 121.6904, 39.2895 ] ] ], [ [ [ 121.5518, 39.3126 ], [ 121.5481, 39.3091 ], [ 121.5456, 39.3132 ], [ 121.5499, 39.3204 ], [ 121.5546, 39.32 ], [ 121.5518, 39.3126 ] ] ], [ [ [ 121.7385, 39.3258 ], [ 121.744, 39.316 ], [ 121.742, 39.3135 ], [ 121.7364, 39.3168 ], [ 121.7296, 39.3158 ], [ 121.727500001000067, 39.3183 ], [ 121.728900001000056, 39.3227 ], [ 121.7222, 39.332 ], [ 121.7298, 39.3341 ], [ 121.738999999000043, 39.3313 ], [ 121.7402, 39.3292 ], [ 121.7385, 39.3258 ] ] ], [ [ [ 122.3458, 39.3248 ], [ 122.3414, 39.3238 ], [ 122.341, 39.3302 ], [ 122.3463, 39.3335 ], [ 122.349400001000049, 39.3415 ], [ 122.3526, 39.3441 ], [ 122.3559, 39.3381 ], [ 122.35310000100003, 39.3296 ], [ 122.348399999000094, 39.3282 ], [ 122.3458, 39.3248 ] ] ], [ [ [ 121.7524, 39.3653 ], [ 121.7504, 39.3635 ], [ 121.7466, 39.3643 ], [ 121.7399, 39.3729 ], [ 121.7421, 39.3796 ], [ 121.7454, 39.3774 ], [ 121.7524, 39.3653 ] ] ], [ [ [ 121.4789, 39.4052 ], [ 121.4775, 39.4036 ], [ 121.4633, 39.4048 ], [ 121.4626, 39.4089 ], [ 121.456, 39.4152 ], [ 121.4574, 39.4182 ], [ 121.4632, 39.4194 ], [ 121.4789, 39.4052 ] ] ], [ [ [ 123.057400001000019, 39.4446 ], [ 123.0678, 39.4423 ], [ 123.083100001000048, 39.4424 ], [ 123.0967, 39.4353 ], [ 123.093800000000101, 39.4323 ], [ 123.08280000100001, 39.4343 ], [ 123.0808, 39.4318 ], [ 123.0838, 39.4236 ], [ 123.0826, 39.4202 ], [ 123.0779, 39.4183 ], [ 123.073400001000095, 39.4197 ], [ 123.0722, 39.4266 ], [ 123.065700000000106, 39.4297 ], [ 123.0637, 39.4256 ], [ 123.0619, 39.4256 ], [ 123.049799999000015, 39.4377 ], [ 123.0507, 39.4439 ], [ 123.057400001000019, 39.4446 ] ] ], [ [ [ 123.0623, 39.4821 ], [ 123.06090000100005, 39.4792 ], [ 123.0585, 39.4798 ], [ 123.0537, 39.4945 ], [ 123.0584, 39.4997 ], [ 123.0641, 39.4991 ], [ 123.0655, 39.4966 ], [ 123.0602, 39.4876 ], [ 123.0623, 39.4821 ] ] ], [ [ [ 122.9863, 39.5282 ], [ 122.9913, 39.5278 ], [ 122.9934, 39.5326 ], [ 122.9922, 39.5387 ], [ 122.991900000000101, 39.5408 ], [ 122.9933, 39.5447 ], [ 123.0066, 39.5433 ], [ 123.0226, 39.5381 ], [ 123.03, 39.5274 ], [ 123.0303, 39.5235 ], [ 123.0, 39.4978 ], [ 122.9909, 39.4941 ], [ 122.98, 39.4939 ], [ 122.9755, 39.4964 ], [ 122.9642, 39.5142 ], [ 122.953900001000079, 39.5165 ], [ 122.9474, 39.5142 ], [ 122.9432, 39.5169 ], [ 122.9547, 39.5336 ], [ 122.9606, 39.5373 ], [ 122.9653, 39.5449 ], [ 122.9726, 39.549 ], [ 122.9756, 39.549 ], [ 122.9789, 39.5364 ], [ 122.9854, 39.5362 ], [ 122.9863, 39.5282 ] ] ], [ [ [ 123.0287, 39.6436 ], [ 123.0364, 39.6415 ], [ 123.0441, 39.6434 ], [ 123.0456, 39.6415 ], [ 123.0388, 39.6379 ], [ 123.033100000000104, 39.6372 ], [ 123.029, 39.6401 ], [ 123.0287, 39.6436 ] ] ], [ [ [ 121.4553, 39.6456 ], [ 121.469900001000042, 39.6421 ], [ 121.4778, 39.6443 ], [ 121.4797, 39.6393 ], [ 121.4855, 39.6325 ], [ 121.498, 39.6297 ], [ 121.510699999000053, 39.6191 ], [ 121.5163, 39.6213 ], [ 121.5231, 39.6186 ], [ 121.5253, 39.6129 ], [ 121.537499999000033, 39.5957 ], [ 121.53290000100003, 39.5808 ], [ 121.5346, 39.5739 ], [ 121.5352, 39.571699999000089 ], [ 121.526, 39.5583 ], [ 121.5179, 39.5513 ], [ 121.510000000000105, 39.5475 ], [ 121.5033, 39.5465 ], [ 121.4967, 39.5496 ], [ 121.4857, 39.5403 ], [ 121.4733, 39.5262 ], [ 121.4668, 39.5263 ], [ 121.4568, 39.5241 ], [ 121.450400001000048, 39.5211 ], [ 121.4413, 39.5097 ], [ 121.42700000100001, 39.5031 ], [ 121.4128, 39.5038 ], [ 121.4053, 39.5058 ], [ 121.390300001000014, 39.5154 ], [ 121.382, 39.5185 ], [ 121.3762, 39.5152 ], [ 121.3697, 39.5146 ], [ 121.361000000000104, 39.52 ], [ 121.347400000000107, 39.5191 ], [ 121.3386, 39.5167 ], [ 121.3328, 39.5122 ], [ 121.3347, 39.5074 ], [ 121.3339, 39.5047 ], [ 121.3232, 39.5015 ], [ 121.314, 39.4987 ], [ 121.307, 39.4937 ], [ 121.3037, 39.4866 ], [ 121.2957, 39.4997 ], [ 121.289900001000092, 39.5042 ], [ 121.2816, 39.5078 ], [ 121.2724, 39.5085 ], [ 121.253900001000034, 39.505 ], [ 121.2447, 39.5083 ], [ 121.2373, 39.5091 ], [ 121.2287, 39.5074 ], [ 121.2269, 39.5087 ], [ 121.2249, 39.5176 ], [ 121.2282, 39.5275 ], [ 121.2262, 39.5343 ], [ 121.2291, 39.5364 ], [ 121.2308, 39.5363 ], [ 121.2401, 39.5355 ], [ 121.2468, 39.537 ], [ 121.2538, 39.5423 ], [ 121.2614, 39.5546 ], [ 121.270299999000031, 39.5634 ], [ 121.2779, 39.5672 ], [ 121.2911, 39.5697 ], [ 121.2961, 39.573 ], [ 121.2989, 39.579 ], [ 121.29479999900002, 39.586 ], [ 121.3025, 39.5966 ], [ 121.3104, 39.5892 ], [ 121.3155, 39.587 ], [ 121.3364, 39.5921 ], [ 121.3375, 39.5923 ], [ 121.352, 39.594 ], [ 121.388, 39.5952 ], [ 121.408, 39.5975 ], [ 121.4142, 39.5997 ], [ 121.418500000000108, 39.605 ], [ 121.4229, 39.6067 ], [ 121.4377, 39.6067 ], [ 121.450800001000061, 39.6117 ], [ 121.4567, 39.6154 ], [ 121.459700001000101, 39.6228 ], [ 121.4604, 39.6306 ], [ 121.457700001000035, 39.6346 ], [ 121.4506, 39.6387 ], [ 121.447500000000105, 39.6404 ], [ 121.4553, 39.6456 ] ] ], [ [ [ 121.511, 39.6317 ], [ 121.508, 39.6312 ], [ 121.496900001000085, 39.6391 ], [ 121.4973, 39.6453 ], [ 121.4996000000001, 39.6485 ], [ 121.5055, 39.6493 ], [ 121.5074, 39.6468 ], [ 121.5051, 39.6428 ], [ 121.5058, 39.6394 ], [ 121.510000000000105, 39.6356 ], [ 121.511, 39.6317 ] ] ], [ [ [ 123.7565, 39.7468 ], [ 123.7544, 39.7409 ], [ 123.7499, 39.7405 ], [ 123.7414, 39.7446 ], [ 123.732199999000045, 39.7453 ], [ 123.728, 39.744 ], [ 123.72180000100002, 39.7383 ], [ 123.717, 39.7378 ], [ 123.714700000000107, 39.7404 ], [ 123.717700001000026, 39.7452 ], [ 123.7355, 39.7558 ], [ 123.7402, 39.7572 ], [ 123.754100000000108, 39.7507 ], [ 123.7565, 39.7468 ] ] ], [ [ [ 123.6017, 39.7725 ], [ 123.5967, 39.7712 ], [ 123.5937, 39.7725 ], [ 123.5839, 39.7728 ], [ 123.5807, 39.7751 ], [ 123.5834, 39.7781 ], [ 123.610100000000102, 39.7899 ], [ 123.618700000000104, 39.7889 ], [ 123.6219, 39.7864 ], [ 123.6121, 39.782600001000048 ], [ 123.6017, 39.7725 ] ] ], [ [ [ 123.816600000000108, 39.7928 ], [ 123.819299999, 39.7914 ], [ 123.8255, 39.7923 ], [ 123.827, 39.79 ], [ 123.8248, 39.782899999000051 ], [ 123.8219, 39.782 ], [ 123.8168, 39.783 ], [ 123.8127, 39.7864 ], [ 123.813000001000091, 39.7907 ], [ 123.816600000000108, 39.7928 ] ] ], [ [ [ 120.6127, 40.3879 ], [ 120.6098, 40.3865 ], [ 120.6065, 40.3884 ], [ 120.606000000000108, 40.391 ], [ 120.6108, 40.3984 ], [ 120.6155, 40.4001 ], [ 120.617, 40.3946 ], [ 120.6127, 40.3879 ] ] ], [ [ [ 120.8264, 40.5026 ], [ 120.8277, 40.493 ], [ 120.8258, 40.4881 ], [ 120.8218, 40.4823 ], [ 120.8, 40.4812 ], [ 120.795000001000062, 40.4792 ], [ 120.7934, 40.4737 ], [ 120.789900000000102, 40.4695 ], [ 120.782200000000103, 40.4687 ], [ 120.7734, 40.4728 ], [ 120.772500001000026, 40.4797 ], [ 120.7751, 40.4891 ], [ 120.7811, 40.4908 ], [ 120.7912, 40.4903 ], [ 120.7928, 40.4902 ], [ 120.7953, 40.4934 ], [ 120.7918, 40.5004 ], [ 120.7942, 40.5071 ], [ 120.806099999000025, 40.5026 ], [ 120.808000000000106, 40.5072 ], [ 120.8055, 40.5174 ], [ 120.819899999000086, 40.5095 ], [ 120.8264, 40.5026 ] ] ], [ [ [ 121.8, 40.9265 ], [ 121.79550000100005, 40.9257 ], [ 121.7938, 40.9321 ], [ 121.7962, 40.9356 ], [ 121.803, 40.9425 ], [ 121.8083, 40.9437 ], [ 121.8074, 40.9314 ], [ 121.8, 40.9265 ] ] ], [ [ [ 137.4209, 55.97 ], [ 137.416500002000021, 55.9635 ], [ 137.4097, 55.9615 ], [ 137.4073, 55.9608 ], [ 137.4012, 55.9569 ], [ 137.395800001, 55.9443 ], [ 137.390300001000014, 55.9415 ], [ 137.3837, 55.9406 ], [ 137.377300001000094, 55.9417 ], [ 137.351, 55.955199999000058 ], [ 137.352399999, 55.9604 ], [ 137.3488, 55.965 ], [ 137.3111, 55.9626 ], [ 137.2989, 55.9584 ], [ 137.2844, 55.9482 ], [ 137.2661, 55.9296 ], [ 137.2554, 55.9187 ], [ 137.23950000100001, 55.90990000100004 ], [ 137.218300002000092, 55.901 ], [ 137.195800001000066, 55.8951 ], [ 137.1865, 55.8867 ], [ 137.1807, 55.8862 ], [ 137.1713, 55.889 ], [ 137.1648, 55.889 ], [ 137.1542, 55.8845 ], [ 137.1382, 55.8665 ], [ 137.127500001000044, 55.8609 ], [ 137.1179, 55.857600001000037 ], [ 137.1063, 55.85649999900005 ], [ 137.1052, 55.8564 ], [ 137.0951, 55.852800001000048 ], [ 137.0881, 55.8471 ], [ 137.08, 55.8343 ], [ 137.064200001000017, 55.817899999000076 ], [ 137.053900001000102, 55.798800001000075 ], [ 137.0566, 55.7853 ], [ 137.0515, 55.7825 ], [ 137.035700001, 55.782300001000067 ], [ 137.028200001000073, 55.7795 ], [ 137.02010000100006, 55.78 ], [ 137.0051, 55.788 ], [ 136.9963, 55.7891 ], [ 136.986199999000064, 55.7873 ], [ 136.959999999000047, 55.7825 ], [ 136.934700002, 55.7716 ], [ 136.923500000000104, 55.7728 ], [ 136.9161, 55.7714 ], [ 136.908299999000064, 55.766 ], [ 136.893200001000082, 55.7427 ], [ 136.8634, 55.7344 ], [ 136.8289, 55.7109 ], [ 136.807900001, 55.6965 ], [ 136.8019, 55.6889 ], [ 136.796500001000027, 55.669 ], [ 136.7973, 55.6555 ], [ 136.794199999000057, 55.652 ], [ 136.786500001000036, 55.651500001000045 ], [ 136.781099999000048, 55.6537 ], [ 136.775400000000104, 55.6539 ], [ 136.7664, 55.6473 ], [ 136.7617, 55.6399 ], [ 136.7563, 55.6384 ], [ 136.7534, 55.6469 ], [ 136.7339, 55.6539 ], [ 136.7234, 55.659400001000051 ], [ 136.712499999000102, 55.658800001000031 ], [ 136.679499999000086, 55.6417 ], [ 136.6553, 55.6321 ], [ 136.638400001000036, 55.623 ], [ 136.626400000000103, 55.6135 ], [ 136.6009, 55.6078 ], [ 136.5901, 55.6083 ], [ 136.578800001000104, 55.613400001000059 ], [ 136.5559, 55.6147 ], [ 136.547700001000067, 55.5884 ], [ 136.541300001000081, 55.5793 ], [ 136.5358, 55.5762 ], [ 136.5284, 55.57430000100004 ], [ 136.488900001000047, 55.5784 ], [ 136.4816, 55.578100001000053 ], [ 136.4676, 55.5739 ], [ 136.4459, 55.5745 ], [ 136.4316, 55.5671 ], [ 136.413300001000039, 55.549 ], [ 136.4059, 55.5417 ], [ 136.4024, 55.5338 ], [ 136.395, 55.5315 ], [ 136.381, 55.5325 ], [ 136.3732, 55.5304 ], [ 136.361900000000105, 55.5241 ], [ 136.3494, 55.5137 ], [ 136.338700001, 55.49980000100004 ], [ 136.3265, 55.4771 ], [ 136.306599999000014, 55.453600001000041 ], [ 136.305200001, 55.4492 ], [ 136.303999999000098, 55.445000001000039 ], [ 136.307899999000028, 55.428 ], [ 136.305500001000041, 55.4226 ], [ 136.299999999000079, 55.4191 ], [ 136.270600001000048, 55.4118 ], [ 136.2615, 55.4082 ], [ 136.2391, 55.3717 ], [ 136.2209, 55.3532 ], [ 136.2088, 55.3469 ], [ 136.203800001000104, 55.3443 ], [ 136.1924, 55.3409 ], [ 136.186900001000026, 55.3367 ], [ 136.184100001000047, 55.327 ], [ 136.181200001000093, 55.3243 ], [ 136.1823, 55.3186 ], [ 136.179300001, 55.3154 ], [ 136.1675, 55.3123 ], [ 136.161100001000023, 55.307 ], [ 136.1516, 55.3024 ], [ 136.147500001000026, 55.2966 ], [ 136.1489, 55.2883 ], [ 136.1451, 55.285 ], [ 136.135000001000094, 55.2839 ], [ 136.114000001000022, 55.285500001000059 ], [ 136.0974, 55.2831 ], [ 136.0754, 55.2834 ], [ 136.066, 55.2802 ], [ 136.065399999000078, 55.2797 ], [ 136.057999999, 55.2738 ], [ 136.048200001000055, 55.2589 ], [ 136.0303, 55.249500001000058 ], [ 135.994000001000018, 55.2442 ], [ 135.9786, 55.2345 ], [ 135.962000001000092, 55.2308 ], [ 135.9598, 55.2278 ], [ 135.9607, 55.2233 ], [ 135.953800001000104, 55.2156 ], [ 135.923700002000032, 55.2019 ], [ 135.920800001000089, 55.1969 ], [ 135.9156, 55.1882 ], [ 135.9049, 55.1832 ], [ 135.884999999, 55.177 ], [ 135.875200002000042, 55.168100001000084 ], [ 135.8688, 55.1666 ], [ 135.850899999000035, 55.1684 ], [ 135.8181, 55.1789 ], [ 135.815599999000028, 55.1764 ], [ 135.8176, 55.17 ], [ 135.813999999000089, 55.164100001000065 ], [ 135.78920000100004, 55.1505 ], [ 135.7718, 55.1451 ], [ 135.767700000000104, 55.1409 ], [ 135.756000001000075, 55.128800001000059 ], [ 135.749400001000026, 55.1251 ], [ 135.736900000000105, 55.123 ], [ 135.6965, 55.1058 ], [ 135.6897, 55.106200001000047 ], [ 135.6756, 55.1152 ], [ 135.672000001000015, 55.1157 ], [ 135.660800001000098, 55.1088 ], [ 135.6462, 55.1096 ], [ 135.6369, 55.1084 ], [ 135.612600001000033, 55.1002 ], [ 135.599, 55.0989 ], [ 135.592800002000104, 55.096 ], [ 135.585500001000014, 55.0925 ], [ 135.5513, 55.085900001000084 ], [ 135.5299, 55.073 ], [ 135.467999999000085, 55.0463 ], [ 135.457100001000072, 55.0223 ], [ 135.4523, 55.0206 ], [ 135.4424, 55.0222 ], [ 135.4376, 55.0207 ], [ 135.416999999000041, 55.0073 ], [ 135.4022, 55.0 ], [ 135.3929, 54.9954 ], [ 135.3643, 54.9875 ], [ 135.3455, 54.9767 ], [ 135.3264, 54.959900001000051 ], [ 135.299600001000044, 54.9469 ], [ 135.293900001, 54.9376 ], [ 135.287, 54.9343 ], [ 135.2868, 54.9337 ], [ 135.2839, 54.927700001000062 ], [ 135.279099999000096, 54.925500001000046 ], [ 135.2707, 54.9252 ], [ 135.2642, 54.9221 ], [ 135.2632, 54.908899999000084 ], [ 135.2567, 54.9065 ], [ 135.2373, 54.9061 ], [ 135.2276, 54.9024 ], [ 135.227400001000092, 54.890300001000071 ], [ 135.220500001, 54.8873 ], [ 135.209500001000038, 54.889 ], [ 135.20620000100007, 54.885 ], [ 135.21, 54.857100001000049 ], [ 135.203200001000027, 54.856 ], [ 135.1934000010001, 54.8585 ], [ 135.1824, 54.852 ], [ 135.1782, 54.8218 ], [ 135.181300002000057, 54.8121 ], [ 135.1919, 54.794800001000056 ], [ 135.237400001000083, 54.7557 ], [ 135.242400001000078, 54.7458 ], [ 135.243, 54.745500001000039 ], [ 135.2711, 54.7289 ], [ 135.2722, 54.7271 ], [ 135.2673, 54.7246 ], [ 135.258199999, 54.7227 ], [ 135.2556, 54.7189 ], [ 135.2605, 54.7136 ], [ 135.2626, 54.7158 ], [ 135.275, 54.7202 ], [ 135.2829, 54.7205 ], [ 135.289400001000104, 54.717200001000037 ], [ 135.302600001000087, 54.713100001000043 ], [ 135.304700001000015, 54.7146 ], [ 135.3251, 54.713100001000043 ], [ 135.338300001, 54.710200001000032 ], [ 135.385600001000057, 54.6947 ], [ 135.4606, 54.6822 ], [ 135.504, 54.673 ], [ 135.5365, 54.6661 ], [ 135.5613, 54.659 ], [ 135.573400001000095, 54.6568 ], [ 135.5906, 54.656 ], [ 135.595600001000093, 54.6536 ], [ 135.609200000000101, 54.651 ], [ 135.628599999000016, 54.6527 ], [ 135.6347, 54.6555 ], [ 135.646900001000063, 54.656 ], [ 135.6778, 54.6451 ], [ 135.68450000100006, 54.644 ], [ 135.701900001000013, 54.6412 ], [ 135.7073, 54.638300001000061 ], [ 135.707900001000098, 54.6353 ], [ 135.6976, 54.6285 ], [ 135.703000001000078, 54.6208 ], [ 135.696600000000103, 54.6125 ], [ 135.6964, 54.6091 ], [ 135.7047, 54.6021 ], [ 135.702599999000086, 54.5932 ], [ 135.711900002, 54.5855 ], [ 135.711600001000079, 54.5743 ], [ 135.7182, 54.566200001000084 ], [ 135.729200001000095, 54.5602 ], [ 135.750200001000053, 54.5555 ], [ 135.765600001000053, 54.557 ], [ 135.781, 54.5587 ], [ 135.839600001, 54.554 ], [ 135.880400001, 54.5586 ], [ 135.9743, 54.5599 ], [ 135.990200001000062, 54.5619 ], [ 136.027599999000017, 54.56920000100007 ], [ 136.0471999990001, 54.5781 ], [ 136.053999999000098, 54.5812 ], [ 136.066200001000084, 54.5823 ], [ 136.0904, 54.5799 ], [ 136.099, 54.584000001000049 ], [ 136.1053, 54.59 ], [ 136.111700001000031, 54.5924 ], [ 136.122900001000062, 54.5942 ], [ 136.138200001000087, 54.594300001000079 ], [ 136.144400001, 54.5923 ], [ 136.154999999000097, 54.5923 ], [ 136.19240000100001, 54.5987 ], [ 136.1967, 54.6031 ], [ 136.23, 54.6066 ], [ 136.234100001, 54.6043 ], [ 136.233600001000013, 54.599800001000062 ], [ 136.233100001000025, 54.5961 ], [ 136.2377, 54.5937 ], [ 136.254800001000035, 54.5916 ], [ 136.2646, 54.586600001000079 ], [ 136.270499999000094, 54.586 ], [ 136.2936, 54.5955 ], [ 136.303900002000091, 54.596800001000076 ], [ 136.33140000100002, 54.590400001000035 ], [ 136.336100000000101, 54.5848 ], [ 136.346600002000059, 54.5841 ], [ 136.3661, 54.5913 ], [ 136.3759, 54.592000001000088 ], [ 136.3805, 54.5903 ], [ 136.384, 54.5847 ], [ 136.391700001, 54.582 ], [ 136.407, 54.586600001000079 ], [ 136.409200002000034, 54.5867 ], [ 136.421600001, 54.5869 ], [ 136.446800001000042, 54.5826 ], [ 136.4813, 54.5817 ], [ 136.505000002000088, 54.5829 ], [ 136.5293, 54.5875 ], [ 136.575000001000035, 54.5983 ], [ 136.6116, 54.612200001000076 ], [ 136.619200001000081, 54.6186 ], [ 136.623399999000071, 54.6269 ], [ 136.623, 54.6365 ], [ 136.651700001, 54.6506 ], [ 136.664599999000075, 54.673 ], [ 136.665599999000051, 54.6746 ], [ 136.674799999000015, 54.6769 ], [ 136.676100002, 54.6736 ], [ 136.6696, 54.662 ], [ 136.671, 54.6551 ], [ 136.6601, 54.6423 ], [ 136.662800001000051, 54.6366 ], [ 136.652, 54.6248 ], [ 136.6512, 54.6161 ], [ 136.6633, 54.6098 ], [ 136.687900001, 54.6029 ], [ 136.7058, 54.5954 ], [ 136.716200001000061, 54.6021 ], [ 136.726500000000101, 54.6025 ], [ 136.73790000200006, 54.6029 ], [ 136.754499999000018, 54.609300001000065 ], [ 136.7593, 54.6142 ], [ 136.7699, 54.6189 ], [ 136.7662, 54.6265 ], [ 136.7675, 54.6317 ], [ 136.773999999000011, 54.6338 ], [ 136.809000002000062, 54.633500001000073 ], [ 136.8191, 54.6362 ], [ 136.8306, 54.6418 ], [ 136.838800001000095, 54.6415 ], [ 136.838500001000057, 54.638300001000061 ], [ 136.8312, 54.631200001000082 ], [ 136.8187, 54.6232 ], [ 136.8147, 54.6173 ], [ 136.816700001000072, 54.6134 ], [ 136.820800001000066, 54.610900001000061 ], [ 136.823800001, 54.609100001000058 ], [ 136.8231, 54.605199999000035 ], [ 136.81, 54.5953 ], [ 136.810600001000012, 54.593200001000071 ], [ 136.815900001000045, 54.5906 ], [ 136.824800002000075, 54.58890000100007 ], [ 136.831500001, 54.5796 ], [ 136.8369, 54.5792 ], [ 136.8532, 54.585600001000046 ], [ 136.859900002000018, 54.585600001000046 ], [ 136.87109999900008, 54.5784 ], [ 136.8874, 54.5585 ], [ 136.8864, 54.556 ], [ 136.868700000000104, 54.5563 ], [ 136.860500001000105, 54.552699999000083 ], [ 136.854400002000034, 54.546 ], [ 136.856000001000098, 54.5409 ], [ 136.8543, 54.5398 ], [ 136.8512, 54.5401 ], [ 136.839500001000033, 54.5412 ], [ 136.8353, 54.538100001000032 ], [ 136.84, 54.528600001000086 ], [ 136.8359, 54.5226 ], [ 136.820000001000039, 54.5198 ], [ 136.8149, 54.5022 ], [ 136.827200002000041, 54.4904 ], [ 136.8351, 54.4865 ], [ 136.853400001000068, 54.484800001000053 ], [ 136.8564, 54.483100001000082 ], [ 136.854200001000095, 54.4809 ], [ 136.833, 54.4799 ], [ 136.828700002, 54.4764 ], [ 136.8318, 54.471 ], [ 136.827900002000092, 54.4664 ], [ 136.8166, 54.4626 ], [ 136.8109, 54.4607 ], [ 136.808400001, 54.4585 ], [ 136.8116, 54.4506 ], [ 136.831300001000045, 54.429 ], [ 136.832100001000072, 54.4244 ], [ 136.826400001000025, 54.417000001000076 ], [ 136.798800001000018, 54.3975 ], [ 136.794400001000099, 54.4006 ], [ 136.7906, 54.4245 ], [ 136.7856, 54.4258 ], [ 136.774500001000092, 54.425 ], [ 136.767299999000102, 54.4229 ], [ 136.761900001000072, 54.4176 ], [ 136.758800001000054, 54.4147 ], [ 136.751400000000103, 54.4115 ], [ 136.7498, 54.406 ], [ 136.766100001000041, 54.38540000100005 ], [ 136.76610000200003, 54.377 ], [ 136.7526, 54.3561 ], [ 136.75239999900009, 54.3529 ], [ 136.757600001000014, 54.3452 ], [ 136.79180000100007, 54.325 ], [ 136.8093, 54.323600001000045 ], [ 136.8168, 54.32 ], [ 136.81740000100001, 54.3181 ], [ 136.819, 54.313500001000079 ], [ 136.813100001000066, 54.2995 ], [ 136.8085, 54.296200001000045 ], [ 136.80200000100001, 54.293700001000047 ], [ 136.794300001000011, 54.2943 ], [ 136.7882, 54.2968 ], [ 136.7768, 54.296 ], [ 136.755100001000073, 54.288 ], [ 136.7568, 54.2804 ], [ 136.768499999000028, 54.2718 ], [ 136.777199999, 54.258700001000079 ], [ 136.7873, 54.2541 ], [ 136.792700001000071, 54.253500001000077 ], [ 136.79969999900004, 54.2576 ], [ 136.804, 54.2577 ], [ 136.8066, 54.2426 ], [ 136.8079, 54.2347 ], [ 136.8005, 54.2306 ], [ 136.7975, 54.2225 ], [ 136.789400001000104, 54.218600001000084 ], [ 136.7814, 54.217200001000037 ], [ 136.755700001000037, 54.2175 ], [ 136.748399999000071, 54.2141 ], [ 136.7633, 54.2057 ], [ 136.7643, 54.2013 ], [ 136.7663999990001, 54.1919 ], [ 136.7854, 54.1899 ], [ 136.7953, 54.1791 ], [ 136.803700001000038, 54.1773 ], [ 136.808900001000097, 54.1744 ], [ 136.8134, 54.1667 ], [ 136.809200001000022, 54.1543 ], [ 136.813800001, 54.1495 ], [ 136.816, 54.142800001000069 ], [ 136.8093, 54.1328 ], [ 136.7995, 54.1282 ], [ 136.786300001000086, 54.1234 ], [ 136.777800002000049, 54.1241 ], [ 136.771799999, 54.1224 ], [ 136.771200001000011, 54.120200001000057 ], [ 136.7761, 54.1173 ], [ 136.7879, 54.114699999000038 ], [ 136.797400001000028, 54.1125 ], [ 136.803500001000089, 54.1066 ], [ 136.799400000000105, 54.0994 ], [ 136.7903, 54.093100001000039 ], [ 136.776200002, 54.0777 ], [ 136.775800001, 54.0732 ], [ 136.779, 54.069 ], [ 136.7932, 54.0631 ], [ 136.7946, 54.060700001000043 ], [ 136.788800001000027, 54.057 ], [ 136.7695, 54.0537 ], [ 136.771100001000036, 54.045600001000082 ], [ 136.764500001000101, 54.0452 ], [ 136.745800001000021, 54.0395 ], [ 136.7284, 54.031600001000072 ], [ 136.7247, 54.029200001000049 ], [ 136.701800001000038, 54.015 ], [ 136.699100001000033, 54.01 ], [ 136.702, 53.9978 ], [ 136.698100001000057, 53.9929 ], [ 136.6904, 53.9888 ], [ 136.69870000100002, 53.9822 ], [ 136.699100001000033, 53.9773 ], [ 136.690800001000071, 53.96590000100008 ], [ 136.6913, 53.9623 ], [ 136.682200001000069, 53.9419 ], [ 136.6841, 53.931600001000049 ], [ 136.678300002000015, 53.918 ], [ 136.680100001000028, 53.9159 ], [ 136.692600001000073, 53.9085 ], [ 136.6939, 53.9053 ], [ 136.6935, 53.9007 ], [ 136.696, 53.8976 ], [ 136.689200001000017, 53.8953 ], [ 136.6873, 53.8906 ], [ 136.690700000000106, 53.8706 ], [ 136.700000001000035, 53.8667 ], [ 136.7022, 53.8609 ], [ 136.6943, 53.849200001000042 ], [ 136.7022, 53.8367 ], [ 136.7022, 53.8234 ], [ 136.713, 53.8128 ], [ 136.7146, 53.804999999000074 ], [ 136.714200001, 53.8029 ], [ 136.712800001, 53.7963 ], [ 136.715099999000017, 53.7917 ], [ 136.7305, 53.7821 ], [ 136.7518, 53.779 ], [ 136.7687, 53.773400001000084 ], [ 136.7764, 53.767900001000044 ], [ 136.7805, 53.7616 ], [ 136.788000002000103, 53.7594 ], [ 136.789700001000028, 53.7616 ], [ 136.804, 53.7612 ], [ 136.8132, 53.7657 ], [ 136.811400001000038, 53.7676 ], [ 136.814600001000031, 53.772700001000032 ], [ 136.8202, 53.7756 ], [ 136.8343, 53.7781 ], [ 136.861900000000105, 53.7983 ], [ 136.8661, 53.806200001000036 ], [ 136.859700001000078, 53.8221 ], [ 136.865400001000012, 53.8254 ], [ 136.885900000000106, 53.829800001000081 ], [ 136.90020000100003, 53.8301 ], [ 136.9181, 53.8357 ], [ 136.933500001000084, 53.8357 ], [ 136.9413, 53.841 ], [ 136.943000001000087, 53.8422 ], [ 136.942399999000031, 53.8477 ], [ 136.9454, 53.8513 ], [ 136.951499999000021, 53.85090000100007 ], [ 136.9597, 53.847 ], [ 136.9699, 53.8451 ], [ 136.9817, 53.8467 ], [ 137.0033, 53.842 ], [ 137.069000001000063, 53.8417 ], [ 137.073399999, 53.839000001000045 ], [ 137.0755, 53.8326 ], [ 137.080200002000083, 53.8292 ], [ 137.0825, 53.8159 ], [ 137.088, 53.8091 ], [ 137.092500001000076, 53.807700001000057 ], [ 137.1027, 53.8045 ], [ 137.1146, 53.803900001000045 ], [ 137.125500000000102, 53.8056 ], [ 137.141800001000092, 53.8105 ], [ 137.17310000100008, 53.8269 ], [ 137.1954, 53.8419 ], [ 137.205100001, 53.8544 ], [ 137.2093, 53.8703 ], [ 137.2045, 53.881200001000082 ], [ 137.20500000100003, 53.886200001000077 ], [ 137.208, 53.889100001000031 ], [ 137.214299999000104, 53.895 ], [ 137.2156, 53.9039 ], [ 137.2227, 53.9096 ], [ 137.224499999000045, 53.9203 ], [ 137.237500001000058, 53.931600001000049 ], [ 137.258900001000029, 53.9608 ], [ 137.269900001, 53.98560000100008 ], [ 137.283300001000043, 54.0048 ], [ 137.2942, 54.0202 ], [ 137.298000001000105, 54.019900001000053 ], [ 137.3005, 54.0141 ], [ 137.304300001, 54.013 ], [ 137.308300001000021, 54.0216 ], [ 137.308500001000084, 54.028 ], [ 137.3047, 54.0368 ], [ 137.295100002000027, 54.0465 ], [ 137.276000002000046, 54.0538 ], [ 137.258, 54.0523 ], [ 137.244800001000044, 54.0438 ], [ 137.2359, 54.0439 ], [ 137.22160000100007, 54.0414 ], [ 137.204300000000103, 54.0344 ], [ 137.2033, 54.0345 ], [ 137.1888, 54.0352 ], [ 137.178100001000075, 54.033 ], [ 137.1665, 54.033199999000033 ], [ 137.1608, 54.0352 ], [ 137.1565, 54.0387 ], [ 137.1555, 54.044499999000038 ], [ 137.1616, 54.0555 ], [ 137.161300001000086, 54.0612 ], [ 137.1568, 54.0666 ], [ 137.143500001, 54.0739 ], [ 137.1353, 54.0817 ], [ 137.1188, 54.0884 ], [ 137.125900001000105, 54.0932 ], [ 137.13230000100009, 54.1081 ], [ 137.131599999000059, 54.1129 ], [ 137.126600001000043, 54.1181 ], [ 137.123899999000059, 54.1193 ], [ 137.1214, 54.1204 ], [ 137.0951, 54.1226 ], [ 137.0919, 54.1256 ], [ 137.0904, 54.1307 ], [ 137.094300001000079, 54.1384 ], [ 137.099900001000037, 54.1407 ], [ 137.115899999000021, 54.1409 ], [ 137.1184, 54.1426 ], [ 137.109500001000015, 54.1521 ], [ 137.115299999000058, 54.1592 ], [ 137.1269, 54.1673 ], [ 137.13460000200007, 54.1705 ], [ 137.166700001000095, 54.1763 ], [ 137.1786, 54.1823 ], [ 137.1967, 54.188 ], [ 137.204900001000055, 54.2006 ], [ 137.1962, 54.2082 ], [ 137.1976, 54.2105 ], [ 137.205200001000094, 54.2123 ], [ 137.2115, 54.2176 ], [ 137.2196, 54.220300001000055 ], [ 137.226200001000052, 54.21960000100006 ], [ 137.237500001000058, 54.2119 ], [ 137.2509, 54.209200001000056 ], [ 137.2641, 54.209 ], [ 137.276200001, 54.2127 ], [ 137.2966, 54.2259 ], [ 137.3002, 54.230400001000078 ], [ 137.300600001000021, 54.235400001000073 ], [ 137.297600000000102, 54.2405 ], [ 137.280800001000102, 54.2404 ], [ 137.2775, 54.24210000100004 ], [ 137.2789, 54.2451 ], [ 137.3072, 54.259 ], [ 137.31980000100009, 54.2597 ], [ 137.3236, 54.2625 ], [ 137.321000002, 54.2677 ], [ 137.3235, 54.2694 ], [ 137.351400001, 54.2632 ], [ 137.395800002000101, 54.2784 ], [ 137.3998, 54.282800001000055 ], [ 137.3900000000001, 54.294600001000049 ], [ 137.393600000000106, 54.2988 ], [ 137.406300001000091, 54.3045 ], [ 137.4105, 54.3044 ], [ 137.412500002, 54.3043 ], [ 137.433400001, 54.2979 ], [ 137.441400001000034, 54.2999 ], [ 137.455, 54.311100001000057 ], [ 137.4621, 54.3113 ], [ 137.472400001000096, 54.305 ], [ 137.4809, 54.304000001000077 ], [ 137.496000001000084, 54.3065 ], [ 137.504800001000035, 54.305000001000053 ], [ 137.5147, 54.2987 ], [ 137.523, 54.2957 ], [ 137.5587, 54.2894 ], [ 137.5703, 54.2919 ], [ 137.587100001000067, 54.292199999000047 ], [ 137.5951, 54.296200001000045 ], [ 137.604400001000045, 54.3008 ], [ 137.609999999000024, 54.3015 ], [ 137.618900001000043, 54.3005 ], [ 137.629200002000061, 54.2948 ], [ 137.636900001000072, 54.293900001000054 ], [ 137.662100002000102, 54.3026 ], [ 137.6715, 54.3105 ], [ 137.680200001, 54.314900001000069 ], [ 137.708199999000044, 54.3167 ], [ 137.7137, 54.3101 ], [ 137.7252, 54.3117 ], [ 137.733200002000103, 54.3171 ], [ 137.7376, 54.3179 ], [ 137.7405000010001, 54.315700001000039 ], [ 137.743500001000029, 54.3074 ], [ 137.7418, 54.2987 ], [ 137.738700001000097, 54.2964 ], [ 137.7363, 54.294600001000049 ], [ 137.7053, 54.282200001000035 ], [ 137.67820000100005, 54.2668 ], [ 137.6683, 54.2541 ], [ 137.642300001000081, 54.241500002000066 ], [ 137.633199999, 54.2325 ], [ 137.6311, 54.2239 ], [ 137.6261, 54.2165 ], [ 137.618700001000093, 54.2136 ], [ 137.6139, 54.208 ], [ 137.6036, 54.2046 ], [ 137.6001, 54.2035 ], [ 137.5967, 54.1963 ], [ 137.587200001000042, 54.191400001000034 ], [ 137.5723, 54.1791 ], [ 137.5598, 54.171800001000065 ], [ 137.555100001000028, 54.1644 ], [ 137.5359, 54.1557 ], [ 137.5325, 54.1453 ], [ 137.5291, 54.1427 ], [ 137.504800001000035, 54.133500001000073 ], [ 137.4943, 54.1254 ], [ 137.4872, 54.1167 ], [ 137.484400002000029, 54.1067 ], [ 137.480399999000042, 54.091800001000081 ], [ 137.4753, 54.0874 ], [ 137.4307, 54.0734 ], [ 137.4229, 54.073000001000082 ], [ 137.4208, 54.075400001000048 ], [ 137.427, 54.079 ], [ 137.451600001000088, 54.0846 ], [ 137.459, 54.0884 ], [ 137.4635, 54.0947 ], [ 137.476300001000027, 54.1244 ], [ 137.47650000100009, 54.1287 ], [ 137.47670000200003, 54.1326 ], [ 137.4738, 54.138200001000087 ], [ 137.4675, 54.1417 ], [ 137.4524, 54.1422 ], [ 137.4018, 54.1343 ], [ 137.376099999000076, 54.1345 ], [ 137.345000001000017, 54.1274 ], [ 137.3277, 54.1129 ], [ 137.309499999000082, 54.0718 ], [ 137.3027, 54.0565 ], [ 137.305, 54.051899999000057 ], [ 137.3189, 54.0434 ], [ 137.3321, 54.039500001000079 ], [ 137.3547, 54.035600001000034 ], [ 137.382100001000026, 54.0342 ], [ 137.387000001000047, 54.0363 ], [ 137.3886, 54.0406 ], [ 137.384000001, 54.0494 ], [ 137.375400001, 54.057 ], [ 137.3752, 54.062100001000033 ], [ 137.3813, 54.0616 ], [ 137.3934, 54.0463 ], [ 137.396100001000036, 54.0444 ], [ 137.408600001000082, 54.0351 ], [ 137.421000001000039, 54.0312 ], [ 137.428800001000013, 54.0351 ], [ 137.440600002, 54.0362 ], [ 137.4481, 54.0342 ], [ 137.477300001, 54.0116 ], [ 137.495699999000067, 54.0021 ], [ 137.5351, 53.9771 ], [ 137.549400001000095, 53.970600001000037 ], [ 137.572500000000105, 53.96 ], [ 137.593200001000014, 53.953500001000066 ], [ 137.6055, 53.9524 ], [ 137.6133, 53.953200001000084 ], [ 137.6311, 53.963600001000032 ], [ 137.667200002000072, 53.9645 ], [ 137.7213, 53.9623 ], [ 137.740999999, 53.958100001000048 ], [ 137.744600001000094, 53.958 ], [ 137.773799999000062, 53.9569 ], [ 137.8133, 53.9593 ], [ 137.8492, 53.9685 ], [ 137.8596, 53.968100001000039 ], [ 137.8613, 53.9655 ], [ 137.8411, 53.9514 ], [ 137.830200001000094, 53.9406 ], [ 137.8206, 53.9194 ], [ 137.817, 53.9113 ], [ 137.8103, 53.9038 ], [ 137.792799999000067, 53.9026 ], [ 137.78059999900006, 53.8974 ], [ 137.765500001000078, 53.8975 ], [ 137.755200001000048, 53.8915 ], [ 137.745200001000057, 53.8889 ], [ 137.73420000100009, 53.8833 ], [ 137.716800001000024, 53.8806 ], [ 137.7056, 53.8764 ], [ 137.689400001000081, 53.863 ], [ 137.685, 53.8614 ], [ 137.677400002000013, 53.862600001000033 ], [ 137.672300001000053, 53.8694 ], [ 137.666, 53.868000001000041 ], [ 137.663899999000023, 53.8654 ], [ 137.6499, 53.847800001000053 ], [ 137.6383, 53.8398 ], [ 137.6147, 53.8287 ], [ 137.6094, 53.8227 ], [ 137.607500001000062, 53.815 ], [ 137.610300001000041, 53.778800001000036 ], [ 137.607300001, 53.7725 ], [ 137.603500001000043, 53.7697 ], [ 137.597700001000021, 53.769 ], [ 137.583000001000073, 53.7729 ], [ 137.578300001, 53.7704 ], [ 137.5761, 53.7693 ], [ 137.570600001, 53.761 ], [ 137.5723, 53.744 ], [ 137.565, 53.729 ], [ 137.54810000100008, 53.722 ], [ 137.548500000000104, 53.7142 ], [ 137.544200001000036, 53.7098 ], [ 137.5192, 53.6997 ], [ 137.511800001000097, 53.6945 ], [ 137.505800001000011, 53.6844 ], [ 137.5107, 53.6628 ], [ 137.510800001, 53.6623 ], [ 137.507299999, 53.654400001000056 ], [ 137.503200000000106, 53.6513 ], [ 137.499300002000041, 53.650600001000043 ], [ 137.4961, 53.6532 ], [ 137.5006, 53.6638 ], [ 137.494099999000014, 53.6679 ], [ 137.478700001, 53.671600001000058 ], [ 137.401100001000032, 53.67 ], [ 137.383500001000016, 53.667700001000071 ], [ 137.348000001000059, 53.6562 ], [ 137.338199999000039, 53.653 ], [ 137.311400001000038, 53.63880000100005 ], [ 137.283300001000043, 53.6345 ], [ 137.274899999000013, 53.6314 ], [ 137.269900001, 53.6272 ], [ 137.261399999000105, 53.6101 ], [ 137.2534, 53.603500001000043 ], [ 137.221, 53.5858 ], [ 137.2198, 53.5811 ], [ 137.2339, 53.5717 ], [ 137.2407, 53.56230000100004 ], [ 137.2371, 53.5569 ], [ 137.2392, 53.5546 ], [ 137.265800001, 53.5518 ], [ 137.2835, 53.5441 ], [ 137.2913, 53.5372 ], [ 137.302, 53.5364 ], [ 137.310000001000049, 53.5313 ], [ 137.3189, 53.5287 ], [ 137.338800000000106, 53.5281 ], [ 137.3604, 53.5287 ], [ 137.3724, 53.526000001000057 ], [ 137.3900000000001, 53.5256 ], [ 137.4199, 53.5328 ], [ 137.438200001000041, 53.5354 ], [ 137.472400001000096, 53.540299999000069 ], [ 137.5, 53.5428 ], [ 137.534399999000016, 53.5415 ], [ 137.5774, 53.545700001000057 ], [ 137.647000001000038, 53.5429 ], [ 137.6998, 53.5441 ], [ 137.737700001, 53.5537 ], [ 137.7837, 53.56 ], [ 137.828700001000016, 53.5603 ], [ 137.853000001000055, 53.5634 ], [ 137.9101, 53.570700001000034 ], [ 137.9364, 53.5717 ], [ 137.955600001, 53.5748 ], [ 137.9641, 53.5791 ], [ 137.971000001, 53.589300001000083 ], [ 137.9814000020001, 53.5962 ], [ 137.992699999000024, 53.6079 ], [ 137.9975, 53.609100001000058 ], [ 138.000599999000087, 53.6167 ], [ 138.0067, 53.6197 ], [ 138.014500001000101, 53.620100001000083 ], [ 138.017700001000094, 53.622 ], [ 138.0244, 53.6259 ], [ 138.031100001000027, 53.6272 ], [ 138.074400001000072, 53.6328 ], [ 138.0882, 53.6359 ], [ 138.0968, 53.647 ], [ 138.1029, 53.6499 ], [ 138.1181, 53.6541 ], [ 138.135600002000047, 53.6564 ], [ 138.1711, 53.6664 ], [ 138.181399999000064, 53.6721 ], [ 138.190700000000106, 53.6822 ], [ 138.1946, 53.6865 ], [ 138.2019, 53.688900001000036 ], [ 138.207700002000024, 53.6956 ], [ 138.2581, 53.7076 ], [ 138.2706, 53.7128 ], [ 138.2829, 53.7215 ], [ 138.302, 53.7298 ], [ 138.3072, 53.7408 ], [ 138.326200001000075, 53.7673 ], [ 138.3268, 53.7687 ], [ 138.3343, 53.7871 ], [ 138.33120000100007, 53.8184 ], [ 138.334300002000077, 53.8281 ], [ 138.3536, 53.8634 ], [ 138.363400001000059, 53.8912 ], [ 138.363699999, 53.8918 ], [ 138.3701, 53.9005 ], [ 138.390500001000078, 53.9113 ], [ 138.4045, 53.9155 ], [ 138.42700000100001, 53.928 ], [ 138.4703, 53.9459 ], [ 138.4967, 53.9548 ], [ 138.505700001000037, 53.9592 ], [ 138.511, 53.967200001000037 ], [ 138.5178, 53.971500001000038 ], [ 138.5198, 53.972 ], [ 138.5434, 53.9782 ], [ 138.5545, 53.985500001000048 ], [ 138.5675, 53.9899 ], [ 138.5752, 53.99 ], [ 138.581100000000106, 53.9875 ], [ 138.585600002000092, 53.9832 ], [ 138.5862, 53.9756 ], [ 138.589600001, 53.971999999000047 ], [ 138.5902, 53.967400001000044 ], [ 138.5746, 53.945 ], [ 138.5711, 53.9325 ], [ 138.576900001000013, 53.9082 ], [ 138.575000001000035, 53.8959 ], [ 138.5769, 53.8835 ], [ 138.5882, 53.862600001000033 ], [ 138.577700001000039, 53.8438 ], [ 138.5787, 53.833500001000061 ], [ 138.571500001, 53.8075 ], [ 138.5587, 53.791599999000084 ], [ 138.5529, 53.788300001000039 ], [ 138.5446, 53.7837 ], [ 138.531, 53.7708 ], [ 138.520700001000023, 53.759300001000042 ], [ 138.4827, 53.7395 ], [ 138.464900001000046, 53.721 ], [ 138.454500001000042, 53.7176 ], [ 138.4404, 53.7095 ], [ 138.4195, 53.693 ], [ 138.348300001000098, 53.6367 ], [ 138.3348, 53.6211 ], [ 138.335600001000103, 53.6181 ], [ 138.3444, 53.61770000100006 ], [ 138.353, 53.615300001000037 ], [ 138.361900000000105, 53.603 ], [ 138.3604, 53.6001 ], [ 138.3528, 53.5979 ], [ 138.35170000100004, 53.595700001000068 ], [ 138.3474, 53.5876 ], [ 138.3382, 53.582 ], [ 138.320200001000103, 53.5757 ], [ 138.312799999000049, 53.5689 ], [ 138.307700001000057, 53.5682 ], [ 138.300299999, 53.5607 ], [ 138.2781, 53.558000001000039 ], [ 138.27010000100006, 53.562200001000065 ], [ 138.2651, 53.5617 ], [ 138.2628, 53.5591 ], [ 138.266099999000062, 53.5546 ], [ 138.2661, 53.5477 ], [ 138.272500001000026, 53.5404 ], [ 138.2621, 53.5369 ], [ 138.2579, 53.5302 ], [ 138.265600001000053, 53.5141 ], [ 138.2694, 53.514200001000063 ], [ 138.276, 53.508200001000034 ], [ 138.291100001000018, 53.5123 ], [ 138.318200001000037, 53.5048 ], [ 138.3424, 53.5012 ], [ 138.3584, 53.500300001000085 ], [ 138.382, 53.5018 ], [ 138.410599999000056, 53.5068 ], [ 138.4603, 53.520600001000048 ], [ 138.472800002000099, 53.5253 ], [ 138.4772, 53.527 ], [ 138.492699999000024, 53.5343 ], [ 138.514800001000026, 53.5478 ], [ 138.5224, 53.56 ], [ 138.539199999000061, 53.5684 ], [ 138.544900001000087, 53.57690000100007 ], [ 138.555, 53.5836 ], [ 138.5671, 53.6006 ], [ 138.589400001000058, 53.6189 ], [ 138.595000001000017, 53.6246 ], [ 138.6213, 53.65140000100007 ], [ 138.626000001000079, 53.6585 ], [ 138.6265, 53.6681 ], [ 138.641700001, 53.6816 ], [ 138.660500001000059, 53.708 ], [ 138.6661, 53.7274 ], [ 138.663100001000089, 53.7401 ], [ 138.670499999000072, 53.7527 ], [ 138.6732, 53.7709 ], [ 138.687400001000015, 53.8005 ], [ 138.694400001000076, 53.821900001000074 ], [ 138.709800001000076, 53.850700001000064 ], [ 138.7066, 53.8617 ], [ 138.703400001000091, 53.8728 ], [ 138.7072, 53.8786 ], [ 138.703200001000027, 53.890000001000033 ], [ 138.7141, 53.8986 ], [ 138.7084, 53.9026 ], [ 138.7098, 53.9043 ], [ 138.7209, 53.9068 ], [ 138.713200002, 53.9101 ], [ 138.7222, 53.9161 ], [ 138.718800000000101, 53.92 ], [ 138.730800001000034, 53.926100001000066 ], [ 138.73209999900007, 53.929900001000078 ], [ 138.7402, 53.9357 ], [ 138.7373, 53.940200001000051 ], [ 138.753800001000059, 53.9591 ], [ 138.757099999000047, 53.9656 ], [ 138.766800000000103, 53.9846 ], [ 138.765900001000091, 53.9957 ], [ 138.768800001000045, 54.005800001000068 ], [ 138.761100001000045, 54.041900001000045 ], [ 138.767599999000026, 54.065 ], [ 138.774800001000017, 54.0752 ], [ 138.7738, 54.079600001000074 ], [ 138.7643, 54.0839 ], [ 138.7629, 54.0858 ], [ 138.76029999900004, 54.0894 ], [ 138.753200001000096, 54.0858 ], [ 138.7423, 54.085600001000046 ], [ 138.7304, 54.074700001000053 ], [ 138.725800002000028, 54.0726 ], [ 138.7127, 54.073200001000032 ], [ 138.6828, 54.0588 ], [ 138.682700001000057, 54.0553 ], [ 138.697899999000015, 54.0494 ], [ 138.714500002000023, 54.045600001000082 ], [ 138.715100001, 54.043799999000043 ], [ 138.706399999000041, 54.043300001000034 ], [ 138.6955, 54.045600001000082 ], [ 138.6768, 54.0519 ], [ 138.6579, 54.0557 ], [ 138.657099999000025, 54.0588 ], [ 138.65770000100008, 54.0595 ], [ 138.669200001000036, 54.0738 ], [ 138.68710000100009, 54.0895 ], [ 138.7225, 54.1394 ], [ 138.726400001, 54.1518 ], [ 138.726300001000027, 54.169 ], [ 138.7233, 54.175700001000052 ], [ 138.72180000100002, 54.179 ], [ 138.719700000000103, 54.196100001000048 ], [ 138.72790000100008, 54.2138 ], [ 138.727700002, 54.221100001000082 ], [ 138.733200001, 54.23300000100005 ], [ 138.732600001000037, 54.2527 ], [ 138.728299999, 54.2584 ], [ 138.7199, 54.2627 ], [ 138.694300001000101, 54.2645 ], [ 138.6832, 54.2689 ], [ 138.669200001000036, 54.2773 ], [ 138.665, 54.279800001000069 ], [ 138.656600002, 54.2811 ], [ 138.6587, 54.2851 ], [ 138.6724, 54.2857 ], [ 138.6855, 54.284400001000051 ], [ 138.6924, 54.2859 ], [ 138.699000001000059, 54.2975 ], [ 138.708899999000096, 54.2982 ], [ 138.7242, 54.3051 ], [ 138.733699999, 54.3026 ], [ 138.7448, 54.3035 ], [ 138.750500001000091, 54.296300001000077 ], [ 138.7588, 54.2912 ], [ 138.782800001000055, 54.2832 ], [ 138.813400001000105, 54.2755 ], [ 138.8373, 54.2695 ], [ 138.849300001000074, 54.2632 ], [ 138.920900001000064, 54.2402 ], [ 138.9434, 54.2362 ], [ 138.958699999000032, 54.2309 ], [ 138.986900002000084, 54.2259 ], [ 139.0051, 54.2213 ], [ 139.0141, 54.2191 ], [ 139.027499999000042, 54.2141 ], [ 139.071, 54.207900001000041 ], [ 139.0812, 54.2046 ], [ 139.1378, 54.193700001000082 ], [ 139.1745, 54.1877 ], [ 139.2086, 54.1846 ], [ 139.257200001, 54.1802 ], [ 139.2569, 54.178100001000075 ], [ 139.251500001000068, 54.1768 ], [ 139.2031, 54.1809 ], [ 139.2021, 54.1767 ], [ 139.218000001000064, 54.1744 ], [ 139.2463, 54.1735 ], [ 139.2775, 54.175800001000084 ], [ 139.325700001000087, 54.176899999000057 ], [ 139.342300001000012, 54.183600001000059 ], [ 139.363799999000094, 54.1892 ], [ 139.3741, 54.1879 ], [ 139.389800001000026, 54.1908 ], [ 139.408800001000031, 54.190900001000045 ], [ 139.4199, 54.1909 ], [ 139.4291, 54.195 ], [ 139.438299999000037, 54.1943 ], [ 139.443, 54.1916 ], [ 139.455600001, 54.197600001000069 ], [ 139.48, 54.2041 ], [ 139.517800001000069, 54.2191 ], [ 139.5575, 54.2255 ], [ 139.5799, 54.234200001000033 ], [ 139.5978, 54.2378 ], [ 139.6194, 54.242 ], [ 139.6465, 54.255 ], [ 139.6716, 54.2737 ], [ 139.681300001000068, 54.278 ], [ 139.706900001, 54.2839 ], [ 139.7307, 54.2935 ], [ 139.7622, 54.2897 ], [ 139.7777, 54.2896 ], [ 139.781399999000087, 54.2896 ], [ 139.7839, 54.2881 ], [ 139.7903, 54.2616 ], [ 139.7849, 54.2367 ], [ 139.7782, 54.218700001000059 ], [ 139.778900001000011, 54.210700001000077 ], [ 139.7848, 54.203900001000079 ], [ 139.79550000100005, 54.196900001000074 ], [ 139.8147, 54.1876 ], [ 139.832699999000056, 54.1834 ], [ 139.845600001000093, 54.1805 ], [ 139.8529, 54.181900001000088 ], [ 139.873700001000088, 54.195 ], [ 139.879300001000047, 54.1931 ], [ 139.882600001000014, 54.1897 ], [ 139.8685, 54.1792 ], [ 139.871400001000097, 54.172899999000037 ], [ 139.8805, 54.1637 ], [ 139.894399999000029, 54.160100001000046 ], [ 139.9045, 54.1548 ], [ 139.92310000100008, 54.1393 ], [ 139.95, 54.125500001000034 ], [ 139.9707, 54.1149 ], [ 139.999, 54.1039 ], [ 139.999999999000011, 54.103600001000075 ], [ 140.035100001000046, 54.0932 ], [ 140.095100001000105, 54.0786 ], [ 140.112, 54.0792 ], [ 140.121999999000082, 54.0739 ], [ 140.136899999000093, 54.0699 ], [ 140.1448, 54.067700001000048 ], [ 140.157899999000051, 54.0617 ], [ 140.170100002000027, 54.0601 ], [ 140.188000000000102, 54.052900001000069 ], [ 140.196700001000067, 54.047100001000047 ], [ 140.208499999000082, 54.024 ], [ 140.2085, 54.0171 ], [ 140.200899999000058, 54.0038 ], [ 140.206, 53.9945 ], [ 140.222800001, 53.985500001000048 ], [ 140.242799999, 53.976900001000047 ], [ 140.258, 53.9704 ], [ 140.273500001, 53.9697 ], [ 140.305700001000105, 53.960300001000064 ], [ 140.313900000000103, 53.9557 ], [ 140.318699999000046, 53.9474 ], [ 140.3122, 53.9411 ], [ 140.307200001000069, 53.932 ], [ 140.301, 53.9273 ], [ 140.282599999000013, 53.9217 ], [ 140.2544, 53.8949 ], [ 140.2537, 53.8929 ], [ 140.2487, 53.8792 ], [ 140.248000001000037, 53.8705 ], [ 140.2812, 53.829800001000081 ], [ 140.2991, 53.8138 ], [ 140.3038, 53.8048 ], [ 140.332900001000098, 53.781300001000034 ], [ 140.355400001000021, 53.7704 ], [ 140.397200001000101, 53.751600001000043 ], [ 140.4258, 53.7423 ], [ 140.462499999000102, 53.7332 ], [ 140.4993, 53.7188 ], [ 140.502400001000069, 53.7175 ], [ 140.513200001000087, 53.7104 ], [ 140.517000001000042, 53.705400001000044 ], [ 140.504600001000085, 53.682700001000057 ], [ 140.5043, 53.6765 ], [ 140.5088, 53.6689 ], [ 140.546600001, 53.6437 ], [ 140.592200002000027, 53.6193 ], [ 140.607200002000013, 53.6101 ], [ 140.628100001, 53.6015 ], [ 140.668900001, 53.5896 ], [ 140.695799999000087, 53.578500001000066 ], [ 140.729900001000033, 53.5619 ], [ 140.765200001000039, 53.5484 ], [ 140.765700001000027, 53.5482 ], [ 140.8548, 53.5205 ], [ 140.8921, 53.511200001000077 ], [ 140.90790000100003, 53.5091 ], [ 140.9486, 53.4977 ], [ 140.9513, 53.4955 ], [ 140.9586, 53.4957 ], [ 141.0683, 53.4679 ], [ 141.0855, 53.465 ], [ 141.0967, 53.461 ], [ 141.1223, 53.446 ], [ 141.116600001000052, 53.4459 ], [ 141.1072, 53.4499 ], [ 141.084500001000038, 53.4595 ], [ 141.0635, 53.4607 ], [ 141.0524, 53.4676 ], [ 141.042300001000058, 53.4692 ], [ 141.0371, 53.4677 ], [ 141.02939999900002, 53.4679 ], [ 141.024400001, 53.474 ], [ 141.0191, 53.4766 ], [ 140.947400001, 53.4953 ], [ 140.9393, 53.4954 ], [ 140.9346, 53.492699999000081 ], [ 140.9267, 53.491600001000052 ], [ 140.923799999000039, 53.4842 ], [ 140.915899999000089, 53.4789 ], [ 140.9093, 53.4653 ], [ 140.8953, 53.4623 ], [ 140.906000001000052, 53.4534 ], [ 140.907200000000103, 53.4496 ], [ 140.9035, 53.443900001000031 ], [ 140.904500001000088, 53.439 ], [ 140.901300001000095, 53.433700001000034 ], [ 140.9017, 53.4295 ], [ 140.904400001, 53.427500001000055 ], [ 140.9078, 53.424999999000079 ], [ 140.9346, 53.4242 ], [ 140.943799999000021, 53.4261 ], [ 140.959200001, 53.4392 ], [ 140.970600001000093, 53.443000001000087 ], [ 140.989100001, 53.4428 ], [ 140.990200002000051, 53.4406 ], [ 140.9824, 53.4271 ], [ 140.9843, 53.4146 ], [ 140.979700001000083, 53.410300001000053 ], [ 140.9817, 53.4083 ], [ 140.987799999, 53.4084 ], [ 141.001600001000043, 53.4038 ], [ 141.0284, 53.4017 ], [ 141.033100000000104, 53.4013 ], [ 141.0746, 53.395400001000041 ], [ 141.086900001, 53.3992 ], [ 141.092499999000097, 53.398600001000034 ], [ 141.1028, 53.3937 ], [ 141.1064, 53.3907 ], [ 141.104800001000058, 53.3883 ], [ 141.0996, 53.3848 ], [ 141.0962, 53.3871 ], [ 141.089299999000104, 53.3834 ], [ 141.0805, 53.372700001000055 ], [ 141.0729, 53.3693 ], [ 141.0789, 53.3664 ], [ 141.087900000000104, 53.36710000100004 ], [ 141.0972, 53.3613 ], [ 141.1296, 53.349900001000037 ], [ 141.131800001000101, 53.3491 ], [ 141.1876, 53.3105 ], [ 141.196400001000029, 53.3103 ], [ 141.2256, 53.3022 ], [ 141.241800001, 53.3009 ], [ 141.2543, 53.3021 ], [ 141.271099999000057, 53.3099 ], [ 141.276500001000045, 53.3098 ], [ 141.285899999000094, 53.305 ], [ 141.297600000000102, 53.3018 ], [ 141.317000001, 53.2965 ], [ 141.325599999000019, 53.2957 ], [ 141.3392, 53.2964 ], [ 141.3535, 53.2991 ], [ 141.3572, 53.3023 ], [ 141.361400001, 53.3022 ], [ 141.370000001, 53.2972 ], [ 141.3784, 53.29690000100004 ], [ 141.396000002000051, 53.3005 ], [ 141.402699999000106, 53.2998 ], [ 141.4075, 53.2968 ], [ 141.4119, 53.2893 ], [ 141.3867, 53.2717 ], [ 141.3806, 53.2602 ], [ 141.3821, 53.2578 ], [ 141.376100002000044, 53.2521 ], [ 141.3713, 53.2475 ], [ 141.3636, 53.247299999000063 ], [ 141.360499999000012, 53.245 ], [ 141.3649, 53.2417 ], [ 141.354400001000045, 53.238800001000072 ], [ 141.3472, 53.233 ], [ 141.338800002000085, 53.2315 ], [ 141.3242, 53.2229 ], [ 141.3368, 53.2188 ], [ 141.362200001000019, 53.2175 ], [ 141.397800001000064, 53.2234 ], [ 141.4119, 53.220799999000064 ], [ 141.405500001000064, 53.211600001000079 ], [ 141.407800001000055, 53.1995 ], [ 141.4053, 53.1921 ], [ 141.407800001000055, 53.18730000100004 ], [ 141.4297, 53.1676 ], [ 141.4403, 53.1651 ], [ 141.4416, 53.162 ], [ 141.438000002000081, 53.1611 ], [ 141.432400001000019, 53.159800001000065 ], [ 141.4280000010001, 53.1546 ], [ 141.4133, 53.149700001000042 ], [ 141.404600001000063, 53.1424 ], [ 141.3933, 53.143 ], [ 141.3897, 53.1464 ], [ 141.376, 53.1384 ], [ 141.357799999, 53.1353 ], [ 141.3536, 53.1312 ], [ 141.362400001000083, 53.1173 ], [ 141.3593, 53.1147 ], [ 141.343500001000052, 53.109800001000053 ], [ 141.339700001000097, 53.102 ], [ 141.347, 53.0921 ], [ 141.3615, 53.0857 ], [ 141.36359999900003, 53.084800001000076 ], [ 141.363200001, 53.080900001000032 ], [ 141.3422, 53.076800001000038 ], [ 141.3039, 53.0888 ], [ 141.316100001, 53.0823 ], [ 141.294300001000011, 53.0835 ], [ 141.2674, 53.083 ], [ 141.252300000000105, 53.0795 ], [ 141.2429, 53.080100001000062 ], [ 141.2166, 53.0681 ], [ 141.215100001, 53.0663 ], [ 141.2179000000001, 53.0624 ], [ 141.220299999000076, 53.0591 ], [ 141.2303, 53.0557 ], [ 141.236400001, 53.0513 ], [ 141.239300001000061, 53.0445 ], [ 141.2492, 53.0424 ], [ 141.2482000010001, 53.0388 ], [ 141.2413, 53.036800001000074 ], [ 141.228900001000056, 53.0252 ], [ 141.21410000100002, 53.021400001000075 ], [ 141.2005, 53.0202 ], [ 141.203300001, 53.0145 ], [ 141.1934, 53.0106 ], [ 141.197, 53.003 ], [ 141.1867, 52.997 ], [ 141.162599999, 52.996300001000066 ], [ 141.153899999000032, 52.9925 ], [ 141.145600001000048, 52.990500001000044 ], [ 141.138799999000071, 52.9889 ], [ 141.123799999000084, 52.9904 ], [ 141.1154, 52.9985 ], [ 141.109100001, 52.9996 ], [ 141.0979, 52.9985 ], [ 141.0919, 53.0012 ], [ 141.083700002, 53.012800001000073 ], [ 141.0666, 53.0149 ], [ 141.0549, 53.0177 ], [ 141.042199999000104, 53.0236 ], [ 141.023600000000101, 53.026000001000057 ], [ 141.0173, 53.0351 ], [ 141.0034, 53.0365 ], [ 140.9882, 53.0474 ], [ 140.98420000100009, 53.0487 ], [ 140.9807, 53.0499 ], [ 140.955599999000015, 53.067600001000073 ], [ 140.934900002000063, 53.0711 ], [ 140.9213, 53.0784 ], [ 140.8977000000001, 53.0806 ], [ 140.8846, 53.0842 ], [ 140.878099999000028, 53.0841 ], [ 140.875600001000066, 53.081600001000083 ], [ 140.8676, 53.080900002000078 ], [ 140.866100001000063, 53.0874 ], [ 140.859499999000036, 53.0954 ], [ 140.854200000000105, 53.111 ], [ 140.843300002000092, 53.1181 ], [ 140.834, 53.1198 ], [ 140.8297, 53.1258 ], [ 140.817400002, 53.1317 ], [ 140.7748, 53.1367 ], [ 140.7576, 53.1366 ], [ 140.741499999000098, 53.1321 ], [ 140.7344, 53.1064 ], [ 140.7538, 53.1022 ], [ 140.7641, 53.0953 ], [ 140.7779, 53.089200001000052 ], [ 140.7748, 53.0843 ], [ 140.7829, 53.078300001000059 ], [ 140.801100001, 53.0716 ], [ 140.810000001000049, 53.0635 ], [ 140.813500001000079, 53.0554 ], [ 140.8211, 53.0531 ], [ 140.8246, 53.0487 ], [ 140.835300001000064, 53.0446 ], [ 140.8446, 53.0454 ], [ 140.8534, 53.0435 ], [ 140.882400001000065, 53.0322 ], [ 140.893600001000095, 53.0278 ], [ 140.921000001000039, 53.0338 ], [ 140.9224, 53.031 ], [ 140.9169, 53.021699999000077 ], [ 140.922500001, 53.0142 ], [ 140.9238, 53.00470000100006 ], [ 140.9386, 52.9954 ], [ 140.9463, 52.9598 ], [ 140.954300002000082, 52.9397 ], [ 140.954999999000052, 52.9381 ], [ 140.971100001000082, 52.9265 ], [ 140.984900001000028, 52.9249 ], [ 140.9955, 52.9265 ], [ 141.0199, 52.9249 ], [ 141.0351, 52.920400001000075 ], [ 141.045000001000062, 52.91420000100004 ], [ 141.049700001000019, 52.908700001000057 ], [ 141.050700001, 52.8978 ], [ 141.0679, 52.8879 ], [ 141.075500001000023, 52.8858 ], [ 141.0945, 52.8857 ], [ 141.10940000100004, 52.8817 ], [ 141.1121, 52.8802 ], [ 141.125499999, 52.87260000100008 ], [ 141.1502, 52.862 ], [ 141.167799999000067, 52.8564 ], [ 141.1857, 52.8548 ], [ 141.1932, 52.856300001000079 ], [ 141.212000000000103, 52.8675 ], [ 141.221900001, 52.868000001000041 ], [ 141.2325, 52.8656 ], [ 141.2346, 52.8625 ], [ 141.227600001000042, 52.8575 ], [ 141.2058, 52.8502 ], [ 141.1911, 52.8385 ], [ 141.18710000100009, 52.8354 ], [ 141.179899999000099, 52.827300001000083 ], [ 141.183, 52.8172 ], [ 141.1684, 52.809900001000074 ], [ 141.165200002, 52.803 ], [ 141.172900001000016, 52.7848 ], [ 141.1799, 52.7793 ], [ 141.2003, 52.7708 ], [ 141.2365, 52.7389 ], [ 141.244800001000044, 52.730700001000059 ], [ 141.247300001000099, 52.723900001000061 ], [ 141.249, 52.699500001000047 ], [ 141.249700001000065, 52.6893 ], [ 141.255800001000011, 52.6771 ], [ 141.265200001000039, 52.6689 ], [ 141.279900001000101, 52.6644 ], [ 141.284400001, 52.6581 ], [ 141.279900001000101, 52.6541 ], [ 141.275, 52.654200001000049 ], [ 141.264100001000088, 52.6506 ], [ 141.2568, 52.6458 ], [ 141.253600001, 52.6389 ], [ 141.264400001000013, 52.5926 ], [ 141.264200002000052, 52.5896 ], [ 141.2539, 52.5788 ], [ 141.241100001000063, 52.5521 ], [ 141.2307, 52.5365 ], [ 141.224100001000011, 52.5169 ], [ 141.2187, 52.512 ], [ 141.2063, 52.508000001000084 ], [ 141.1991, 52.507200002000047 ], [ 141.19240000100001, 52.5065 ], [ 141.1528, 52.5059 ], [ 141.138700001000075, 52.5027 ], [ 141.127500002000033, 52.4973 ], [ 141.112200001000019, 52.4831 ], [ 141.1017, 52.4565 ], [ 141.099800001000062, 52.441400001000034 ], [ 141.104100001, 52.421600001000058 ], [ 141.122399999000095, 52.3919 ], [ 141.12830000200006, 52.3871 ], [ 141.154000002000089, 52.3755 ], [ 141.1662, 52.3599 ], [ 141.172600000000102, 52.3556 ], [ 141.196300002000044, 52.349800001000062 ], [ 141.200899999000058, 52.3461 ], [ 141.2086, 52.3449 ], [ 141.21410000100002, 52.3321 ], [ 141.2216, 52.327900001000046 ], [ 141.2294, 52.3172 ], [ 141.237, 52.3156 ], [ 141.2449, 52.31780000100008 ], [ 141.248500001000025, 52.3171 ], [ 141.2464, 52.3073 ], [ 141.2476, 52.3017 ], [ 141.252600001000019, 52.294 ], [ 141.260899999, 52.2884 ], [ 141.2713, 52.284000001000038 ], [ 141.290100001000042, 52.2812 ], [ 141.2918, 52.281000001000052 ], [ 141.311300001000063, 52.281000001000052 ], [ 141.3171, 52.2781 ], [ 141.327100002000066, 52.2714 ], [ 141.338800001000095, 52.2492 ], [ 141.348300001000098, 52.2421 ], [ 141.3704, 52.232 ], [ 141.3967, 52.2164 ], [ 141.4112, 52.2117 ], [ 141.421500001000027, 52.2108 ], [ 141.432400001000019, 52.213 ], [ 141.4373, 52.2149 ], [ 141.448200001000032, 52.219200001000047 ], [ 141.475000001000012, 52.2166 ], [ 141.4874, 52.2128 ], [ 141.5033, 52.2135 ], [ 141.5081, 52.219100001000072 ], [ 141.5035, 52.2307 ], [ 141.5058, 52.2329 ], [ 141.51240000100006, 52.2342 ], [ 141.517900001000044, 52.2336 ], [ 141.5251, 52.2301 ], [ 141.5253, 52.2273 ], [ 141.5165, 52.216 ], [ 141.517300001000081, 52.2123 ], [ 141.5333, 52.204 ], [ 141.5412, 52.202000001000044 ], [ 141.5347, 52.191399999000055 ], [ 141.529200001000049, 52.1824 ], [ 141.53059999900006, 52.1757 ], [ 141.546300002000066, 52.152 ], [ 141.541, 52.1517 ], [ 141.5284, 52.1563 ], [ 141.5132, 52.158900001000063 ], [ 141.4917, 52.1596 ], [ 141.4659, 52.1575 ], [ 141.436600002000091, 52.151 ], [ 141.427600001000087, 52.147100001000069 ], [ 141.42170000200008, 52.147 ], [ 141.4184, 52.145 ], [ 141.375900002000094, 52.1176 ], [ 141.353800001000081, 52.1051 ], [ 141.3387, 52.1004 ], [ 141.3333, 52.095500001000062 ], [ 141.349400001000049, 52.0833 ], [ 141.3474, 52.0786 ], [ 141.330200001000094, 52.072 ], [ 141.3241, 52.0575 ], [ 141.323, 52.045400001000075 ], [ 141.3277, 52.0239 ], [ 141.34, 52.0058 ], [ 141.3416, 51.99210000100004 ], [ 141.343100001000039, 51.988100002000067 ], [ 141.350500001, 51.9839 ], [ 141.36690000100009, 51.9818 ], [ 141.388900001000025, 51.9658 ], [ 141.3977000000001, 51.9652 ], [ 141.404400001, 51.967 ], [ 141.409000000000106, 51.966 ], [ 141.411, 51.9564 ], [ 141.4182, 51.9513 ], [ 141.4041, 51.945200001000046 ], [ 141.3962, 51.9386 ], [ 141.3876, 51.9185 ], [ 141.366400001000102, 51.9161 ], [ 141.363900001000047, 51.916300001000081 ], [ 141.348800001000086, 51.9178 ], [ 141.3411, 51.916 ], [ 141.319200001000013, 51.904 ], [ 141.3117, 51.902 ], [ 141.2957, 51.8913 ], [ 141.289400001000104, 51.8913 ], [ 141.28, 51.8869 ], [ 141.265200001000039, 51.887 ], [ 141.252899999000078, 51.8828 ], [ 141.2421, 51.8767 ], [ 141.236700001000031, 51.8711 ], [ 141.2409, 51.8595 ], [ 141.236300001000018, 51.856800002000057 ], [ 141.2288, 51.856 ], [ 141.2174, 51.8515 ], [ 141.2132, 51.8499 ], [ 141.1916, 51.8473 ], [ 141.181300001000068, 51.843600001000084 ], [ 141.172900001000016, 51.8361 ], [ 141.1657, 51.8251 ], [ 141.1577, 51.8052 ], [ 141.1583, 51.7983 ], [ 141.161, 51.7947 ], [ 141.1718, 51.788800001000084 ], [ 141.1709, 51.7857 ], [ 141.159000000000106, 51.779400001000056 ], [ 141.152600001, 51.7685 ], [ 141.144600001000072, 51.7627 ], [ 141.143600002000085, 51.757 ], [ 141.1411, 51.7551 ], [ 141.1337, 51.7492 ], [ 141.1306, 51.7422 ], [ 141.1168, 51.7292 ], [ 141.1038, 51.725 ], [ 141.1003, 51.7195 ], [ 141.0995, 51.711300001000041 ], [ 141.103099999000051, 51.7062 ], [ 141.112, 51.7021 ], [ 141.1139, 51.6983 ], [ 141.1128, 51.6899 ], [ 141.1106, 51.6882 ], [ 141.105200001000071, 51.6865 ], [ 141.0999, 51.6818 ], [ 141.0616, 51.6849 ], [ 141.043700001000047, 51.681500001000074 ], [ 141.035600001000034, 51.68 ], [ 141.0223, 51.6818 ], [ 141.016200001000016, 51.6811 ], [ 141.0013, 51.675900001000059 ], [ 140.9894, 51.6755 ], [ 140.976100001000077, 51.6693 ], [ 140.967800001, 51.668200001000059 ], [ 140.9564, 51.660300001000053 ], [ 140.947600002000058, 51.65000000100008 ], [ 140.9266, 51.643900001000077 ], [ 140.897500001000026, 51.629000001000065 ], [ 140.8847, 51.6301 ], [ 140.876200001000029, 51.6266 ], [ 140.874000002, 51.6258 ], [ 140.8766, 51.6086 ], [ 140.873000001000037, 51.5957 ], [ 140.8734, 51.5874 ], [ 140.8892, 51.542 ], [ 140.893400001000032, 51.5236 ], [ 140.8931, 51.51950000100004 ], [ 140.8846, 51.5106 ], [ 140.883800001000054, 51.5046 ], [ 140.88269999900001, 51.4956 ], [ 140.8792, 51.4919 ], [ 140.862200001000019, 51.4877 ], [ 140.837000000000103, 51.4906 ], [ 140.827999999000099, 51.489800001000049 ], [ 140.824500002000036, 51.4907 ], [ 140.8226, 51.4972 ], [ 140.818700001000025, 51.4977 ], [ 140.806400001000043, 51.488199999000074 ], [ 140.7979, 51.488300001000084 ], [ 140.7932, 51.4866 ], [ 140.7876, 51.4724 ], [ 140.770700001000023, 51.4662 ], [ 140.748, 51.46470000100004 ], [ 140.7506, 51.460600001000046 ], [ 140.7522, 51.4597 ], [ 140.758, 51.4565 ], [ 140.7773, 51.4534 ], [ 140.7828, 51.4489 ], [ 140.778500001, 51.434200001000079 ], [ 140.781700001000104, 51.42250000100006 ], [ 140.786200002000101, 51.420800001000032 ], [ 140.7918, 51.4211 ], [ 140.801799999000082, 51.4262 ], [ 140.8084, 51.426300002000062 ], [ 140.822200001000056, 51.4189 ], [ 140.835500002, 51.4215 ], [ 140.841800001000024, 51.4197 ], [ 140.858999999000048, 51.4213 ], [ 140.8676, 51.4288 ], [ 140.8587, 51.4369 ], [ 140.8621, 51.4372 ], [ 140.86690000100009, 51.435000001000049 ], [ 140.8751, 51.4271 ], [ 140.8812, 51.4262 ], [ 140.8829, 51.4236 ], [ 140.865800001000025, 51.422 ], [ 140.8529, 51.415700001000062 ], [ 140.8491, 51.4107 ], [ 140.8576, 51.397699999000054 ], [ 140.8571, 51.3904 ], [ 140.850200001000076, 51.3757 ], [ 140.852400000000102, 51.369300001000056 ], [ 140.842799999000022, 51.369 ], [ 140.831100001000095, 51.362900001000071 ], [ 140.7983, 51.3359 ], [ 140.77780000100006, 51.3318 ], [ 140.7725, 51.3328 ], [ 140.7608, 51.3416 ], [ 140.74840000100005, 51.3424 ], [ 140.734900001000028, 51.3383 ], [ 140.7161, 51.3374 ], [ 140.6839, 51.3273 ], [ 140.6761, 51.3267 ], [ 140.6704, 51.3232 ], [ 140.6687, 51.3173 ], [ 140.6704, 51.298800001000075 ], [ 140.66560000100003, 51.2941 ], [ 140.664900000000102, 51.2856 ], [ 140.668899999000018, 51.2805 ], [ 140.6781, 51.2739 ], [ 140.6836, 51.269900001000053 ], [ 140.691700001000072, 51.254900001000067 ], [ 140.6933, 51.247 ], [ 140.678799999000034, 51.2479 ], [ 140.6732, 51.2446 ], [ 140.66540000100008, 51.2442 ], [ 140.6475, 51.235500001000048 ], [ 140.633700001000079, 51.233900001000052 ], [ 140.6262, 51.2307 ], [ 140.6531, 51.2184 ], [ 140.654800001000012, 51.2155 ], [ 140.647299999000097, 51.2077 ], [ 140.6471, 51.2038 ], [ 140.656899999000075, 51.197000001000049 ], [ 140.6559, 51.1931 ], [ 140.6605, 51.1857 ], [ 140.6683, 51.173 ], [ 140.658999999, 51.1651 ], [ 140.6611, 51.1604 ], [ 140.6588, 51.1509 ], [ 140.6484, 51.1252 ], [ 140.644600001000072, 51.1247 ], [ 140.63880000100005, 51.1203 ], [ 140.629400001000022, 51.1186 ], [ 140.62990000100001, 51.117 ], [ 140.635499999000103, 51.11570000100005 ], [ 140.6449, 51.117300001000046 ], [ 140.6519, 51.1086 ], [ 140.665100001000042, 51.1002 ], [ 140.6695, 51.086800001000086 ], [ 140.677500001, 51.0626 ], [ 140.6786, 51.05380000100007 ], [ 140.67170000200008, 51.0343 ], [ 140.6671, 51.0307 ], [ 140.65819999900009, 51.0296 ], [ 140.647399999000072, 51.0237 ], [ 140.6243, 51.0298 ], [ 140.6107, 51.031100001000084 ], [ 140.6102, 51.03 ], [ 140.6107, 51.0286 ], [ 140.6299, 51.0237 ], [ 140.6403, 51.0182 ], [ 140.638100001, 51.0143 ], [ 140.630500001000087, 51.0009 ], [ 140.629799999000056, 50.992 ], [ 140.6451, 50.9767 ], [ 140.6512, 50.9671 ], [ 140.6519, 50.9625 ], [ 140.649100001000079, 50.9562 ], [ 140.642700000000104, 50.9507 ], [ 140.6349, 50.947500001000037 ], [ 140.6037, 50.9431 ], [ 140.579600002, 50.9337 ], [ 140.5645, 50.9261 ], [ 140.561000001000025, 50.9243 ], [ 140.526300000000106, 50.8985 ], [ 140.5253, 50.894200001000058 ], [ 140.534300002, 50.894100001000083 ], [ 140.5361, 50.8917 ], [ 140.521100001000036, 50.8867 ], [ 140.514600001000076, 50.8774 ], [ 140.502200001, 50.8661 ], [ 140.501400001000093, 50.8611 ], [ 140.5076, 50.849600001000056 ], [ 140.519300001000033, 50.8365 ], [ 140.5194, 50.8305 ], [ 140.5174, 50.8273 ], [ 140.511099999000066, 50.817 ], [ 140.511500001000059, 50.808700001000034 ], [ 140.5039, 50.8016 ], [ 140.492400001000078, 50.7822 ], [ 140.483400001000064, 50.7733 ], [ 140.467, 50.763600001000043 ], [ 140.461300001000041, 50.7575 ], [ 140.457500001000085, 50.7513 ], [ 140.4508, 50.7253 ], [ 140.4409, 50.7218 ], [ 140.438000001000091, 50.7172 ], [ 140.4351, 50.7128 ], [ 140.4369, 50.7081 ], [ 140.4471, 50.6996 ], [ 140.4521, 50.6901 ], [ 140.4704, 50.668700001000047 ], [ 140.47160000100007, 50.66480000200005 ], [ 140.4725, 50.6619 ], [ 140.4712, 50.6512 ], [ 140.4789, 50.6381 ], [ 140.491000001000089, 50.6258 ], [ 140.486800001, 50.6201 ], [ 140.460000001000026, 50.6076 ], [ 140.4359, 50.571700001000067 ], [ 140.4275, 50.5555 ], [ 140.4219, 50.5446 ], [ 140.4214, 50.537000001000081 ], [ 140.4277, 50.528800001000036 ], [ 140.4356, 50.5035 ], [ 140.4448000000001, 50.4933 ], [ 140.4791, 50.4667 ], [ 140.48420000100009, 50.4602 ], [ 140.4844, 50.4547 ], [ 140.477999999000076, 50.4461 ], [ 140.4782, 50.4429 ], [ 140.4847, 50.429400001000033 ], [ 140.498400002000039, 50.378 ], [ 140.5145, 50.3528 ], [ 140.5253, 50.3418 ], [ 140.5266, 50.338 ], [ 140.511099999000066, 50.3263 ], [ 140.507399999000086, 50.3234 ], [ 140.4994, 50.3092 ], [ 140.496500001000072, 50.2954 ], [ 140.4957, 50.27 ], [ 140.4933, 50.2664 ], [ 140.497500001000049, 50.2567 ], [ 140.5059, 50.24840000100005 ], [ 140.507000002000041, 50.2375 ], [ 140.5027, 50.2171 ], [ 140.4978, 50.2067 ], [ 140.498, 50.205400001000044 ], [ 140.498900001000038, 50.195300001000078 ], [ 140.505400001, 50.1795 ], [ 140.507500001000039, 50.1589 ], [ 140.511099999000066, 50.1481 ], [ 140.518399999000053, 50.1376 ], [ 140.544500001000074, 50.1159 ], [ 140.5498, 50.1151 ], [ 140.554700001000015, 50.1166 ], [ 140.563300001000016, 50.114600001000042 ], [ 140.57350000100007, 50.109100001000058 ], [ 140.5908, 50.1034 ], [ 140.608899999000073, 50.1001 ], [ 140.665200001000017, 50.0934 ], [ 140.6797, 50.0968 ], [ 140.6841, 50.0956 ], [ 140.687199999000086, 50.0922 ], [ 140.6863, 50.088799999000059 ], [ 140.6683, 50.0746 ], [ 140.6631, 50.067700001000048 ], [ 140.656, 50.0584 ], [ 140.6378, 50.0513 ], [ 140.627900001000057, 50.043 ], [ 140.6125, 50.0404 ], [ 140.5839, 50.028700001000061 ], [ 140.53900000100009, 50.0172 ], [ 140.513700001000075, 50.0065 ], [ 140.5037, 50.001 ], [ 140.501800001000106, 50.0 ], [ 140.4915, 49.9944 ], [ 140.4848, 49.9877 ], [ 140.479500001000019, 49.976800001000072 ], [ 140.47650000100009, 49.9623 ], [ 140.465700001000073, 49.9407 ], [ 140.4426, 49.9204 ], [ 140.437600001000078, 49.9109 ], [ 140.4382, 49.9037 ], [ 140.4415, 49.8973 ], [ 140.438900000000103, 49.8943 ], [ 140.4297, 49.893200001000082 ], [ 140.419700001000024, 49.8921 ], [ 140.406899999000075, 49.8874 ], [ 140.4038, 49.8789 ], [ 140.4083, 49.8662 ], [ 140.428899999, 49.8389 ], [ 140.448300001, 49.8225 ], [ 140.4546, 49.8106 ], [ 140.4557, 49.8084 ], [ 140.488200001, 49.791600001000063 ], [ 140.501500001000068, 49.788 ], [ 140.5244, 49.7872 ], [ 140.53, 49.784300001000076 ], [ 140.531199999000023, 49.776600001000077 ], [ 140.524699999000063, 49.7621 ], [ 140.5198, 49.7397 ], [ 140.5092, 49.7264 ], [ 140.507500002000029, 49.719300001000079 ], [ 140.5059, 49.712400001000049 ], [ 140.498100001000012, 49.698400001000039 ], [ 140.516000001000066, 49.656800001000079 ], [ 140.521100001000036, 49.6285 ], [ 140.5274, 49.619299999000077 ], [ 140.536600001000011, 49.5988 ], [ 140.5367, 49.5981 ], [ 140.5396, 49.5887 ], [ 140.538300001000039, 49.5784 ], [ 140.543500001000098, 49.5664 ], [ 140.5294, 49.5531 ], [ 140.5205, 49.5387 ], [ 140.5017, 49.531700001000047 ], [ 140.4993, 49.5271 ], [ 140.506800001000101, 49.503400001000045 ], [ 140.5071, 49.4935 ], [ 140.5021, 49.4867 ], [ 140.500700002000031, 49.486300001000075 ], [ 140.4744, 49.4782 ], [ 140.463900002000059, 49.4653 ], [ 140.4603, 49.4557 ], [ 140.420000001000062, 49.4129 ], [ 140.413100001000089, 49.4026 ], [ 140.4154, 49.389800001000083 ], [ 140.425200001, 49.3853 ], [ 140.4259, 49.385 ], [ 140.4289, 49.3818 ], [ 140.424, 49.3727 ], [ 140.4248, 49.3667 ], [ 140.4104, 49.348600001000079 ], [ 140.4136, 49.3371 ], [ 140.408900001, 49.3294 ], [ 140.411, 49.3224 ], [ 140.421099999000035, 49.3082 ], [ 140.42050000100005, 49.2974 ], [ 140.4138, 49.2951 ], [ 140.406600001000015, 49.298500001000036 ], [ 140.3805, 49.2865 ], [ 140.375, 49.273300001000052 ], [ 140.378899999000055, 49.26870000100007 ], [ 140.377800001000082, 49.2658 ], [ 140.369900001000019, 49.2645 ], [ 140.36690000100009, 49.2607 ], [ 140.367800000000102, 49.2552 ], [ 140.3652, 49.252100001000088 ], [ 140.3558, 49.25 ], [ 140.3513, 49.2507 ], [ 140.3401, 49.26 ], [ 140.332900001000098, 49.2496 ], [ 140.3349, 49.2442 ], [ 140.3205, 49.2277 ], [ 140.3101, 49.207700001000035 ], [ 140.311, 49.1997 ], [ 140.313700001000029, 49.1963 ], [ 140.322800001000019, 49.194300001000045 ], [ 140.328400001000091, 49.196500001000061 ], [ 140.3385, 49.205200001000037 ], [ 140.343599999000048, 49.2065 ], [ 140.344700000000103, 49.2025 ], [ 140.342400001000101, 49.196700001000067 ], [ 140.330200000000104, 49.1762 ], [ 140.329500001000042, 49.1714 ], [ 140.334700001000101, 49.1619 ], [ 140.356399999000018, 49.1503 ], [ 140.353300001000093, 49.1493 ], [ 140.3509, 49.1484 ], [ 140.3471, 49.1443 ], [ 140.3446, 49.135500001000082 ], [ 140.343400001000077, 49.1315 ], [ 140.3327, 49.1257 ], [ 140.3272, 49.1192 ], [ 140.327200001000051, 49.112300001000051 ], [ 140.3241, 49.1054 ], [ 140.3263, 49.1041 ], [ 140.340800001000048, 49.1071 ], [ 140.343900001000065, 49.102100001000053 ], [ 140.338400001000082, 49.0958 ], [ 140.331000001, 49.093 ], [ 140.2715, 49.0875 ], [ 140.2669, 49.0848 ], [ 140.2673, 49.08320000100008 ], [ 140.2935, 49.0762 ], [ 140.2959, 49.071 ], [ 140.301799999000082, 49.0685 ], [ 140.304500001000065, 49.0633 ], [ 140.308000001000096, 49.0633 ], [ 140.3094, 49.0644 ], [ 140.314300001000106, 49.068 ], [ 140.3181, 49.0679 ], [ 140.319200001000013, 49.0656 ], [ 140.3099, 49.0549 ], [ 140.31, 49.0485 ], [ 140.3131, 49.046 ], [ 140.323100001000057, 49.050400001000071 ], [ 140.329800001000081, 49.0509 ], [ 140.330899999000053, 49.048700001000043 ], [ 140.322900001, 49.0394 ], [ 140.3036, 49.025 ], [ 140.2979, 49.0266 ], [ 140.2959, 49.031300001000034 ], [ 140.288100001000089, 49.0311 ], [ 140.2838, 49.0254 ], [ 140.274100001000079, 49.0281 ], [ 140.2586, 49.0248 ], [ 140.247500001000049, 49.0161 ], [ 140.2541, 49.015900001000034 ], [ 140.263200001000087, 49.0132 ], [ 140.2781, 49.0155 ], [ 140.2804000000001, 49.012100001000078 ], [ 140.276800001000083, 49.0089 ], [ 140.265899999, 49.005700001000037 ], [ 140.2557, 49.0004 ], [ 140.2491, 48.986800001000063 ], [ 140.2411, 48.98440000100004 ], [ 140.2348, 48.9797 ], [ 140.2282, 48.977400001000035 ], [ 140.2131, 48.9768 ], [ 140.2066, 48.975100001000044 ], [ 140.2059, 48.9724 ], [ 140.219200001000104, 48.970600001000037 ], [ 140.2229, 48.9676 ], [ 140.21880000200008, 48.9656 ], [ 140.2221, 48.9622 ], [ 140.218800001000091, 48.9562 ], [ 140.222000001000083, 48.9523 ], [ 140.2358, 48.965000001000078 ], [ 140.245, 48.966 ], [ 140.250900001000105, 48.968599999000048 ], [ 140.2602, 48.9652 ], [ 140.270500001000073, 48.978300001000036 ], [ 140.275800001, 48.981 ], [ 140.2795, 48.992 ], [ 140.294700001000024, 48.9956 ], [ 140.303, 49.001900001000081 ], [ 140.307200001000069, 49.0026 ], [ 140.311200001000088, 49.0009 ], [ 140.313700001000029, 49.003500001000077 ], [ 140.3118, 49.0094 ], [ 140.315799999000092, 49.013 ], [ 140.3183, 49.0143 ], [ 140.3309, 49.021 ], [ 140.340000001000021, 49.0213 ], [ 140.343900001000065, 49.024 ], [ 140.3467, 49.0238 ], [ 140.347900001000085, 49.020500001000073 ], [ 140.3454, 49.0152 ], [ 140.3486, 49.0109 ], [ 140.3469, 49.0091 ], [ 140.339200001, 49.011300001000052 ], [ 140.3299, 49.0047 ], [ 140.3312, 49.001900001000081 ], [ 140.3404, 49.0031 ], [ 140.3443, 48.9983 ], [ 140.350000001000012, 49.0021 ], [ 140.352800002000095, 49.0021 ], [ 140.353099999000051, 48.9993 ], [ 140.347, 48.9912 ], [ 140.3482, 48.9896 ], [ 140.350000001000012, 48.9881 ], [ 140.3689, 48.9884 ], [ 140.373900001000038, 48.9872 ], [ 140.3758, 48.9811 ], [ 140.387599999000031, 48.973700001000054 ], [ 140.3836, 48.9726 ], [ 140.3759, 48.970500002000051 ], [ 140.366999999000086, 48.9622 ], [ 140.3627, 48.9521 ], [ 140.363000001000046, 48.9376 ], [ 140.359, 48.9342 ], [ 140.359500001000015, 48.9241 ], [ 140.347900001000085, 48.911800001000074 ], [ 140.344100001000015, 48.9047 ], [ 140.3267, 48.898 ], [ 140.319099999000059, 48.8868 ], [ 140.3006, 48.877 ], [ 140.291000002000033, 48.8733 ], [ 140.261900001000072, 48.8619 ], [ 140.2355, 48.841300001000036 ], [ 140.2333, 48.8357 ], [ 140.235700001000055, 48.8165 ], [ 140.2324, 48.8106 ], [ 140.21829999900001, 48.795200001000069 ], [ 140.2101, 48.7799 ], [ 140.2019, 48.7706 ], [ 140.193100001000062, 48.760800001000064 ], [ 140.1946, 48.7566 ], [ 140.1908, 48.7497 ], [ 140.196, 48.7381 ], [ 140.1815, 48.71470000100004 ], [ 140.1816, 48.7081 ], [ 140.1763, 48.7002 ], [ 140.177200002000063, 48.6877 ], [ 140.180399999000088, 48.6811 ], [ 140.175, 48.6727 ], [ 140.1761, 48.6612 ], [ 140.1796, 48.6517 ], [ 140.185300001000087, 48.6365 ], [ 140.1801, 48.6224 ], [ 140.1828, 48.6147 ], [ 140.181, 48.612200001000076 ], [ 140.1731, 48.6102 ], [ 140.17050000100005, 48.6067 ], [ 140.171200001000102, 48.604399999000066 ], [ 140.1791, 48.6011 ], [ 140.1925, 48.5982 ], [ 140.192300001000035, 48.5948 ], [ 140.187400001000015, 48.5896 ], [ 140.190000001000044, 48.583900001000075 ], [ 140.185300001000087, 48.579599999000038 ], [ 140.188700001000029, 48.5725 ], [ 140.1867, 48.5708 ], [ 140.174, 48.569100001000038 ], [ 140.1648, 48.5647 ], [ 140.158, 48.5549 ], [ 140.157800001000055, 48.5465 ], [ 140.169900001000087, 48.5407 ], [ 140.1734, 48.536100001000079 ], [ 140.1716, 48.5307 ], [ 140.1824, 48.5223 ], [ 140.180600002, 48.4935 ], [ 140.169400001000099, 48.475800001000039 ], [ 140.1759, 48.4539 ], [ 140.1729, 48.4479 ], [ 140.1663, 48.4426 ], [ 140.1532, 48.4371 ], [ 140.134, 48.429 ], [ 140.1123, 48.4238 ], [ 140.1048, 48.4195 ], [ 140.0971, 48.4115 ], [ 140.09, 48.410300001000053 ], [ 140.08260000100006, 48.4067 ], [ 140.0785, 48.3975 ], [ 140.069200002, 48.3924 ], [ 140.047099999000011, 48.3654 ], [ 140.044699999000045, 48.3559 ], [ 140.0393, 48.3493 ], [ 140.033500001, 48.3353 ], [ 140.031200001, 48.333600001000036 ], [ 140.030100001000051, 48.333500001000061 ], [ 140.015200001000039, 48.3321 ], [ 140.0, 48.3285 ], [ 139.9992, 48.3283 ], [ 139.9775, 48.320499999000049 ], [ 139.9444, 48.3122 ], [ 139.9209, 48.3038 ], [ 139.90910000100007, 48.2908 ], [ 139.904300002000014, 48.2808 ], [ 139.877300001000094, 48.2707 ], [ 139.8724, 48.2617 ], [ 139.858400001000064, 48.2449 ], [ 139.8413, 48.240300001000037 ], [ 139.8152, 48.22240000100004 ], [ 139.809400002000075, 48.215 ], [ 139.751700001000017, 48.1816 ], [ 139.7332, 48.170800001000032 ], [ 139.720400002000019, 48.1654 ], [ 139.707, 48.1497 ], [ 139.708400001000086, 48.1398 ], [ 139.693000001000087, 48.132200001000058 ], [ 139.6881, 48.1261 ], [ 139.690699999, 48.1202 ], [ 139.683, 48.113600001000066 ], [ 139.674900001000083, 48.109700001000078 ], [ 139.6548, 48.0828 ], [ 139.6396, 48.0624 ], [ 139.637700001000098, 48.0609 ], [ 139.628299999000092, 48.0598 ], [ 139.5654, 48.0157 ], [ 139.54670000100009, 48.000000001000046 ], [ 139.5452, 47.9776 ], [ 139.541, 47.9703 ], [ 139.5379, 47.9648 ], [ 139.533200001000068, 47.9616 ], [ 139.521900001000063, 47.9596 ], [ 139.510700001000032, 47.953100001000053 ], [ 139.491999999000086, 47.9495 ], [ 139.4764, 47.9434 ], [ 139.4487, 47.9325 ], [ 139.4341, 47.931600001000049 ], [ 139.4222, 47.92390000100005 ], [ 139.415800000000104, 47.9221 ], [ 139.366600001000052, 47.8725 ], [ 139.3468, 47.8594 ], [ 139.3452, 47.858400001000064 ], [ 139.3268, 47.8429 ], [ 139.308800001, 47.822 ], [ 139.2989, 47.820200001000046 ], [ 139.288400001000014, 47.8131 ], [ 139.274500000000103, 47.7976 ], [ 139.272700001000089, 47.7853 ], [ 139.262500001000035, 47.7737 ], [ 139.253000001000032, 47.7556 ], [ 139.225800001000039, 47.7217 ], [ 139.2143, 47.6968 ], [ 139.210099999000022, 47.6625 ], [ 139.2044, 47.651800001000083 ], [ 139.1962, 47.6477 ], [ 139.189800000000105, 47.6452 ], [ 139.1824, 47.6377 ], [ 139.1732, 47.633800001000054 ], [ 139.169500001000074, 47.6242 ], [ 139.163100001000089, 47.621300001000066 ], [ 139.1614, 47.6117 ], [ 139.1337, 47.5834 ], [ 139.1263, 47.569700001000058 ], [ 139.1192, 47.5622 ], [ 139.117800001000091, 47.5535 ], [ 139.111000000000104, 47.5411 ], [ 139.1104, 47.540000001000067 ], [ 139.105000001, 47.5238 ], [ 139.096199999000078, 47.514200001000063 ], [ 139.0827, 47.5051 ], [ 139.0746, 47.4864 ], [ 139.063900000000103, 47.4736 ], [ 139.0642, 47.4699 ], [ 139.0696, 47.457099999000036 ], [ 139.065900001000045, 47.4411 ], [ 139.058800001, 47.426500001000079 ], [ 139.0602, 47.4144 ], [ 139.057500002000097, 47.4032 ], [ 139.027199999, 47.3859 ], [ 139.0128, 47.3667 ], [ 139.0047, 47.359900001000085 ], [ 138.9984, 47.3546 ], [ 138.9923, 47.3427 ], [ 139.0007, 47.3301 ], [ 138.992400001000078, 47.3112 ], [ 138.981, 47.3118 ], [ 138.9719, 47.3059 ], [ 138.9632, 47.306600001000049 ], [ 138.9548, 47.309100001000047 ], [ 138.9454, 47.3139 ], [ 138.935300001000087, 47.3148 ], [ 138.9203, 47.3085 ], [ 138.9021, 47.3008 ], [ 138.8877, 47.2981 ], [ 138.8777, 47.2921 ], [ 138.850900001000014, 47.2724 ], [ 138.796700000000101, 47.21900000100004 ], [ 138.7645, 47.1895 ], [ 138.7459, 47.166 ], [ 138.710600001000103, 47.1339 ], [ 138.6909, 47.1178 ], [ 138.635699999000053, 47.0864 ], [ 138.618700000000104, 47.0751 ], [ 138.597100001000058, 47.0581 ], [ 138.589500001000033, 47.0494 ], [ 138.571999999000013, 47.0292 ], [ 138.5634, 47.016 ], [ 138.536800001000074, 46.9733 ], [ 138.52660000100002, 46.953000001000078 ], [ 138.5068, 46.9314 ], [ 138.5045, 46.9257 ], [ 138.510400001, 46.9081 ], [ 138.5078, 46.9 ], [ 138.5059, 46.8939 ], [ 138.5063, 46.879 ], [ 138.4991, 46.8683 ], [ 138.492200001000015, 46.8648 ], [ 138.4915, 46.862300001000051 ], [ 138.4873, 46.851800001000072 ], [ 138.4686, 46.83 ], [ 138.455300001000069, 46.8267 ], [ 138.44710000200007, 46.8127 ], [ 138.44149999900003, 46.8118 ], [ 138.431499999000039, 46.806 ], [ 138.42960000100004, 46.8007 ], [ 138.4267, 46.7973 ], [ 138.419800001, 46.789 ], [ 138.4189, 46.7778 ], [ 138.413300001000039, 46.769100001000083 ], [ 138.401100001000032, 46.7626 ], [ 138.3887, 46.7463 ], [ 138.372600001000023, 46.7008 ], [ 138.36710000100004, 46.6916 ], [ 138.3562, 46.6856 ], [ 138.362400001000083, 46.668200001000059 ], [ 138.361900000000105, 46.658 ], [ 138.361400001, 46.6571 ], [ 138.350900001000014, 46.6357 ], [ 138.3503, 46.6266 ], [ 138.3528, 46.6161 ], [ 138.3596, 46.6026 ], [ 138.367200001000015, 46.5974 ], [ 138.368599999000025, 46.5942 ], [ 138.3513, 46.5443 ], [ 138.35310000100003, 46.537400001000037 ], [ 138.353800002000071, 46.5349 ], [ 138.346900001, 46.5302 ], [ 138.3419, 46.5268 ], [ 138.3271, 46.5208 ], [ 138.3149, 46.5189 ], [ 138.3041, 46.5092 ], [ 138.28270000100008, 46.5036 ], [ 138.24, 46.4839 ], [ 138.2095, 46.460800001000052 ], [ 138.202700001000039, 46.4579 ], [ 138.200400001000048, 46.4569 ], [ 138.190200002000097, 46.4479 ], [ 138.17700000100001, 46.430900001000055 ], [ 138.1705, 46.419200001000036 ], [ 138.164900000000102, 46.3999 ], [ 138.124799999000061, 46.3456 ], [ 138.1201, 46.3298 ], [ 138.1137, 46.3179 ], [ 138.112000001000069, 46.3016 ], [ 138.1046, 46.2911 ], [ 138.100800001000039, 46.2624 ], [ 138.1035, 46.2567 ], [ 138.112900001000071, 46.2515 ], [ 138.1165, 46.2472 ], [ 138.116000001000089, 46.2413 ], [ 138.111800001, 46.2351 ], [ 138.0952, 46.221 ], [ 138.081199999000091, 46.2136 ], [ 138.0764, 46.2083 ], [ 138.0739, 46.1984 ], [ 138.0694, 46.1936 ], [ 138.055399999000088, 46.186800001000051 ], [ 138.044100001000061, 46.1739 ], [ 138.0388, 46.1716 ], [ 138.033, 46.1647 ], [ 138.022600001, 46.163 ], [ 138.018300001000057, 46.1607 ], [ 138.008800001000054, 46.143000001000075 ], [ 137.999399999000048, 46.133 ], [ 137.9677, 46.1097 ], [ 137.956300001000045, 46.1048 ], [ 137.9478, 46.098300001000041 ], [ 137.9421, 46.0911 ], [ 137.9356, 46.0714 ], [ 137.930699999000012, 46.066100001000052 ], [ 137.9239, 46.0628 ], [ 137.9022, 46.0466 ], [ 137.8912, 46.0426 ], [ 137.8864, 46.0366 ], [ 137.883600001000104, 46.0354 ], [ 137.879500001, 46.0336 ], [ 137.8722, 46.0237 ], [ 137.851200001000052, 46.0061 ], [ 137.84520000100008, 45.9946 ], [ 137.83750000100008, 45.9863 ], [ 137.8136, 45.9712 ], [ 137.7969, 45.956800001000033 ], [ 137.782200000000103, 45.940399999000078 ], [ 137.7759, 45.936400001000038 ], [ 137.774100002000068, 45.9353 ], [ 137.756199999000046, 45.9026 ], [ 137.742900001000066, 45.8828 ], [ 137.736400001000106, 45.8781 ], [ 137.731700001000036, 45.8678 ], [ 137.724000001000036, 45.8645 ], [ 137.721200001000057, 45.856 ], [ 137.705700001000082, 45.849 ], [ 137.6964, 45.842 ], [ 137.6921, 45.83 ], [ 137.691200001000084, 45.826800001000038 ], [ 137.693900001000088, 45.82 ], [ 137.7, 45.8127 ], [ 137.6954, 45.806400001000043 ], [ 137.6905, 45.7996 ], [ 137.64230000200007, 45.7654 ], [ 137.6303, 45.7625 ], [ 137.613400001000059, 45.747700001000055 ], [ 137.6001, 45.743800001000068 ], [ 137.5933, 45.7396 ], [ 137.5841, 45.7306 ], [ 137.5711, 45.727 ], [ 137.5666, 45.7231 ], [ 137.526800001000083, 45.6887 ], [ 137.5126, 45.6812 ], [ 137.4916, 45.663300001000039 ], [ 137.4662, 45.6611 ], [ 137.455200000000104, 45.658 ], [ 137.4318, 45.6473 ], [ 137.4191, 45.6415 ], [ 137.3645, 45.6048 ], [ 137.337000000000103, 45.5767 ], [ 137.3241, 45.5502 ], [ 137.3217, 45.5449 ], [ 137.3134, 45.5388 ], [ 137.304300001, 45.5174 ], [ 137.298500000000104, 45.5132 ], [ 137.291700001000095, 45.512200001000053 ], [ 137.283800001000031, 45.504300001000047 ], [ 137.2744, 45.4929 ], [ 137.252, 45.4718 ], [ 137.2406, 45.4636 ], [ 137.218800000000101, 45.455 ], [ 137.210200001000089, 45.4492 ], [ 137.2064, 45.445 ], [ 137.1946, 45.4185 ], [ 137.188000001000091, 45.412000001000081 ], [ 137.1752, 45.4058 ], [ 137.1666, 45.398800001000041 ], [ 137.159499999000104, 45.3804 ], [ 137.1542, 45.373600001000057 ], [ 137.145, 45.3671 ], [ 137.132399999000086, 45.3637 ], [ 137.1133, 45.3631 ], [ 137.1057, 45.3606 ], [ 137.0896, 45.3552 ], [ 137.026, 45.317 ], [ 137.0004, 45.299 ], [ 136.982000002000063, 45.2881 ], [ 136.9731, 45.280600001000039 ], [ 136.948, 45.2596 ], [ 136.905900001000077, 45.2432 ], [ 136.87, 45.2327 ], [ 136.8474, 45.222700001000078 ], [ 136.831, 45.2119 ], [ 136.829300001000092, 45.21 ], [ 136.824500001000047, 45.2049 ], [ 136.8034, 45.1894 ], [ 136.7979, 45.1808 ], [ 136.792799999000067, 45.161 ], [ 136.7795, 45.13880000100005 ], [ 136.7671, 45.0952 ], [ 136.7667, 45.0939 ], [ 136.760300001000019, 45.0848 ], [ 136.7518, 45.078500001000066 ], [ 136.7429, 45.0751 ], [ 136.7234, 45.0628 ], [ 136.709899999000072, 45.0611 ], [ 136.695100001000014, 45.0508 ], [ 136.6866, 45.0476 ], [ 136.685300001000087, 45.0458 ], [ 136.6868, 45.041 ], [ 136.685, 45.0375 ], [ 136.676700002000075, 45.0369 ], [ 136.6547, 45.0298 ], [ 136.6457, 45.0287 ], [ 136.6346, 45.0319 ], [ 136.6325, 45.0291 ], [ 136.6339, 45.0264 ], [ 136.642700000000104, 45.0243 ], [ 136.644, 45.0227 ], [ 136.642200001000106, 45.0202 ], [ 136.6342, 45.0195 ], [ 136.631, 45.0179 ], [ 136.6219, 45.0039 ], [ 136.616900000000101, 45.0 ], [ 136.6057, 44.9912 ], [ 136.6003, 44.9898 ], [ 136.597000001000083, 44.9822 ], [ 136.5958, 44.9796 ], [ 136.574200001, 44.957100001000072 ], [ 136.5688, 44.9474 ], [ 136.565700001000096, 44.9455 ], [ 136.555300001000091, 44.9471 ], [ 136.5522, 44.9443 ], [ 136.550199999000029, 44.9388 ], [ 136.5518, 44.9322 ], [ 136.5591, 44.926100001000066 ], [ 136.5605, 44.923 ], [ 136.5591, 44.918300001000034 ], [ 136.547800001000041, 44.9046 ], [ 136.540100001000042, 44.897100001000069 ], [ 136.5369, 44.896100001000036 ], [ 136.531300000000101, 44.8999 ], [ 136.5224, 44.896 ], [ 136.521900002000052, 44.8937 ], [ 136.521100001000036, 44.8894 ], [ 136.50470000100006, 44.8824 ], [ 136.4998, 44.8768 ], [ 136.4932, 44.8578 ], [ 136.4951, 44.8512 ], [ 136.4927, 44.8477 ], [ 136.4843, 44.8471 ], [ 136.4749, 44.835 ], [ 136.465, 44.8341 ], [ 136.452800001000014, 44.826700001000063 ], [ 136.4432, 44.824 ], [ 136.439200001000017, 44.8202 ], [ 136.436599999, 44.8073 ], [ 136.437699999000074, 44.8046 ], [ 136.4429, 44.8027 ], [ 136.4431, 44.8019 ], [ 136.444000001000063, 44.7995 ], [ 136.444, 44.791500001000088 ], [ 136.439200001000017, 44.7852 ], [ 136.439600001000031, 44.7824 ], [ 136.4422, 44.782000001000085 ], [ 136.4519, 44.788 ], [ 136.4549, 44.7855 ], [ 136.450400001000048, 44.7788 ], [ 136.4529, 44.7729 ], [ 136.450600001, 44.766400001000079 ], [ 136.445299999000099, 44.7636 ], [ 136.43730000100004, 44.7627 ], [ 136.427100001000099, 44.7675 ], [ 136.4191, 44.7666 ], [ 136.412900001000025, 44.768800001000045 ], [ 136.4093, 44.7715 ], [ 136.4023, 44.783 ], [ 136.39250000100003, 44.7878 ], [ 136.386, 44.7961 ], [ 136.3824, 44.7979 ], [ 136.377600001000019, 44.7971 ], [ 136.362, 44.7947 ], [ 136.3547, 44.7917 ], [ 136.353499999000064, 44.7903 ], [ 136.351, 44.787500001000069 ], [ 136.353600001000018, 44.7743 ], [ 136.3493, 44.768500001000064 ], [ 136.3452, 44.7478 ], [ 136.3405, 44.7449 ], [ 136.3181, 44.7416 ], [ 136.3055, 44.7379 ], [ 136.3037, 44.7349 ], [ 136.3055, 44.7299 ], [ 136.3152, 44.7287 ], [ 136.316100001, 44.7228 ], [ 136.319100001000038, 44.722 ], [ 136.325300001000073, 44.7251 ], [ 136.3295, 44.7245 ], [ 136.3394, 44.7185 ], [ 136.337100001000067, 44.7141 ], [ 136.3316, 44.7107 ], [ 136.3119, 44.7035 ], [ 136.2924, 44.70190000100007 ], [ 136.2779, 44.6956 ], [ 136.2453, 44.6728 ], [ 136.2343, 44.663100001000089 ], [ 136.2232, 44.6331 ], [ 136.2198, 44.6296 ], [ 136.215000001000021, 44.6306 ], [ 136.214500001000033, 44.6148 ], [ 136.2161, 44.607500001000062 ], [ 136.223600001000023, 44.5983 ], [ 136.225000001000012, 44.5892 ], [ 136.2271, 44.5873 ], [ 136.228, 44.586500001000047 ], [ 136.233100001000025, 44.5875 ], [ 136.2361, 44.5855 ], [ 136.2308, 44.5824 ], [ 136.2319, 44.579199999000082 ], [ 136.229100001, 44.5764 ], [ 136.2208, 44.57690000100007 ], [ 136.2141, 44.575400001000048 ], [ 136.1916, 44.5636 ], [ 136.1902, 44.560600001000068 ], [ 136.19240000100001, 44.5545 ], [ 136.190900001000045, 44.533100001000037 ], [ 136.174500001000069, 44.5142 ], [ 136.167599999, 44.512100001000078 ], [ 136.1628, 44.5052 ], [ 136.157200001000092, 44.503 ], [ 136.1548, 44.498600001000057 ], [ 136.1534, 44.496 ], [ 136.135000001000094, 44.4854 ], [ 136.1232, 44.4849 ], [ 136.112500001000058, 44.4764 ], [ 136.0987, 44.4699 ], [ 136.074499999000068, 44.4626 ], [ 136.060100001000023, 44.4563 ], [ 136.0387, 44.4429 ], [ 136.0305, 44.4422 ], [ 136.025300001, 44.4487 ], [ 136.022399999000072, 44.4493 ], [ 136.0122, 44.4473 ], [ 136.002, 44.443100001000062 ], [ 135.995200001000057, 44.4319 ], [ 135.984200000000101, 44.4286 ], [ 135.975500001, 44.4295 ], [ 135.9719, 44.4262 ], [ 135.961100000000101, 44.4248 ], [ 135.9416, 44.4195 ], [ 135.924800001, 44.4101 ], [ 135.9117, 44.4106 ], [ 135.9055, 44.4073 ], [ 135.891200001000016, 44.4062 ], [ 135.885600001000057, 44.4035 ], [ 135.8812, 44.3906 ], [ 135.8758, 44.383500001000073 ], [ 135.862, 44.3726 ], [ 135.8441, 44.362500001000058 ], [ 135.8392, 44.3578 ], [ 135.835600002000092, 44.3474 ], [ 135.8377, 44.344500001000085 ], [ 135.8405, 44.3447 ], [ 135.844700000000103, 44.3451 ], [ 135.8468, 44.342 ], [ 135.843500001000052, 44.33750000100008 ], [ 135.844399999000075, 44.3327 ], [ 135.833000001000073, 44.308400001000052 ], [ 135.8241, 44.2962 ], [ 135.810599999000033, 44.2857 ], [ 135.801800001000061, 44.2658 ], [ 135.790200001000017, 44.257 ], [ 135.780600001000039, 44.2526 ], [ 135.769800001000021, 44.2518 ], [ 135.7615, 44.2486 ], [ 135.7595, 44.2479 ], [ 135.74119999900006, 44.2446 ], [ 135.727600002000031, 44.2373 ], [ 135.706, 44.2135 ], [ 135.6986, 44.1982 ], [ 135.6888, 44.1872 ], [ 135.676500002000012, 44.1783 ], [ 135.659299999000041, 44.173000001000048 ], [ 135.6534, 44.16620000100005 ], [ 135.6522, 44.1595 ], [ 135.651500001000045, 44.1547 ], [ 135.654500001000088, 44.146500001000049 ], [ 135.665700001, 44.1287 ], [ 135.6621, 44.1245 ], [ 135.6556, 44.122200001000067 ], [ 135.652, 44.117600001000085 ], [ 135.6538, 44.1029 ], [ 135.6518, 44.0997 ], [ 135.642900001000044, 44.099 ], [ 135.640700001000027, 44.0936 ], [ 135.645300002, 44.074500001000047 ], [ 135.6393, 44.0565 ], [ 135.641100001000041, 44.047200001000078 ], [ 135.6417, 44.0439 ], [ 135.6399, 44.0363 ], [ 135.635100001000069, 44.0309 ], [ 135.6198, 44.0318 ], [ 135.6048, 44.0176 ], [ 135.5988, 44.0174 ], [ 135.588100001000043, 44.0201 ], [ 135.574800001000085, 44.0149 ], [ 135.569399999000098, 44.0147 ], [ 135.561, 44.006 ], [ 135.549900002000072, 44.001700001000074 ], [ 135.535700001, 43.999500001000058 ], [ 135.5321, 43.9966 ], [ 135.539199999000061, 43.983800001000077 ], [ 135.539600001000053, 43.9778 ], [ 135.5367, 43.9718 ], [ 135.5316, 43.9682 ], [ 135.523599999, 43.9682 ], [ 135.5204, 43.9637 ], [ 135.5172, 43.9485 ], [ 135.5197, 43.9442 ], [ 135.526500001000045, 43.9412 ], [ 135.5297, 43.9356 ], [ 135.528400001000023, 43.9309 ], [ 135.5326, 43.9242 ], [ 135.5321, 43.921 ], [ 135.5285, 43.9174 ], [ 135.522500001000026, 43.9179 ], [ 135.521000001000061, 43.922500002000049 ], [ 135.5152, 43.9265 ], [ 135.513999999000021, 43.9273 ], [ 135.51240000100006, 43.9383 ], [ 135.4908, 43.9504 ], [ 135.4821, 43.9531 ], [ 135.4713, 43.9526 ], [ 135.4651, 43.9505 ], [ 135.4624, 43.9472 ], [ 135.4619, 43.9401 ], [ 135.4656, 43.9363 ], [ 135.472, 43.9356 ], [ 135.475300001000051, 43.9337 ], [ 135.477200001000028, 43.9232 ], [ 135.481000001000098, 43.918700001000047 ], [ 135.4749, 43.914900001000035 ], [ 135.472, 43.910200001000078 ], [ 135.4727, 43.9086 ], [ 135.478400001000068, 43.9037 ], [ 135.4828, 43.903 ], [ 135.491700002000016, 43.9083 ], [ 135.495200001000057, 43.904500001000088 ], [ 135.4965, 43.9032 ], [ 135.4932, 43.8989 ], [ 135.4857, 43.898 ], [ 135.478300001000093, 43.8895 ], [ 135.4658, 43.88110000100005 ], [ 135.467500001000076, 43.8786 ], [ 135.48560000100008, 43.8723 ], [ 135.491700001000027, 43.8718 ], [ 135.507400001000065, 43.8794 ], [ 135.510000001000094, 43.8836 ], [ 135.509000001, 43.8893 ], [ 135.510500001000082, 43.895300001000066 ], [ 135.520800001, 43.899300001000086 ], [ 135.530200001000026, 43.9003 ], [ 135.5332, 43.8981 ], [ 135.5305, 43.890700001000084 ], [ 135.5266, 43.8855 ], [ 135.5205, 43.883 ], [ 135.5199, 43.8804 ], [ 135.5185, 43.8738 ], [ 135.511300001, 43.8672 ], [ 135.509200002000057, 43.8536 ], [ 135.5122, 43.8457 ], [ 135.510000001000094, 43.8412 ], [ 135.5, 43.8437 ], [ 135.491900000000101, 43.8425 ], [ 135.483, 43.8324 ], [ 135.4808, 43.8266 ], [ 135.4838, 43.8191 ], [ 135.4812, 43.814000001000068 ], [ 135.4719, 43.805900001000055 ], [ 135.4601, 43.8019 ], [ 135.4555, 43.7948 ], [ 135.4511, 43.794 ], [ 135.446300002000044, 43.7909 ], [ 135.444200001000013, 43.7876 ], [ 135.440200001, 43.7811 ], [ 135.4397, 43.768 ], [ 135.4335, 43.7609 ], [ 135.423200001000055, 43.7539 ], [ 135.416900001000045, 43.7535 ], [ 135.408600001000082, 43.7558 ], [ 135.402300001000071, 43.7549 ], [ 135.394500001000097, 43.7487 ], [ 135.3904, 43.7479 ], [ 135.3811, 43.7359 ], [ 135.3734, 43.721400001000063 ], [ 135.368, 43.7173 ], [ 135.362700002, 43.716000001000054 ], [ 135.356400001, 43.7105 ], [ 135.3372, 43.7104 ], [ 135.312600001000078, 43.6993 ], [ 135.3074, 43.692 ], [ 135.3025, 43.6888 ], [ 135.2802, 43.6828 ], [ 135.2703, 43.68390000100004 ], [ 135.2648, 43.6874 ], [ 135.254800001000035, 43.6994 ], [ 135.2538, 43.7053 ], [ 135.2559, 43.7127 ], [ 135.261700001, 43.7203 ], [ 135.269600001000072, 43.725600001000089 ], [ 135.2933, 43.7307 ], [ 135.2814, 43.7335 ], [ 135.2702, 43.7311 ], [ 135.249900001000015, 43.722200001000033 ], [ 135.229700001000083, 43.721699999000066 ], [ 135.222299999000029, 43.7247 ], [ 135.1973, 43.75 ], [ 135.187500001000103, 43.751 ], [ 135.1711, 43.7493 ], [ 135.182200001000069, 43.743500001000086 ], [ 135.198300001, 43.7399 ], [ 135.202500002000079, 43.7371 ], [ 135.208500001000061, 43.727700002000063 ], [ 135.2187, 43.7218 ], [ 135.225000001000012, 43.7122 ], [ 135.223800001000086, 43.7018 ], [ 135.220600000000104, 43.7024 ], [ 135.2047, 43.726100001000077 ], [ 135.2031, 43.725600001000089 ], [ 135.2051, 43.7163 ], [ 135.2119, 43.7065 ], [ 135.2119, 43.7034 ], [ 135.2065, 43.706899999000086 ], [ 135.196500001, 43.7133 ], [ 135.192800001000023, 43.712 ], [ 135.1935, 43.7107 ], [ 135.202400001, 43.7057 ], [ 135.211399999000037, 43.697 ], [ 135.217300001000012, 43.695 ], [ 135.2301, 43.6961 ], [ 135.23440000100004, 43.693500001000075 ], [ 135.2362, 43.6894 ], [ 135.235000001, 43.68390000100004 ], [ 135.225200001000076, 43.684 ], [ 135.224700001000087, 43.682599999000047 ], [ 135.230099999, 43.6711 ], [ 135.2269, 43.657500001000074 ], [ 135.2208, 43.6543 ], [ 135.219500001000029, 43.6508 ], [ 135.220300001000055, 43.6476 ], [ 135.2263, 43.6423 ], [ 135.225800001000039, 43.631400001000088 ], [ 135.2119, 43.630100001000073 ], [ 135.192800001000023, 43.6194 ], [ 135.182000001, 43.610800001000086 ], [ 135.1779, 43.6054 ], [ 135.1824, 43.5993 ], [ 135.1814, 43.5954 ], [ 135.1841, 43.5925 ], [ 135.180000001000053, 43.5832 ], [ 135.1764, 43.5803 ], [ 135.168400001, 43.5532 ], [ 135.1614, 43.5448 ], [ 135.1562, 43.5423 ], [ 135.153500001, 43.5349 ], [ 135.153900001000011, 43.5326 ], [ 135.1557, 43.5212 ], [ 135.153900001000011, 43.5149 ], [ 135.1493, 43.508600001000048 ], [ 135.136300001, 43.4994 ], [ 135.1299, 43.4967 ], [ 135.10430000100007, 43.4992 ], [ 135.095800002000033, 43.4987 ], [ 135.077200001000051, 43.489100001000054 ], [ 135.069499999000072, 43.4877 ], [ 135.062400001000015, 43.481 ], [ 135.0409, 43.477500001000067 ], [ 135.036, 43.4709 ], [ 135.0324, 43.4698 ], [ 135.030099999000072, 43.4691 ], [ 135.0273, 43.465400001000035 ], [ 135.0203, 43.4656 ], [ 135.009800001000031, 43.4588 ], [ 135.0024, 43.4567 ], [ 135.0, 43.4575 ], [ 134.983400001000064, 43.46330000100005 ], [ 134.977800002000095, 43.4615 ], [ 134.9719, 43.4565 ], [ 134.9724, 43.4496 ], [ 134.9786, 43.446 ], [ 134.972800002000099, 43.4384 ], [ 134.963800001000095, 43.4365 ], [ 134.9521, 43.4283 ], [ 134.9174, 43.4121 ], [ 134.914400001000104, 43.4118 ], [ 134.900299999000026, 43.410100001000046 ], [ 134.8907, 43.4068 ], [ 134.8742, 43.3963 ], [ 134.8543, 43.3892 ], [ 134.843600001000027, 43.3798 ], [ 134.8256, 43.3546 ], [ 134.8158, 43.346700001000045 ], [ 134.8013, 43.3432 ], [ 134.7933, 43.336 ], [ 134.7933, 43.3241 ], [ 134.785100001000046, 43.3196 ], [ 134.783700001000057, 43.3175 ], [ 134.7865, 43.3128 ], [ 134.7779, 43.302200001000074 ], [ 134.767800001000069, 43.3032 ], [ 134.7573000000001, 43.3 ], [ 134.749, 43.3029 ], [ 134.738400001000059, 43.3016 ], [ 134.732199999000045, 43.3046 ], [ 134.7231, 43.2964 ], [ 134.7159, 43.2966 ], [ 134.708600001000036, 43.2936 ], [ 134.703200001000027, 43.294300001000067 ], [ 134.696599999, 43.2899 ], [ 134.69100000100002, 43.2885 ], [ 134.688100001000066, 43.284 ], [ 134.683400001, 43.2768 ], [ 134.6817, 43.274 ], [ 134.6704, 43.266 ], [ 134.6595, 43.265300001000071 ], [ 134.651400002000059, 43.2606 ], [ 134.6354, 43.2557 ], [ 134.632400001000065, 43.2455 ], [ 134.625400001, 43.239400001000035 ], [ 134.616200002000028, 43.2356 ], [ 134.601300001000027, 43.233900001000052 ], [ 134.584, 43.2392 ], [ 134.5776, 43.2397 ], [ 134.5768, 43.239800001000049 ], [ 134.5705, 43.2357 ], [ 134.5609, 43.2332 ], [ 134.5514, 43.2225 ], [ 134.5406, 43.216800001000081 ], [ 134.5097, 43.1938 ], [ 134.5016, 43.1896 ], [ 134.491700001000027, 43.1793 ], [ 134.4843, 43.1786 ], [ 134.475200001000076, 43.1706 ], [ 134.464500002000023, 43.1711 ], [ 134.453200001000027, 43.1677 ], [ 134.449300001000097, 43.164300001000072 ], [ 134.440500001000032, 43.1536 ], [ 134.4337, 43.152700001000085 ], [ 134.4161, 43.1402 ], [ 134.411100001000023, 43.1442 ], [ 134.4046, 43.1432 ], [ 134.3948, 43.1371 ], [ 134.385300001000019, 43.134600001000081 ], [ 134.380600001000062, 43.1271 ], [ 134.372900001000062, 43.125200001000053 ], [ 134.3685, 43.1218 ], [ 134.362, 43.121 ], [ 134.3602, 43.119700001000069 ], [ 134.3469, 43.10940000100004 ], [ 134.340700001000073, 43.1094 ], [ 134.333800002000089, 43.1164 ], [ 134.315700001000096, 43.1168 ], [ 134.3091, 43.1133 ], [ 134.304500001000065, 43.108100001000082 ], [ 134.3076, 43.1045 ], [ 134.3123, 43.104100001000063 ], [ 134.313499999000101, 43.1002 ], [ 134.311600001000102, 43.0965 ], [ 134.303299999000046, 43.0952 ], [ 134.2991, 43.1007 ], [ 134.2876, 43.1035 ], [ 134.279900001000101, 43.1025 ], [ 134.2458, 43.0856 ], [ 134.236600001000056, 43.0772 ], [ 134.229500001000019, 43.075800001000061 ], [ 134.221500000000106, 43.0775 ], [ 134.1882, 43.068 ], [ 134.1836, 43.063 ], [ 134.1741, 43.0452 ], [ 134.17589999900008, 43.0391 ], [ 134.1739, 43.0362 ], [ 134.156100001000027, 43.029500001000088 ], [ 134.1369, 43.0186 ], [ 134.130200001000048, 43.0128 ], [ 134.1301, 43.010100001000069 ], [ 134.1293, 42.99760000100008 ], [ 134.127200001, 42.9927 ], [ 134.120300001000032, 42.9892 ], [ 134.0992, 42.9832 ], [ 134.084699999, 42.9745 ], [ 134.054, 42.9718 ], [ 134.045600001000025, 42.9636 ], [ 134.033100001000093, 42.961 ], [ 134.017700000000104, 42.9504 ], [ 134.0095, 42.94 ], [ 134.0077, 42.9389 ], [ 133.9843, 42.924600001000044 ], [ 133.9621, 42.906900001000054 ], [ 133.9622, 42.8943 ], [ 133.956000001, 42.883400001000041 ], [ 133.95, 42.8797 ], [ 133.941, 42.880000001000042 ], [ 133.925499999000067, 42.8678 ], [ 133.915000001000067, 42.8703 ], [ 133.9066, 42.8704 ], [ 133.8994, 42.866900001000033 ], [ 133.8967, 42.8695 ], [ 133.898200001000077, 42.8711 ], [ 133.9044, 42.877900001000057 ], [ 133.903100001000098, 42.882400001000065 ], [ 133.896100001000036, 42.891300001000047 ], [ 133.898400001000027, 42.8937 ], [ 133.922600001000092, 42.8904 ], [ 133.925100001000033, 42.891 ], [ 133.9246, 42.8932 ], [ 133.9188, 42.8955 ], [ 133.9062, 42.897 ], [ 133.8934, 42.9012 ], [ 133.887, 42.9067 ], [ 133.8747, 42.9082 ], [ 133.8634, 42.8978 ], [ 133.8403, 42.8871 ], [ 133.8359, 42.8878 ], [ 133.831800001000033, 42.8885 ], [ 133.824800001000085, 42.8861 ], [ 133.8152, 42.874900001000071 ], [ 133.81090000100005, 42.8738 ], [ 133.806, 42.8696 ], [ 133.7997, 42.87 ], [ 133.7931, 42.863800001000072 ], [ 133.786700001000099, 42.862100001000044 ], [ 133.779200001000049, 42.8555 ], [ 133.7643, 42.8512 ], [ 133.7601, 42.8462 ], [ 133.754699999000081, 42.8438 ], [ 133.751500001000068, 42.8405 ], [ 133.7473, 42.8313 ], [ 133.7494, 42.8257 ], [ 133.7467, 42.8212 ], [ 133.737800000000107, 42.816200001000084 ], [ 133.731600001000061, 42.808100001000071 ], [ 133.725400001000025, 42.8088 ], [ 133.721300001000031, 42.8092 ], [ 133.7174, 42.8109 ], [ 133.718, 42.8143 ], [ 133.714600001, 42.817600001000073 ], [ 133.7166, 42.823 ], [ 133.705600001, 42.8284 ], [ 133.6998, 42.8366 ], [ 133.701, 42.8415 ], [ 133.697400001, 42.8469 ], [ 133.6846, 42.853600001000075 ], [ 133.6564, 42.8587 ], [ 133.654600001000063, 42.8616 ], [ 133.6602, 42.882500001000039 ], [ 133.6673, 42.883500001000073 ], [ 133.6699, 42.8862 ], [ 133.6707, 42.8942 ], [ 133.669300001000011, 42.8962 ], [ 133.6632, 42.895 ], [ 133.660000001000071, 42.8887 ], [ 133.6542, 42.884300001000042 ], [ 133.6506, 42.8786 ], [ 133.6464, 42.8557 ], [ 133.643300002000046, 42.8493 ], [ 133.6422, 42.8493 ], [ 133.6261, 42.8494 ], [ 133.6234, 42.8557 ], [ 133.620400001, 42.8572 ], [ 133.6054, 42.8546 ], [ 133.602100001000053, 42.8494 ], [ 133.6034, 42.846 ], [ 133.609500001000015, 42.8433 ], [ 133.6084, 42.8385 ], [ 133.611300001000018, 42.834000001000049 ], [ 133.6097, 42.8316 ], [ 133.598000001000059, 42.8329 ], [ 133.5914, 42.826200001000075 ], [ 133.5881, 42.82550000100008 ], [ 133.5819, 42.8284 ], [ 133.5788, 42.8352 ], [ 133.575200001000098, 42.8371 ], [ 133.571300001000054, 42.8321 ], [ 133.56600000200001, 42.832500001000085 ], [ 133.5649, 42.8306 ], [ 133.567500001000099, 42.8261 ], [ 133.563600001000054, 42.8204 ], [ 133.552699999000083, 42.819300001000045 ], [ 133.551600001, 42.8192 ], [ 133.5506, 42.8228 ], [ 133.5484, 42.824000001000059 ], [ 133.5409, 42.8235 ], [ 133.5409, 42.830300001000069 ], [ 133.533000001, 42.8352 ], [ 133.5265, 42.835400001000039 ], [ 133.5169, 42.830800001000057 ], [ 133.5103, 42.8353 ], [ 133.50470000100006, 42.8274 ], [ 133.506, 42.8245 ], [ 133.517200001000106, 42.8177 ], [ 133.5138, 42.8141 ], [ 133.506400001000088, 42.81230000100004 ], [ 133.4938, 42.8041 ], [ 133.4796, 42.7927 ], [ 133.47180000100002, 42.793400001000066 ], [ 133.4626, 42.7909 ], [ 133.4568, 42.7938 ], [ 133.4559, 42.7937 ], [ 133.4433, 42.7915 ], [ 133.4395, 42.7886 ], [ 133.4405, 42.7845 ], [ 133.437, 42.778600001000086 ], [ 133.4292, 42.7784 ], [ 133.4262, 42.7742 ], [ 133.408899999000027, 42.7726 ], [ 133.4018, 42.7688 ], [ 133.3905, 42.7701 ], [ 133.3844, 42.7654 ], [ 133.380400001, 42.7654 ], [ 133.3742, 42.7681 ], [ 133.3691, 42.7655 ], [ 133.3575, 42.7631 ], [ 133.349900001000037, 42.7685 ], [ 133.3462, 42.7749 ], [ 133.3435, 42.7764 ], [ 133.335500001000014, 42.7758 ], [ 133.327300001000026, 42.7731 ], [ 133.3199, 42.773000001000071 ], [ 133.313200001000041, 42.7751 ], [ 133.307600001000083, 42.7743 ], [ 133.2995, 42.7709 ], [ 133.2941, 42.7663 ], [ 133.2966, 42.759099999000057 ], [ 133.2937, 42.7534 ], [ 133.29, 42.753 ], [ 133.284500001000083, 42.7562 ], [ 133.2791, 42.7538 ], [ 133.273600000000101, 42.7561 ], [ 133.263700001000075, 42.7553 ], [ 133.2539, 42.7505 ], [ 133.239200001000086, 42.7515 ], [ 133.2341, 42.7485 ], [ 133.231500002000075, 42.733700001000045 ], [ 133.226200001000052, 42.733700001000045 ], [ 133.2234, 42.7312 ], [ 133.2157, 42.7336 ], [ 133.2114, 42.732900001000075 ], [ 133.2088, 42.7275 ], [ 133.211, 42.7241 ], [ 133.212100001000067, 42.7226 ], [ 133.208100001000048, 42.7153 ], [ 133.2101, 42.7105 ], [ 133.205900001000032, 42.706 ], [ 133.199999999000056, 42.7029 ], [ 133.1963, 42.7027 ], [ 133.1939, 42.711300001000041 ], [ 133.189500001000056, 42.7118 ], [ 133.1835, 42.7057 ], [ 133.178600001000063, 42.7052 ], [ 133.176700001000086, 42.6989 ], [ 133.1718, 42.6984 ], [ 133.1701, 42.697 ], [ 133.169199999000057, 42.69 ], [ 133.160600001000034, 42.689400001000081 ], [ 133.155900001000077, 42.6866 ], [ 133.1099, 42.686 ], [ 133.1014, 42.6805 ], [ 133.09819999900003, 42.6809 ], [ 133.0967, 42.6812 ], [ 133.094700000000103, 42.6856 ], [ 133.0874, 42.690100001000076 ], [ 133.073000001000082, 42.6882 ], [ 133.0615, 42.685 ], [ 133.0543, 42.6793 ], [ 133.05, 42.6722 ], [ 133.045699999000021, 42.6725 ], [ 133.035400001000085, 42.6852 ], [ 133.0354, 42.6882 ], [ 133.0435, 42.6944 ], [ 133.0423, 42.6968 ], [ 133.0376, 42.6968 ], [ 133.0336, 42.6936 ], [ 133.029600001000063, 42.6929 ], [ 133.024400001, 42.6956 ], [ 133.020200002000024, 42.7032 ], [ 133.0099, 42.71 ], [ 133.007, 42.7145 ], [ 133.0089, 42.7169 ], [ 133.012300001000085, 42.717 ], [ 133.0136000010001, 42.7164 ], [ 133.019800001000021, 42.7133 ], [ 133.027500001000021, 42.7146 ], [ 133.035100001000046, 42.712800001000062 ], [ 133.0474, 42.7143 ], [ 133.046100001000013, 42.718399999000042 ], [ 133.0277, 42.719 ], [ 133.0195, 42.7234 ], [ 133.032800001000055, 42.7358 ], [ 133.0327, 42.7432 ], [ 133.040000001000067, 42.7424 ], [ 133.0452, 42.7461 ], [ 133.05320000100005, 42.747 ], [ 133.0688, 42.737300001000051 ], [ 133.0745, 42.7358 ], [ 133.0795, 42.736200001000043 ], [ 133.083900001000075, 42.739 ], [ 133.0857, 42.742500001000053 ], [ 133.083900001000075, 42.7452 ], [ 133.0737, 42.7618 ], [ 133.066500001, 42.7638 ], [ 133.0598, 42.7616 ], [ 133.054200001000027, 42.762000001000047 ], [ 133.047200002000068, 42.7699 ], [ 133.044700001000024, 42.7766 ], [ 133.036900001000049, 42.7764 ], [ 133.034900000000107, 42.7777 ], [ 133.032800001000055, 42.7868 ], [ 133.020400001000098, 42.7955 ], [ 133.0128, 42.797 ], [ 133.005, 42.8025 ], [ 132.991, 42.8061 ], [ 132.997400001000074, 42.810600001000068 ], [ 132.99840000100005, 42.8132 ], [ 132.993900001000043, 42.8203 ], [ 132.996300001, 42.824800001000085 ], [ 133.0107, 42.8395 ], [ 133.0067, 42.841900001000056 ], [ 133.0034, 42.844 ], [ 133.0037, 42.85 ], [ 132.999500001, 42.8451 ], [ 132.9977, 42.8384 ], [ 132.995300002000022, 42.8371 ], [ 132.995899999000017, 42.848800001000086 ], [ 132.9914, 42.8456 ], [ 132.988, 42.836 ], [ 132.9901, 42.8338 ], [ 132.9897, 42.8313 ], [ 132.980900001, 42.835 ], [ 132.9691, 42.8375 ], [ 132.93080000100008, 42.8343 ], [ 132.923400001, 42.8302 ], [ 132.915, 42.8307 ], [ 132.910200001000021, 42.8283 ], [ 132.907499999000038, 42.8213 ], [ 132.9064, 42.8207 ], [ 132.9019, 42.818 ], [ 132.8972, 42.8088 ], [ 132.890600001000053, 42.8039 ], [ 132.8879, 42.796400001000052 ], [ 132.8732, 42.7852 ], [ 132.8771, 42.7836 ], [ 132.885700001000032, 42.791 ], [ 132.892000001000042, 42.7927 ], [ 132.8992, 42.799 ], [ 132.9052, 42.801 ], [ 132.910100001000046, 42.8077 ], [ 132.9138, 42.808300001000077 ], [ 132.913699999000073, 42.787900001000082 ], [ 132.9091, 42.787200001000087 ], [ 132.906, 42.7778 ], [ 132.8972, 42.7771 ], [ 132.8916, 42.775 ], [ 132.898100001000103, 42.7696 ], [ 132.8994, 42.7658 ], [ 132.8926, 42.759200001000067 ], [ 132.889800001000026, 42.7627 ], [ 132.885700001000032, 42.7634 ], [ 132.8837, 42.7612 ], [ 132.884000001, 42.755000001000042 ], [ 132.878800001000059, 42.751100001000054 ], [ 132.880599999000083, 42.7484 ], [ 132.8774, 42.7439 ], [ 132.879400001000022, 42.7396 ], [ 132.876800001000106, 42.7372 ], [ 132.866900000000101, 42.7364 ], [ 132.858199999000021, 42.7332 ], [ 132.855800001000034, 42.739 ], [ 132.857400001000087, 42.7444 ], [ 132.8563, 42.74640000100004 ], [ 132.850700001000064, 42.7456 ], [ 132.8457, 42.740300001000037 ], [ 132.8396, 42.741800001000058 ], [ 132.843799999, 42.747100001000035 ], [ 132.8407, 42.7497 ], [ 132.830200000000104, 42.748900001000038 ], [ 132.8271, 42.7512 ], [ 132.8341, 42.7564 ], [ 132.8333, 42.7584 ], [ 132.828800001000104, 42.759099999000057 ], [ 132.826, 42.7564 ], [ 132.8226, 42.7562 ], [ 132.814600001000031, 42.7608 ], [ 132.8124, 42.7642 ], [ 132.8141, 42.7686 ], [ 132.8127, 42.777 ], [ 132.8181, 42.7817 ], [ 132.8146, 42.785600001000034 ], [ 132.8164, 42.788700001000052 ], [ 132.815400001000057, 42.7923 ], [ 132.8105, 42.7946 ], [ 132.8111, 42.7979 ], [ 132.807500001, 42.802500001000055 ], [ 132.805000001000053, 42.8117 ], [ 132.799, 42.813000001000034 ], [ 132.797900001000016, 42.817600001000073 ], [ 132.779000001000099, 42.8225 ], [ 132.7792, 42.8324 ], [ 132.776599999000041, 42.8366 ], [ 132.7715, 42.8392 ], [ 132.768000001000019, 42.8409 ], [ 132.7806, 42.8494 ], [ 132.7785, 42.875500001000034 ], [ 132.7852, 42.8827 ], [ 132.784200001000045, 42.8864 ], [ 132.773200001000077, 42.8963 ], [ 132.7593, 42.9036 ], [ 132.7468, 42.9072 ], [ 132.7393, 42.9075 ], [ 132.7228, 42.9004 ], [ 132.7266, 42.8916 ], [ 132.7314, 42.890099999000086 ], [ 132.735700001000055, 42.892100001000074 ], [ 132.736500001000081, 42.8924 ], [ 132.7393, 42.889600001000076 ], [ 132.7366, 42.8819 ], [ 132.727100001000053, 42.8841 ], [ 132.722400000000107, 42.887 ], [ 132.7175, 42.8861 ], [ 132.7155, 42.884300001000042 ], [ 132.7225, 42.8767 ], [ 132.7209, 42.8713 ], [ 132.713700001, 42.8716 ], [ 132.707, 42.8699 ], [ 132.7006, 42.871600001000047 ], [ 132.691700001000072, 42.8697 ], [ 132.691599999, 42.8678 ], [ 132.7059, 42.8627 ], [ 132.7088, 42.8555 ], [ 132.7018, 42.85370000100005 ], [ 132.6979, 42.8494 ], [ 132.6895, 42.8526 ], [ 132.683099999000092, 42.8508 ], [ 132.677100001000099, 42.8546 ], [ 132.664500001000079, 42.854 ], [ 132.6458, 42.8531 ], [ 132.639000001, 42.855 ], [ 132.6297, 42.8547 ], [ 132.613000001000046, 42.848 ], [ 132.612700001, 42.845 ], [ 132.617000001000065, 42.8367 ], [ 132.6152, 42.8352 ], [ 132.6089, 42.835799999000074 ], [ 132.60170000100004, 42.8425 ], [ 132.596400001, 42.8424 ], [ 132.594600001, 42.8359 ], [ 132.5928, 42.8351 ], [ 132.587600001000055, 42.8403 ], [ 132.5813, 42.834700001000044 ], [ 132.5777, 42.834000001000049 ], [ 132.5731, 42.835799999000074 ], [ 132.569900001000065, 42.839699999000061 ], [ 132.5748, 42.848800001000086 ], [ 132.5749, 42.856600001000061 ], [ 132.569700001, 42.8549 ], [ 132.5686, 42.8546 ], [ 132.568200001000037, 42.8495 ], [ 132.5649, 42.8486 ], [ 132.561100002000103, 42.8521 ], [ 132.557700001000057, 42.8517 ], [ 132.5543, 42.8485 ], [ 132.5457, 42.8496 ], [ 132.5405, 42.8435 ], [ 132.5354, 42.8469 ], [ 132.5324, 42.852 ], [ 132.533299999000064, 42.857600001000037 ], [ 132.5307, 42.8591 ], [ 132.524400001, 42.8562 ], [ 132.5152, 42.8582 ], [ 132.516800000000103, 42.860800001000086 ], [ 132.529600001000063, 42.86630000100007 ], [ 132.528800001000036, 42.8681 ], [ 132.520400002000088, 42.8674 ], [ 132.5172, 42.8716 ], [ 132.5225, 42.8861 ], [ 132.5203, 42.891300001000047 ], [ 132.524, 42.8977 ], [ 132.5222, 42.9004 ], [ 132.5175, 42.9032 ], [ 132.5145, 42.905 ], [ 132.5041, 42.9083 ], [ 132.48580000100003, 42.9104 ], [ 132.4759, 42.9101 ], [ 132.473400001000073, 42.9157 ], [ 132.468800000000101, 42.9177 ], [ 132.4604, 42.9177 ], [ 132.4494, 42.929 ], [ 132.443800001, 42.9291 ], [ 132.442000001, 42.9255 ], [ 132.447199999000077, 42.9212 ], [ 132.443500001000075, 42.9176 ], [ 132.43710000100009, 42.9213 ], [ 132.4339, 42.928 ], [ 132.42960000100004, 42.9308 ], [ 132.419899999, 42.9419 ], [ 132.4121, 42.9419 ], [ 132.408399999000039, 42.9355 ], [ 132.4098, 42.9333 ], [ 132.412300001000062, 42.9291 ], [ 132.4137, 42.919 ], [ 132.422699999000088, 42.914099999000086 ], [ 132.4198, 42.9118 ], [ 132.4064, 42.9138 ], [ 132.3955, 42.90850000100005 ], [ 132.387500001000035, 42.9097 ], [ 132.3744, 42.904500001000088 ], [ 132.3693, 42.899900001000049 ], [ 132.3591, 42.9048 ], [ 132.355200001000071, 42.9114 ], [ 132.352399999, 42.9115 ], [ 132.351900001000104, 42.9078 ], [ 132.3544, 42.9017 ], [ 132.363700001000097, 42.8963 ], [ 132.370800001000021, 42.8892 ], [ 132.382, 42.8862 ], [ 132.383200000000102, 42.8839 ], [ 132.3788, 42.8782 ], [ 132.373300001000075, 42.874600001000033 ], [ 132.3746000000001, 42.8625 ], [ 132.377300000000105, 42.8611 ], [ 132.371, 42.8471 ], [ 132.3618, 42.8459 ], [ 132.3586, 42.8384 ], [ 132.3543, 42.8374 ], [ 132.3512, 42.8402 ], [ 132.349100001000011, 42.8539 ], [ 132.345000001000017, 42.856600001000061 ], [ 132.3391, 42.85370000100005 ], [ 132.335000002000015, 42.8489 ], [ 132.3382, 42.8452 ], [ 132.3357, 42.8423 ], [ 132.3247, 42.8405 ], [ 132.3224, 42.841200001000061 ], [ 132.3212, 42.8442 ], [ 132.323400000000106, 42.8493 ], [ 132.319900001000065, 42.8556 ], [ 132.3203, 42.8567 ], [ 132.3218, 42.8607 ], [ 132.3204, 42.8625 ], [ 132.3142, 42.8642 ], [ 132.3001, 42.864700001000074 ], [ 132.3039, 42.87 ], [ 132.298500000000104, 42.877000001000056 ], [ 132.3125, 42.88800000100008 ], [ 132.3056, 42.894 ], [ 132.3048, 42.904 ], [ 132.307600001000083, 42.9067 ], [ 132.306100001, 42.9096 ], [ 132.296700000000101, 42.9093 ], [ 132.2947, 42.9106 ], [ 132.3039, 42.9205 ], [ 132.304200001000027, 42.9291 ], [ 132.301200001000097, 42.9445 ], [ 132.302600001000087, 42.9503 ], [ 132.304200001000027, 42.9573 ], [ 132.3127, 42.97020000100008 ], [ 132.313400001000105, 42.9751 ], [ 132.3195, 42.976400001000059 ], [ 132.3222, 42.9857 ], [ 132.321700001000067, 42.991 ], [ 132.3169, 42.9891 ], [ 132.3159, 42.9833 ], [ 132.312000001, 42.9824 ], [ 132.3104, 42.9935 ], [ 132.3212, 42.99760000100008 ], [ 132.328000001000078, 43.0042 ], [ 132.3268, 43.0065 ], [ 132.3164, 43.010200001000044 ], [ 132.3151, 43.0131 ], [ 132.3170000020001, 43.0247 ], [ 132.315200001, 43.0319 ], [ 132.3194, 43.0336 ], [ 132.32, 43.035800001000041 ], [ 132.321600000000103, 43.0422 ], [ 132.308900001000097, 43.0522 ], [ 132.307699999000079, 43.057200001000069 ], [ 132.3027, 43.0599 ], [ 132.288, 43.06 ], [ 132.287100002000102, 43.0622 ], [ 132.299199999000052, 43.0797 ], [ 132.3014, 43.0801 ], [ 132.301800001000061, 43.0766 ], [ 132.2986, 43.0686 ], [ 132.299500001000069, 43.0664 ], [ 132.3086, 43.0633 ], [ 132.3141, 43.0647 ], [ 132.3186, 43.0691 ], [ 132.324600001000022, 43.0709 ], [ 132.334800001000076, 43.0896 ], [ 132.334700001000101, 43.0951 ], [ 132.334700001000101, 43.0958 ], [ 132.323600001000045, 43.111200001000043 ], [ 132.324000001000059, 43.1159 ], [ 132.3262, 43.1183 ], [ 132.330200000000104, 43.1162 ], [ 132.332, 43.1113 ], [ 132.3365, 43.1102 ], [ 132.3468, 43.1225 ], [ 132.341100001000086, 43.1258 ], [ 132.3357, 43.1207 ], [ 132.3319, 43.1212 ], [ 132.331000001, 43.1236 ], [ 132.3329, 43.1263 ], [ 132.329300001000092, 43.1297 ], [ 132.339899999000068, 43.1336 ], [ 132.344400002000043, 43.1382 ], [ 132.34520000100008, 43.1419 ], [ 132.3355, 43.150100001000055 ], [ 132.333, 43.1585 ], [ 132.317700001000048, 43.1585 ], [ 132.314700001, 43.1599 ], [ 132.3198000000001, 43.165 ], [ 132.325400001000048, 43.167600001000039 ], [ 132.3367, 43.1651 ], [ 132.342700001000026, 43.1671 ], [ 132.3539, 43.1677 ], [ 132.3672, 43.166700001000038 ], [ 132.374700001000065, 43.175400001000071 ], [ 132.385000000000105, 43.1762 ], [ 132.393500001, 43.184600001000035 ], [ 132.398, 43.1857 ], [ 132.403199999000094, 43.1821 ], [ 132.4056, 43.1823 ], [ 132.4042, 43.178500001000089 ], [ 132.4021, 43.171500001000084 ], [ 132.3922, 43.1652 ], [ 132.393600001000095, 43.1634 ], [ 132.400400002000083, 43.164300001000072 ], [ 132.408, 43.1719 ], [ 132.4095, 43.176100001000066 ], [ 132.4059, 43.183200001000046 ], [ 132.40280000100006, 43.1885 ], [ 132.3922, 43.193 ], [ 132.393400001000032, 43.1967 ], [ 132.3829, 43.206 ], [ 132.3846, 43.2111 ], [ 132.380299999000044, 43.215200001000085 ], [ 132.3715, 43.2161 ], [ 132.3656, 43.212100001000067 ], [ 132.3445, 43.2104 ], [ 132.3351, 43.207500001000085 ], [ 132.323200002000021, 43.2073 ], [ 132.3211, 43.209000001000049 ], [ 132.3289, 43.215200002000074 ], [ 132.329100001000029, 43.2186 ], [ 132.324600001000022, 43.223 ], [ 132.3142, 43.2233 ], [ 132.318500001000075, 43.2364 ], [ 132.3198000000001, 43.2404 ], [ 132.3304, 43.2548 ], [ 132.3407, 43.2609 ], [ 132.3517, 43.2753 ], [ 132.352100001000053, 43.2804 ], [ 132.3471, 43.2882 ], [ 132.34660000100007, 43.2957 ], [ 132.324600001000022, 43.3068 ], [ 132.3027, 43.3113 ], [ 132.2997, 43.3161 ], [ 132.305000001000053, 43.3322 ], [ 132.306700001000081, 43.3375 ], [ 132.3058, 43.3399 ], [ 132.2936, 43.3282 ], [ 132.292, 43.3226 ], [ 132.2941, 43.3151 ], [ 132.2933, 43.3086 ], [ 132.287000001000024, 43.3025 ], [ 132.2998, 43.291 ], [ 132.3087, 43.2829 ], [ 132.295399999000097, 43.2784 ], [ 132.281300000000101, 43.2672 ], [ 132.269200001000058, 43.2633 ], [ 132.2634, 43.2588 ], [ 132.2545, 43.2431 ], [ 132.244900001000019, 43.2338 ], [ 132.237200001000019, 43.2297 ], [ 132.2343, 43.2244 ], [ 132.2272, 43.2233 ], [ 132.214200001, 43.2138 ], [ 132.199600001000022, 43.2125 ], [ 132.196400001000029, 43.2108 ], [ 132.194000002000053, 43.2096 ], [ 132.1804, 43.2076 ], [ 132.174400001000095, 43.205200001000037 ], [ 132.1724, 43.1975 ], [ 132.165900001000068, 43.199600001000078 ], [ 132.160200001000021, 43.1997 ], [ 132.154700001000037, 43.1936 ], [ 132.1446, 43.1939 ], [ 132.1374, 43.1884 ], [ 132.126700001000017, 43.1885 ], [ 132.1213, 43.1865 ], [ 132.115100002000077, 43.1802 ], [ 132.0817, 43.157200001000035 ], [ 132.0704, 43.1462 ], [ 132.0682, 43.1456 ], [ 132.0647, 43.1447 ], [ 132.0486, 43.131500001000063 ], [ 132.036000001000048, 43.1162 ], [ 132.0138, 43.1077 ], [ 132.007800001000078, 43.0972 ], [ 132.0012, 43.092 ], [ 131.985900001, 43.086200001000066 ], [ 131.9768, 43.081 ], [ 131.9698, 43.0742 ], [ 131.965799999000069, 43.0659 ], [ 131.9642, 43.0554 ], [ 131.961700002000043, 43.0553 ], [ 131.957000001000097, 43.0552 ], [ 131.9559, 43.056300001000068 ], [ 131.958500001000061, 43.0633 ], [ 131.9548, 43.068200001000037 ], [ 131.947600001000069, 43.068200001000037 ], [ 131.941, 43.0664 ], [ 131.9292, 43.059600001000035 ], [ 131.9233, 43.0597 ], [ 131.916700002000084, 43.0621 ], [ 131.9132, 43.0651 ], [ 131.916, 43.068200001000037 ], [ 131.9274, 43.0699 ], [ 131.9281, 43.072 ], [ 131.925000001000058, 43.0766 ], [ 131.919700001000024, 43.077 ], [ 131.914300001000015, 43.07430000100004 ], [ 131.9082, 43.0737 ], [ 131.893900002, 43.0751 ], [ 131.8885, 43.0787 ], [ 131.8991, 43.08690000100006 ], [ 131.8978, 43.089399999000079 ], [ 131.894400001, 43.089200001000052 ], [ 131.885900000000106, 43.0842 ], [ 131.8827, 43.0824 ], [ 131.880000001000099, 43.0864 ], [ 131.882, 43.093200001000071 ], [ 131.888100001, 43.0973 ], [ 131.893799999000066, 43.099200001000042 ], [ 131.9195, 43.099500001000081 ], [ 131.9245, 43.1025 ], [ 131.9233, 43.1043 ], [ 131.9009, 43.1084 ], [ 131.8899, 43.108900001000052 ], [ 131.886599999000055, 43.1075 ], [ 131.8746000000001, 43.098 ], [ 131.870500000000106, 43.0897 ], [ 131.851900001000104, 43.0752 ], [ 131.8459, 43.073 ], [ 131.844700000000103, 43.073 ], [ 131.839600001, 43.073 ], [ 131.8369, 43.0754 ], [ 131.8485, 43.082300001000078 ], [ 131.8569, 43.096200001000057 ], [ 131.8679, 43.1012 ], [ 131.876399999, 43.125 ], [ 131.887499999000056, 43.1367 ], [ 131.895799999000019, 43.1377 ], [ 131.9032, 43.144900001000053 ], [ 131.905900001000077, 43.1508 ], [ 131.895500001000073, 43.1697 ], [ 131.8971, 43.1722 ], [ 131.9042, 43.1833 ], [ 131.9103, 43.1874 ], [ 131.915800001000093, 43.1969 ], [ 131.924100001000056, 43.203400001000034 ], [ 131.9581, 43.2212 ], [ 131.984100001, 43.2295 ], [ 132.0044, 43.2337 ], [ 132.008200000000102, 43.2361 ], [ 132.0099, 43.2405 ], [ 132.0056, 43.2499 ], [ 132.006000001000075, 43.2534 ], [ 132.0067, 43.2596 ], [ 132.0463, 43.2757 ], [ 132.0538, 43.2816 ], [ 132.059300001, 43.3011 ], [ 132.072700001000044, 43.3104 ], [ 132.0724, 43.3127 ], [ 132.06629999900008, 43.3139 ], [ 132.0668, 43.3178 ], [ 132.063200002000031, 43.322 ], [ 132.0565, 43.325 ], [ 132.047000001000015, 43.3263 ], [ 132.034500001000083, 43.3257 ], [ 132.0248, 43.3238 ], [ 132.019400001, 43.3227 ], [ 132.0114, 43.3162 ], [ 132.002799999000104, 43.3031 ], [ 132.001200001000029, 43.295800001000089 ], [ 132.0028, 43.2897 ], [ 132.0115, 43.2829 ], [ 132.0105, 43.2783 ], [ 131.996, 43.267500001000087 ], [ 131.9755, 43.2575 ], [ 131.969700000000103, 43.2562 ], [ 131.9682, 43.2586 ], [ 131.969, 43.2621 ], [ 131.9862, 43.2786 ], [ 131.9873, 43.2851 ], [ 131.986400001000106, 43.2901 ], [ 131.981499999000107, 43.2974 ], [ 131.973300001000098, 43.3026 ], [ 131.9349, 43.311 ], [ 131.8911, 43.312100001000033 ], [ 131.8812, 43.311 ], [ 131.858699999, 43.302 ], [ 131.8476, 43.302200001000074 ], [ 131.837800001, 43.2966 ], [ 131.8259, 43.289799999000081 ], [ 131.8224, 43.29 ], [ 131.8164, 43.29750000100006 ], [ 131.8201, 43.3062 ], [ 131.8214, 43.3166 ], [ 131.824799999000106, 43.3196 ], [ 131.840100001, 43.3231 ], [ 131.8518, 43.3333 ], [ 131.8368, 43.3401 ], [ 131.8281, 43.341900001000056 ], [ 131.823400001000095, 43.3411 ], [ 131.8161, 43.336500001000047 ], [ 131.8131, 43.3306 ], [ 131.809100001000047, 43.3301 ], [ 131.8057, 43.3317 ], [ 131.8049, 43.3383 ], [ 131.8021, 43.3379 ], [ 131.798400001, 43.334700001000044 ], [ 131.805500001000041, 43.3202 ], [ 131.803800001000013, 43.316 ], [ 131.798700001000043, 43.312 ], [ 131.794800001, 43.3126 ], [ 131.793, 43.3148 ], [ 131.796100001000013, 43.3201 ], [ 131.7955, 43.3226 ], [ 131.788799999000048, 43.3235 ], [ 131.783800001000031, 43.3156 ], [ 131.780700001000014, 43.3147 ], [ 131.7781, 43.318500001000075 ], [ 131.7772, 43.3255 ], [ 131.771799999, 43.3157 ], [ 131.768600001000095, 43.316 ], [ 131.76120000100002, 43.3146 ], [ 131.770999999000082, 43.2991 ], [ 131.769200001000058, 43.2931 ], [ 131.7584, 43.2859 ], [ 131.7583, 43.2563 ], [ 131.7642, 43.2486 ], [ 131.7585, 43.2308 ], [ 131.7444, 43.2103 ], [ 131.7391, 43.2095 ], [ 131.7293, 43.2138 ], [ 131.728200001, 43.2143 ], [ 131.726000001000102, 43.2066 ], [ 131.7216, 43.203500001000066 ], [ 131.702799999000035, 43.2032 ], [ 131.69870000100002, 43.201100001000043 ], [ 131.697500000000105, 43.1978 ], [ 131.6994, 43.1952 ], [ 131.709700001000101, 43.193100001000062 ], [ 131.747100001000035, 43.1951 ], [ 131.758800001000054, 43.1924 ], [ 131.7723, 43.1765 ], [ 131.770700001000023, 43.169 ], [ 131.7607, 43.1711 ], [ 131.7546, 43.1703 ], [ 131.747600001000023, 43.165900001000068 ], [ 131.7426, 43.1555 ], [ 131.733, 43.1539 ], [ 131.7271, 43.151 ], [ 131.7178, 43.168300001000034 ], [ 131.7068, 43.1812 ], [ 131.690700000000106, 43.1919 ], [ 131.685400002000051, 43.192 ], [ 131.679999999000074, 43.1896 ], [ 131.678, 43.1731 ], [ 131.674400001000095, 43.169 ], [ 131.666, 43.1631 ], [ 131.6585, 43.1626 ], [ 131.652400001000046, 43.164300001000072 ], [ 131.646599999000045, 43.163 ], [ 131.639200001000063, 43.1614 ], [ 131.636100001000045, 43.1589 ], [ 131.6352, 43.1556 ], [ 131.636700001, 43.1513 ], [ 131.6466, 43.1476 ], [ 131.653000001, 43.148700001000066 ], [ 131.659600001000058, 43.1537 ], [ 131.686000001000025, 43.166000001000043 ], [ 131.6901, 43.1737 ], [ 131.6974, 43.1781 ], [ 131.701399999000046, 43.1737 ], [ 131.6988, 43.1593 ], [ 131.6943, 43.1521 ], [ 131.6754, 43.1332 ], [ 131.673700001000043, 43.131400001000088 ], [ 131.6617, 43.1164 ], [ 131.652200001000097, 43.099200001000042 ], [ 131.637500001000035, 43.096399999000084 ], [ 131.6294, 43.0936 ], [ 131.6162, 43.084 ], [ 131.6084, 43.0763 ], [ 131.6069, 43.07 ], [ 131.608900001000052, 43.0667 ], [ 131.6048, 43.059300001000054 ], [ 131.592900002000079, 43.0539 ], [ 131.589600001, 43.0457 ], [ 131.5846, 43.0428 ], [ 131.5776, 43.0442 ], [ 131.571, 43.0419 ], [ 131.564800002000084, 43.038 ], [ 131.5588, 43.0314 ], [ 131.5575, 43.0265 ], [ 131.5606, 43.0219 ], [ 131.577400001, 43.010100001000069 ], [ 131.5788, 43.0063 ], [ 131.5741, 42.99840000100005 ], [ 131.552200001000074, 42.9887 ], [ 131.5424, 42.9862 ], [ 131.5398, 42.9855 ], [ 131.5372, 42.9863 ], [ 131.5358, 42.989700001000074 ], [ 131.537000001000024, 42.9925 ], [ 131.541400001000056, 42.995300001000089 ], [ 131.5419, 42.9986 ], [ 131.534400001, 43.0013 ], [ 131.524100001000079, 43.0029 ], [ 131.5071, 43.0018 ], [ 131.4957, 42.9975 ], [ 131.4915, 42.994 ], [ 131.488200001, 42.9851 ], [ 131.493199999000012, 42.9827 ], [ 131.4969, 42.9859 ], [ 131.5003, 42.9857 ], [ 131.502300001000094, 42.982600001000037 ], [ 131.495100001000083, 42.9745 ], [ 131.494799999000065, 42.9701 ], [ 131.503400001000045, 42.9615 ], [ 131.507, 42.947 ], [ 131.505300001000023, 42.9432 ], [ 131.4916, 42.9352 ], [ 131.4726, 42.9396 ], [ 131.461600001000079, 42.9355 ], [ 131.448900001000084, 42.9199 ], [ 131.436400002000028, 42.919500001000074 ], [ 131.42, 42.926 ], [ 131.4171, 42.9338 ], [ 131.4082, 42.9373 ], [ 131.399, 42.9455 ], [ 131.391000001000066, 42.9449 ], [ 131.380200001000048, 42.941 ], [ 131.375900001000105, 42.9344 ], [ 131.3734, 42.9306 ], [ 131.379400001000022, 42.9227 ], [ 131.3822, 42.9128 ], [ 131.3868, 42.909 ], [ 131.3886000010001, 42.90220000100004 ], [ 131.3976, 42.9049 ], [ 131.403600001000086, 42.9048 ], [ 131.4079, 42.9024 ], [ 131.4093, 42.899000001000047 ], [ 131.4077, 42.8916 ], [ 131.402500001000021, 42.8836 ], [ 131.385000000000105, 42.868600001000061 ], [ 131.3858, 42.8648 ], [ 131.4003, 42.8664 ], [ 131.406300001000091, 42.8708 ], [ 131.414899999, 42.872 ], [ 131.42, 42.870799999000042 ], [ 131.4242, 42.8681 ], [ 131.426200001000097, 42.8668 ], [ 131.431700001000081, 42.8677 ], [ 131.453, 42.877200001000062 ], [ 131.468, 42.8798 ], [ 131.4712, 42.8761 ], [ 131.467600001000051, 42.8703 ], [ 131.459200001, 42.8675 ], [ 131.4433, 42.857 ], [ 131.4361, 42.8574 ], [ 131.4155, 42.8426 ], [ 131.3953, 42.839699999000061 ], [ 131.379400001000022, 42.834700001000044 ], [ 131.377100001000031, 42.8328 ], [ 131.363500001000034, 42.8221 ], [ 131.350700001000064, 42.8072 ], [ 131.351100001000077, 42.8067 ], [ 131.3537, 42.8032 ], [ 131.3483, 42.799 ], [ 131.3475, 42.7931 ], [ 131.352, 42.7875 ], [ 131.361000000000104, 42.7853 ], [ 131.3655, 42.779 ], [ 131.3753, 42.778 ], [ 131.3787, 42.776 ], [ 131.3759, 42.7733 ], [ 131.3596, 42.769100001000083 ], [ 131.3537, 42.776100001000088 ], [ 131.346200001000057, 42.779 ], [ 131.3367, 42.7795 ], [ 131.3355, 42.7866 ], [ 131.329100001000029, 42.7882 ], [ 131.2897, 42.7836 ], [ 131.282200001000092, 42.782 ], [ 131.275100001000055, 42.7764 ], [ 131.266800000000103, 42.7751 ], [ 131.26260000100001, 42.7716 ], [ 131.259100000000103, 42.764500001000044 ], [ 131.2578, 42.7483 ], [ 131.249400001000026, 42.7436 ], [ 131.249, 42.742 ], [ 131.2478, 42.7361 ], [ 131.241600001000052, 42.7288 ], [ 131.2409, 42.7177 ], [ 131.2363, 42.7068 ], [ 131.2372, 42.69790000100005 ], [ 131.252300000000105, 42.6872 ], [ 131.243599999000025, 42.6746 ], [ 131.2498, 42.67050000100005 ], [ 131.2473, 42.6678 ], [ 131.239099999000018, 42.668300001000034 ], [ 131.2363, 42.6661 ], [ 131.22810000100003, 42.6715 ], [ 131.2233, 42.6704 ], [ 131.2184, 42.665 ], [ 131.2255, 42.6527 ], [ 131.226000001000102, 42.651800001000083 ], [ 131.2223, 42.6465 ], [ 131.2114, 42.6468 ], [ 131.207699999000056, 42.6438 ], [ 131.208600001000036, 42.641600001000086 ], [ 131.2139, 42.6399 ], [ 131.215100001, 42.6374 ], [ 131.2137, 42.6341 ], [ 131.205700001000082, 42.6333 ], [ 131.2037, 42.6295 ], [ 131.207599999000081, 42.6236 ], [ 131.2079, 42.618100001000073 ], [ 131.2028, 42.617300001000046 ], [ 131.2, 42.6125 ], [ 131.201199999000096, 42.6098 ], [ 131.2069, 42.607 ], [ 131.217, 42.6079 ], [ 131.22069999900009, 42.6038 ], [ 131.2254, 42.6032 ], [ 131.228299999, 42.6004 ], [ 131.227400001000092, 42.5978 ], [ 131.231699999000057, 42.5928 ], [ 131.2303, 42.5893 ], [ 131.2354, 42.5839 ], [ 131.232100001000049, 42.5807 ], [ 131.222900001000085, 42.5844 ], [ 131.216600001000074, 42.5826 ], [ 131.213500001000057, 42.580099999000083 ], [ 131.2218, 42.5662 ], [ 131.2139, 42.5529 ], [ 131.208600001000036, 42.5533 ], [ 131.201500001, 42.550000001000058 ], [ 131.196800001000042, 42.555 ], [ 131.191600001000097, 42.5574 ], [ 131.1819, 42.5574 ], [ 131.1782, 42.5622 ], [ 131.1675, 42.568100001000062 ], [ 131.167100001, 42.5731 ], [ 131.1637, 42.5756 ], [ 131.1527, 42.574400001000072 ], [ 131.1503, 42.5779 ], [ 131.1512, 42.5807 ], [ 131.1625, 42.582200001000047 ], [ 131.167100001, 42.5874 ], [ 131.179100001000052, 42.594 ], [ 131.1816, 42.5985 ], [ 131.1792, 42.602 ], [ 131.166500001000031, 42.6018 ], [ 131.157, 42.598400001000073 ], [ 131.15140000100007, 42.6008 ], [ 131.141, 42.6092 ], [ 131.128600001, 42.6136 ], [ 131.1193, 42.6134 ], [ 131.1181, 42.6154 ], [ 131.119400001000031, 42.617300001000046 ], [ 131.125499999, 42.6203 ], [ 131.1327, 42.629800001000035 ], [ 131.1277, 42.6347 ], [ 131.1174, 42.6347 ], [ 131.1162, 42.6367 ], [ 131.1215, 42.6442 ], [ 131.1134, 42.665 ], [ 131.1077, 42.668300001000034 ], [ 131.0983, 42.6641 ], [ 131.0912, 42.657 ], [ 131.0881, 42.64940000100006 ], [ 131.080100002, 42.641500001000054 ], [ 131.079800001000081, 42.6366 ], [ 131.0822, 42.6331 ], [ 131.093, 42.630600001000062 ], [ 131.0994, 42.620500001000039 ], [ 131.0997, 42.6134 ], [ 131.063900000000103, 42.6389 ], [ 131.058100001000071, 42.6387 ], [ 131.0506, 42.633800001000054 ], [ 131.0482, 42.6333 ], [ 131.047, 42.6331 ], [ 131.0427, 42.634600001000081 ], [ 131.0356, 42.6321 ], [ 131.0281, 42.6347 ], [ 131.0326, 42.6383 ], [ 131.028, 42.64 ], [ 131.026300001000095, 42.6457 ], [ 131.017899999000065, 42.6437 ], [ 131.015100001000064, 42.645500001000073 ], [ 131.0118, 42.644800001000078 ], [ 131.0123, 42.641 ], [ 131.0055, 42.640700001000084 ], [ 131.0024, 42.6359 ], [ 131.0, 42.638400001000036 ], [ 130.9985, 42.6405 ], [ 130.990200001000062, 42.6436 ], [ 130.984499999000036, 42.643000001000075 ], [ 130.970700002000058, 42.6371 ], [ 130.9636, 42.6257 ], [ 130.948200001000032, 42.6219 ], [ 130.946699999000089, 42.6184 ], [ 130.945899999000062, 42.616500001000077 ], [ 130.9481, 42.6093 ], [ 130.9437, 42.6066 ], [ 130.93590000100005, 42.6067 ], [ 130.9323, 42.604600001000051 ], [ 130.9252, 42.59520000100008 ], [ 130.9204, 42.5923 ], [ 130.869600001000094, 42.596300001000088 ], [ 130.8616, 42.604 ], [ 130.8691, 42.6097 ], [ 130.8676, 42.6121 ], [ 130.8538, 42.6117 ], [ 130.8503, 42.6135 ], [ 130.8492, 42.6194 ], [ 130.8467, 42.6214 ], [ 130.8362, 42.6218 ], [ 130.8306, 42.622 ], [ 130.8172, 42.6296 ], [ 130.814000001000068, 42.633700001000079 ], [ 130.8163, 42.637 ], [ 130.8249, 42.6413 ], [ 130.8483, 42.6463 ], [ 130.856, 42.646 ], [ 130.8631, 42.6428 ], [ 130.8795, 42.6426 ], [ 130.8884, 42.6339 ], [ 130.893400001000032, 42.6319 ], [ 130.897300001000076, 42.628 ], [ 130.9078, 42.6102 ], [ 130.92190000100004, 42.6134 ], [ 130.923, 42.6141 ], [ 130.932, 42.6198 ], [ 130.945700000000102, 42.636300001000052 ], [ 130.944300002000091, 42.6454 ], [ 130.9391, 42.6504 ], [ 130.9314, 42.654100001000074 ], [ 130.915800000000104, 42.6531 ], [ 130.913400001000014, 42.6568 ], [ 130.906700002000093, 42.655600001000039 ], [ 130.8967, 42.650100001000055 ], [ 130.8896, 42.651000001000057 ], [ 130.883900001000029, 42.6547 ], [ 130.880499999, 42.6696 ], [ 130.8775, 42.6703 ], [ 130.868800001000068, 42.661000001000048 ], [ 130.8622, 42.6578 ], [ 130.8539, 42.6613 ], [ 130.8366, 42.6524 ], [ 130.8277, 42.6514 ], [ 130.8147, 42.654200001000049 ], [ 130.808500001000084, 42.6447 ], [ 130.8059, 42.643299999000078 ], [ 130.788500001000102, 42.641699999000082 ], [ 130.784900000000107, 42.6546 ], [ 130.7868, 42.6575 ], [ 130.822399999000027, 42.6681 ], [ 130.827999999000099, 42.6728 ], [ 130.833900001000075, 42.6818 ], [ 130.8349, 42.6834 ], [ 130.839, 42.6936 ], [ 130.8448, 42.6951 ], [ 130.8547, 42.694900001000065 ], [ 130.85800000100005, 42.6965 ], [ 130.854500001000019, 42.7004 ], [ 130.8374, 42.7004 ], [ 130.8262, 42.6961 ], [ 130.790800000000104, 42.6919 ], [ 130.774, 42.6818 ], [ 130.7675, 42.6802 ], [ 130.7566, 42.6802 ], [ 130.7544, 42.6822 ], [ 130.7504, 42.685 ], [ 130.7401, 42.6846 ], [ 130.7371, 42.6859 ], [ 130.733800001000077, 42.6921 ], [ 130.730400001000021, 42.694600001000083 ], [ 130.725800001000039, 42.695400002000042 ], [ 130.7169, 42.6935 ], [ 130.699200001, 42.6864 ], [ 130.6807, 42.6757 ], [ 130.66, 42.6617 ], [ 130.6541, 42.6543 ], [ 130.6548, 42.6397 ], [ 130.661400001000061, 42.6377 ], [ 130.677300001000049, 42.6405 ], [ 130.696800001000042, 42.6394 ], [ 130.6999, 42.6372 ], [ 130.702300001000026, 42.6312 ], [ 130.718000001000064, 42.6221 ], [ 130.7238, 42.6215 ], [ 130.7347, 42.6238 ], [ 130.7353, 42.6187 ], [ 130.7308, 42.6128 ], [ 130.731, 42.6112 ], [ 130.7367, 42.5996 ], [ 130.731900001000099, 42.5996 ], [ 130.729200000000105, 42.5949 ], [ 130.7221, 42.588 ], [ 130.7105, 42.582200001000047 ], [ 130.6964, 42.5788 ], [ 130.691500001, 42.5793 ], [ 130.6871000000001, 42.5817 ], [ 130.6817, 42.588 ], [ 130.678900001000102, 42.588 ], [ 130.678700001000038, 42.5816 ], [ 130.682100001000094, 42.574 ], [ 130.6857, 42.5705 ], [ 130.689100001000043, 42.5698 ], [ 130.6963, 42.5755 ], [ 130.713199999000039, 42.5785 ], [ 130.722400001000096, 42.5827 ], [ 130.7377, 42.5987 ], [ 130.7438, 42.6045 ], [ 130.760400002000097, 42.6031 ], [ 130.7662, 42.6042 ], [ 130.769600001000072, 42.6048 ], [ 130.77520000100003, 42.6097 ], [ 130.787800001000051, 42.6284 ], [ 130.792200001000083, 42.6309 ], [ 130.7952, 42.6274 ], [ 130.7947, 42.6236 ], [ 130.7707, 42.588400001000082 ], [ 130.7737, 42.5781 ], [ 130.777199999, 42.5737 ], [ 130.7852, 42.572700001000044 ], [ 130.7952, 42.5755 ], [ 130.802, 42.5752 ], [ 130.804899999000099, 42.5711 ], [ 130.811900001000026, 42.5695 ], [ 130.8176, 42.5682 ], [ 130.837800001, 42.5608 ], [ 130.8406, 42.5585 ], [ 130.8416, 42.549 ], [ 130.844900001000042, 42.54610000100007 ], [ 130.856600001000061, 42.5423 ], [ 130.8645, 42.536000001000048 ], [ 130.867800000000102, 42.5304 ], [ 130.8689, 42.521900001000063 ], [ 130.863300001000084, 42.5142 ], [ 130.8593, 42.5145 ], [ 130.856400001, 42.5165 ], [ 130.8523, 42.5281 ], [ 130.84680000100002, 42.531200001000059 ], [ 130.8398, 42.5303 ], [ 130.833900002000064, 42.5275 ], [ 130.8327, 42.5232 ], [ 130.8377, 42.514800001000083 ], [ 130.842500002000065, 42.5069 ], [ 130.843599999000048, 42.4935 ], [ 130.8513, 42.4808 ], [ 130.8463, 42.478600001000075 ], [ 130.8414, 42.4718 ], [ 130.832100001000072, 42.4667 ], [ 130.8235, 42.4671 ], [ 130.811100001, 42.472500001000071 ], [ 130.8035, 42.473300001000041 ], [ 130.7923, 42.4713 ], [ 130.7873, 42.4682 ], [ 130.779, 42.456100001000038 ], [ 130.7858, 42.454 ], [ 130.789000000000101, 42.4499 ], [ 130.7825, 42.447300001000087 ], [ 130.781400001000065, 42.4463 ], [ 130.778, 42.4433 ], [ 130.7811, 42.4408 ], [ 130.7667, 42.4128 ], [ 130.758600001000104, 42.384999999000058 ], [ 130.745300001000032, 42.3524 ], [ 130.740600001000075, 42.3426 ], [ 130.708400001000086, 42.3046 ], [ 130.703100001000053, 42.2946 ], [ 130.6979, 42.2901 ], [ 130.692300001000035, 42.2898 ], [ 130.688300001000016, 42.2896 ], [ 130.677, 42.2888 ], [ 130.6749, 42.2836 ], [ 130.669600001000049, 42.2808 ], [ 130.6637, 42.2807 ], [ 130.648900001000015, 42.2762 ], [ 130.6358, 42.2679 ], [ 130.6215, 42.272000001000038 ], [ 130.6166, 42.2701 ], [ 130.6106, 42.2617 ], [ 130.5987, 42.2552 ], [ 130.592100001000063, 42.254 ], [ 130.5894, 42.2547 ], [ 130.5873, 42.258 ], [ 130.5877, 42.2665 ], [ 130.591, 42.273000001000071 ], [ 130.59660000100007, 42.2763 ], [ 130.6059, 42.2761 ], [ 130.6089, 42.278 ], [ 130.609800001000053, 42.2827 ], [ 130.6073, 42.2875 ], [ 130.6025, 42.2906 ], [ 130.593800000000101, 42.2962 ], [ 130.588800001000095, 42.306 ], [ 130.5763, 42.312999999000056 ], [ 130.540800000000104, 42.3161 ], [ 130.5362, 42.3187 ], [ 130.527100002, 42.3177 ], [ 130.5116, 42.3327 ], [ 130.504500001, 42.3357 ], [ 130.4867, 42.3371 ], [ 130.473700001, 42.3348 ], [ 130.4642, 42.3287 ], [ 130.4617, 42.3271 ], [ 130.460400001000039, 42.3242 ], [ 130.4662, 42.321000001000073 ], [ 130.4642, 42.317 ], [ 130.4581, 42.3154 ], [ 130.453999999000075, 42.3041 ], [ 130.4451, 42.3079 ], [ 130.4369, 42.314 ], [ 130.401999999000054, 42.3305 ], [ 130.3857, 42.328099999000074 ], [ 130.391099999000062, 42.324600001000078 ], [ 130.398600000000101, 42.322200001000056 ], [ 130.40160000100002, 42.3163 ], [ 130.400600001000043, 42.3053 ], [ 130.3972, 42.2975 ], [ 130.40000000100008, 42.2948 ], [ 130.4054000000001, 42.2938 ], [ 130.4062, 42.290300001000048 ], [ 130.401000001000057, 42.287800001000051 ], [ 130.3857, 42.294100001000061 ], [ 130.3825, 42.2831 ], [ 130.3836, 42.277 ], [ 130.396, 42.2686 ], [ 130.3974, 42.2575 ], [ 130.401, 42.2508 ], [ 130.3974, 42.2469 ], [ 130.3931, 42.2523 ], [ 130.3917, 42.252 ], [ 130.3826, 42.2502 ], [ 130.377600001000019, 42.257200001000058 ], [ 130.374100001000102, 42.2565 ], [ 130.36570000100005, 42.2508 ], [ 130.362000001000069, 42.2428 ], [ 130.362600001000033, 42.2405 ], [ 130.369100001000106, 42.235 ], [ 130.3699, 42.2317 ], [ 130.3685, 42.2295 ], [ 130.3639, 42.2328 ], [ 130.360100000000102, 42.2319 ], [ 130.3558, 42.2294 ], [ 130.3498, 42.218300001000046 ], [ 130.3445, 42.2145 ], [ 130.335300001000064, 42.212600001000055 ], [ 130.330599999000015, 42.2099 ], [ 130.328200001000027, 42.2055 ], [ 130.3317, 42.1926 ], [ 130.3301, 42.1897 ], [ 130.321, 42.1908 ], [ 130.3176, 42.188200001000041 ], [ 130.3163, 42.184600001000035 ], [ 130.315700000000106, 42.182800001000089 ], [ 130.3113, 42.1794 ], [ 130.306400001000043, 42.1848 ], [ 130.3065, 42.191 ], [ 130.3123, 42.204 ], [ 130.314800001000094, 42.2176 ], [ 130.3081, 42.2314 ], [ 130.303300001000025, 42.2351 ], [ 130.2999, 42.2353 ], [ 130.294600001000049, 42.232200001000081 ], [ 130.281800001000079, 42.2147 ], [ 130.266, 42.2067 ], [ 130.2486, 42.1946 ], [ 130.2462, 42.1928 ], [ 130.2324, 42.17740000100008 ], [ 130.223699999000019, 42.174300001000063 ], [ 130.2122, 42.1789 ], [ 130.208600001000036, 42.1778 ], [ 130.2066, 42.175800001000084 ], [ 130.1982, 42.167400001000033 ], [ 130.2014, 42.1628 ], [ 130.2108, 42.1565 ], [ 130.213, 42.1513 ], [ 130.2108, 42.1484 ], [ 130.2059, 42.1485 ], [ 130.203400000000101, 42.1514 ], [ 130.2012, 42.1511 ], [ 130.199400001000072, 42.148 ], [ 130.199700001, 42.1459 ], [ 130.2082, 42.142200001000049 ], [ 130.2083, 42.1399 ], [ 130.201700001000063, 42.1362 ], [ 130.196000001000016, 42.121100001000059 ], [ 130.197, 42.1182 ], [ 130.1992, 42.112 ], [ 130.1931, 42.1068 ], [ 130.191900001000022, 42.0968 ], [ 130.187400001000015, 42.097500001000071 ], [ 130.1841, 42.1063 ], [ 130.179700001000015, 42.1081 ], [ 130.171800001000065, 42.1063 ], [ 130.1644, 42.1013 ], [ 130.1488, 42.099800001000062 ], [ 130.1448, 42.097 ], [ 130.1505, 42.0928 ], [ 130.1736, 42.0849 ], [ 130.177, 42.0796 ], [ 130.173800001000018, 42.0729 ], [ 130.164299999000036, 42.068000001000087 ], [ 130.152300001000071, 42.0658 ], [ 130.1519, 42.0668 ], [ 130.148300001000052, 42.0764 ], [ 130.1443, 42.078900001000079 ], [ 130.131700001000013, 42.0795 ], [ 130.1337, 42.086000001000059 ], [ 130.132, 42.08750000100008 ], [ 130.0992, 42.0861 ], [ 130.0891, 42.0838 ], [ 130.0818, 42.0794 ], [ 130.075800001000061, 42.0754 ], [ 130.0749, 42.072700001000044 ], [ 130.0792, 42.0651 ], [ 130.078300001, 42.051400001000047 ], [ 130.080700001000082, 42.0455 ], [ 130.076000001000011, 42.0391 ], [ 130.068800001, 42.035199999000042 ], [ 130.0619, 42.0503 ], [ 130.057100000000105, 42.055 ], [ 130.0527, 42.0566 ], [ 130.049800001, 42.05520000100006 ], [ 130.047400001000028, 42.0501 ], [ 130.049400000000105, 42.0355 ], [ 130.043400001, 42.0262 ], [ 130.0445, 42.022 ], [ 130.034000001000095, 42.0127 ], [ 130.0302, 42.009300001000042 ], [ 130.034899999, 42.0045 ], [ 130.0326, 42.000500001000034 ], [ 130.033399999000039, 41.9942 ], [ 130.031400001000065, 41.9902 ], [ 130.026700001, 41.988900001000047 ], [ 130.0249, 42.003700001000084 ], [ 130.020800001, 42.0131 ], [ 130.0139, 42.015600001000053 ], [ 130.0077, 42.0119 ], [ 130.0, 41.999100001000045 ], [ 129.998600001, 41.9966 ], [ 129.9888, 41.988700001000041 ], [ 129.9791, 41.9792 ], [ 129.9834, 41.976200001000052 ], [ 129.99, 41.9746 ], [ 129.992299999000011, 41.9703 ], [ 129.9867, 41.964 ], [ 129.973500001000048, 41.9561 ], [ 129.9695, 41.949800001000085 ], [ 129.96900000100004, 41.949 ], [ 129.972700001000021, 41.9461 ], [ 129.986000001000093, 41.9445 ], [ 129.987299999000015, 41.9419 ], [ 129.9749, 41.9383 ], [ 129.9717, 41.934900001000074 ], [ 129.9671, 41.9207 ], [ 129.9591, 41.912 ], [ 129.9498, 41.9119 ], [ 129.9487, 41.9071 ], [ 129.9585, 41.9042 ], [ 129.960500001000014, 41.9002 ], [ 129.953500001000066, 41.8921 ], [ 129.95, 41.8907 ], [ 129.945499999000049, 41.891900001000067 ], [ 129.940700001000096, 41.898200001000077 ], [ 129.9309, 41.901300001000038 ], [ 129.917300001000058, 41.9033 ], [ 129.9134, 41.9048 ], [ 129.9084, 41.906800001000079 ], [ 129.9028, 41.9062 ], [ 129.896900001000063, 41.9023 ], [ 129.897900001000039, 41.897400001000051 ], [ 129.8919, 41.8904 ], [ 129.893600001000095, 41.8861 ], [ 129.882800001000078, 41.872300001000042 ], [ 129.882599999000035, 41.8677 ], [ 129.8886, 41.8577 ], [ 129.887700002000088, 41.8413 ], [ 129.878600001, 41.83060000100005 ], [ 129.881799999, 41.8205 ], [ 129.8707, 41.8056 ], [ 129.869800001000044, 41.8 ], [ 129.868600001, 41.7921 ], [ 129.864900001000024, 41.7889 ], [ 129.8589, 41.7879 ], [ 129.849, 41.7811 ], [ 129.84660000100007, 41.776 ], [ 129.8498, 41.7719 ], [ 129.85150000100009, 41.7624 ], [ 129.847800001, 41.7589 ], [ 129.8412, 41.7598 ], [ 129.8277, 41.771 ], [ 129.8171, 41.7755 ], [ 129.8097, 41.775 ], [ 129.797700001000067, 41.771400001000075 ], [ 129.788100001000089, 41.7655 ], [ 129.783800001000031, 41.7653 ], [ 129.779899999, 41.769000001000052 ], [ 129.7778, 41.760199999000065 ], [ 129.7738, 41.757200001000058 ], [ 129.7746, 41.7535 ], [ 129.7727000000001, 41.7476 ], [ 129.7689, 41.7458 ], [ 129.76659999900005, 41.7586 ], [ 129.761600001000033, 41.7605 ], [ 129.7595, 41.7556 ], [ 129.759800001000031, 41.744500001000063 ], [ 129.7559000010001, 41.7335 ], [ 129.759400001000017, 41.7285 ], [ 129.759400001000017, 41.7232 ], [ 129.757700001000103, 41.7193 ], [ 129.7533, 41.7093 ], [ 129.749200001000077, 41.7082 ], [ 129.744000001000018, 41.6906 ], [ 129.740199999000083, 41.6841 ], [ 129.719400001000054, 41.6751 ], [ 129.7071, 41.6662 ], [ 129.697, 41.651600001000077 ], [ 129.6881, 41.6342 ], [ 129.680400001000066, 41.6044 ], [ 129.669500001000074, 41.5823 ], [ 129.667100001, 41.5709 ], [ 129.657999999000026, 41.5595 ], [ 129.653600001000086, 41.556100001000061 ], [ 129.6502, 41.5495 ], [ 129.652200001000097, 41.53119999900008 ], [ 129.6557, 41.5211 ], [ 129.658300001000043, 41.5136 ], [ 129.6546, 41.5074 ], [ 129.6553, 41.5025 ], [ 129.6525, 41.490300001000037 ], [ 129.6543, 41.47870000100005 ], [ 129.6604, 41.4664 ], [ 129.680499999000062, 41.4404 ], [ 129.6875, 41.4345 ], [ 129.699800001000085, 41.4267 ], [ 129.715, 41.42050000100005 ], [ 129.7306, 41.4179 ], [ 129.7346, 41.4154 ], [ 129.736000000000104, 41.4116 ], [ 129.734, 41.3987 ], [ 129.735900002, 41.3935 ], [ 129.7392, 41.3956 ], [ 129.74330000100008, 41.4084 ], [ 129.7664, 41.3857 ], [ 129.774500000000103, 41.3815 ], [ 129.7791, 41.3815 ], [ 129.786800001000074, 41.385600001000057 ], [ 129.7935, 41.385 ], [ 129.8076, 41.3772 ], [ 129.8094, 41.374600001000033 ], [ 129.7997, 41.3687 ], [ 129.800100001000033, 41.3646 ], [ 129.7939, 41.3544 ], [ 129.793900001, 41.3533 ], [ 129.7944, 41.3397 ], [ 129.791500001000031, 41.3327 ], [ 129.7843, 41.3249 ], [ 129.777100001, 41.3224 ], [ 129.773600000000101, 41.3187 ], [ 129.775400000000104, 41.3156 ], [ 129.781000001000052, 41.3141 ], [ 129.7817, 41.312000001000058 ], [ 129.775500001000069, 41.3082 ], [ 129.769, 41.3008 ], [ 129.7581, 41.2925 ], [ 129.7611, 41.2728 ], [ 129.747500001000049, 41.261900001000072 ], [ 129.7534, 41.2549 ], [ 129.752300000000105, 41.252200001000062 ], [ 129.7493, 41.2518 ], [ 129.741400001000102, 41.2506 ], [ 129.7346, 41.2432 ], [ 129.7405, 41.2385 ], [ 129.7353, 41.2354 ], [ 129.74070000100005, 41.2291 ], [ 129.736599999000077, 41.2245 ], [ 129.7368, 41.2213 ], [ 129.7371, 41.2209 ], [ 129.7417, 41.2152 ], [ 129.737500001000058, 41.2102 ], [ 129.728900001000056, 41.2093 ], [ 129.7279, 41.2057 ], [ 129.7353, 41.201400001000081 ], [ 129.7321, 41.1995 ], [ 129.7266, 41.1996 ], [ 129.7216, 41.1953 ], [ 129.7207, 41.1579 ], [ 129.7198, 41.1557 ], [ 129.7174, 41.1494 ], [ 129.718400001000077, 41.1441 ], [ 129.7216, 41.1405 ], [ 129.726, 41.139000001000056 ], [ 129.727800001000105, 41.1362 ], [ 129.727200001000028, 41.133500001000073 ], [ 129.7179000000001, 41.1228 ], [ 129.7235, 41.1155 ], [ 129.725, 41.1095 ], [ 129.7212, 41.1016 ], [ 129.7204, 41.099900001000037 ], [ 129.7232, 41.094699999000056 ], [ 129.7261, 41.093600001000084 ], [ 129.7316, 41.0967 ], [ 129.7418, 41.0993 ], [ 129.743700001000093, 41.09660000100007 ], [ 129.734100001, 41.089 ], [ 129.7322, 41.0854 ], [ 129.7327, 41.0792 ], [ 129.72790000100008, 41.073 ], [ 129.725900001000014, 41.063100001000066 ], [ 129.720600000000104, 41.0303 ], [ 129.7207, 41.016800001000036 ], [ 129.727200001000028, 41.0006 ], [ 129.7272, 40.995 ], [ 129.7348, 40.9948 ], [ 129.7354, 40.9923 ], [ 129.7216, 40.9844 ], [ 129.7245, 40.9812 ], [ 129.7306, 40.981500001000086 ], [ 129.73440000100004, 40.9744 ], [ 129.735100001000092, 40.9666 ], [ 129.744500001, 40.9578 ], [ 129.7492, 40.953500001000066 ], [ 129.7533, 40.9443 ], [ 129.7584, 40.9404 ], [ 129.7641, 40.94020000200004 ], [ 129.7651, 40.9383 ], [ 129.7549, 40.9279 ], [ 129.74840000100005, 40.9148 ], [ 129.7499, 40.9064 ], [ 129.7557, 40.906600001000072 ], [ 129.75730000100009, 40.904200001000049 ], [ 129.7377, 40.88540000100005 ], [ 129.735999999, 40.8777 ], [ 129.735999999, 40.8715 ], [ 129.7361, 40.8607 ], [ 129.7339, 40.8546 ], [ 129.7332, 40.8536 ], [ 129.7157, 40.8303 ], [ 129.71, 40.8279 ], [ 129.7086, 40.832300001000078 ], [ 129.701, 40.8341 ], [ 129.700300001000073, 40.8367 ], [ 129.7049, 40.8426 ], [ 129.6986, 40.8435 ], [ 129.6865, 40.8398 ], [ 129.682100000000105, 40.841 ], [ 129.6771, 40.836999999000057 ], [ 129.667600000000107, 40.838 ], [ 129.661600001000011, 40.8356 ], [ 129.653099999, 40.8359 ], [ 129.6479, 40.8403 ], [ 129.6394, 40.8376 ], [ 129.6316, 40.8381 ], [ 129.630800001000011, 40.8333 ], [ 129.6229, 40.8349 ], [ 129.621600001000047, 40.8356 ], [ 129.616000001000089, 40.8388 ], [ 129.591700001000049, 40.8343 ], [ 129.574600001000022, 40.835 ], [ 129.561399999000059, 40.8303 ], [ 129.559100001000047, 40.8282 ], [ 129.547600000000102, 40.8164 ], [ 129.5505, 40.8094 ], [ 129.548500001000093, 40.807 ], [ 129.541100001000018, 40.808800001000066 ], [ 129.5361, 40.8038 ], [ 129.531300000000101, 40.8041 ], [ 129.519500000000107, 40.7954 ], [ 129.5150000000001, 40.7897 ], [ 129.498700001000088, 40.792 ], [ 129.4865, 40.7913 ], [ 129.477, 40.7891 ], [ 129.450300001000073, 40.778800001000036 ], [ 129.429200001000027, 40.7759 ], [ 129.418, 40.7722 ], [ 129.412600001000101, 40.7697 ], [ 129.3989, 40.7561 ], [ 129.394000001, 40.755600001000062 ], [ 129.3862, 40.755400001000055 ], [ 129.3624, 40.7437 ], [ 129.354700001000083, 40.741 ], [ 129.3543, 40.7408 ], [ 129.3458, 40.7378 ], [ 129.3276, 40.7184 ], [ 129.3033, 40.6764 ], [ 129.299400000000105, 40.6759 ], [ 129.2939, 40.6783 ], [ 129.290099999000063, 40.685199999000076 ], [ 129.282400002000031, 40.69 ], [ 129.2733, 40.704700001000049 ], [ 129.2605, 40.705900001000089 ], [ 129.2586, 40.7049 ], [ 129.237499999000079, 40.7051 ], [ 129.228300000000104, 40.703100001000053 ], [ 129.220600000000104, 40.699000001000059 ], [ 129.2114, 40.6878 ], [ 129.2132, 40.6778 ], [ 129.2072, 40.672 ], [ 129.206900001, 40.6692 ], [ 129.2141, 40.6592 ], [ 129.2126, 40.6558 ], [ 129.202700001000039, 40.6564 ], [ 129.19870000100002, 40.6431 ], [ 129.203, 40.635000001000037 ], [ 129.1991, 40.6321 ], [ 129.19480000100009, 40.6339 ], [ 129.1923, 40.6329 ], [ 129.1857, 40.6145 ], [ 129.1832, 40.6127 ], [ 129.175400001000071, 40.6072 ], [ 129.1724, 40.597500001000071 ], [ 129.166000001000043, 40.5871 ], [ 129.1706, 40.5724 ], [ 129.168, 40.5677 ], [ 129.1578, 40.5642 ], [ 129.1569, 40.5612 ], [ 129.152900001000035, 40.5477 ], [ 129.146500001000049, 40.543300001000034 ], [ 129.147100001000013, 40.540900001000068 ], [ 129.143400001000032, 40.5365 ], [ 129.1342, 40.5375 ], [ 129.129800001000035, 40.535 ], [ 129.126100001000054, 40.525300001000062 ], [ 129.119200001000081, 40.5216 ], [ 129.115900001, 40.5135 ], [ 129.114100001, 40.509000001000061 ], [ 129.10219999900005, 40.4941 ], [ 129.0812, 40.4817 ], [ 129.0794, 40.4752 ], [ 129.076000001000011, 40.4747 ], [ 129.069900001000065, 40.4768 ], [ 129.0658, 40.4746 ], [ 129.064200002, 40.469800001000067 ], [ 129.060300002000076, 40.4696 ], [ 129.0528, 40.479800001000058 ], [ 129.05, 40.481600001000061 ], [ 129.042800001000046, 40.481500001000086 ], [ 129.0248, 40.475400001000082 ], [ 129.015700001000027, 40.4679 ], [ 129.0088, 40.465 ], [ 129.001299999000025, 40.4643 ], [ 128.995300001000032, 40.4617 ], [ 128.9883, 40.463 ], [ 128.9789, 40.46190000100006 ], [ 128.967, 40.456500001000052 ], [ 128.9599, 40.4512 ], [ 128.955200000000104, 40.4427 ], [ 128.943800001, 40.436 ], [ 128.939299999000013, 40.4328 ], [ 128.9041, 40.3987 ], [ 128.8911, 40.39 ], [ 128.886500001000059, 40.387 ], [ 128.883400001000041, 40.3849 ], [ 128.8571, 40.3723 ], [ 128.8483, 40.3716 ], [ 128.8322, 40.3651 ], [ 128.809100001000047, 40.3517 ], [ 128.7789, 40.3452 ], [ 128.7733, 40.3458 ], [ 128.7751, 40.3498 ], [ 128.773800001000041, 40.3512 ], [ 128.7681, 40.3513 ], [ 128.754799999000056, 40.343100001000039 ], [ 128.75239999900009, 40.3393 ], [ 128.7251, 40.3354 ], [ 128.7128, 40.3356 ], [ 128.706000001, 40.3332 ], [ 128.697, 40.3323 ], [ 128.6814, 40.3216 ], [ 128.669900001000087, 40.3099 ], [ 128.6643, 40.3072 ], [ 128.658599999000103, 40.3075 ], [ 128.656, 40.309 ], [ 128.656600002, 40.3158 ], [ 128.650300001, 40.315700001000039 ], [ 128.6342, 40.3094 ], [ 128.6294, 40.3057 ], [ 128.625400001, 40.2972 ], [ 128.6185, 40.2765 ], [ 128.621800001, 40.266200001000072 ], [ 128.635500001000082, 40.255 ], [ 128.649700001000042, 40.2534 ], [ 128.653600001000086, 40.25 ], [ 128.6556, 40.2423 ], [ 128.658300001000043, 40.239000001000079 ], [ 128.664900000000102, 40.2386 ], [ 128.6679, 40.2359 ], [ 128.6682, 40.2329 ], [ 128.6596, 40.2263 ], [ 128.663000001, 40.2144 ], [ 128.666700000000105, 40.2113 ], [ 128.6662, 40.20620000100007 ], [ 128.6614, 40.199100001000033 ], [ 128.661500001000036, 40.1984 ], [ 128.6624, 40.1936 ], [ 128.6597, 40.1894 ], [ 128.657500001000017, 40.1883 ], [ 128.6555, 40.1896 ], [ 128.6543, 40.2032 ], [ 128.649700001000042, 40.2085 ], [ 128.648999999000011, 40.1973 ], [ 128.6459, 40.1921 ], [ 128.635500001000082, 40.18650000100007 ], [ 128.6327, 40.181100001000061 ], [ 128.6235, 40.178600001000063 ], [ 128.616, 40.1785 ], [ 128.6116, 40.1795 ], [ 128.60430000100007, 40.184200001000079 ], [ 128.596500001000095, 40.1839 ], [ 128.5891, 40.1799 ], [ 128.5724, 40.170900001000064 ], [ 128.5631, 40.1695 ], [ 128.556400001000043, 40.168500001000041 ], [ 128.550100002000022, 40.1645 ], [ 128.5353, 40.1487 ], [ 128.5308, 40.1409 ], [ 128.52, 40.1339 ], [ 128.5044, 40.1319 ], [ 128.492000001000065, 40.1339 ], [ 128.4816, 40.13030000100008 ], [ 128.4722, 40.1321 ], [ 128.469100001000015, 40.1314 ], [ 128.4637, 40.1275 ], [ 128.4631, 40.116800001000058 ], [ 128.446200001000079, 40.1038 ], [ 128.4434, 40.1017 ], [ 128.4254, 40.1008 ], [ 128.414100001000065, 40.1077 ], [ 128.413399999000035, 40.1037 ], [ 128.416000001000043, 40.0985 ], [ 128.3946, 40.0989 ], [ 128.375000002000093, 40.0971 ], [ 128.367700001, 40.0951 ], [ 128.360499999000012, 40.09090000100008 ], [ 128.3534, 40.083900001000075 ], [ 128.346500000000106, 40.0721 ], [ 128.3346, 40.0576 ], [ 128.327200001000051, 40.0407 ], [ 128.3271, 40.037000001000081 ], [ 128.3224, 40.0 ], [ 128.3167, 39.9961 ], [ 128.302, 39.9961 ], [ 128.2937, 39.9968 ], [ 128.2789, 39.999600001000033 ], [ 128.262300001000085, 40.006 ], [ 128.2448, 40.006 ], [ 128.240200001000062, 40.0039 ], [ 128.2266, 40.0 ], [ 128.228300000000104, 39.9934 ], [ 128.223500001000048, 39.9881 ], [ 128.2107, 39.9827 ], [ 128.186000001000025, 39.9825 ], [ 128.173800001000018, 39.9786 ], [ 128.165599999000051, 39.979800001000058 ], [ 128.163400001000014, 39.98360000100007 ], [ 128.1648, 39.986300001000075 ], [ 128.1732, 39.9914 ], [ 128.167199999000104, 39.9963 ], [ 128.173, 40.0 ], [ 128.160800001000098, 40.007400001000065 ], [ 128.1405, 40.0095 ], [ 128.130400002000101, 40.0095 ], [ 128.1082, 40.0131 ], [ 128.099, 40.0131 ], [ 128.0911, 40.0134 ], [ 128.061200001000088, 40.0145 ], [ 128.0492, 40.0131 ], [ 128.027100001, 40.0124 ], [ 127.9902, 40.0067 ], [ 127.9588, 40.00530000100008 ], [ 127.953100002000042, 40.0 ], [ 127.940500001000032, 39.9856 ], [ 127.917000001000019, 39.9709 ], [ 127.9114, 39.9716 ], [ 127.9079, 39.9735 ], [ 127.906100001000027, 39.9782 ], [ 127.902200000000107, 39.9813 ], [ 127.899, 39.978399999000089 ], [ 127.887199999000018, 39.9685 ], [ 127.8852, 39.9668 ], [ 127.877700001000107, 39.9554 ], [ 127.8697, 39.9365 ], [ 127.8829, 39.9241 ], [ 127.8711, 39.901 ], [ 127.8707, 39.8948 ], [ 127.8728, 39.889200001000063 ], [ 127.8817, 39.8839 ], [ 127.8801, 39.882800001000078 ], [ 127.870200001000057, 39.8818 ], [ 127.8642, 39.8856 ], [ 127.8654, 39.8904 ], [ 127.860400001000016, 39.8901 ], [ 127.837900000000104, 39.877200001000062 ], [ 127.829, 39.8769 ], [ 127.8244, 39.8745 ], [ 127.8202, 39.874 ], [ 127.8172, 39.8796 ], [ 127.812, 39.8816 ], [ 127.8089, 39.8739 ], [ 127.803700001000038, 39.8723 ], [ 127.79040000100008, 39.877300001000037 ], [ 127.790200001000017, 39.884 ], [ 127.7743, 39.891600001000086 ], [ 127.7713000010001, 39.8917 ], [ 127.7713, 39.885300001000076 ], [ 127.7792, 39.8748 ], [ 127.7768, 39.8701 ], [ 127.776599999000041, 39.869600001000038 ], [ 127.7802, 39.8667 ], [ 127.7859, 39.86630000100007 ], [ 127.7873, 39.86 ], [ 127.7907, 39.8583 ], [ 127.790300001000105, 39.855600001000084 ], [ 127.7869, 39.854600001000051 ], [ 127.782500002, 39.8554 ], [ 127.7811, 39.8504 ], [ 127.776099999000053, 39.8474 ], [ 127.7729, 39.8532 ], [ 127.76890000100002, 39.8499 ], [ 127.76380000100005, 39.8506 ], [ 127.759100001000093, 39.8464 ], [ 127.751600001000043, 39.8492 ], [ 127.748900002000028, 39.844 ], [ 127.7406, 39.8489 ], [ 127.7368, 39.8495 ], [ 127.7191, 39.8476 ], [ 127.707700001000035, 39.8441 ], [ 127.69100000100002, 39.8337 ], [ 127.690900001000045, 39.8335 ], [ 127.6874, 39.8294 ], [ 127.677600001000087, 39.817900001000055 ], [ 127.675800001000084, 39.8114 ], [ 127.667000001000019, 39.8087 ], [ 127.6623, 39.804 ], [ 127.6592, 39.7964 ], [ 127.6535, 39.795000001000062 ], [ 127.6528, 39.803900001000045 ], [ 127.6488, 39.8066 ], [ 127.6466, 39.8142 ], [ 127.6396, 39.816300001000059 ], [ 127.6358, 39.8233 ], [ 127.630200001000048, 39.8228 ], [ 127.6201, 39.8181 ], [ 127.6073, 39.8169 ], [ 127.590899999000044, 39.7991 ], [ 127.589200001, 39.7972 ], [ 127.586900002000107, 39.7977 ], [ 127.5852000000001, 39.804 ], [ 127.5787, 39.81010000100008 ], [ 127.5756, 39.8292 ], [ 127.5724, 39.8355 ], [ 127.5643, 39.8386 ], [ 127.5644, 39.835800001000052 ], [ 127.5697, 39.828800001000047 ], [ 127.5742, 39.8137 ], [ 127.572700002000033, 39.7994 ], [ 127.5746, 39.7949 ], [ 127.570500001000028, 39.791 ], [ 127.5565, 39.7855 ], [ 127.548400001, 39.777300001000071 ], [ 127.541399999000078, 39.7746 ], [ 127.544400002000089, 39.7706 ], [ 127.5466, 39.7675 ], [ 127.543100001000084, 39.7576 ], [ 127.547499999000024, 39.751500001000068 ], [ 127.533899999000027, 39.7494 ], [ 127.529299999000045, 39.7486 ], [ 127.5141, 39.7375 ], [ 127.5029, 39.7223 ], [ 127.4994, 39.7159 ], [ 127.490400001000012, 39.6991 ], [ 127.4882, 39.6866 ], [ 127.488100001000021, 39.6674 ], [ 127.488, 39.6628 ], [ 127.4939, 39.6457 ], [ 127.4982, 39.6423 ], [ 127.496900001000085, 39.6414 ], [ 127.504200001000072, 39.633300001000066 ], [ 127.5123, 39.6312 ], [ 127.533600001000082, 39.6369 ], [ 127.5346, 39.6363 ], [ 127.5403, 39.633300001000066 ], [ 127.543700001000047, 39.6266 ], [ 127.55, 39.622 ], [ 127.5634, 39.6193 ], [ 127.563900000000103, 39.617 ], [ 127.5574, 39.607300001000056 ], [ 127.5575, 39.602800001000048 ], [ 127.5697, 39.5893 ], [ 127.5754, 39.5857 ], [ 127.5744, 39.5834 ], [ 127.566799999000068, 39.5791 ], [ 127.5644, 39.5741 ], [ 127.5697, 39.5682 ], [ 127.5598, 39.5658 ], [ 127.55, 39.5588 ], [ 127.547800001000041, 39.5523 ], [ 127.5404, 39.5464 ], [ 127.5401, 39.5462 ], [ 127.539500001000079, 39.5457 ], [ 127.5246, 39.5219 ], [ 127.516700001, 39.5139 ], [ 127.5145, 39.506 ], [ 127.5171, 39.4887 ], [ 127.5157, 39.4796 ], [ 127.5187, 39.4443 ], [ 127.519135958000106, 39.443346345000066 ], [ 127.297132638000107, 39.455416808000052 ], [ 127.268798231, 39.466880024000034 ], [ 127.140388001000019, 39.438259086000073 ], [ 126.81540037000002, 39.478539435000073 ], [ 126.684396786000093, 39.546864449000054 ], [ 126.718858798000042, 39.61539226900004 ], [ 126.756918199000097, 39.718362116000037 ], [ 126.761376907, 39.730406280000068 ], [ 126.877375337000103, 39.844029975000069 ], [ 126.908357145000082, 40.050939412000048 ], [ 126.935173285000019, 40.196822344000054 ], [ 126.756586879, 40.240413998000065 ], [ 126.507908060000091, 40.270447455000067 ], [ 126.233307731000082, 40.229602003000082 ], [ 125.963026997000043, 40.173669130000064 ], [ 125.546337864000066, 40.145962724000071 ], [ 125.228303812000036, 40.187098731000049 ], [ 124.63991979900004, 40.137073825000073 ], [ 124.509844838000049, 40.124022984000078 ], [ 124.392347638000047, 40.083555624000041 ], [ 124.374187599000038, 40.04436578800005 ], [ 124.373931891000097, 40.011385190000055 ], [ 124.367685055000038, 40.00000004900005 ], [ 124.3644, 40.0 ], [ 124.358300001000089, 40.0 ], [ 124.358199999000021, 40.0 ], [ 124.353899999000078, 39.993900001000043 ], [ 124.3404, 39.9812 ], [ 124.329300000000103, 39.9758 ], [ 124.3144, 39.9709 ], [ 124.2965, 39.961899999000082 ], [ 124.290300001000105, 39.9624 ], [ 124.2866, 39.9581 ], [ 124.2803, 39.9504 ], [ 124.285499999000081, 39.9442 ], [ 124.2888, 39.9403 ], [ 124.2872, 39.9364 ], [ 124.2824, 39.9325 ], [ 124.281099999000048, 39.9325 ], [ 124.2658, 39.932199999000034 ], [ 124.2577, 39.929099999000073 ], [ 124.245900001, 39.9278 ], [ 124.232400001000087, 39.9224 ], [ 124.220500001, 39.9147 ], [ 124.2187, 39.8999 ], [ 124.209400001000063, 39.8846 ], [ 124.207999999000094, 39.8651 ], [ 124.2037, 39.8631 ], [ 124.1972, 39.858 ], [ 124.189200002, 39.8574 ], [ 124.179400000000101, 39.8538 ], [ 124.1755, 39.8545 ], [ 124.1747, 39.8568 ], [ 124.177400001000024, 39.859999999000081 ], [ 124.1816, 39.8615 ], [ 124.1885, 39.8699 ], [ 124.1885, 39.8738 ], [ 124.1709, 39.8625 ], [ 124.160399999000106, 39.8528 ], [ 124.1586, 39.8496 ], [ 124.1618, 39.8429 ], [ 124.1533, 39.8293 ], [ 124.149399999000025, 39.827900001000046 ], [ 124.1417, 39.828 ], [ 124.1394, 39.8307 ], [ 124.1386, 39.8364 ], [ 124.1349, 39.8356 ], [ 124.130799999000033, 39.8347 ], [ 124.129100000000108, 39.8379 ], [ 124.134599999000102, 39.8509 ], [ 124.1481, 39.8689 ], [ 124.1467, 39.8705 ], [ 124.1398, 39.8671 ], [ 124.1296, 39.8541 ], [ 124.1226, 39.8398 ], [ 124.1194, 39.8455 ], [ 124.1172, 39.8604 ], [ 124.114499999000031, 39.8629 ], [ 124.109500001000015, 39.8632 ], [ 124.108299999, 39.8584 ], [ 124.112999999000067, 39.8519 ], [ 124.1097, 39.849 ], [ 124.1176, 39.8383 ], [ 124.118700000000104, 39.8342 ], [ 124.1011, 39.8298 ], [ 124.0991, 39.831 ], [ 124.062500001000103, 39.8214 ], [ 124.03, 39.8107 ], [ 124.017299999000102, 39.8048 ], [ 123.9791, 39.8038 ], [ 123.9652, 39.8055 ], [ 123.9612, 39.806800001000056 ], [ 123.9566, 39.808300001000077 ], [ 123.953400000000101, 39.8129 ], [ 123.9412, 39.8137 ], [ 123.862499999000079, 39.826 ], [ 123.858399999000085, 39.8326 ], [ 123.8602, 39.8372 ], [ 123.8682, 39.8438 ], [ 123.879199999000093, 39.8412 ], [ 123.8825, 39.8435 ], [ 123.8807, 39.84600000100005 ], [ 123.8777, 39.8469 ], [ 123.8772, 39.8501 ], [ 123.879300001000047, 39.853099999000051 ], [ 123.8674, 39.8511 ], [ 123.8564, 39.842 ], [ 123.845099999000013, 39.8388 ], [ 123.83029999900009, 39.8387 ], [ 123.826999999, 39.8412 ], [ 123.823200001000032, 39.8502 ], [ 123.8202, 39.8479 ], [ 123.822500000000105, 39.833500001000061 ], [ 123.8183, 39.8298 ], [ 123.800699999000017, 39.8246 ], [ 123.799899999000104, 39.8244 ], [ 123.7868, 39.8185 ], [ 123.7833, 39.8181 ], [ 123.7806, 39.821099999000069 ], [ 123.7821, 39.8245 ], [ 123.7804000000001, 39.834100001000081 ], [ 123.7742, 39.8435 ], [ 123.771, 39.8449 ], [ 123.7713000010001, 39.8399 ], [ 123.76890000100002, 39.835800001000052 ], [ 123.7771, 39.828199999000049 ], [ 123.776800001000083, 39.8234 ], [ 123.7714, 39.820200001000046 ], [ 123.7655, 39.8188 ], [ 123.731400001, 39.8201 ], [ 123.719900001000042, 39.821799999000064 ], [ 123.7086, 39.820200001000046 ], [ 123.706599999000105, 39.8213 ], [ 123.703900001000079, 39.822699999000065 ], [ 123.7033, 39.8259 ], [ 123.7084, 39.8316 ], [ 123.7081, 39.8337 ], [ 123.704199998000036, 39.8383 ], [ 123.69009999900004, 39.848399999000037 ], [ 123.672, 39.8487 ], [ 123.6678, 39.853299999000058 ], [ 123.6566, 39.8551 ], [ 123.6525, 39.8588 ], [ 123.6457, 39.8613 ], [ 123.644500000000107, 39.8641 ], [ 123.6508, 39.8805 ], [ 123.649900001000105, 39.8897 ], [ 123.6556, 39.9068 ], [ 123.6551, 39.9114 ], [ 123.6458, 39.9041 ], [ 123.640700001000027, 39.8931 ], [ 123.639199999000084, 39.881 ], [ 123.6326, 39.8662 ], [ 123.634099999, 39.8602 ], [ 123.639100001000088, 39.855 ], [ 123.653600001000086, 39.8497 ], [ 123.6432, 39.8426 ], [ 123.644699999000068, 39.8378 ], [ 123.6404, 39.8216 ], [ 123.6342, 39.8166 ], [ 123.6244, 39.8127 ], [ 123.6122, 39.8123 ], [ 123.594700000000103, 39.813900001000036 ], [ 123.592099999000084, 39.8129 ], [ 123.59, 39.8121 ], [ 123.5832, 39.8034 ], [ 123.5781, 39.803 ], [ 123.5745, 39.7991 ], [ 123.5677, 39.7996 ], [ 123.5624, 39.798 ], [ 123.560599999000033, 39.7946 ], [ 123.5612, 39.7898 ], [ 123.568, 39.7797 ], [ 123.56369999900005, 39.7587 ], [ 123.554799999000011, 39.7486 ], [ 123.5519, 39.74749999900007 ], [ 123.5483, 39.7484 ], [ 123.5483, 39.750699999000062 ], [ 123.5534, 39.7546 ], [ 123.551899999000057, 39.7697 ], [ 123.5558, 39.774000001000047 ], [ 123.5508, 39.7816 ], [ 123.54339999900003, 39.7848 ], [ 123.5363, 39.7839 ], [ 123.530300001, 39.780900001000077 ], [ 123.5259, 39.7823 ], [ 123.5223, 39.7899 ], [ 123.5132, 39.7858 ], [ 123.5075, 39.78119999900008 ], [ 123.493600001, 39.7837 ], [ 123.4838, 39.7826 ], [ 123.4782, 39.7803 ], [ 123.4746, 39.77489999900007 ], [ 123.47160000100007, 39.7616 ], [ 123.4639, 39.7575 ], [ 123.4615, 39.7541 ], [ 123.467700001000026, 39.7451 ], [ 123.465099999000017, 39.7426 ], [ 123.4512, 39.7413 ], [ 123.4473, 39.739 ], [ 123.4396, 39.7292 ], [ 123.428600001000063, 39.726 ], [ 123.4209, 39.7283 ], [ 123.418200001000059, 39.728 ], [ 123.409099999000091, 39.7272 ], [ 123.4064, 39.7288 ], [ 123.4029, 39.7391 ], [ 123.407, 39.7457 ], [ 123.4053, 39.7503 ], [ 123.4174, 39.7551 ], [ 123.419499999000095, 39.7576 ], [ 123.419200001000036, 39.7615 ], [ 123.4057, 39.7817 ], [ 123.3902, 39.7835 ], [ 123.3805, 39.781 ], [ 123.356, 39.7814 ], [ 123.3232, 39.7785 ], [ 123.301700001000086, 39.776 ], [ 123.2982, 39.7769 ], [ 123.2949, 39.7822 ], [ 123.29339999900003, 39.7901 ], [ 123.2903, 39.808300001000077 ], [ 123.2886, 39.827900001000046 ], [ 123.2865, 39.828099999000074 ], [ 123.2839, 39.8261 ], [ 123.2825, 39.822699999000065 ], [ 123.2821, 39.8117 ], [ 123.2841, 39.8045 ], [ 123.287399999000058, 39.7925 ], [ 123.286000001000048, 39.7881 ], [ 123.283, 39.7879 ], [ 123.255099999000095, 39.8023 ], [ 123.246400000000108, 39.8084 ], [ 123.2431, 39.8089 ], [ 123.2395, 39.8043 ], [ 123.2373, 39.7991 ], [ 123.2554, 39.7927 ], [ 123.2598, 39.7888 ], [ 123.266600001000029, 39.7854 ], [ 123.2766, 39.7775 ], [ 123.2839, 39.7682 ], [ 123.2837, 39.7622 ], [ 123.279699999000059, 39.7504 ], [ 123.2712, 39.7446 ], [ 123.265800001, 39.743 ], [ 123.255099999000095, 39.7432 ], [ 123.247700001, 39.7454 ], [ 123.2298, 39.7488 ], [ 123.2329, 39.7465 ], [ 123.2306, 39.744900001000076 ], [ 123.2341, 39.7405 ], [ 123.231499998, 39.738000001000046 ], [ 123.22670000100004, 39.7369 ], [ 123.232600001000037, 39.7325 ], [ 123.2294, 39.7307 ], [ 123.207199999000068, 39.73 ], [ 123.1998, 39.725400002000072 ], [ 123.2031, 39.7224 ], [ 123.2208, 39.725400001000082 ], [ 123.2368, 39.7259 ], [ 123.2421, 39.7282 ], [ 123.2451, 39.7227 ], [ 123.2549, 39.7231 ], [ 123.2599, 39.714 ], [ 123.2652, 39.7117 ], [ 123.261399999000105, 39.706 ], [ 123.261699999000029, 39.7026 ], [ 123.2779, 39.6943 ], [ 123.2788, 39.6916 ], [ 123.2738, 39.6891 ], [ 123.2549, 39.691099999000073 ], [ 123.246599999000068, 39.6879 ], [ 123.2362, 39.69 ], [ 123.2306, 39.691099999000073 ], [ 123.2253, 39.690200001000051 ], [ 123.217899999, 39.6936 ], [ 123.214, 39.69269999900007 ], [ 123.210200002000079, 39.6891 ], [ 123.209600001000013, 39.6861 ], [ 123.2176, 39.6808 ], [ 123.2176, 39.6756 ], [ 123.2105, 39.6728 ], [ 123.2049, 39.6728 ], [ 123.199300001000097, 39.6696 ], [ 123.191600000000108, 39.6701 ], [ 123.1845, 39.6724 ], [ 123.1558, 39.6652 ], [ 123.150500001000069, 39.662 ], [ 123.1461, 39.652700001000085 ], [ 123.1396, 39.6499 ], [ 123.133, 39.6606 ], [ 123.1309, 39.6624 ], [ 123.121800001, 39.6702 ], [ 123.106700001000036, 39.6787 ], [ 123.1002, 39.6805 ], [ 123.0919, 39.68 ], [ 123.085999999000023, 39.6766 ], [ 123.0783, 39.6663 ], [ 123.074199999000029, 39.667 ], [ 123.0667, 39.6727 ], [ 123.060800002000065, 39.6722 ], [ 123.058499999000105, 39.6688 ], [ 123.0591, 39.6631 ], [ 123.057, 39.660500001000059 ], [ 123.0541, 39.659899999000061 ], [ 123.050500001000046, 39.6619 ], [ 123.049299999000027, 39.6653 ], [ 123.0508, 39.6699 ], [ 123.049000001000081, 39.6738 ], [ 123.0434, 39.6745 ], [ 123.0354, 39.6726 ], [ 123.0319, 39.6687 ], [ 123.033300001000043, 39.663699999000073 ], [ 123.032200000000103, 39.6623 ], [ 123.0292, 39.6625 ], [ 123.0251, 39.6628 ], [ 123.019700001000047, 39.6653 ], [ 123.0176, 39.6683 ], [ 123.0197, 39.6744 ], [ 123.0185, 39.6767 ], [ 123.010799999000028, 39.679 ], [ 123.006099998000082, 39.6781 ], [ 123.003200000000106, 39.6696 ], [ 122.9972, 39.6698 ], [ 122.9931, 39.6716 ], [ 122.9926, 39.6701 ], [ 122.9893, 39.6609 ], [ 122.984299999000086, 39.6581 ], [ 122.9795, 39.658299999000064 ], [ 122.966799999000045, 39.6656 ], [ 122.9632, 39.6643 ], [ 122.9748, 39.6519 ], [ 122.9861, 39.651000001000057 ], [ 122.992600001000028, 39.6456 ], [ 122.992000001000065, 39.6421 ], [ 122.9728, 39.632 ], [ 122.9687, 39.6265 ], [ 122.9658, 39.6165 ], [ 122.962299999000038, 39.6185 ], [ 122.957500001000085, 39.627 ], [ 122.9516, 39.629 ], [ 122.9448000000001, 39.6283 ], [ 122.9406, 39.6278 ], [ 122.933900001000097, 39.626 ], [ 122.9315, 39.6232 ], [ 122.9357, 39.618 ], [ 122.933000000000106, 39.6159 ], [ 122.894, 39.6135 ], [ 122.8698, 39.608 ], [ 122.8633, 39.6009 ], [ 122.842699999000047, 39.5962 ], [ 122.8359, 39.5907 ], [ 122.8271, 39.5907 ], [ 122.816699999000093, 39.587700001000087 ], [ 122.810299999000108, 39.5835 ], [ 122.804100001000052, 39.5794 ], [ 122.7993, 39.5791 ], [ 122.789600001000053, 39.5825 ], [ 122.7869, 39.5793 ], [ 122.781, 39.5791 ], [ 122.7715, 39.585 ], [ 122.7626, 39.5884 ], [ 122.758499999000037, 39.5932 ], [ 122.754600001000085, 39.5948 ], [ 122.753200000000106, 39.5922 ], [ 122.758, 39.5813 ], [ 122.760399999000015, 39.578499999000087 ], [ 122.7674, 39.5804 ], [ 122.774, 39.5733 ], [ 122.779, 39.5724 ], [ 122.780500001000064, 39.5706 ], [ 122.7788, 39.5658 ], [ 122.7652, 39.5603 ], [ 122.7576, 39.5543 ], [ 122.751999999000077, 39.5538 ], [ 122.7475, 39.5556 ], [ 122.7434, 39.554700001000072 ], [ 122.7361, 39.5501 ], [ 122.7311, 39.5443 ], [ 122.7332, 39.5407 ], [ 122.7314, 39.5386 ], [ 122.7246, 39.5395 ], [ 122.718, 39.5489 ], [ 122.7142, 39.5504 ], [ 122.707400001, 39.5495 ], [ 122.704500001000042, 39.5461 ], [ 122.704799999000102, 39.544899999000052 ], [ 122.706, 39.5397 ], [ 122.703400000000101, 39.534400001000051 ], [ 122.6949, 39.5284 ], [ 122.6928, 39.524 ], [ 122.6941, 39.5213 ], [ 122.691400001000034, 39.5174 ], [ 122.6885, 39.516699999000082 ], [ 122.68590000100005, 39.511 ], [ 122.682, 39.5105 ], [ 122.6793, 39.5171 ], [ 122.6743, 39.5205 ], [ 122.6704, 39.52 ], [ 122.668099999000106, 39.523 ], [ 122.670099999000058, 39.527400001000046 ], [ 122.6674, 39.5301 ], [ 122.6597, 39.535100001000046 ], [ 122.6556, 39.536 ], [ 122.652300001000071, 39.5367 ], [ 122.65020000100003, 39.5355 ], [ 122.645800001, 39.5327 ], [ 122.6423, 39.5275 ], [ 122.641800000000103, 39.5208 ], [ 122.635899999, 39.5176 ], [ 122.6351, 39.5135 ], [ 122.636, 39.5112 ], [ 122.6316, 39.5043 ], [ 122.6313, 39.5006 ], [ 122.6373, 39.495 ], [ 122.634100000000103, 39.4924 ], [ 122.626400001000093, 39.4938 ], [ 122.6223, 39.4894 ], [ 122.6262, 39.4832 ], [ 122.6236, 39.4809 ], [ 122.6153, 39.4823 ], [ 122.607900001000075, 39.485900001000061 ], [ 122.6053, 39.4818 ], [ 122.6002, 39.4815 ], [ 122.5985, 39.473500001000048 ], [ 122.581800001000033, 39.4629 ], [ 122.5789, 39.4631 ], [ 122.5777, 39.4663 ], [ 122.5864, 39.4778 ], [ 122.585500001000014, 39.48 ], [ 122.5825, 39.4825 ], [ 122.566600000000108, 39.4838 ], [ 122.5586, 39.4838 ], [ 122.5525, 39.4794 ], [ 122.553399999000021, 39.4778 ], [ 122.5622, 39.4747 ], [ 122.5652, 39.4715 ], [ 122.561699999000098, 39.465 ], [ 122.552, 39.4613 ], [ 122.5421, 39.4544 ], [ 122.5227000000001, 39.4451 ], [ 122.5145, 39.4385 ], [ 122.51100000100007, 39.4341 ], [ 122.5049, 39.4309 ], [ 122.5037, 39.4279 ], [ 122.509100000000103, 39.4208 ], [ 122.5074, 39.4178 ], [ 122.5021, 39.4169 ], [ 122.497, 39.421899999000061 ], [ 122.4938, 39.422600001000035 ], [ 122.4893, 39.4214 ], [ 122.486999999000091, 39.4163 ], [ 122.469599999000025, 39.416499999000052 ], [ 122.454300000000103, 39.4154 ], [ 122.4396, 39.4121 ], [ 122.4325, 39.4123 ], [ 122.431099999000025, 39.4146 ], [ 122.431600001000106, 39.419 ], [ 122.4265, 39.4212 ], [ 122.4077, 39.4215 ], [ 122.3959, 39.4192 ], [ 122.3861, 39.4278 ], [ 122.385400001000107, 39.4303 ], [ 122.3851, 39.4292 ], [ 122.3837, 39.4248 ], [ 122.3853, 39.41959999900007 ], [ 122.392199999000013, 39.4098 ], [ 122.390199998000071, 39.4066 ], [ 122.3609, 39.3913 ], [ 122.3544, 39.3901 ], [ 122.35, 39.3919 ], [ 122.3453, 39.3914 ], [ 122.3423, 39.3886 ], [ 122.341, 39.3792 ], [ 122.3345, 39.3785 ], [ 122.327799999000035, 39.3736 ], [ 122.3187, 39.370999999000048 ], [ 122.3054, 39.37 ], [ 122.3016, 39.3682 ], [ 122.300000001000058, 39.3601 ], [ 122.297600001000092, 39.3594 ], [ 122.293500000000108, 39.3624 ], [ 122.29, 39.356900001000042 ], [ 122.2915, 39.3523 ], [ 122.2961, 39.3448 ], [ 122.2946, 39.3409 ], [ 122.281499999000062, 39.3291 ], [ 122.275099999000076, 39.324 ], [ 122.2645, 39.3237 ], [ 122.255400001, 39.3211 ], [ 122.251299999000025, 39.3218 ], [ 122.246, 39.325400001000048 ], [ 122.2405, 39.3334 ], [ 122.2269, 39.3399 ], [ 122.218999999000062, 39.3387 ], [ 122.2114, 39.3338 ], [ 122.2246, 39.3348 ], [ 122.2314, 39.334 ], [ 122.239199999000107, 39.3274 ], [ 122.2493, 39.316 ], [ 122.255, 39.3143 ], [ 122.2635, 39.3118 ], [ 122.265900000000101, 39.3082 ], [ 122.265699999000049, 39.302 ], [ 122.2517, 39.2955 ], [ 122.2476, 39.2909 ], [ 122.2434, 39.2773 ], [ 122.2367, 39.2738 ], [ 122.219699999, 39.2693 ], [ 122.212100001000067, 39.2654 ], [ 122.2089, 39.259199999000089 ], [ 122.1972, 39.2591 ], [ 122.1811, 39.2546 ], [ 122.1606, 39.2428 ], [ 122.1449, 39.2337 ], [ 122.1386, 39.2247 ], [ 122.119300001000056, 39.2177 ], [ 122.1106, 39.2087 ], [ 122.1089, 39.2025 ], [ 122.11779999800001, 39.2 ], [ 122.1199, 39.1962 ], [ 122.113000001000046, 39.1833 ], [ 122.1104, 39.1801 ], [ 122.1058, 39.178 ], [ 122.097200001000033, 39.1786 ], [ 122.088999999000066, 39.1812 ], [ 122.075599999000019, 39.190299999000047 ], [ 122.0759, 39.1921 ], [ 122.067599999000095, 39.195 ], [ 122.0673, 39.1918 ], [ 122.070700000000102, 39.1845 ], [ 122.0769, 39.1802 ], [ 122.0891, 39.175499999000067 ], [ 122.0959, 39.1728 ], [ 122.0983, 39.166700001000038 ], [ 122.1058, 39.1583 ], [ 122.109, 39.1578 ], [ 122.1143, 39.1611 ], [ 122.1234, 39.159799999000086 ], [ 122.1336, 39.1626 ], [ 122.136100001000045, 39.1574 ], [ 122.1528, 39.1559 ], [ 122.167600001000096, 39.151000001000057 ], [ 122.162300001000062, 39.1494 ], [ 122.152, 39.1518 ], [ 122.1474, 39.1514 ], [ 122.1456, 39.1513 ], [ 122.1362, 39.14729999900004 ], [ 122.127699999000015, 39.1468 ], [ 122.1237, 39.142400001000055 ], [ 122.1166, 39.1449 ], [ 122.114299999000082, 39.1373 ], [ 122.107400001000087, 39.1333 ], [ 122.099999999000033, 39.1314 ], [ 122.0966, 39.1284 ], [ 122.096400001, 39.1234 ], [ 122.094300001000079, 39.1218 ], [ 122.0814, 39.1214 ], [ 122.078200001000027, 39.1184 ], [ 122.0791, 39.1154 ], [ 122.0581, 39.1114 ], [ 122.054399999, 39.1186 ], [ 122.0431, 39.1261 ], [ 122.0393, 39.1279 ], [ 122.0311, 39.1257 ], [ 122.031300000000101, 39.1231 ], [ 122.032300001000067, 39.1095 ], [ 122.0385, 39.105 ], [ 122.0455, 39.0874 ], [ 122.0456, 39.0824 ], [ 122.0557, 39.0793 ], [ 122.067399999000031, 39.0643 ], [ 122.064500002000045, 39.061700001000077 ], [ 122.0359, 39.067 ], [ 122.0264, 39.0744 ], [ 122.0211, 39.075999999000089 ], [ 122.012, 39.0754 ], [ 122.0026, 39.0723 ], [ 121.993, 39.0691 ], [ 121.984899999000049, 39.0658 ], [ 121.9779, 39.0593 ], [ 121.967300001000012, 39.032199999000056 ], [ 121.963499999000078, 39.0278 ], [ 121.95289999900001, 39.0311 ], [ 121.9205, 39.0527 ], [ 121.9102, 39.0693 ], [ 121.904699999000059, 39.068800001000056 ], [ 121.9006, 39.0702 ], [ 121.8985, 39.071 ], [ 121.895599999000069, 39.0699 ], [ 121.8957, 39.0637 ], [ 121.8925, 39.0593 ], [ 121.8835, 39.0544 ], [ 121.8807, 39.0477 ], [ 121.889, 39.0439 ], [ 121.896800001000088, 39.0355 ], [ 121.909699999000054, 39.0348 ], [ 121.9141, 39.0332 ], [ 121.9151, 39.0302 ], [ 121.912799999000072, 39.0266 ], [ 121.9206, 39.0177 ], [ 121.9195, 39.014 ], [ 121.915, 39.0154 ], [ 121.9001, 39.0287 ], [ 121.889, 39.0274 ], [ 121.8891, 39.0333 ], [ 121.8892, 39.035 ], [ 121.884100000000103, 39.0404 ], [ 121.876700001000017, 39.0424 ], [ 121.8626, 39.042 ], [ 121.8332, 39.0451 ], [ 121.8283, 39.0419 ], [ 121.8221, 39.0297 ], [ 121.832000001000097, 39.0177 ], [ 121.8415, 39.013399999000058 ], [ 121.8488, 38.997699999000076 ], [ 121.853, 38.9932 ], [ 121.8589, 38.9916 ], [ 121.863300001000084, 38.9921 ], [ 121.869, 38.9954 ], [ 121.8697, 38.9972 ], [ 121.875500000000102, 38.995 ], [ 121.8801, 38.988 ], [ 121.8881, 38.983 ], [ 121.8901, 38.971099999000046 ], [ 121.899, 38.961400001000072 ], [ 121.8857, 38.9555 ], [ 121.8802, 38.9481 ], [ 121.874099999, 38.945299999000042 ], [ 121.8654, 38.945 ], [ 121.853599999000039, 38.9474 ], [ 121.838399999000103, 38.947 ], [ 121.830400001000044, 38.9503 ], [ 121.8274, 38.953700001000072 ], [ 121.837799999000026, 38.9591 ], [ 121.835900001000027, 38.9625 ], [ 121.812299999000061, 38.9755 ], [ 121.8072, 38.980300001000046 ], [ 121.803199999000071, 38.992800001000035 ], [ 121.7987, 38.9985 ], [ 121.79, 39.0048 ], [ 121.789099999000086, 39.0091 ], [ 121.7916, 39.015099999000086 ], [ 121.7895, 39.0188 ], [ 121.7685, 39.0229 ], [ 121.7641, 39.0249 ], [ 121.7578, 39.0344 ], [ 121.741300001000013, 39.0358 ], [ 121.732, 39.0413 ], [ 121.728800001000081, 39.0432 ], [ 121.724999999000033, 39.0441 ], [ 121.7153, 39.0433 ], [ 121.7103, 39.046200001000045 ], [ 121.7092, 39.056300001000068 ], [ 121.705900001000032, 39.0567 ], [ 121.7013, 39.0532 ], [ 121.6985, 39.046999999000036 ], [ 121.706700001000058, 39.034699999000054 ], [ 121.7171, 39.0298 ], [ 121.72180000100002, 39.012500001000035 ], [ 121.727400000000102, 39.0116 ], [ 121.7356, 39.0147 ], [ 121.742900001000066, 39.012500001000035 ], [ 121.7457, 39.0075 ], [ 121.740799999000046, 39.0022 ], [ 121.7289, 38.997 ], [ 121.7268, 38.997 ], [ 121.7207, 38.996900001000085 ], [ 121.7157, 38.999299999000073 ], [ 121.711, 39.0094 ], [ 121.705399999000065, 39.0113 ], [ 121.7009, 39.0166 ], [ 121.6942, 39.0137 ], [ 121.6842, 39.0145 ], [ 121.6822, 39.0133 ], [ 121.6808, 39.0083 ], [ 121.6765, 39.0075 ], [ 121.6622, 39.015099999000086 ], [ 121.6584, 39.015099999000086 ], [ 121.6536, 39.0084 ], [ 121.6448, 39.0094 ], [ 121.6422, 39.0053 ], [ 121.643500001, 39.0007 ], [ 121.636, 38.9951 ], [ 121.641, 38.9927 ], [ 121.648299999000074, 38.9934 ], [ 121.654, 38.9912 ], [ 121.6622, 38.9904 ], [ 121.6634, 38.9895 ], [ 121.6574, 38.9796 ], [ 121.657499999000038, 38.9741 ], [ 121.6408, 38.9638 ], [ 121.6283, 38.9593 ], [ 121.6192, 38.9583 ], [ 121.603300000000104, 38.961 ], [ 121.598100001000034, 38.9601 ], [ 121.5914, 38.9565 ], [ 121.593800000000101, 38.952399999000079 ], [ 121.582899999, 38.94360000100005 ], [ 121.5862, 38.9395 ], [ 121.590599999, 38.9382 ], [ 121.6008, 38.941300001000059 ], [ 121.603800001000081, 38.94 ], [ 121.6064, 38.9283 ], [ 121.608399999000085, 38.927 ], [ 121.6094, 38.926300001000072 ], [ 121.6132, 38.9268 ], [ 121.6262, 38.9339 ], [ 121.630299999000044, 38.9332 ], [ 121.6351, 38.930300001000035 ], [ 121.6417, 38.932899999000085 ], [ 121.6468, 38.9291 ], [ 121.6517, 38.9331 ], [ 121.658200001000068, 38.930399999000088 ], [ 121.662, 38.9309 ], [ 121.6681, 38.9218 ], [ 121.687800001000028, 38.9161 ], [ 121.712100001000067, 38.8973 ], [ 121.716100001000086, 38.8938 ], [ 121.7095, 38.8852 ], [ 121.708299999000019, 38.874199999000041 ], [ 121.7003, 38.863199999000074 ], [ 121.6949, 38.8596 ], [ 121.690499999000053, 38.8603 ], [ 121.6853, 38.8666 ], [ 121.6815, 38.868400001000055 ], [ 121.6771, 38.8681 ], [ 121.6727, 38.8717 ], [ 121.6701, 38.868500001000086 ], [ 121.6743, 38.86140000100005 ], [ 121.670299999, 38.8596 ], [ 121.656000001000052, 38.8559 ], [ 121.6405, 38.8564 ], [ 121.6297, 38.8547 ], [ 121.6154, 38.855299999000067 ], [ 121.6142, 38.8554 ], [ 121.6047, 38.8617 ], [ 121.5913, 38.86770000100006 ], [ 121.587100001000067, 38.8763 ], [ 121.5815, 38.8783 ], [ 121.5727, 38.8777 ], [ 121.557, 38.8702 ], [ 121.5496, 38.8628 ], [ 121.539400001000104, 38.860099999000056 ], [ 121.533400001000018, 38.855 ], [ 121.5255, 38.8445 ], [ 121.5143, 38.8346 ], [ 121.507499999000061, 38.8349 ], [ 121.499300001000051, 38.822200001000056 ], [ 121.500300002000017, 38.8195 ], [ 121.506699999000034, 38.8185 ], [ 121.495500000000106, 38.8094 ], [ 121.4935, 38.8096 ], [ 121.495699999000067, 38.8135 ], [ 121.4911, 38.8157 ], [ 121.4881, 38.817 ], [ 121.481000000000108, 38.8183 ], [ 121.4762, 38.812299999000061 ], [ 121.4639, 38.8128 ], [ 121.4572, 38.8104 ], [ 121.4387, 38.8113 ], [ 121.4242, 38.8044 ], [ 121.421700000000101, 38.806 ], [ 121.4316, 38.8171 ], [ 121.4304, 38.8194 ], [ 121.4229, 38.8154 ], [ 121.4202, 38.8154 ], [ 121.4165, 38.8101 ], [ 121.4107, 38.808399999000073 ], [ 121.4042, 38.8106 ], [ 121.4017, 38.832 ], [ 121.3999, 38.8325 ], [ 121.3973, 38.83109999900006 ], [ 121.395900001000086, 38.8171 ], [ 121.390799999000023, 38.809899999000038 ], [ 121.3796, 38.8125 ], [ 121.3621, 38.8129 ], [ 121.3549, 38.8181 ], [ 121.3459, 38.8145 ], [ 121.3334, 38.8134 ], [ 121.3258, 38.811 ], [ 121.3201, 38.7969 ], [ 121.3136, 38.7934 ], [ 121.3033, 38.790499999000076 ], [ 121.288000001, 38.7916 ], [ 121.2656, 38.787999999000078 ], [ 121.261500001000059, 38.7884 ], [ 121.249200001000077, 38.7997 ], [ 121.244499999000027, 38.801900001000035 ], [ 121.235099999, 38.8015 ], [ 121.2296, 38.7996 ], [ 121.2239, 38.794200001000036 ], [ 121.220199999000101, 38.7788 ], [ 121.2247, 38.7797 ], [ 121.2275, 38.7803 ], [ 121.243600001, 38.7895 ], [ 121.2468, 38.7898 ], [ 121.2501, 38.7876 ], [ 121.25, 38.781600001000072 ], [ 121.247299999, 38.7733 ], [ 121.2391, 38.7617 ], [ 121.2235, 38.7539 ], [ 121.219599999000025, 38.7481 ], [ 121.2176, 38.737800001000039 ], [ 121.2082, 38.7276 ], [ 121.2011, 38.721 ], [ 121.1901, 38.7163 ], [ 121.175, 38.715999999000076 ], [ 121.172, 38.715999999000076 ], [ 121.1555, 38.7201 ], [ 121.142700000000104, 38.7196 ], [ 121.1367, 38.7248 ], [ 121.132599999000035, 38.7449 ], [ 121.127899999000078, 38.7539 ], [ 121.1159, 38.766800001000036 ], [ 121.1131, 38.773099999000067 ], [ 121.115599999000096, 38.777099999000086 ], [ 121.127899999000078, 38.7745 ], [ 121.1364, 38.7745 ], [ 121.1459, 38.7803 ], [ 121.149, 38.786399999000082 ], [ 121.147499999000047, 38.789300001000072 ], [ 121.146500001000049, 38.7916 ], [ 121.1375, 38.7999 ], [ 121.139100001000088, 38.8047 ], [ 121.1369, 38.8081 ], [ 121.1337, 38.8085 ], [ 121.1289, 38.8039 ], [ 121.119900001000019, 38.809 ], [ 121.1172, 38.8126 ], [ 121.1156, 38.8286 ], [ 121.110500001000105, 38.8411 ], [ 121.1112, 38.8466 ], [ 121.109299999000086, 38.8532 ], [ 121.115, 38.8581 ], [ 121.116899999, 38.863 ], [ 121.1266, 38.8636 ], [ 121.137500001000035, 38.8709 ], [ 121.141000001000066, 38.8714 ], [ 121.1496, 38.8679 ], [ 121.157200000000103, 38.8655 ], [ 121.1576, 38.8753 ], [ 121.1517, 38.8736 ], [ 121.146400001000075, 38.8758 ], [ 121.142700000000104, 38.8838 ], [ 121.144, 38.8891 ], [ 121.14279999900009, 38.8907 ], [ 121.1328, 38.89 ], [ 121.1212, 38.8855 ], [ 121.11, 38.889 ], [ 121.10310000100003, 38.8861 ], [ 121.0963, 38.8887 ], [ 121.0917, 38.8955 ], [ 121.0911, 38.9047 ], [ 121.0942, 38.9187 ], [ 121.097100001000058, 38.9224 ], [ 121.109700001000078, 38.930599999000037 ], [ 121.117600001000028, 38.932099999000059 ], [ 121.120700001000046, 38.9345 ], [ 121.121700001000022, 38.9407 ], [ 121.1243, 38.943 ], [ 121.147499999000047, 38.949299999000061 ], [ 121.149600001000067, 38.9499 ], [ 121.155500001000064, 38.9497 ], [ 121.1611, 38.9466 ], [ 121.1745, 38.9489 ], [ 121.181899999000052, 38.9486 ], [ 121.1887, 38.94360000100005 ], [ 121.1955, 38.932500001000051 ], [ 121.207300001000021, 38.929500001000065 ], [ 121.2284, 38.9308 ], [ 121.230399998000053, 38.9324 ], [ 121.2331, 38.9412 ], [ 121.2374, 38.9447 ], [ 121.2459, 38.9446 ], [ 121.2650000000001, 38.9518 ], [ 121.2756, 38.9599 ], [ 121.2823, 38.962599999000076 ], [ 121.2952, 38.963200001000075 ], [ 121.3085, 38.9605 ], [ 121.3358, 38.9693 ], [ 121.3413, 38.9729 ], [ 121.3477, 38.9856 ], [ 121.347, 38.988300001000084 ], [ 121.3445, 38.990799999000046 ], [ 121.341, 38.9942 ], [ 121.335999999000023, 38.9964 ], [ 121.3316, 38.9961 ], [ 121.3261, 38.993 ], [ 121.3222, 38.993899999000064 ], [ 121.323, 38.9973 ], [ 121.327300001000026, 39.0022 ], [ 121.3194, 38.9998 ], [ 121.318199999000058, 39.0025 ], [ 121.3198000000001, 39.0073 ], [ 121.3268, 39.0086 ], [ 121.3278, 39.0155 ], [ 121.3316, 39.018099999000071 ], [ 121.3335, 39.022 ], [ 121.3396, 39.0246 ], [ 121.3433, 39.0292 ], [ 121.3412, 39.0333 ], [ 121.3446, 39.0357 ], [ 121.362099999000066, 39.0396 ], [ 121.3673, 39.0429 ], [ 121.3732, 39.055799999000044 ], [ 121.3796, 39.0545 ], [ 121.3819, 39.0515 ], [ 121.389099999, 39.041599999000084 ], [ 121.4052, 39.0292 ], [ 121.4069, 39.0201 ], [ 121.4123, 39.01579999900008 ], [ 121.4261, 39.014900001000058 ], [ 121.432200001000069, 39.018000001000075 ], [ 121.4382, 39.0128 ], [ 121.445000001000039, 39.012 ], [ 121.4599, 39.014199999000084 ], [ 121.4977, 39.025099999000076 ], [ 121.5076, 39.030699999000035 ], [ 121.535400001000085, 39.0464 ], [ 121.5415, 39.0483 ], [ 121.5603, 39.0482 ], [ 121.569, 39.0503 ], [ 121.594, 39.0639 ], [ 121.6074, 39.0675 ], [ 121.6375, 39.0709 ], [ 121.652100001, 39.0759 ], [ 121.6532, 39.076799999000059 ], [ 121.659299999000041, 39.0815 ], [ 121.668500000000108, 39.0937 ], [ 121.6797, 39.1014 ], [ 121.6859, 39.1022 ], [ 121.687, 39.1041 ], [ 121.685999999000046, 39.11 ], [ 121.6917, 39.1192 ], [ 121.6901, 39.1231 ], [ 121.680499999000062, 39.133999999000082 ], [ 121.672800001000041, 39.1382 ], [ 121.6625, 39.140100001000064 ], [ 121.663199999000085, 39.1472 ], [ 121.659299999000041, 39.1502 ], [ 121.6565, 39.1458 ], [ 121.6518, 39.1446 ], [ 121.6497, 39.1455 ], [ 121.6454, 39.1548 ], [ 121.6408, 39.1513 ], [ 121.6367, 39.1508 ], [ 121.634600001000081, 39.162700001000076 ], [ 121.6281, 39.1679 ], [ 121.621799998000029, 39.1698 ], [ 121.6107, 39.168499999000062 ], [ 121.606599999000082, 39.1697 ], [ 121.605100000000107, 39.1701 ], [ 121.598100001000034, 39.1812 ], [ 121.5848, 39.1847 ], [ 121.584099999000045, 39.1886 ], [ 121.5889, 39.1969 ], [ 121.602800001000105, 39.1936 ], [ 121.6149, 39.204300001000036 ], [ 121.5941, 39.2157 ], [ 121.594299998, 39.220500001000062 ], [ 121.626400000000103, 39.214499999000054 ], [ 121.630300001000023, 39.214300001000083 ], [ 121.631999999000072, 39.2157 ], [ 121.630999999000096, 39.22009999900007 ], [ 121.632599999000035, 39.2265 ], [ 121.6349, 39.232 ], [ 121.6339, 39.2352 ], [ 121.6313, 39.2369 ], [ 121.621400000000108, 39.243499999000051 ], [ 121.617, 39.2398 ], [ 121.6088, 39.2523 ], [ 121.6005, 39.2558 ], [ 121.593499999000073, 39.2537 ], [ 121.5905, 39.258 ], [ 121.5901, 39.262800001000073 ], [ 121.5962, 39.2668 ], [ 121.611399999000014, 39.267 ], [ 121.6211, 39.2698 ], [ 121.625900001000105, 39.2768 ], [ 121.6444, 39.2658 ], [ 121.6489, 39.2647 ], [ 121.6512, 39.265900001000034 ], [ 121.651399999000091, 39.2711 ], [ 121.664900000000102, 39.2704 ], [ 121.6767, 39.2715 ], [ 121.683400001, 39.274099999000043 ], [ 121.692099999000106, 39.2813 ], [ 121.695299999000099, 39.2836 ], [ 121.7037, 39.2892 ], [ 121.717999999000085, 39.2937 ], [ 121.7241, 39.2979 ], [ 121.7316, 39.29 ], [ 121.7355, 39.2894 ], [ 121.736000000000104, 39.2917 ], [ 121.7314, 39.2994 ], [ 121.751400000000103, 39.314 ], [ 121.7546, 39.3196 ], [ 121.746800001, 39.3241 ], [ 121.745, 39.3277 ], [ 121.7501, 39.3364 ], [ 121.7438, 39.3398 ], [ 121.745, 39.3421 ], [ 121.743400001000055, 39.3485 ], [ 121.7451, 39.3522 ], [ 121.753200000000106, 39.3575 ], [ 121.7578, 39.3629 ], [ 121.7589, 39.369 ], [ 121.7621, 39.3693 ], [ 121.7645, 39.368500001000086 ], [ 121.7814, 39.3624 ], [ 121.797, 39.3622 ], [ 121.8021, 39.3597 ], [ 121.8329, 39.3651 ], [ 121.846500000000106, 39.361799999000084 ], [ 121.8548, 39.3621 ], [ 121.860300001000041, 39.3633 ], [ 121.8781, 39.375699999000062 ], [ 121.881799999, 39.3814 ], [ 121.885900000000106, 39.383500001000073 ], [ 121.9109, 39.384 ], [ 121.9211, 39.3894 ], [ 121.92820000100005, 39.3911 ], [ 121.9284, 39.394499999000061 ], [ 121.9369, 39.399000001000047 ], [ 121.9363, 39.4003 ], [ 121.9268, 39.3995 ], [ 121.912100001, 39.4005 ], [ 121.9041, 39.4041 ], [ 121.9024, 39.3977 ], [ 121.892, 39.4002 ], [ 121.8900000000001, 39.4007 ], [ 121.878200000000106, 39.3988 ], [ 121.8676, 39.3996 ], [ 121.862000001000069, 39.3972 ], [ 121.8529, 39.3965 ], [ 121.847700001000021, 39.3918 ], [ 121.8296, 39.3813 ], [ 121.8246, 39.381 ], [ 121.819600001000026, 39.383500001000073 ], [ 121.782999999000026, 39.3844 ], [ 121.765699999000049, 39.3813 ], [ 121.7621, 39.3828 ], [ 121.754, 39.378099999000085 ], [ 121.74609999900008, 39.3849 ], [ 121.7325, 39.387 ], [ 121.726, 39.3911 ], [ 121.7166, 39.4017 ], [ 121.7098, 39.4021 ], [ 121.7027, 39.4052 ], [ 121.6971, 39.405400001000089 ], [ 121.69519999900001, 39.3987 ], [ 121.709100001000024, 39.3799 ], [ 121.711, 39.3742 ], [ 121.704600001000017, 39.3716 ], [ 121.6969, 39.3706 ], [ 121.6827, 39.3722 ], [ 121.6533, 39.3574 ], [ 121.6471, 39.3567 ], [ 121.640900001000091, 39.358 ], [ 121.6284, 39.3651 ], [ 121.6213, 39.3646 ], [ 121.6132, 39.3707 ], [ 121.605100000000107, 39.365500001000044 ], [ 121.599799999000084, 39.3659 ], [ 121.5671, 39.3652 ], [ 121.5521, 39.365500001000044 ], [ 121.542099999000015, 39.361699999000052 ], [ 121.5334, 39.3588 ], [ 121.526300000000106, 39.3583 ], [ 121.5198, 39.360299999000063 ], [ 121.510000000000105, 39.3635 ], [ 121.5018, 39.3728 ], [ 121.503, 39.374 ], [ 121.5011, 39.378099999000085 ], [ 121.5024, 39.386799999000061 ], [ 121.494700001000069, 39.3876 ], [ 121.487700001, 39.3948 ], [ 121.4867, 39.4003 ], [ 121.489399999000057, 39.4095 ], [ 121.486000000000104, 39.4158 ], [ 121.4782, 39.4221 ], [ 121.473899999000082, 39.428900001000045 ], [ 121.4713, 39.4403 ], [ 121.4609, 39.4436 ], [ 121.4545, 39.4374 ], [ 121.452, 39.431800001000056 ], [ 121.4488, 39.4311 ], [ 121.437199999000086, 39.4353 ], [ 121.4233, 39.4353 ], [ 121.4165, 39.4377 ], [ 121.4139, 39.4338 ], [ 121.427, 39.431 ], [ 121.4327, 39.426500001000079 ], [ 121.4368, 39.416499999000052 ], [ 121.4424, 39.410199999000042 ], [ 121.4428, 39.4097 ], [ 121.440899999000067, 39.4031 ], [ 121.4419, 39.399000001000047 ], [ 121.4359, 39.3929 ], [ 121.4325, 39.3851 ], [ 121.4239, 39.3783 ], [ 121.4223, 39.3696 ], [ 121.4177, 39.3657 ], [ 121.393999999000016, 39.3594 ], [ 121.382600001000014, 39.3674 ], [ 121.3553, 39.375699999000062 ], [ 121.3412, 39.3716 ], [ 121.3324, 39.370999999000048 ], [ 121.330200000000104, 39.37189999900005 ], [ 121.323499999000092, 39.3746 ], [ 121.3269, 39.3769 ], [ 121.3363, 39.3793 ], [ 121.3409, 39.384 ], [ 121.3433, 39.3934 ], [ 121.3417, 39.39929999900005 ], [ 121.352, 39.399900001000049 ], [ 121.3591, 39.408 ], [ 121.365899999000021, 39.4107 ], [ 121.369200001000081, 39.4162 ], [ 121.3823000000001, 39.4233 ], [ 121.3827, 39.4338 ], [ 121.380500001000087, 39.4377 ], [ 121.366899999, 39.4395 ], [ 121.3613, 39.4399 ], [ 121.3566, 39.4382 ], [ 121.3471, 39.439 ], [ 121.343, 39.439199999000039 ], [ 121.3375, 39.4366 ], [ 121.3317, 39.4314 ], [ 121.323499999000092, 39.4176 ], [ 121.3165, 39.41329999900006 ], [ 121.3077, 39.4043 ], [ 121.304199999000048, 39.4008 ], [ 121.29459999900007, 39.3963 ], [ 121.291000001000043, 39.3855 ], [ 121.2801, 39.3764 ], [ 121.2716, 39.372400001000074 ], [ 121.2646, 39.3727 ], [ 121.259, 39.3806 ], [ 121.2522, 39.381 ], [ 121.2501, 39.3837 ], [ 121.2509, 39.3876 ], [ 121.2601, 39.3942 ], [ 121.262700001000098, 39.3981 ], [ 121.2619, 39.4059 ], [ 121.259100000000103, 39.4095 ], [ 121.246, 39.4145 ], [ 121.2527, 39.4181 ], [ 121.2665, 39.4175 ], [ 121.2684, 39.4174 ], [ 121.2751, 39.4198 ], [ 121.276499999000066, 39.4221 ], [ 121.2698, 39.4309 ], [ 121.273900001000015, 39.4411 ], [ 121.3039, 39.4434 ], [ 121.3115, 39.4467 ], [ 121.318199998000068, 39.452 ], [ 121.3193, 39.4642 ], [ 121.323299999000028, 39.4684 ], [ 121.3323, 39.4857 ], [ 121.342000002000077, 39.4895 ], [ 121.3514, 39.4894 ], [ 121.3571, 39.4856 ], [ 121.3697, 39.4794 ], [ 121.374299999000073, 39.4728 ], [ 121.38, 39.4699 ], [ 121.3843, 39.4725 ], [ 121.3891, 39.4808 ], [ 121.403, 39.4803 ], [ 121.414900002000081, 39.477499999000088 ], [ 121.415799999, 39.4752 ], [ 121.4189, 39.4728 ], [ 121.435699999, 39.4721 ], [ 121.4498, 39.463399999000046 ], [ 121.4529, 39.4579 ], [ 121.4569, 39.4511 ], [ 121.4657, 39.450099999000088 ], [ 121.468, 39.4554 ], [ 121.462100001000067, 39.4645 ], [ 121.4498, 39.473500001000048 ], [ 121.4452, 39.4832 ], [ 121.4437, 39.4933 ], [ 121.445300001000078, 39.4995 ], [ 121.4423, 39.5052 ], [ 121.4507, 39.5092 ], [ 121.4605, 39.5082 ], [ 121.4675, 39.5126 ], [ 121.482, 39.5105 ], [ 121.48859999900003, 39.5172 ], [ 121.502300000000105, 39.5232 ], [ 121.501999999000077, 39.525900001000082 ], [ 121.494099999000014, 39.5329 ], [ 121.514900001, 39.5426 ], [ 121.5271, 39.5494 ], [ 121.5333, 39.5492 ], [ 121.540499999000076, 39.545 ], [ 121.5522, 39.5383 ], [ 121.545799998, 39.546 ], [ 121.5464, 39.5473 ], [ 121.5443, 39.547299999000074 ], [ 121.5374, 39.5527 ], [ 121.5337, 39.5584 ], [ 121.5351, 39.5616 ], [ 121.5393, 39.571 ], [ 121.5381, 39.5841 ], [ 121.548700001000043, 39.5858 ], [ 121.5522, 39.5881 ], [ 121.5574, 39.5941 ], [ 121.568000001000087, 39.5968 ], [ 121.57259999900009, 39.6008 ], [ 121.564900001000069, 39.6027 ], [ 121.553099999000096, 39.5994 ], [ 121.5466, 39.5997 ], [ 121.5457, 39.6022 ], [ 121.5493, 39.609600001000047 ], [ 121.546800001000065, 39.6162 ], [ 121.5369, 39.6234 ], [ 121.527299999000093, 39.6425 ], [ 121.529600001000063, 39.6464 ], [ 121.5346, 39.6453 ], [ 121.537500001000012, 39.6465 ], [ 121.5463, 39.6638 ], [ 121.552700001000062, 39.6684 ], [ 121.5521, 39.6707 ], [ 121.5428, 39.6745 ], [ 121.5366, 39.6829 ], [ 121.5301, 39.6869 ], [ 121.5257, 39.6969 ], [ 121.523600000000101, 39.6976 ], [ 121.521, 39.6936 ], [ 121.5257, 39.6852 ], [ 121.5237, 39.6822 ], [ 121.5204, 39.6826 ], [ 121.512, 39.7004 ], [ 121.4944, 39.7072 ], [ 121.4835, 39.7158 ], [ 121.4738, 39.7268 ], [ 121.4621, 39.7312 ], [ 121.46, 39.7339 ], [ 121.460199999, 39.7369 ], [ 121.4652, 39.74 ], [ 121.4738, 39.7419 ], [ 121.480199999000092, 39.7434 ], [ 121.4909, 39.752900001000057 ], [ 121.4954, 39.7637 ], [ 121.486200001000043, 39.7766 ], [ 121.4848, 39.783 ], [ 121.4809, 39.7875 ], [ 121.475200001000076, 39.7895 ], [ 121.4731, 39.792000001000076 ], [ 121.478, 39.7982 ], [ 121.497299998000017, 39.8051 ], [ 121.5052, 39.811 ], [ 121.5214, 39.8295 ], [ 121.532500001000017, 39.8363 ], [ 121.5421, 39.8538 ], [ 121.550299999, 39.8511 ], [ 121.5601, 39.8479 ], [ 121.570700000000102, 39.8482 ], [ 121.612, 39.859300001000065 ], [ 121.630999999000096, 39.8723 ], [ 121.63649999900008, 39.8802 ], [ 121.6369, 39.8861 ], [ 121.633500001000016, 39.8923 ], [ 121.6496, 39.8895 ], [ 121.6617, 39.8919 ], [ 121.6696, 39.8982 ], [ 121.6718, 39.9012 ], [ 121.676200000000108, 39.907 ], [ 121.6837, 39.906399999000087 ], [ 121.6985, 39.918 ], [ 121.7071, 39.9193 ], [ 121.7273, 39.9065 ], [ 121.759600001000081, 39.908 ], [ 121.7782, 39.9112 ], [ 121.787299999000084, 39.92 ], [ 121.795499999000072, 39.9247 ], [ 121.807100000000105, 39.9252 ], [ 121.808699999000055, 39.92740000100008 ], [ 121.8128, 39.9329 ], [ 121.8042, 39.9348 ], [ 121.801200000000108, 39.933799999000087 ], [ 121.795, 39.9317 ], [ 121.7884, 39.9374 ], [ 121.791, 39.9411 ], [ 121.798599999000089, 39.9471 ], [ 121.8118, 39.9527 ], [ 121.8179, 39.9599 ], [ 121.821800001000042, 39.96039999900006 ], [ 121.8281, 39.957999999000037 ], [ 121.833099999000069, 39.957999999000037 ], [ 121.8435, 39.9609 ], [ 121.861000001000093, 39.9771 ], [ 121.8663, 39.9794 ], [ 121.875500000000102, 39.9793 ], [ 121.880500001000087, 39.9809 ], [ 121.8878, 39.9865 ], [ 121.8948, 39.996 ], [ 121.896, 39.999400001000083 ], [ 121.896200001000011, 40.0 ], [ 121.8867, 40.0028 ], [ 121.886299999000016, 40.0076 ], [ 121.8725, 40.0019 ], [ 121.864200002000075, 40.0015 ], [ 121.8471, 40.0015 ], [ 121.8401, 40.004 ], [ 121.8297, 40.0174 ], [ 121.8413, 40.0162 ], [ 121.8582, 40.017499999000052 ], [ 121.870300001000032, 40.022 ], [ 121.8856, 40.0311 ], [ 121.893899999000041, 40.0376 ], [ 121.9078, 40.0485 ], [ 121.9164, 40.051099999000087 ], [ 121.9319, 40.0639 ], [ 121.933900000000108, 40.0685 ], [ 121.9305, 40.0753 ], [ 121.9313, 40.0785 ], [ 121.9344, 40.0843 ], [ 121.952600001000064, 40.1021 ], [ 121.9603, 40.102799999000069 ], [ 121.970000001000017, 40.1091 ], [ 121.9836, 40.1104 ], [ 121.997, 40.114 ], [ 122.0015, 40.116899999000054 ], [ 122.0043, 40.1186 ], [ 122.0084, 40.1409 ], [ 122.0075, 40.155 ], [ 122.0043, 40.1664 ], [ 122.001, 40.1717 ], [ 121.9941, 40.1707 ], [ 121.9917, 40.1738 ], [ 121.9949, 40.178 ], [ 122.002300000000105, 40.1781 ], [ 122.0163, 40.1817 ], [ 122.0406, 40.1853 ], [ 122.0586, 40.198299999000085 ], [ 122.0801, 40.2102 ], [ 122.10099999900001, 40.2264 ], [ 122.103600001000018, 40.2297 ], [ 122.106000000000108, 40.2327 ], [ 122.1094, 40.2418 ], [ 122.1143, 40.2485 ], [ 122.116, 40.259 ], [ 122.115199999000083, 40.269300001000033 ], [ 122.1118, 40.273 ], [ 122.1061, 40.2752 ], [ 122.103899999000078, 40.2807 ], [ 122.1062, 40.2898 ], [ 122.1106, 40.2958 ], [ 122.12480000100004, 40.3001 ], [ 122.147, 40.314700001000062 ], [ 122.1579, 40.319400001000076 ], [ 122.163199999000085, 40.3276 ], [ 122.165500001000055, 40.3336 ], [ 122.18359999900008, 40.3404 ], [ 122.1853, 40.3448 ], [ 122.1932, 40.3531 ], [ 122.2049, 40.3699 ], [ 122.2095, 40.385200001000044 ], [ 122.205300001000069, 40.4024 ], [ 122.207899999, 40.4099 ], [ 122.214700000000107, 40.4175 ], [ 122.219799998000099, 40.4132 ], [ 122.2356, 40.4156 ], [ 122.2418, 40.4203 ], [ 122.253200000000106, 40.4398 ], [ 122.258200000000102, 40.4451 ], [ 122.26890000100002, 40.45 ], [ 122.2803, 40.4679 ], [ 122.2803, 40.4732 ], [ 122.2851, 40.487 ], [ 122.282999999000026, 40.4931 ], [ 122.268600000000106, 40.513799999000071 ], [ 122.248900001000038, 40.5331 ], [ 122.2189, 40.5534 ], [ 122.181999999000027, 40.5741 ], [ 122.1602, 40.5886 ], [ 122.149, 40.5983 ], [ 122.144700001000047, 40.6042 ], [ 122.1424, 40.612200001000076 ], [ 122.1432, 40.618400001000055 ], [ 122.1481, 40.6238 ], [ 122.1629, 40.6456 ], [ 122.165100001000042, 40.6563 ], [ 122.1644, 40.6657 ], [ 122.158100000000104, 40.6807 ], [ 122.1437, 40.6797 ], [ 122.136, 40.677100001000042 ], [ 122.117599999000049, 40.6785 ], [ 122.109999999000024, 40.6833 ], [ 122.1005, 40.6953 ], [ 122.081099999, 40.7095 ], [ 122.0491, 40.7323 ], [ 121.9922, 40.756 ], [ 121.9679000000001, 40.7699 ], [ 121.9538, 40.7807 ], [ 121.953, 40.785399999000049 ], [ 121.952099999000097, 40.791 ], [ 121.943, 40.7973 ], [ 121.9458, 40.7785 ], [ 121.9391, 40.7785 ], [ 121.900700001000018, 40.792900001000078 ], [ 121.8973, 40.7952 ], [ 121.8969, 40.7958 ], [ 121.892599999000026, 40.8026 ], [ 121.884, 40.7982 ], [ 121.8785, 40.8002 ], [ 121.8685, 40.8079 ], [ 121.8565, 40.8212 ], [ 121.8471, 40.836000001000059 ], [ 121.8261, 40.8888 ], [ 121.829600001000017, 40.8954 ], [ 121.830099999000026, 40.9133 ], [ 121.827599999000086, 40.9197 ], [ 121.8228, 40.9318 ], [ 121.8085, 40.9485 ], [ 121.8038, 40.953 ], [ 121.796199999, 40.9451 ], [ 121.7909, 40.9396 ], [ 121.7876, 40.9268 ], [ 121.7952, 40.9115 ], [ 121.7963, 40.9022 ], [ 121.7699, 40.8577 ], [ 121.7708, 40.8552 ], [ 121.7683, 40.8496 ], [ 121.7561, 40.840099999000074 ], [ 121.7463, 40.8361 ], [ 121.7447, 40.836000001000059 ], [ 121.7276, 40.8351 ], [ 121.7135, 40.8363 ], [ 121.7066, 40.8328 ], [ 121.6882, 40.8339 ], [ 121.6588, 40.8326 ], [ 121.6407, 40.834 ], [ 121.6298, 40.833600001000036 ], [ 121.6188, 40.8302 ], [ 121.6133, 40.8318 ], [ 121.5929000000001, 40.8296 ], [ 121.5829, 40.8325 ], [ 121.5687, 40.8371 ], [ 121.5645, 40.8356 ], [ 121.5593, 40.8362 ], [ 121.5523, 40.8421 ], [ 121.550199999000029, 40.85230000100006 ], [ 121.5437, 40.853399999000089 ], [ 121.5411, 40.8538 ], [ 121.535300001, 40.8578 ], [ 121.5448, 40.8632 ], [ 121.5444, 40.8664 ], [ 121.5271, 40.8735 ], [ 121.5218, 40.877500001000044 ], [ 121.5187, 40.8937 ], [ 121.5124, 40.8946 ], [ 121.5029, 40.8871 ], [ 121.496, 40.8874 ], [ 121.492, 40.8897 ], [ 121.487899999000092, 40.8969 ], [ 121.483899999000073, 40.8976 ], [ 121.4789, 40.895 ], [ 121.4735, 40.8832 ], [ 121.4567, 40.8795 ], [ 121.4528, 40.8799 ], [ 121.4504, 40.8801 ], [ 121.4439, 40.883700001000079 ], [ 121.4352, 40.8969 ], [ 121.3789, 40.903 ], [ 121.3634, 40.9091 ], [ 121.363, 40.9121 ], [ 121.366400001000102, 40.9181 ], [ 121.3649, 40.9197 ], [ 121.3529, 40.919 ], [ 121.3353, 40.9208 ], [ 121.3331, 40.923 ], [ 121.3351, 40.9297 ], [ 121.3335, 40.9324 ], [ 121.329300000000103, 40.931 ], [ 121.323799999000016, 40.9233 ], [ 121.3206, 40.9201 ], [ 121.3142, 40.9198 ], [ 121.313900000000103, 40.9012 ], [ 121.3076, 40.900200001000087 ], [ 121.2611, 40.9021 ], [ 121.252300001000094, 40.9146 ], [ 121.2555, 40.9274 ], [ 121.2519, 40.937700001000053 ], [ 121.2498, 40.9358 ], [ 121.2491, 40.9214 ], [ 121.2438, 40.9172 ], [ 121.2449, 40.911199999000075 ], [ 121.2408, 40.9073 ], [ 121.2341, 40.9076 ], [ 121.229500001000019, 40.911199999000075 ], [ 121.228500001000043, 40.9151 ], [ 121.2307, 40.9222 ], [ 121.2268, 40.9226 ], [ 121.2198, 40.9147 ], [ 121.2143, 40.915 ], [ 121.2123, 40.9207 ], [ 121.2065, 40.9234 ], [ 121.1951, 40.9227 ], [ 121.1892, 40.937 ], [ 121.176499999000043, 40.9192 ], [ 121.1498, 40.8981 ], [ 121.121, 40.8662 ], [ 121.090399999000056, 40.8624 ], [ 121.0794, 40.8562 ], [ 121.0777, 40.8528 ], [ 121.08, 40.847499999000036 ], [ 121.075200001000098, 40.8383 ], [ 121.0783, 40.8276 ], [ 121.0776, 40.8207 ], [ 121.0656, 40.8184 ], [ 121.026200001, 40.8202 ], [ 121.0185, 40.8223 ], [ 121.0187, 40.825800001000061 ], [ 121.008800002000044, 40.8349 ], [ 121.001799999000013, 40.8355 ], [ 121.001299999000025, 40.8252 ], [ 120.9953, 40.825099999000088 ], [ 120.9934, 40.8266 ], [ 120.9766, 40.8245 ], [ 120.971, 40.8227 ], [ 120.9676, 40.8176 ], [ 120.9549, 40.7936 ], [ 120.9719, 40.788399999000035 ], [ 120.9812, 40.779 ], [ 120.9589, 40.7651 ], [ 120.953499999000087, 40.7645 ], [ 120.9471, 40.7667 ], [ 120.933900000000108, 40.7657 ], [ 120.9214, 40.7606 ], [ 120.9277, 40.7528 ], [ 120.9279, 40.7495 ], [ 120.9225, 40.7403 ], [ 120.9232, 40.7376 ], [ 120.927, 40.7319 ], [ 120.9277, 40.7214 ], [ 120.9333, 40.7222 ], [ 120.9371000000001, 40.7273 ], [ 120.942499999, 40.7267 ], [ 120.949, 40.72160000100007 ], [ 120.9547, 40.7213 ], [ 120.973999999000057, 40.7285 ], [ 120.9858, 40.7256 ], [ 120.989, 40.7286 ], [ 120.9956, 40.7285 ], [ 121.0262, 40.7133 ], [ 121.025199999000051, 40.7083 ], [ 121.0204, 40.7075 ], [ 121.011800000000108, 40.7133 ], [ 121.008000001000028, 40.7133 ], [ 121.002799998, 40.7133 ], [ 120.995500000000106, 40.7047 ], [ 120.9917, 40.7037 ], [ 120.9871, 40.7043 ], [ 120.980100000000107, 40.708499999000082 ], [ 120.9692999990001, 40.708499999000082 ], [ 120.9615, 40.7061 ], [ 120.9369, 40.6898 ], [ 120.9202, 40.6853 ], [ 120.87480000100004, 40.6782 ], [ 120.8617, 40.6778 ], [ 120.8493, 40.6774 ], [ 120.8389, 40.674700001000076 ], [ 120.828400001000091, 40.6669 ], [ 120.8245, 40.6602 ], [ 120.822500000000105, 40.6329 ], [ 120.8058, 40.621600001000047 ], [ 120.800600001000021, 40.6157 ], [ 120.8001, 40.6127 ], [ 120.8033, 40.6071 ], [ 120.8019, 40.605199999000035 ], [ 120.7911, 40.5965 ], [ 120.78150000100004, 40.597499999000036 ], [ 120.7774, 40.5942 ], [ 120.777200000000107, 40.5914 ], [ 120.7774, 40.5884 ], [ 120.7595, 40.5775 ], [ 120.7533, 40.5678 ], [ 120.746600002000037, 40.5624 ], [ 120.730100001000096, 40.554399999000054 ], [ 120.7132, 40.5419 ], [ 120.7002, 40.537099999000077 ], [ 120.69269999900007, 40.52840000100008 ], [ 120.670200001000012, 40.5149 ], [ 120.6659, 40.4937 ], [ 120.6606, 40.4846 ], [ 120.6567, 40.4779 ], [ 120.649499999, 40.4721 ], [ 120.6393, 40.4718 ], [ 120.62990000100001, 40.4755 ], [ 120.622100001000035, 40.4744 ], [ 120.610300001000041, 40.4709 ], [ 120.605099999, 40.4651 ], [ 120.5968, 40.463 ], [ 120.589, 40.4571 ], [ 120.5842, 40.449 ], [ 120.5931, 40.4286 ], [ 120.5955, 40.4234 ], [ 120.5805, 40.4089 ], [ 120.571600000000103, 40.4075 ], [ 120.5462, 40.4076 ], [ 120.5394, 40.4058 ], [ 120.5319, 40.3697 ], [ 120.542600000000107, 40.364 ], [ 120.5462, 40.3637 ], [ 120.561900001000026, 40.367200001000072 ], [ 120.5674, 40.3651 ], [ 120.5828, 40.3744 ], [ 120.5884, 40.3704 ], [ 120.5891, 40.3677 ], [ 120.583299999000019, 40.3632 ], [ 120.5889, 40.3576 ], [ 120.583, 40.3545 ], [ 120.572800001000019, 40.3554 ], [ 120.561099999000021, 40.3505 ], [ 120.5595, 40.3495 ], [ 120.535799999, 40.3341 ], [ 120.516400001000079, 40.3256 ], [ 120.5011, 40.314099999000064 ], [ 120.49629999900003, 40.3075 ], [ 120.495, 40.3011 ], [ 120.493899998000074, 40.2729 ], [ 120.4858, 40.2647 ], [ 120.4872, 40.2609 ], [ 120.4941, 40.253 ], [ 120.493899999000064, 40.2505 ], [ 120.495499999, 40.2492 ], [ 120.4904, 40.2355 ], [ 120.475899999000035, 40.219399999000075 ], [ 120.474299999000095, 40.2136 ], [ 120.444500001000051, 40.1928 ], [ 120.4354, 40.1896 ], [ 120.423299999000051, 40.1876 ], [ 120.3761, 40.1886 ], [ 120.363, 40.188800001000061 ], [ 120.326, 40.1771 ], [ 120.319, 40.1735 ], [ 120.3047, 40.1731 ], [ 120.2959, 40.1699 ], [ 120.284999999000092, 40.1596 ], [ 120.2836, 40.152899999000056 ], [ 120.2846, 40.1499 ], [ 120.2832, 40.1485 ], [ 120.2699, 40.1454 ], [ 120.213600001000032, 40.126299999000082 ], [ 120.194499999000072, 40.1209 ], [ 120.1841, 40.12 ], [ 120.1768, 40.1118 ], [ 120.144699999000068, 40.0983 ], [ 120.123599999000021, 40.0937 ], [ 120.122900001000062, 40.0936 ], [ 120.1037, 40.0845 ], [ 120.0925, 40.0819 ], [ 120.035800000000108, 40.0721 ], [ 120.0151, 40.0635 ], [ 120.0, 40.0618 ], [ 119.997699999000019, 40.0616 ], [ 119.965, 40.048700001000043 ], [ 119.9391, 40.0411 ], [ 119.938000000000102, 40.0408 ], [ 119.9227, 40.0319 ], [ 119.9145, 40.0248 ], [ 119.9078, 40.0106 ], [ 119.913999999, 40.0 ], [ 119.914700001000028, 39.999 ], [ 119.905099999000072, 39.9936 ], [ 119.901100001000032, 39.9913 ], [ 119.8924, 39.9916 ], [ 119.886, 39.9948 ], [ 119.881899999000098, 39.9938 ], [ 119.8742, 39.9886 ], [ 119.865200001000062, 39.9895 ], [ 119.8557, 39.988300001000084 ], [ 119.8355, 39.9816 ], [ 119.81769999900007, 39.980600001000084 ], [ 119.8037, 39.9761 ], [ 119.7942, 39.9683 ], [ 119.7896, 39.9591 ], [ 119.785799999, 39.9576 ], [ 119.7815, 39.9618 ], [ 119.7757, 39.9642 ], [ 119.766499999000075, 39.9641 ], [ 119.7687, 39.961000001000059 ], [ 119.778699999000082, 39.9583 ], [ 119.7836, 39.953900001000079 ], [ 119.781300000000101, 39.9527 ], [ 119.7742, 39.9513 ], [ 119.7691, 39.952499999000054 ], [ 119.763799999000071, 39.9574 ], [ 119.7584, 39.9589 ], [ 119.762900001000048, 39.9524 ], [ 119.759669424000094, 39.951015467000047 ], [ 119.604305990000057, 40.042759854000053 ], [ 119.15389580100009, 40.100615186000084 ], [ 118.894217662000074, 40.104827866000051 ], [ 118.575948652000079, 40.14166167500008 ], [ 118.150304126000037, 40.181418220000069 ], [ 117.789739599000086, 40.213795359000073 ], [ 117.736125998000034, 40.34520623800006 ], [ 117.851639446000036, 40.511963473000037 ], [ 118.061848307000105, 40.635516089000077 ], [ 118.278245516000084, 40.735888033000037 ], [ 118.358933523000019, 41.098137392000069 ], [ 118.388481475000049, 41.420571120000034 ], [ 118.8654120650001, 41.976366761000065 ], [ 119.307177807000016, 42.422178085000041 ], [ 119.54437607300008, 42.536624785000072 ], [ 119.66316245400003, 42.487694929000043 ], [ 119.949618878000024, 42.668711659000053 ], [ 120.146940903000086, 42.894458997000072 ], [ 120.285081398000102, 43.065232347000062 ], [ 120.467319615000065, 43.28261666700007 ], [ 120.450919069000065, 43.582937315000038 ], [ 120.248701473000096, 43.761799395000082 ], [ 119.915435083000034, 43.906039547000034 ], [ 119.734011577000047, 44.059692589000065 ], [ 119.702521781000087, 44.266333024000062 ], [ 119.749496137000051, 44.536481540000068 ], [ 120.388130907, 45.159417622000035 ], [ 120.893861062000042, 45.662755126000036 ], [ 121.048991377000107, 45.864720599000066 ], [ 120.297142718000032, 46.038973063000071 ], [ 120.052056789000062, 46.309514395000065 ], [ 119.963684991000036, 46.536302542000044 ], [ 120.037527848000082, 46.837053924000088 ], [ 120.357804416000022, 47.221694992000039 ], [ 121.084415245000059, 48.410064570000088 ], [ 121.542955634, 48.74986149700004 ], [ 121.79868151200003, 49.132274654000071 ], [ 121.891381256000045, 49.353804017000073 ], [ 122.137934102000031, 49.477982576000045 ], [ 122.379879147, 49.639956362000078 ], [ 122.536863879000066, 49.877149313000075 ], [ 122.557641900000021, 50.260278012000072 ], [ 122.602163229000098, 50.603126911000061 ], [ 122.704376422, 51.000548894000076 ], [ 122.843932707000022, 51.60710090300006 ], [ 122.742744377, 52.025694373000078 ], [ 122.611546623000095, 52.310644978000084 ], [ 122.087669256000027, 52.426368999000033 ], [ 121.601236967000091, 52.484265014000073 ], [ 121.495742896000024, 52.575080188000072 ], [ 121.656653019000032, 52.817528784000046 ], [ 121.860423916000059, 53.066907295000078 ], [ 121.956800266000073, 53.619837187000087 ], [ 121.88361649, 53.883329186000083 ], [ 121.766421874, 54.096260575000088 ], [ 121.956640548, 54.273726460000034 ], [ 122.076813610000045, 54.39583067500007 ], [ 122.014308789000097, 54.692363164000085 ], [ 121.932790886000021, 54.827476268000055 ], [ 122.206907858000022, 57.27461409700004 ], [ 122.234106546000021, 57.746601421000037 ], [ 122.319633422000038, 58.568686565000064 ], [ 122.379977256000075, 58.845750047000081 ], [ 137.536720395000089, 56.10861052000007 ], [ 137.5348, 56.0991 ], [ 137.5281, 56.0917 ], [ 137.493200001000105, 56.0688 ], [ 137.478700001, 56.0619 ], [ 137.460099999000022, 56.0574 ], [ 137.4503, 56.0496 ], [ 137.433000000000106, 56.0479 ], [ 137.4277, 56.0451 ], [ 137.42190000100004, 56.0405 ], [ 137.421000001000039, 56.0387 ], [ 137.407400001000042, 56.0128 ], [ 137.4146, 56.000000001000046 ], [ 137.413900001, 55.9969 ], [ 137.4209, 55.97 ] ] ] ] } },
{ "type": "Feature", "properties": { "Name": "河南江北行省" }, "geometry": { "type": "MultiPolygon", "coordinates": [ [ [ [ 121.362, 31.6003 ], [ 121.3595, 31.5993 ], [ 121.3544, 31.5996 ], [ 121.337000000000103, 31.6057 ], [ 121.339300001000083, 31.6093 ], [ 121.3435, 31.6117 ], [ 121.3478, 31.6112 ], [ 121.3585, 31.6074 ], [ 121.3616, 31.6043 ], [ 121.362, 31.6003 ] ] ], [ [ [ 121.2443, 31.7156 ], [ 121.2406, 31.7129 ], [ 121.2315, 31.722 ], [ 121.2294, 31.7281 ], [ 121.2314, 31.7377 ], [ 121.2365, 31.7378 ], [ 121.246400000000108, 31.7341 ], [ 121.2473, 31.7307 ], [ 121.2441, 31.7204 ], [ 121.2443, 31.7156 ] ] ], [ [ [ 121.4947, 31.7534 ], [ 121.4858, 31.7506 ], [ 121.4812, 31.7526 ], [ 121.4777, 31.7564 ], [ 121.48, 31.7603 ], [ 121.478800001000081, 31.7637 ], [ 121.482, 31.7638 ], [ 121.4947, 31.7534 ] ] ], [ [ [ 121.2233, 31.7138 ], [ 121.2198, 31.712 ], [ 121.1976, 31.7305 ], [ 121.191600000000108, 31.7375 ], [ 121.1887, 31.7474 ], [ 121.2, 31.7743 ], [ 121.2047, 31.7773 ], [ 121.2103, 31.776 ], [ 121.224100001000011, 31.7591 ], [ 121.227, 31.7505 ], [ 121.226, 31.7381 ], [ 121.2244, 31.7184 ], [ 121.2233, 31.7138 ] ] ], [ [ [ 121.1879, 31.7672 ], [ 121.1844, 31.7645 ], [ 121.1764, 31.7657 ], [ 121.1723, 31.7697 ], [ 121.159000001000095, 31.7739 ], [ 121.1595, 31.7756 ], [ 121.1743, 31.783 ], [ 121.1834, 31.7839 ], [ 121.194799999, 31.7812 ], [ 121.1986, 31.7776 ], [ 121.190700000000106, 31.773 ], [ 121.1879, 31.7672 ] ] ], [ [ [ 121.4716, 31.7586 ], [ 121.4636, 31.7577 ], [ 121.4432, 31.7637 ], [ 121.4334, 31.772 ], [ 121.4274, 31.7824 ], [ 121.427900001000012, 31.7861 ], [ 121.4319, 31.7896 ], [ 121.439800000000105, 31.7905 ], [ 121.4472, 31.7878 ], [ 121.4632, 31.7721 ], [ 121.4714, 31.7684 ], [ 121.4732, 31.7609 ], [ 121.4716, 31.7586 ] ] ], [ [ [ 121.0957, 31.7902 ], [ 121.088800000000106, 31.789 ], [ 121.0823, 31.7895 ], [ 121.074, 31.793 ], [ 121.0379, 31.8151 ], [ 121.036, 31.8188 ], [ 121.0534, 31.8221 ], [ 121.0645, 31.8242 ], [ 121.0745, 31.8274 ], [ 121.0872, 31.8395 ], [ 121.0929000000001, 31.8427 ], [ 121.1038, 31.8384 ], [ 121.1135, 31.8324 ], [ 121.122, 31.8223 ], [ 121.1278, 31.819 ], [ 121.1268, 31.8168 ], [ 121.1211, 31.8133 ], [ 121.1156, 31.8067 ], [ 121.0957, 31.7902 ] ] ], [ [ [ 121.3749, 31.824 ], [ 121.375, 31.7883 ], [ 121.3794, 31.7684 ], [ 121.3828, 31.7561 ], [ 121.3854, 31.7539 ], [ 121.3867, 31.7568 ], [ 121.3855, 31.766 ], [ 121.3783, 31.7941 ], [ 121.3808, 31.8141 ], [ 121.378200000000106, 31.8191 ], [ 121.3805, 31.8214 ], [ 121.3827, 31.8207 ], [ 121.3903, 31.8128 ], [ 121.4086, 31.784 ], [ 121.4134, 31.7735 ], [ 121.416, 31.7678 ], [ 121.4284, 31.7559 ], [ 121.4423, 31.7479 ], [ 121.4646, 31.7406 ], [ 121.4863, 31.7306 ], [ 121.5277, 31.7173 ], [ 121.5361, 31.7128 ], [ 121.5376, 31.7115 ], [ 121.5504, 31.7004 ], [ 121.5591, 31.69 ], [ 121.5837, 31.6708 ], [ 121.5946, 31.6645 ], [ 121.6431, 31.6492 ], [ 121.657, 31.6425 ], [ 121.6655, 31.6385 ], [ 121.7054, 31.6266 ], [ 121.718800000000101, 31.6187 ], [ 121.743600001, 31.6094 ], [ 121.7578, 31.6014 ], [ 121.7889, 31.5878 ], [ 121.8146, 31.5766 ], [ 121.8488, 31.5713 ], [ 121.8779, 31.56 ], [ 121.8821, 31.5552 ], [ 121.8863, 31.5565 ], [ 121.8875, 31.5542 ], [ 121.8712, 31.5051 ], [ 121.8684, 31.5003 ], [ 121.8653, 31.4948 ], [ 121.849, 31.4779 ], [ 121.8462, 31.4748 ], [ 121.8287, 31.4673 ], [ 121.8158, 31.4667 ], [ 121.8004, 31.4729 ], [ 121.7851, 31.473 ], [ 121.7699, 31.4766 ], [ 121.7617, 31.4812 ], [ 121.7407, 31.4856 ], [ 121.7331, 31.4855 ], [ 121.7226, 31.4926 ], [ 121.7135, 31.4964 ], [ 121.7078, 31.5013 ], [ 121.688900000000103, 31.5062 ], [ 121.6739, 31.5151 ], [ 121.6637, 31.5186 ], [ 121.6406, 31.5199 ], [ 121.6084, 31.5245 ], [ 121.5963, 31.5283 ], [ 121.5713, 31.5409 ], [ 121.5446, 31.5508 ], [ 121.5334, 31.5604 ], [ 121.525400000000104, 31.5641 ], [ 121.518600000000106, 31.5649 ], [ 121.5052, 31.5743 ], [ 121.4966, 31.5784 ], [ 121.47, 31.5868 ], [ 121.454300000000103, 31.5903 ], [ 121.4408, 31.5978 ], [ 121.4352, 31.5975 ], [ 121.4247, 31.6048 ], [ 121.3988, 31.614 ], [ 121.3828, 31.6162 ], [ 121.3691, 31.6248 ], [ 121.368, 31.6304 ], [ 121.3511, 31.6345 ], [ 121.3425, 31.6392 ], [ 121.335, 31.6433 ], [ 121.3136, 31.6581 ], [ 121.2963, 31.6765 ], [ 121.284900000000107, 31.6805 ], [ 121.278999998000018, 31.686 ], [ 121.2715, 31.6922 ], [ 121.2622, 31.7092 ], [ 121.2617, 31.7111 ], [ 121.2652, 31.7119 ], [ 121.2663999990001, 31.7146 ], [ 121.2606, 31.7238 ], [ 121.2674, 31.7233 ], [ 121.2658, 31.7292 ], [ 121.2525, 31.7438 ], [ 121.2441, 31.7481 ], [ 121.229200000000105, 31.7725 ], [ 121.2216, 31.7791 ], [ 121.2174, 31.7814 ], [ 121.204, 31.7888 ], [ 121.1892, 31.7928 ], [ 121.1814, 31.7911 ], [ 121.1707, 31.7933 ], [ 121.1588, 31.785 ], [ 121.153900001000011, 31.7842 ], [ 121.1555, 31.7913 ], [ 121.1711, 31.8016 ], [ 121.1931, 31.8232 ], [ 121.2038, 31.8319 ], [ 121.212000000000103, 31.8385 ], [ 121.2235, 31.8431 ], [ 121.2475, 31.8464 ], [ 121.2896, 31.8484 ], [ 121.3297, 31.8431 ], [ 121.345600000000104, 31.8392 ], [ 121.3598, 31.8357 ], [ 121.3693, 31.8328 ], [ 121.3731, 31.83 ], [ 121.3749, 31.824 ] ] ], [ [ [ 121.8525, 31.8879 ], [ 121.851, 31.8857 ], [ 121.848499999000069, 31.8859 ], [ 121.8475, 31.892 ], [ 121.8442, 31.896 ], [ 121.8435, 31.9044 ], [ 121.8394, 31.9178 ], [ 121.8342, 31.9227 ], [ 121.833, 31.9319 ], [ 121.8283, 31.9389 ], [ 121.831299999000066, 31.9411 ], [ 121.834, 31.9402 ], [ 121.839400001000058, 31.932 ], [ 121.8514, 31.9017 ], [ 121.8525, 31.8879 ] ] ], [ [ [ 120.7855, 32.0089 ], [ 120.7796, 32.0076 ], [ 120.7748, 32.0088 ], [ 120.7681, 32.0149 ], [ 120.7713, 32.0161 ], [ 120.782199999, 32.0122 ], [ 120.7855, 32.0089 ] ] ], [ [ [ 120.5389, 32.05 ], [ 120.5538, 32.0382 ], [ 120.5563, 32.0341 ], [ 120.551800001000061, 32.0313 ], [ 120.5316, 32.0411 ], [ 120.5241, 32.0414 ], [ 120.522299999000097, 32.0388 ], [ 120.5232, 32.0368 ], [ 120.52429999900005, 32.035 ], [ 120.5596, 32.0241 ], [ 120.5646, 32.0206 ], [ 120.566, 32.0174 ], [ 120.5645, 32.0155 ], [ 120.5556, 32.0153 ], [ 120.5384, 32.0234 ], [ 120.521, 32.0289 ], [ 120.5147, 32.0345 ], [ 120.5097, 32.0381 ], [ 120.505999999000096, 32.0444 ], [ 120.5079, 32.0506 ], [ 120.5051, 32.0542 ], [ 120.5085, 32.057 ], [ 120.5315, 32.0535 ], [ 120.5389, 32.05 ] ] ], [ [ [ 120.6052, 32.0683 ], [ 120.607700002, 32.0651 ], [ 120.612, 32.0654 ], [ 120.6186, 32.0599 ], [ 120.6265, 32.0571 ], [ 120.6462, 32.0541 ], [ 120.6509, 32.0517 ], [ 120.657200001000092, 32.0468 ], [ 120.655400001000089, 32.0456 ], [ 120.651, 32.0475 ], [ 120.6481, 32.0468 ], [ 120.649500000000103, 32.0441 ], [ 120.6469, 32.0431 ], [ 120.638300001000061, 32.0498 ], [ 120.6356, 32.0493 ], [ 120.6393, 32.0443 ], [ 120.6394, 32.0418 ], [ 120.6373, 32.0401 ], [ 120.6333, 32.04 ], [ 120.6243, 32.0424 ], [ 120.612100002000034, 32.0538 ], [ 120.6012, 32.0579 ], [ 120.602799999000013, 32.0499 ], [ 120.6146, 32.0447 ], [ 120.6237, 32.0378 ], [ 120.6268, 32.033 ], [ 120.6244, 32.0314 ], [ 120.6161, 32.0303 ], [ 120.5935, 32.0323 ], [ 120.5885, 32.0292 ], [ 120.595, 32.0257 ], [ 120.6056, 32.0236 ], [ 120.6073, 32.0214 ], [ 120.605, 32.0174 ], [ 120.6056, 32.0154 ], [ 120.631, 32.0116 ], [ 120.6315, 32.01 ], [ 120.618000002000031, 32.0049 ], [ 120.6113, 32.0045 ], [ 120.6002, 32.0065 ], [ 120.5914, 32.0125 ], [ 120.588800000000106, 32.0186 ], [ 120.5863, 32.02 ], [ 120.5799, 32.0193 ], [ 120.5713, 32.0274 ], [ 120.556, 32.0449 ], [ 120.5585, 32.0573 ], [ 120.5635, 32.0613 ], [ 120.585, 32.0687 ], [ 120.5916, 32.0716 ], [ 120.6018, 32.0725 ], [ 120.6052, 32.0683 ] ] ], [ [ [ 120.5526, 32.056 ], [ 120.5499, 32.0491 ], [ 120.5348, 32.0586 ], [ 120.5113, 32.0619 ], [ 120.508, 32.0639 ], [ 120.5085, 32.066 ], [ 120.5218, 32.0771 ], [ 120.5407, 32.0672 ], [ 120.5493, 32.0605 ], [ 120.5526, 32.056 ] ] ], [ [ [ 119.4531, 34.7658 ], [ 119.4573, 34.765 ], [ 119.4672, 34.7671 ], [ 119.4708, 34.7622 ], [ 119.4865, 34.7593 ], [ 119.4908, 34.7569 ], [ 119.4929, 34.7533 ], [ 119.4848, 34.7528 ], [ 119.479199999, 34.7485 ], [ 119.4756, 34.7477 ], [ 119.463699999000028, 34.748 ], [ 119.46, 34.7495 ], [ 119.4537, 34.7582 ], [ 119.439800000000105, 34.7649 ], [ 119.44, 34.7713 ], [ 119.437, 34.7758 ], [ 119.4445, 34.7765 ], [ 119.4491, 34.7746 ], [ 119.4531, 34.7658 ] ] ], [ [ [ 119.362999999000067, 35.100200001000076 ], [ 119.3369, 35.0872 ], [ 119.324699999000018, 35.0845 ], [ 119.314999999000065, 35.076800001000038 ], [ 119.3107, 35.0801 ], [ 119.3079, 35.0803 ], [ 119.300200001, 35.076800002000084 ], [ 119.2957, 35.078 ], [ 119.2951, 35.0906 ], [ 119.2904, 35.094999999000038 ], [ 119.2859, 35.096499999000059 ], [ 119.2833, 35.089499999000054 ], [ 119.2862, 35.0842 ], [ 119.2885, 35.0763 ], [ 119.285800000000108, 35.0746 ], [ 119.2543, 35.06660000100004 ], [ 119.2516, 35.072199999000077 ], [ 119.247299999, 35.0717 ], [ 119.24629999900003, 35.0668 ], [ 119.2389, 35.063 ], [ 119.2391, 35.058899999000062 ], [ 119.226099999000098, 35.0545 ], [ 119.2225, 35.0562 ], [ 119.218999999000062, 35.05320000100005 ], [ 119.2113, 35.0534 ], [ 119.2038, 35.0412 ], [ 119.205099998000037, 35.0281 ], [ 119.1998, 35.0187 ], [ 119.2017, 35.017 ], [ 119.1979, 35.0109 ], [ 119.2012, 35.0007 ], [ 119.2011, 35.0 ], [ 119.1949, 34.9651 ], [ 119.1945, 34.9187 ], [ 119.19, 34.92 ], [ 119.1792, 34.9299 ], [ 119.1755, 34.93 ], [ 119.175300000000107, 34.9284 ], [ 119.189500001000056, 34.9131 ], [ 119.191, 34.9108 ], [ 119.185699999, 34.8948 ], [ 119.174199999000052, 34.8861 ], [ 119.1748, 34.8588 ], [ 119.1687, 34.8513 ], [ 119.173600001000068, 34.8496 ], [ 119.1805, 34.8331 ], [ 119.1941, 34.8182 ], [ 119.1949, 34.8125 ], [ 119.2068, 34.7924 ], [ 119.2085, 34.7822 ], [ 119.207100001000072, 34.7697 ], [ 119.2062, 34.7557 ], [ 119.2149, 34.7583 ], [ 119.2187, 34.7672 ], [ 119.223, 34.7705 ], [ 119.2334, 34.772 ], [ 119.2417, 34.7682 ], [ 119.258199999, 34.75519999900007 ], [ 119.2633, 34.7469 ], [ 119.2804000000001, 34.7392 ], [ 119.3036, 34.7374 ], [ 119.3143, 34.7385 ], [ 119.3276, 34.7456 ], [ 119.3298, 34.7516 ], [ 119.3288, 34.7553 ], [ 119.3253, 34.763199999000051 ], [ 119.329399999000088, 34.765399999000067 ], [ 119.3452, 34.7666 ], [ 119.3611, 34.7657 ], [ 119.3666, 34.754399999000043 ], [ 119.3708, 34.749799999000061 ], [ 119.377099999000052, 34.7461 ], [ 119.3869, 34.742699999000081 ], [ 119.3956, 34.7421 ], [ 119.422699999000088, 34.7439 ], [ 119.4452, 34.7384 ], [ 119.4506, 34.73560000100008 ], [ 119.4581, 34.731699999000057 ], [ 119.4741, 34.7274 ], [ 119.4698, 34.7186 ], [ 119.4763, 34.7098 ], [ 119.476499999, 34.7052 ], [ 119.4667, 34.7028 ], [ 119.4621, 34.699 ], [ 119.4571, 34.6872 ], [ 119.450899999000058, 34.6849 ], [ 119.4519, 34.6748 ], [ 119.455200000000104, 34.669899999000052 ], [ 119.4691, 34.6623 ], [ 119.4863, 34.6499 ], [ 119.4962, 34.6427 ], [ 119.5092, 34.6308 ], [ 119.5326, 34.6168 ], [ 119.536700001000099, 34.61279999900006 ], [ 119.565500001000032, 34.596300001000088 ], [ 119.5906, 34.5867 ], [ 119.5924, 34.5836 ], [ 119.600199999000097, 34.5776 ], [ 119.6069, 34.5753 ], [ 119.6292, 34.5677 ], [ 119.639200001000063, 34.5619 ], [ 119.6475, 34.5557 ], [ 119.649, 34.5525 ], [ 119.6482, 34.5514 ], [ 119.640099999000086, 34.541 ], [ 119.639200001000063, 34.538 ], [ 119.6429, 34.5292 ], [ 119.6429, 34.5234 ], [ 119.6611, 34.5311 ], [ 119.668000001, 34.5253 ], [ 119.6725, 34.5248 ], [ 119.6801, 34.526799999000048 ], [ 119.6871000000001, 34.525 ], [ 119.6949, 34.531200001000059 ], [ 119.7166, 34.5302 ], [ 119.7211, 34.5272 ], [ 119.7364, 34.5256 ], [ 119.7492, 34.519699999000068 ], [ 119.756400001000088, 34.5181 ], [ 119.7585, 34.515899999000055 ], [ 119.7702, 34.513 ], [ 119.7777, 34.507999999000049 ], [ 119.7887, 34.4971 ], [ 119.7885, 34.4935 ], [ 119.7884, 34.4913 ], [ 119.7852, 34.488 ], [ 119.786, 34.4825 ], [ 119.7802, 34.4757 ], [ 119.7775, 34.4667 ], [ 119.784700001000033, 34.4414 ], [ 119.7845, 34.4343 ], [ 119.7797, 34.4176 ], [ 119.7826, 34.414500001000079 ], [ 119.788799999000048, 34.4236 ], [ 119.794, 34.444400001000076 ], [ 119.7837, 34.47100000100005 ], [ 119.7877, 34.47499999900009 ], [ 119.793999999000107, 34.4759 ], [ 119.805300000000102, 34.4705 ], [ 119.816700001000072, 34.4706 ], [ 119.832400001, 34.4664 ], [ 119.8448, 34.4663 ], [ 119.858900001000052, 34.4646 ], [ 119.8785, 34.462300001000074 ], [ 119.893600000000106, 34.458599999000057 ], [ 119.8996, 34.4541 ], [ 119.9165, 34.453700001000072 ], [ 119.9441, 34.4494 ], [ 119.953000001000078, 34.4447 ], [ 119.969400001000054, 34.4398 ], [ 119.9819, 34.4324 ], [ 119.99, 34.4324 ], [ 119.9929, 34.4341 ], [ 120.0, 34.4327 ], [ 120.0102, 34.4306 ], [ 120.0132, 34.4316 ], [ 120.0317, 34.419800001000056 ], [ 120.0376, 34.4185 ], [ 120.0475, 34.4124 ], [ 120.0505, 34.4129 ], [ 120.0536, 34.4112 ], [ 120.0546, 34.4089 ], [ 120.064999999000065, 34.4039 ], [ 120.0761, 34.3957 ], [ 120.0841, 34.3941 ], [ 120.085, 34.3939 ], [ 120.0871, 34.3919 ], [ 120.0881, 34.386599999000055 ], [ 120.0798, 34.3676 ], [ 120.086400001000015, 34.3604 ], [ 120.1055, 34.3736 ], [ 120.111000000000104, 34.3746 ], [ 120.1191, 34.3707 ], [ 120.1278, 34.3694 ], [ 120.1394, 34.3625 ], [ 120.1477000000001, 34.3619 ], [ 120.1661, 34.35219999900005 ], [ 120.175300001000096, 34.3497 ], [ 120.1824, 34.344 ], [ 120.184799999, 34.343 ], [ 120.2083, 34.3338 ], [ 120.2169, 34.3304 ], [ 120.258700001000079, 34.3211 ], [ 120.2733, 34.3151 ], [ 120.2884, 34.3033 ], [ 120.292, 34.2956 ], [ 120.293099999000106, 34.2906 ], [ 120.2903, 34.2829 ], [ 120.291299999000103, 34.2775 ], [ 120.2887, 34.2724 ], [ 120.2906, 34.2664 ], [ 120.2877, 34.257 ], [ 120.288000001, 34.248000001000037 ], [ 120.29060000100003, 34.2451 ], [ 120.2947, 34.2305 ], [ 120.3076, 34.2102 ], [ 120.311, 34.2013 ], [ 120.33, 34.1722 ], [ 120.327100001000076, 34.154 ], [ 120.3314, 34.1498 ], [ 120.331099999, 34.1415 ], [ 120.3301, 34.1418 ], [ 120.3258, 34.143 ], [ 120.3251, 34.140000001000089 ], [ 120.3278, 34.135 ], [ 120.337900001000094, 34.1295 ], [ 120.338800000000106, 34.126600001000043 ], [ 120.3359, 34.123699999000053 ], [ 120.3346, 34.1134 ], [ 120.2857, 34.1039 ], [ 120.2633, 34.0974 ], [ 120.2497, 34.0915 ], [ 120.2481, 34.0877 ], [ 120.252999999000053, 34.0862 ], [ 120.2647, 34.090099999000074 ], [ 120.2705, 34.09 ], [ 120.273100001000103, 34.092300001000069 ], [ 120.2824, 34.0944 ], [ 120.2862, 34.097 ], [ 120.2966, 34.0991 ], [ 120.3094, 34.102400001000035 ], [ 120.3191, 34.1025 ], [ 120.3252, 34.1001 ], [ 120.3315, 34.1002 ], [ 120.338599999000053, 34.1052 ], [ 120.3393, 34.10569999900008 ], [ 120.3433, 34.1026 ], [ 120.356000000000108, 34.078800001000047 ], [ 120.356000000000108, 34.0729 ], [ 120.36, 34.0597 ], [ 120.367223140000078, 34.045058500000039 ], [ 120.367400001000078, 34.0447 ], [ 120.382899999000074, 34.0201 ], [ 120.3861, 34.0016 ], [ 120.3923, 33.9903 ], [ 120.3912, 33.98289999900004 ], [ 120.40160000100002, 33.9747 ], [ 120.409900000000107, 33.9526 ], [ 120.4148, 33.9362 ], [ 120.4132, 33.9288 ], [ 120.421299999000098, 33.908399999000039 ], [ 120.4280000010001, 33.898200001000077 ], [ 120.434900001000074, 33.8915 ], [ 120.4396, 33.8829 ], [ 120.446300001000054, 33.8776 ], [ 120.457700001000035, 33.8515 ], [ 120.467, 33.8366 ], [ 120.4769, 33.8288 ], [ 120.4787, 33.824500001000047 ], [ 120.4612, 33.8078 ], [ 120.4449, 33.786 ], [ 120.434900001000074, 33.7705 ], [ 120.421700000000101, 33.750200001000053 ], [ 120.4148, 33.7445 ], [ 120.3947, 33.7394 ], [ 120.390799999000023, 33.7391 ], [ 120.397600001, 33.7335 ], [ 120.4018, 33.732200001000081 ], [ 120.4059, 33.7323 ], [ 120.461100000000101, 33.7529 ], [ 120.468, 33.7538 ], [ 120.474699999, 33.7507 ], [ 120.482599999000058, 33.7358 ], [ 120.48999999900002, 33.721300001000088 ], [ 120.499900002, 33.694700001000058 ], [ 120.4992, 33.6912 ], [ 120.500100001000078, 33.6828 ], [ 120.497, 33.6754 ], [ 120.4847, 33.660900001000073 ], [ 120.481699999000057, 33.6592 ], [ 120.4862, 33.6558 ], [ 120.496699999000043, 33.6685 ], [ 120.501600001000043, 33.669699999000045 ], [ 120.507000001000051, 33.6653 ], [ 120.516400001000079, 33.6632 ], [ 120.521700001, 33.6599 ], [ 120.5366, 33.6332 ], [ 120.542900001000021, 33.632 ], [ 120.5458, 33.628999999000087 ], [ 120.5429, 33.6253 ], [ 120.5364, 33.6226 ], [ 120.512500001000035, 33.6232 ], [ 120.5069, 33.6208 ], [ 120.4978, 33.6217 ], [ 120.4976, 33.619 ], [ 120.5033, 33.608 ], [ 120.5149, 33.5854 ], [ 120.528, 33.5724 ], [ 120.5389, 33.5576 ], [ 120.5428, 33.546000001000039 ], [ 120.5425, 33.5398 ], [ 120.535800000000108, 33.5261 ], [ 120.5381, 33.522500001000083 ], [ 120.5473, 33.5199 ], [ 120.5693, 33.5083 ], [ 120.5905, 33.5104 ], [ 120.59169999900007, 33.5083 ], [ 120.5863, 33.481199999000069 ], [ 120.5876, 33.474099999000089 ], [ 120.588500001000057, 33.4333 ], [ 120.5906, 33.4182 ], [ 120.5882, 33.4083 ], [ 120.6483, 33.3911 ], [ 120.653700001000061, 33.3859 ], [ 120.658100000000104, 33.3491 ], [ 120.6553, 33.3369 ], [ 120.6561, 33.3289 ], [ 120.6593, 33.3209 ], [ 120.6703, 33.2932 ], [ 120.679399999, 33.2824 ], [ 120.686300001000063, 33.2789 ], [ 120.697, 33.278 ], [ 120.7058, 33.2752 ], [ 120.7103, 33.2709 ], [ 120.7237, 33.244600001000038 ], [ 120.7251, 33.234599999000068 ], [ 120.7286, 33.2108 ], [ 120.729599999000015, 33.1959 ], [ 120.7284, 33.1895 ], [ 120.7247, 33.186199999000053 ], [ 120.7144, 33.1848 ], [ 120.712800001, 33.18590000100005 ], [ 120.708, 33.1817 ], [ 120.704300001000092, 33.1766 ], [ 120.694999999000061, 33.1704 ], [ 120.694500001000051, 33.167200001000083 ], [ 120.7014, 33.1495 ], [ 120.7165, 33.1191 ], [ 120.7195, 33.1118 ], [ 120.7227, 33.1043 ], [ 120.7287, 33.0978 ], [ 120.736900000000105, 33.0927 ], [ 120.7406, 33.0889 ], [ 120.744600000000105, 33.088 ], [ 120.7721, 33.0561 ], [ 120.7837, 33.049 ], [ 120.7868, 33.0436 ], [ 120.792200001000083, 33.0388 ], [ 120.7692, 33.0276 ], [ 120.7898, 33.0008 ], [ 120.799600001000044, 32.9941 ], [ 120.811600001000102, 32.99190000100009 ], [ 120.827900001000103, 32.9839 ], [ 120.8343, 32.9786 ], [ 120.8367, 32.9711 ], [ 120.8362, 32.9591 ], [ 120.8386, 32.9436 ], [ 120.8374, 32.9305 ], [ 120.8394, 32.9251 ], [ 120.854600001000108, 32.9068 ], [ 120.8579, 32.8988 ], [ 120.863700000000108, 32.857 ], [ 120.8623, 32.8488 ], [ 120.8214, 32.8199 ], [ 120.816, 32.8116 ], [ 120.8085, 32.788 ], [ 120.816399999000055, 32.76180000100004 ], [ 120.816600000000108, 32.7547 ], [ 120.8401, 32.750000001000046 ], [ 120.8423, 32.7308 ], [ 120.8469, 32.7283 ], [ 120.880899999, 32.7151 ], [ 120.8847, 32.6874 ], [ 120.8943, 32.6811 ], [ 120.8983, 32.6785 ], [ 120.9025, 32.6637 ], [ 120.9014, 32.655499999000085 ], [ 120.8969, 32.6501 ], [ 120.876, 32.6426 ], [ 120.8469, 32.6406 ], [ 120.844699999, 32.6387 ], [ 120.842800001, 32.6306 ], [ 120.8321, 32.6268 ], [ 120.8313, 32.6176 ], [ 120.8335, 32.616 ], [ 120.8462, 32.6158 ], [ 120.8501, 32.6127 ], [ 120.853099999000051, 32.6114 ], [ 120.8605, 32.6081 ], [ 120.8692, 32.606900001000042 ], [ 120.8733, 32.608599999000035 ], [ 120.8793, 32.6156 ], [ 120.8833, 32.6164 ], [ 120.897600001, 32.608599999000035 ], [ 120.9056, 32.603099999000051 ], [ 120.9165, 32.6003 ], [ 120.9174, 32.5967 ], [ 120.9121, 32.5924 ], [ 120.913300001000039, 32.589699999000061 ], [ 120.9218, 32.5844 ], [ 120.953200001000027, 32.5651 ], [ 120.9582, 32.5606 ], [ 120.96, 32.5535 ], [ 120.9591, 32.549799999000072 ], [ 120.9605, 32.546899999000061 ], [ 120.9668, 32.5429 ], [ 120.972, 32.53199999900005 ], [ 120.9759, 32.52700000100009 ], [ 120.971, 32.5203 ], [ 120.9764, 32.5181 ], [ 120.9791, 32.5406 ], [ 120.982, 32.543 ], [ 120.9876, 32.544 ], [ 120.9896, 32.5431 ], [ 121.016600001000029, 32.5327 ], [ 121.039300001000015, 32.5331 ], [ 121.065999999000041, 32.5244 ], [ 121.0772, 32.5221 ], [ 121.1056, 32.5112 ], [ 121.1268, 32.503600001000052 ], [ 121.1534, 32.4908 ], [ 121.1547, 32.4828 ], [ 121.158, 32.4796 ], [ 121.163700001000052, 32.4791 ], [ 121.166, 32.475 ], [ 121.159099999000091, 32.46 ], [ 121.160799999, 32.4559 ], [ 121.1632, 32.4552 ], [ 121.1736, 32.4705 ], [ 121.179800001000103, 32.4729 ], [ 121.25889999900005, 32.441799999000068 ], [ 121.2649, 32.4408 ], [ 121.269400001, 32.44269999900007 ], [ 121.2743, 32.4421 ], [ 121.2887, 32.4361 ], [ 121.29, 32.4354 ], [ 121.3104, 32.4234 ], [ 121.3183, 32.4211 ], [ 121.3356, 32.4078 ], [ 121.353299999, 32.399699999000063 ], [ 121.3569, 32.3967 ], [ 121.3576, 32.390999999000087 ], [ 121.355100000000107, 32.3795 ], [ 121.3496, 32.376 ], [ 121.3396, 32.3749 ], [ 121.3487, 32.2864 ], [ 121.3582, 32.2825 ], [ 121.3602, 32.2791 ], [ 121.371399999, 32.274900001000049 ], [ 121.379500001, 32.27 ], [ 121.3835, 32.2636 ], [ 121.3827, 32.2613 ], [ 121.3839, 32.2584 ], [ 121.3778, 32.2514 ], [ 121.3736, 32.2497 ], [ 121.353299999, 32.251 ], [ 121.3393, 32.2407 ], [ 121.3448, 32.210800001000052 ], [ 121.343, 32.2082 ], [ 121.3366, 32.2061 ], [ 121.3103, 32.2047 ], [ 121.316300001000059, 32.2009 ], [ 121.323, 32.2003 ], [ 121.3531, 32.2024 ], [ 121.355100000000107, 32.1967 ], [ 121.3629, 32.1973 ], [ 121.3644, 32.1818 ], [ 121.370399999000028, 32.1759 ], [ 121.3847, 32.1764 ], [ 121.4018, 32.180599999000037 ], [ 121.404000001000099, 32.1788 ], [ 121.4147, 32.17 ], [ 121.4183, 32.1433 ], [ 121.4138, 32.1395 ], [ 121.4162, 32.1277 ], [ 121.4156, 32.118 ], [ 121.4371000000001, 32.1202 ], [ 121.449300000000108, 32.1158 ], [ 121.4562, 32.118 ], [ 121.461100001000091, 32.1178 ], [ 121.464700000000107, 32.111 ], [ 121.4704, 32.1116 ], [ 121.4748, 32.1197 ], [ 121.511900001000072, 32.116999999000086 ], [ 121.523600000000101, 32.1138 ], [ 121.534199999000066, 32.1084 ], [ 121.543300001000034, 32.107 ], [ 121.5556, 32.1001 ], [ 121.564, 32.098299999000062 ], [ 121.5941, 32.0853 ], [ 121.6057, 32.0816 ], [ 121.621600001000047, 32.079499999000063 ], [ 121.676200000000108, 32.0539 ], [ 121.68, 32.0494 ], [ 121.683300001000021, 32.0469 ], [ 121.6946, 32.0452 ], [ 121.705399999000065, 32.0417 ], [ 121.7256, 32.0264 ], [ 121.7247, 32.0189 ], [ 121.7261, 32.0141 ], [ 121.7393, 32.0108 ], [ 121.746499999000093, 32.0 ], [ 121.749700001000065, 31.9928 ], [ 121.7597, 31.9843 ], [ 121.7645, 31.9733 ], [ 121.7672, 31.9708 ], [ 121.773, 31.9688 ], [ 121.778000001, 31.9639 ], [ 121.7802, 31.9563 ], [ 121.785, 31.9525 ], [ 121.7851, 31.9477 ], [ 121.7894, 31.943699999000046 ], [ 121.796700000000101, 31.9425 ], [ 121.8004, 31.9374 ], [ 121.8077, 31.9364 ], [ 121.8113, 31.9336 ], [ 121.8136, 31.9296 ], [ 121.814, 31.9233 ], [ 121.8239, 31.911499999000057 ], [ 121.8281, 31.8799 ], [ 121.827300001000026, 31.8748 ], [ 121.8266, 31.8699 ], [ 121.8318, 31.8633 ], [ 121.84, 31.8592 ], [ 121.8399, 31.85709999900007 ], [ 121.8327, 31.8529 ], [ 121.844, 31.8483 ], [ 121.8777, 31.789999999000088 ], [ 121.8814, 31.780400001000089 ], [ 121.8792, 31.7727 ], [ 121.8795, 31.7711 ], [ 121.8822, 31.7574 ], [ 121.886100001000045, 31.7173 ], [ 121.884400001000017, 31.7084 ], [ 121.870399999000028, 31.695299999000042 ], [ 121.8578, 31.6923 ], [ 121.851500000000101, 31.6936 ], [ 121.8403, 31.692 ], [ 121.825, 31.693400001000043 ], [ 121.820700000000102, 31.6974 ], [ 121.816599999, 31.6981 ], [ 121.812099999, 31.695900001000041 ], [ 121.8069, 31.7021 ], [ 121.8026, 31.6968 ], [ 121.7896, 31.701 ], [ 121.7793, 31.7002 ], [ 121.7628, 31.7105 ], [ 121.7373, 31.7152 ], [ 121.7231, 31.7201 ], [ 121.7073, 31.722500001000071 ], [ 121.688000000000102, 31.7229 ], [ 121.6589, 31.7275 ], [ 121.6400000000001, 31.7324 ], [ 121.6327, 31.7324 ], [ 121.6102, 31.7416 ], [ 121.5925, 31.752300001000037 ], [ 121.591600001000074, 31.754600001000085 ], [ 121.6003, 31.7728 ], [ 121.596500001000095, 31.7739 ], [ 121.5905, 31.762 ], [ 121.586300001000041, 31.7577 ], [ 121.577999999000099, 31.7587 ], [ 121.570700000000102, 31.7684 ], [ 121.5509, 31.785000001000071 ], [ 121.5338, 31.7833 ], [ 121.5144, 31.7891 ], [ 121.5093, 31.7921 ], [ 121.4991, 31.8035 ], [ 121.47180000100002, 31.8247 ], [ 121.457100001000072, 31.8314 ], [ 121.440000001000044, 31.8417 ], [ 121.425399999000092, 31.8428 ], [ 121.407800001000055, 31.85 ], [ 121.382999999000049, 31.8534 ], [ 121.360900001, 31.859300001000065 ], [ 121.3526, 31.8615 ], [ 121.328, 31.8713 ], [ 121.3104, 31.8818 ], [ 121.287499999000033, 31.88600000100007 ], [ 121.2802, 31.8848 ], [ 121.2696, 31.8808 ], [ 121.261100001000045, 31.8737 ], [ 121.2451, 31.8671 ], [ 121.2299, 31.858799999000041 ], [ 121.2268, 31.8574 ], [ 121.2154, 31.8609 ], [ 121.205900001000032, 31.8617 ], [ 121.1995, 31.860399999000037 ], [ 121.194099999000059, 31.8582 ], [ 121.1636, 31.8374 ], [ 121.1557, 31.8342 ], [ 121.144500000000107, 31.834 ], [ 121.1406, 31.8353 ], [ 121.1309000010001, 31.8428 ], [ 121.1231, 31.8489 ], [ 121.107, 31.8525 ], [ 121.0948, 31.8525 ], [ 121.0835, 31.846800001000076 ], [ 121.069, 31.8431 ], [ 121.0633, 31.8397 ], [ 121.03199999900005, 31.8347 ], [ 121.0353, 31.830500001000075 ], [ 121.0283, 31.8233 ], [ 121.0207, 31.821 ], [ 121.0147, 31.8165 ], [ 121.0067, 31.816 ], [ 120.9913, 31.806 ], [ 120.9838, 31.8053 ], [ 120.9778, 31.8016 ], [ 120.971500000000106, 31.8013 ], [ 120.9713, 31.806300001000068 ], [ 120.967399999, 31.8049 ], [ 120.9677, 31.8209 ], [ 120.9664, 31.8264 ], [ 120.9581, 31.8413 ], [ 120.9559, 31.8413 ], [ 120.9554, 31.836800001000086 ], [ 120.9599, 31.8306 ], [ 120.9606, 31.823599999000066 ], [ 120.961899999000025, 31.810999999000046 ], [ 120.9608, 31.803900001000045 ], [ 120.957100001000072, 31.8015 ], [ 120.9505, 31.801 ], [ 120.9369, 31.8045 ], [ 120.9277, 31.81010000100008 ], [ 120.9201, 31.821199999000044 ], [ 120.9212, 31.8258 ], [ 120.9266, 31.8334 ], [ 120.9254, 31.835100001000058 ], [ 120.921299999000098, 31.8314 ], [ 120.9184, 31.8315 ], [ 120.918600001000073, 31.8438 ], [ 120.9138, 31.8718 ], [ 120.9144, 31.8739 ], [ 120.9146, 31.8747 ], [ 120.918099999000106, 31.877300001000037 ], [ 120.9222, 31.8775 ], [ 120.9545, 31.8641 ], [ 120.9593, 31.8644 ], [ 120.961099999, 31.8673 ], [ 120.94, 31.8728 ], [ 120.9224, 31.88389999900005 ], [ 120.9109, 31.8849 ], [ 120.9139, 31.8886 ], [ 120.913100001000089, 31.8955 ], [ 120.9101, 31.8929 ], [ 120.9084, 31.8931 ], [ 120.9059, 31.9006 ], [ 120.901300000000106, 31.9074 ], [ 120.895, 31.92 ], [ 120.8844, 31.9289 ], [ 120.877300000000105, 31.9413 ], [ 120.873, 31.9451 ], [ 120.8667, 31.9475 ], [ 120.8548, 31.9627 ], [ 120.852, 31.9696 ], [ 120.8464, 31.9726 ], [ 120.8349, 31.9852 ], [ 120.831000001, 31.984899999000049 ], [ 120.8217, 31.9954 ], [ 120.819, 32.0 ], [ 120.802, 31.9999 ], [ 120.7969, 32.0132 ], [ 120.79040000100008, 32.0149 ], [ 120.7865, 32.0192 ], [ 120.772, 32.021599999000045 ], [ 120.7534, 32.029499999000052 ], [ 120.74, 32.0285 ], [ 120.7355, 32.0366 ], [ 120.7269, 32.0369 ], [ 120.7245, 32.0435 ], [ 120.7142, 32.0396 ], [ 120.7077, 32.0394 ], [ 120.6969, 32.0437 ], [ 120.6933, 32.045099999000058 ], [ 120.674399999, 32.0563 ], [ 120.6471, 32.0612 ], [ 120.6319, 32.0657 ], [ 120.613500001000034, 32.0765 ], [ 120.604000001000031, 32.0797 ], [ 120.593, 32.0783 ], [ 120.5646, 32.069399999000041 ], [ 120.5617, 32.0697 ], [ 120.5592, 32.0699 ], [ 120.552, 32.074799999000049 ], [ 120.550200001, 32.0738 ], [ 120.5525, 32.068400001000043 ], [ 120.551200000000108, 32.0681 ], [ 120.5471, 32.0692 ], [ 120.5287, 32.0889 ], [ 120.5218, 32.092899999000053 ], [ 120.514399999000034, 32.088800001000038 ], [ 120.5055, 32.0911 ], [ 120.5031, 32.089400001000058 ], [ 120.5119, 32.0846 ], [ 120.5141, 32.081700001000058 ], [ 120.5071, 32.0737 ], [ 120.504, 32.0723 ], [ 120.500199999000074, 32.0724 ], [ 120.488700000000108, 32.0779 ], [ 120.478999999000052, 32.079 ], [ 120.4737, 32.0768 ], [ 120.43590000100005, 32.0651 ], [ 120.4061, 32.0495 ], [ 120.355300001000046, 32.016 ], [ 120.351599999000086, 32.0042 ], [ 120.351, 32.0 ], [ 120.348900001000061, 31.9986 ], [ 120.3347, 31.9927 ], [ 120.3223, 31.985400001000073 ], [ 120.3055, 31.971400001000063 ], [ 120.2806, 31.9546 ], [ 120.266043833000026, 31.947998949000066 ], [ 120.2634, 31.9468 ], [ 120.264921125, 31.944004420000056 ], [ 120.170383171000026, 31.938652398000045 ], [ 120.135353985000052, 31.948333777000073 ], [ 120.030576234000023, 31.990878480000049 ], [ 119.99589202300001, 32.020267405000084 ], [ 119.934450192000099, 32.062809630000061 ], [ 119.894548406000013, 32.101697501000046 ], [ 119.836184987000024, 32.151075806000051 ], [ 119.787015893000103, 32.213729676000071 ], [ 119.746993062, 32.264929220000056 ], [ 119.649958214000094, 32.261204580000083 ], [ 119.501040244000023, 32.185531205000075 ], [ 119.407261764000054, 32.160380693000036 ], [ 119.351318308000032, 32.181095443000061 ], [ 119.192491236000023, 32.212632537000047 ], [ 119.018884364000087, 32.211551859000053 ], [ 118.839389916000073, 32.164834333000044 ], [ 118.709408074000066, 32.098516880000034 ], [ 118.611194059000013, 32.027110568000069 ], [ 118.473822103000089, 31.905795721000061 ], [ 118.39039235100006, 31.774066530000084 ], [ 118.331012421000082, 31.551721672000042 ], [ 118.256501428000092, 31.374134032000086 ], [ 117.901466802000073, 31.205333300000063 ], [ 117.685483976, 31.179426971000055 ], [ 117.600479687000075, 31.016385543000069 ], [ 117.506143337000026, 30.854683776000059 ], [ 117.383820444000094, 30.747329254000078 ], [ 117.079778360000091, 30.624753424000062 ], [ 116.86664943400001, 30.505110758000058 ], [ 116.780411429000083, 30.274824857000056 ], [ 116.501136944, 29.963260228000081 ], [ 115.798531723, 29.735006893000048 ], [ 115.417542532000084, 29.903540692000036 ], [ 115.321845732000043, 30.024887895000063 ], [ 115.203725085000087, 30.240898395000045 ], [ 115.092475242000091, 30.388958394000042 ], [ 114.83046369300007, 30.581077968000045 ], [ 114.551492802000098, 30.682813477000082 ], [ 114.452226308000036, 30.795109996000065 ], [ 114.316310200000089, 30.811775070000067 ], [ 114.123417190000055, 30.785173126000075 ], [ 113.798564261000024, 30.857113696000056 ], [ 113.625876093000102, 30.952159752000057 ], [ 113.485550121000074, 30.943369289000088 ], [ 113.311328107, 30.846756933000052 ], [ 113.247599408000042, 30.695895510000071 ], [ 113.257743518000098, 30.511669152000081 ], [ 113.324258232000034, 30.495786343000077 ], [ 113.527631849000045, 30.472430001000077 ], [ 113.659130940000068, 30.432146729000067 ], [ 113.743742203000011, 30.347242901000072 ], [ 113.829893825, 30.153711593000082 ], [ 113.808299262000105, 30.022896579000076 ], [ 113.651880678, 29.966365031000066 ], [ 113.490824467000039, 29.818482539000058 ], [ 113.297129064000046, 29.707505561000062 ], [ 113.14356465700007, 29.600016678000088 ], [ 113.024904335000087, 29.463396149000062 ], [ 112.895038847000023, 29.569679859000075 ], [ 112.827814019000016, 29.768804569000054 ], [ 112.731699537000054, 29.779409029000078 ], [ 112.369519451000087, 29.690626525000084 ], [ 112.280555672000105, 29.601191879000055 ], [ 112.052200630000016, 29.70401669000006 ], [ 111.615505363000068, 29.936362606000046 ], [ 111.183072343000049, 30.002968489000068 ], [ 110.984407944000054, 30.114113853000049 ], [ 110.860288050000065, 30.170328758000039 ], [ 110.770299744000056, 30.243056737000074 ], [ 110.702981731000079, 30.311141934000091 ], [ 110.627777748000028, 30.318003371000088 ], [ 110.246592560000067, 30.406454344000053 ], [ 110.205112682000049, 30.474395135000066 ], [ 110.244012713000075, 30.552628319000064 ], [ 110.302530085000058, 30.64643624200005 ], [ 110.342645858000026, 30.75666662000009 ], [ 110.36769444600003, 30.863253138000061 ], [ 110.53367300900004, 30.848527096000055 ], [ 110.80107599300004, 30.844088841000087 ], [ 110.930316033000054, 30.920957593000082 ], [ 111.026093185000036, 31.140768126000069 ], [ 111.115656009000077, 31.454652936000059 ], [ 110.979747942000074, 31.618449673000043 ], [ 110.816673342000058, 31.645975333000081 ], [ 110.560239099000057, 31.588068803000056 ], [ 110.441204012000071, 31.519448711000052 ], [ 110.186088303000076, 31.46606315300005 ], [ 110.088967704000027, 31.519295070000055 ], [ 109.982413117000078, 31.673870941000075 ], [ 109.764067949000037, 31.731708830000059 ], [ 109.579106132000049, 31.777400484000054 ], [ 109.584013793000054, 31.864701428000046 ], [ 109.523723005000079, 32.211398536000047 ], [ 109.412061870000059, 32.395437074000085 ], [ 109.429916332000062, 32.503542064000044 ], [ 109.537994197000046, 32.560740535000036 ], [ 109.720414554000058, 32.568082289000074 ], [ 109.970059589000073, 32.600285821000057 ], [ 110.128448117000062, 32.670353817000034 ], [ 110.196659376000071, 32.787305079000078 ], [ 110.115205435000064, 32.864236961000074 ], [ 109.908219219000046, 32.96893403200005 ], [ 109.559208704000071, 33.058216763000075 ], [ 109.468769918000078, 33.157206786000074 ], [ 109.562782841000057, 33.224252242000034 ], [ 109.784032087000071, 33.228555002000064 ], [ 110.055905754000037, 33.206394039000088 ], [ 110.331841910000037, 33.174509525000076 ], [ 110.557175287000064, 33.168293428000084 ], [ 110.882899401000032, 33.227211879000038 ], [ 110.93431421300005, 33.327776547000042 ], [ 110.991198672000053, 33.467262497000036 ], [ 110.941876973000035, 33.581223396000041 ], [ 110.888189672000067, 33.743706008000061 ], [ 110.712197773000071, 34.008789721000085 ], [ 110.611736882000059, 34.153190061000089 ], [ 110.54065302500004, 34.233689032000086 ], [ 110.438754621000044, 34.412991147000071 ], [ 110.453042506000031, 34.521154653000053 ], [ 110.310095300000057, 34.606175017000055 ], [ 110.393227068000044, 34.593170359000055 ], [ 110.46827187100007, 34.605944774000079 ], [ 110.517734608000069, 34.594120796000084 ], [ 110.625408834000041, 34.600210090000076 ], [ 110.707187185000066, 34.603355426000064 ], [ 110.753119626000057, 34.647755036000035 ], [ 110.794162820000054, 34.632730798000068 ], [ 110.877318736000063, 34.657037932000037 ], [ 110.978517699000065, 34.706794075000062 ], [ 111.084391943000071, 34.756060027000046 ], [ 111.162031254000055, 34.783946607000075 ], [ 111.257869795000033, 34.793635103000042 ], [ 111.410945685000058, 34.816349500000058 ], [ 111.45838543900004, 34.84133273100008 ], [ 111.54416417200008, 34.844399569000075 ], [ 111.597410769000078, 34.892645596000079 ], [ 111.651528169000073, 34.94629576400007 ], [ 111.676874294000072, 34.97694393900008 ], [ 111.778441761000067, 35.02241863900008 ], [ 111.883590878000064, 35.060138883000036 ], [ 111.938322724000045, 35.054905578000046 ], [ 112.02675088400008, 35.028044453000064 ], [ 112.097170949000088, 35.004701773000079 ], [ 112.191477463000069, 34.971633304000079 ], [ 112.384694871000079, 34.921325653000054 ], [ 112.487066531000096, 34.911081978000084 ], [ 112.527074793, 34.872157426000058 ], [ 112.569398847, 34.862370465000083 ], [ 112.768997702000092, 34.825465359000077 ], [ 112.851644023000063, 34.822445625000057 ], [ 112.96283835600002, 34.83844496100005 ], [ 113.053804445000083, 34.84361272600006 ], [ 113.105572306, 34.849184936000086 ], [ 113.179753663000042, 34.850519660000089 ], [ 113.258072648000052, 34.889977237000039 ], [ 113.289048024000067, 34.936305674000039 ], [ 113.349128669000038, 34.962958762000085 ], [ 113.481393291000018, 34.978100013000073 ], [ 113.714669014000037, 34.921293836000075 ], [ 113.833748245000038, 34.900720237000087 ], [ 113.942654724000022, 34.914293642000075 ], [ 113.995158764000053, 34.935988633000079 ], [ 114.081434285, 34.939114825000047 ], [ 114.200789033000092, 34.932879489000072 ], [ 114.296113886000057, 34.921934266000051 ], [ 114.434733390000019, 34.881942515000048 ], [ 114.625401378000106, 34.798803244000055 ], [ 114.947069515000067, 34.603702487000078 ], [ 115.23419793100004, 34.535399323000036 ], [ 115.358286197000098, 34.484956154000088 ], [ 115.460094679, 34.403954739000085 ], [ 115.55010216800008, 34.357550482000079 ], [ 115.674684373000105, 34.323273794000045 ], [ 115.808421937000048, 34.300603629000079 ], [ 115.961622652000074, 34.328807405000077 ], [ 116.410853526000096, 34.324810340000056 ], [ 116.519138767000072, 34.411375809000049 ], [ 116.702702615000021, 34.510787104000087 ], [ 116.827339852000023, 34.586262206000072 ], [ 117.071398707000071, 34.593135439000037 ], [ 117.273559112000044, 34.573614564000081 ], [ 117.489663383000106, 34.551769354000044 ], [ 117.64780230100007, 34.57837008000007 ], [ 117.93092833500009, 34.690843355000084 ], [ 118.016065095000044, 34.603147829000079 ], [ 118.077486934000035, 34.539121158000057 ], [ 118.192274830000088, 34.533769225000071 ], [ 118.327988395000034, 34.617892450000056 ], [ 118.418555490000017, 34.69417984100005 ], [ 118.733661291000089, 34.840837413000088 ], [ 118.768942483000046, 34.957217469000057 ], [ 118.863035922000108, 35.044346200000064 ], [ 118.987256769000055, 35.08911898100007 ], [ 119.130711212000051, 35.122116023000046 ], [ 119.37086459, 35.13596926300005 ], [ 119.371, 35.1358 ], [ 119.3711, 35.1333 ], [ 119.3666, 35.1175 ], [ 119.3661, 35.1054 ], [ 119.362999999000067, 35.100200001000076 ] ] ] ] } },
{ "type": "Feature", "properties": { "Name": "江浙行省" }, "geometry": { "type": "MultiPolygon", "coordinates": [ [ [ [ 121.6103, 21.9494 ], [ 121.6026, 21.947 ], [ 121.6004, 21.9479 ], [ 121.5985, 21.9569 ], [ 121.6059, 21.9582 ], [ 121.6086, 21.9568 ], [ 121.6111, 21.9522 ], [ 121.6103, 21.9494 ] ] ], [ [ [ 121.5668, 22.0853 ], [ 121.565900001000045, 22.0782 ], [ 121.5674, 22.0692 ], [ 121.5713, 22.0621 ], [ 121.567299999000056, 22.061 ], [ 121.5632, 22.054 ], [ 121.563900000000103, 22.0443 ], [ 121.5715, 22.0375 ], [ 121.5785, 22.0341 ], [ 121.591, 22.028 ], [ 121.593800000000101, 22.025 ], [ 121.5871, 22.0042 ], [ 121.5831, 22.0024 ], [ 121.5764, 22.0062 ], [ 121.5675, 22.0036 ], [ 121.563900000000103, 22.0048 ], [ 121.5632, 22.0119 ], [ 121.543, 22.0269 ], [ 121.5305, 22.0256 ], [ 121.5278, 22.0271 ], [ 121.5211, 22.0376 ], [ 121.5157, 22.0403 ], [ 121.503200000000106, 22.0466 ], [ 121.5028, 22.049300001000063 ], [ 121.506, 22.0552 ], [ 121.5029, 22.0616 ], [ 121.5046, 22.0694 ], [ 121.4951, 22.0791 ], [ 121.4947, 22.0825 ], [ 121.495500000000106, 22.0843 ], [ 121.502300000000105, 22.0847 ], [ 121.5083, 22.0835 ], [ 121.5299, 22.0848 ], [ 121.5531, 22.0835 ], [ 121.56, 22.089 ], [ 121.5668, 22.0853 ] ] ], [ [ [ 120.354900001000033, 22.3226 ], [ 120.3507, 22.3224 ], [ 120.347, 22.3296 ], [ 120.3466, 22.3346 ], [ 120.3528, 22.3373 ], [ 120.3565, 22.341 ], [ 120.3582, 22.3486 ], [ 120.3641, 22.352 ], [ 120.374, 22.355 ], [ 120.3826, 22.349 ], [ 120.3816, 22.3428 ], [ 120.373, 22.3373 ], [ 120.3626, 22.3267 ], [ 120.354900001000033, 22.3226 ] ] ], [ [ [ 121.4854, 22.6787 ], [ 121.4921, 22.6764 ], [ 121.4981, 22.6781 ], [ 121.503, 22.6773 ], [ 121.504, 22.6581 ], [ 121.5015, 22.6505 ], [ 121.496400000000108, 22.6472 ], [ 121.4961, 22.6428 ], [ 121.5029, 22.6314 ], [ 121.5013, 22.6283 ], [ 121.4837, 22.6336 ], [ 121.4738, 22.6452 ], [ 121.4719, 22.6462 ], [ 121.4671, 22.6485 ], [ 121.4678, 22.6533 ], [ 121.4591, 22.6702 ], [ 121.459, 22.6746 ], [ 121.4625, 22.6766 ], [ 121.4756, 22.6788 ], [ 121.4854, 22.6787 ] ] ], [ [ [ 120.0314, 23.0574 ], [ 120.0282, 23.0572 ], [ 120.0267, 23.0654 ], [ 120.027200000000107, 23.0732 ], [ 120.0317, 23.0712 ], [ 120.032200000000103, 23.0689 ], [ 120.0314, 23.0574 ] ] ], [ [ [ 120.0295, 23.0813 ], [ 120.028, 23.0808 ], [ 120.024, 23.0932 ], [ 120.0235, 23.1031 ], [ 120.026, 23.1106 ], [ 120.031300000000101, 23.1145 ], [ 120.0337, 23.1148 ], [ 120.0302, 23.1077 ], [ 120.029, 23.0996 ], [ 120.0295, 23.0813 ] ] ], [ [ [ 120.0536, 23.1537 ], [ 120.0474, 23.1361 ], [ 120.0439, 23.1363 ], [ 120.042900001000021, 23.1379 ], [ 120.0479, 23.1464 ], [ 120.0489, 23.1643 ], [ 120.0527, 23.1707 ], [ 120.0554, 23.1707 ], [ 120.0521, 23.1602 ], [ 120.0536, 23.1537 ] ] ], [ [ [ 120.061899998000058, 23.1886 ], [ 120.0591, 23.1866 ], [ 120.0576, 23.1879 ], [ 120.0586, 23.1909 ], [ 120.0664, 23.2038 ], [ 120.0678, 23.2021 ], [ 120.066600000000108, 23.1989 ], [ 120.061899998000058, 23.1886 ] ] ], [ [ [ 119.4405, 23.2221 ], [ 119.4415, 23.2177 ], [ 119.4366, 23.203 ], [ 119.4324, 23.2023 ], [ 119.4269, 23.1979 ], [ 119.4259, 23.1908 ], [ 119.4232, 23.1904 ], [ 119.4202, 23.1933 ], [ 119.4163, 23.1917 ], [ 119.4162, 23.1959 ], [ 119.413, 23.1993 ], [ 119.416, 23.2034 ], [ 119.4152, 23.2057 ], [ 119.4068, 23.2124 ], [ 119.4078, 23.2165 ], [ 119.4112, 23.2197 ], [ 119.4179, 23.218800001000091 ], [ 119.4241, 23.222 ], [ 119.438000000000102, 23.2234 ], [ 119.4405, 23.2221 ] ] ], [ [ [ 120.0733, 23.2129 ], [ 120.0703, 23.2088 ], [ 120.069799999, 23.2141 ], [ 120.0753, 23.2343 ], [ 120.0776, 23.231 ], [ 120.0733, 23.2129 ] ] ], [ [ [ 119.6164, 23.2474 ], [ 119.61, 23.2439 ], [ 119.606000000000108, 23.2446 ], [ 119.604200000000105, 23.2476 ], [ 119.6035, 23.2538 ], [ 119.606000000000108, 23.2552 ], [ 119.613700000000108, 23.2545 ], [ 119.6164, 23.2474 ] ] ], [ [ [ 119.6688, 23.2451 ], [ 119.6671, 23.2447 ], [ 119.6616, 23.2483 ], [ 119.6626, 23.2536 ], [ 119.6571, 23.26 ], [ 119.6578, 23.2621 ], [ 119.6693, 23.2662 ], [ 119.673, 23.26 ], [ 119.669, 23.2536 ], [ 119.6688, 23.2451 ] ] ], [ [ [ 120.0858, 23.2572 ], [ 120.0826, 23.2547 ], [ 120.0816, 23.2574 ], [ 120.0841, 23.2636 ], [ 120.0851, 23.2815 ], [ 120.0876, 23.292 ], [ 120.0898, 23.2941 ], [ 120.0913, 23.2904 ], [ 120.0858, 23.2572 ] ] ], [ [ [ 120.107, 23.3081 ], [ 120.101500000000101, 23.301 ], [ 120.1, 23.3026 ], [ 120.103, 23.3092 ], [ 120.1083, 23.3145 ], [ 120.107, 23.3081 ] ] ], [ [ [ 120.1115, 23.3211 ], [ 120.1095, 23.3209 ], [ 120.1108, 23.334 ], [ 120.113, 23.3406 ], [ 120.1148, 23.3411 ], [ 120.1132, 23.3241 ], [ 120.1115, 23.3211 ] ] ], [ [ [ 119.5226, 23.3658 ], [ 119.5179, 23.361 ], [ 119.5149, 23.3619 ], [ 119.5127, 23.3651 ], [ 119.5132, 23.3672 ], [ 119.518600000000106, 23.3704 ], [ 119.5248, 23.3711 ], [ 119.528100000000109, 23.3736 ], [ 119.531, 23.3739 ], [ 119.536, 23.3688 ], [ 119.5348, 23.367 ], [ 119.5226, 23.3658 ] ] ], [ [ [ 119.4865, 23.3956 ], [ 119.494, 23.3913 ], [ 119.501400000000103, 23.3924 ], [ 119.5022, 23.3862 ], [ 119.5049, 23.3803 ], [ 119.5015, 23.3754 ], [ 119.5027, 23.3729 ], [ 119.5057, 23.3722 ], [ 119.5094, 23.3738 ], [ 119.5119, 23.3709 ], [ 119.5097, 23.3677 ], [ 119.504200001000072, 23.366 ], [ 119.502, 23.3624 ], [ 119.5055, 23.3569 ], [ 119.5033, 23.3553 ], [ 119.497, 23.3564 ], [ 119.485100000000102, 23.3536 ], [ 119.4819, 23.3561 ], [ 119.4836, 23.36000000100006 ], [ 119.4905, 23.3669 ], [ 119.4893, 23.3706 ], [ 119.49, 23.3738 ], [ 119.4868, 23.3791 ], [ 119.4888, 23.3871 ], [ 119.4863, 23.3924 ], [ 119.4865, 23.3956 ] ] ], [ [ [ 119.3171, 23.397 ], [ 119.314800000000105, 23.3961 ], [ 119.3079, 23.3991 ], [ 119.3079, 23.4004 ], [ 119.3111, 23.4025 ], [ 119.3113, 23.4071 ], [ 119.317, 23.4117 ], [ 119.3193, 23.4062 ], [ 119.3238, 23.4058 ], [ 119.325, 23.4037 ], [ 119.3191, 23.4007 ], [ 119.3171, 23.397 ] ] ], [ [ [ 119.5303, 23.4915 ], [ 119.5095, 23.4823 ], [ 119.5035, 23.4832 ], [ 119.501, 23.489 ], [ 119.5097, 23.4869 ], [ 119.5146, 23.4915 ], [ 119.5194, 23.492 ], [ 119.521900002000052, 23.4945 ], [ 119.5315, 23.498 ], [ 119.535, 23.4975 ], [ 119.5348, 23.4945 ], [ 119.5303, 23.4915 ] ] ], [ [ [ 120.0148, 23.4341 ], [ 120.011800000000108, 23.433 ], [ 120.0111, 23.4552 ], [ 120.0136, 23.4821 ], [ 120.0243, 23.5075 ], [ 120.0296, 23.5152 ], [ 120.0393, 23.5291 ], [ 120.041700000000105, 23.5295 ], [ 120.045, 23.5249 ], [ 120.0442, 23.5226 ], [ 120.0343, 23.5142 ], [ 120.025, 23.5004 ], [ 120.021, 23.4853 ], [ 120.022, 23.4793 ], [ 120.0173, 23.4674 ], [ 120.0163, 23.4394 ], [ 120.0148, 23.4341 ] ] ], [ [ [ 117.6831, 23.5298 ], [ 117.6809, 23.5279 ], [ 117.6746, 23.529 ], [ 117.6733, 23.5336 ], [ 117.6765, 23.5368 ], [ 117.6822, 23.5364 ], [ 117.684, 23.5335 ], [ 117.6831, 23.5298 ] ] ], [ [ [ 117.2898, 23.5972 ], [ 117.283100000000104, 23.5946 ], [ 117.2801, 23.5966 ], [ 117.285, 23.604 ], [ 117.2889, 23.605 ], [ 117.2915, 23.5995 ], [ 117.2898, 23.5972 ] ] ], [ [ [ 119.6488, 23.599 ], [ 119.6535, 23.5938 ], [ 119.6585, 23.5933 ], [ 119.6617, 23.6004 ], [ 119.6672, 23.5952 ], [ 119.6729, 23.5826 ], [ 119.6727, 23.5736 ], [ 119.6764, 23.5656 ], [ 119.6854, 23.5619 ], [ 119.6847, 23.5556 ], [ 119.67, 23.5523 ], [ 119.6642, 23.5612 ], [ 119.659000000000106, 23.5619 ], [ 119.6394, 23.5598 ], [ 119.626, 23.5472 ], [ 119.6182, 23.5449 ], [ 119.6084, 23.5382 ], [ 119.6016, 23.5336 ], [ 119.5979, 23.5258 ], [ 119.5994, 23.5235 ], [ 119.6041, 23.5233 ], [ 119.6049, 23.5215 ], [ 119.6006, 23.5176 ], [ 119.6004, 23.5098 ], [ 119.5984, 23.5089 ], [ 119.5904, 23.5109 ], [ 119.5676, 23.5084 ], [ 119.5633, 23.5102 ], [ 119.5601, 23.5223 ], [ 119.5579, 23.5239 ], [ 119.5457, 23.5246 ], [ 119.5429, 23.5299 ], [ 119.5402, 23.5312 ], [ 119.5382, 23.5365 ], [ 119.5347, 23.5381 ], [ 119.5351, 23.5461 ], [ 119.5352, 23.5468 ], [ 119.5387, 23.553 ], [ 119.542600000000107, 23.553 ], [ 119.5439, 23.5455 ], [ 119.5509, 23.5331 ], [ 119.5536, 23.5308 ], [ 119.5578, 23.534 ], [ 119.5616, 23.5331 ], [ 119.5688, 23.5251 ], [ 119.5703, 23.5256 ], [ 119.5723, 23.5313 ], [ 119.577, 23.532 ], [ 119.585, 23.5281 ], [ 119.5887, 23.5286 ], [ 119.5877, 23.5315 ], [ 119.5887, 23.5357 ], [ 119.5934, 23.5414 ], [ 119.5961, 23.5492 ], [ 119.5954, 23.5524 ], [ 119.5924, 23.5536 ], [ 119.5884, 23.5503 ], [ 119.5842, 23.5547 ], [ 119.5812, 23.5545 ], [ 119.5775000000001, 23.5515 ], [ 119.572500000000105, 23.5473 ], [ 119.565499998000064, 23.5469 ], [ 119.5635, 23.5508 ], [ 119.5558, 23.5489 ], [ 119.5511, 23.554 ], [ 119.5543, 23.5565 ], [ 119.558900000000108, 23.5561 ], [ 119.5675, 23.5554 ], [ 119.57, 23.56 ], [ 119.5742, 23.5613 ], [ 119.5759, 23.5641 ], [ 119.569, 23.5675 ], [ 119.564, 23.5636 ], [ 119.5538, 23.5599 ], [ 119.5488, 23.562 ], [ 119.5548, 23.568 ], [ 119.5585, 23.5748 ], [ 119.558000000000106, 23.5781 ], [ 119.5533, 23.5833 ], [ 119.5558, 23.5847 ], [ 119.5645, 23.5845 ], [ 119.5737, 23.5877 ], [ 119.5747, 23.5946 ], [ 119.5789, 23.5873 ], [ 119.5777, 23.5801 ], [ 119.581100000000106, 23.5792 ], [ 119.5843, 23.5742 ], [ 119.5856, 23.5721 ], [ 119.5886, 23.5714 ], [ 119.5896, 23.576 ], [ 119.5926, 23.5797 ], [ 119.5923, 23.5836 ], [ 119.596, 23.5854 ], [ 119.5975, 23.5882 ], [ 119.5933, 23.5992 ], [ 119.594, 23.6017 ], [ 119.604, 23.6052 ], [ 119.6115, 23.6017 ], [ 119.6147, 23.6084 ], [ 119.6177, 23.6079 ], [ 119.6194, 23.6059 ], [ 119.6184, 23.5972 ], [ 119.6154, 23.5926 ], [ 119.6174, 23.5797 ], [ 119.6209, 23.5814 ], [ 119.6244, 23.5857 ], [ 119.6254, 23.5951 ], [ 119.6279, 23.5965 ], [ 119.6301, 23.5954 ], [ 119.6317, 23.5898 ], [ 119.6321, 23.5882 ], [ 119.6349, 23.5871 ], [ 119.6426, 23.5933 ], [ 119.6406, 23.5951 ], [ 119.6358, 23.5938 ], [ 119.6346, 23.596 ], [ 119.6443, 23.61 ], [ 119.648, 23.6075 ], [ 119.6488, 23.599 ] ] ], [ [ [ 117.314, 23.6058 ], [ 117.3041, 23.6038 ], [ 117.3033, 23.6063 ], [ 117.3068, 23.6084 ], [ 117.308000000000106, 23.6114 ], [ 117.3178, 23.6164 ], [ 117.3296, 23.6145 ], [ 117.3304, 23.6122 ], [ 117.3212, 23.6112 ], [ 117.314, 23.6058 ] ] ], [ [ [ 119.6068, 23.6202 ], [ 119.6032, 23.6125 ], [ 119.597, 23.6104 ], [ 119.5943, 23.6132 ], [ 119.592, 23.6123 ], [ 119.5895, 23.6134 ], [ 119.5893, 23.6162 ], [ 119.593, 23.6164 ], [ 119.597, 23.6203 ], [ 119.6027, 23.6215 ], [ 119.6068, 23.6202 ] ] ], [ [ [ 119.5142, 23.6032 ], [ 119.512500001000035, 23.5966 ], [ 119.5048, 23.5899 ], [ 119.5078, 23.5839 ], [ 119.5035, 23.5803 ], [ 119.5098, 23.5697 ], [ 119.510000000000105, 23.5674 ], [ 119.5083, 23.5654 ], [ 119.4906, 23.5656 ], [ 119.4829, 23.5619 ], [ 119.4747, 23.5637 ], [ 119.4685, 23.56 ], [ 119.4625, 23.5598 ], [ 119.4608, 23.5614 ], [ 119.463, 23.5648 ], [ 119.474, 23.5722 ], [ 119.4799, 23.569 ], [ 119.4834, 23.5699 ], [ 119.488, 23.5733 ], [ 119.490600001000075, 23.5752 ], [ 119.4943, 23.5823 ], [ 119.4938, 23.5876 ], [ 119.4858, 23.5972 ], [ 119.4871, 23.5997 ], [ 119.4943, 23.5977 ], [ 119.4958, 23.6011 ], [ 119.4965, 23.6071 ], [ 119.4995, 23.6119 ], [ 119.499, 23.614 ], [ 119.492800000000102, 23.6172 ], [ 119.4915, 23.6204 ], [ 119.4942, 23.6254 ], [ 119.4942, 23.6346 ], [ 119.5007, 23.6403 ], [ 119.504100000000108, 23.6465 ], [ 119.5086, 23.647 ], [ 119.5153, 23.642 ], [ 119.5308, 23.6413 ], [ 119.5345, 23.6388 ], [ 119.5228, 23.6289 ], [ 119.5119, 23.6275 ], [ 119.510399999000015, 23.6238 ], [ 119.5132, 23.6149 ], [ 119.5122, 23.6105 ], [ 119.5135, 23.6056 ], [ 119.5142, 23.6032 ] ] ], [ [ [ 119.573, 23.6783 ], [ 119.5857, 23.6721 ], [ 119.5924, 23.6726 ], [ 119.5942, 23.665 ], [ 119.5987, 23.6614 ], [ 119.6044, 23.650399999000058 ], [ 119.6022, 23.6483 ], [ 119.5987, 23.6515 ], [ 119.595, 23.6503 ], [ 119.5908, 23.6393 ], [ 119.5915, 23.6368 ], [ 119.5995, 23.6377 ], [ 119.6017, 23.6354 ], [ 119.595500001, 23.6302 ], [ 119.5915, 23.6214 ], [ 119.586, 23.624 ], [ 119.5816, 23.6217 ], [ 119.5806, 23.624 ], [ 119.5858, 23.6324 ], [ 119.586, 23.637 ], [ 119.574300000000108, 23.6503 ], [ 119.5698000000001, 23.6618 ], [ 119.5594, 23.6615 ], [ 119.5554, 23.6537 ], [ 119.5527, 23.653 ], [ 119.5469, 23.6578 ], [ 119.5442, 23.6624 ], [ 119.5447, 23.6652 ], [ 119.547, 23.6674 ], [ 119.549400000000105, 23.6698 ], [ 119.5561, 23.6728 ], [ 119.5656, 23.6721 ], [ 119.573, 23.6783 ] ] ], [ [ [ 117.5515, 23.7316 ], [ 117.5516, 23.73 ], [ 117.5366, 23.7342 ], [ 117.536, 23.7367 ], [ 117.5403, 23.7379 ], [ 117.5422, 23.7425 ], [ 117.5462, 23.7398 ], [ 117.547, 23.7352 ], [ 117.5515, 23.7316 ] ] ], [ [ [ 120.1788, 23.7456 ], [ 120.1708, 23.7405 ], [ 120.1705, 23.7467 ], [ 120.176, 23.7515 ], [ 120.179, 23.751499999000089 ], [ 120.1773, 23.7476 ], [ 120.1788, 23.7456 ] ] ], [ [ [ 117.3607, 23.7335 ], [ 117.357899999000097, 23.7313 ], [ 117.3537, 23.7348 ], [ 117.3519, 23.7363 ], [ 117.3494, 23.7448 ], [ 117.3505, 23.7514 ], [ 117.3528, 23.7549 ], [ 117.3563, 23.7553 ], [ 117.3596, 23.7535 ], [ 117.3604, 23.7488 ], [ 117.3634, 23.7471 ], [ 117.3652, 23.746 ], [ 117.3657, 23.7398 ], [ 117.3607, 23.7335 ] ] ], [ [ [ 119.5968, 23.737 ], [ 119.5949, 23.729 ], [ 119.5939, 23.735 ], [ 119.5886, 23.7407 ], [ 119.5971, 23.7478 ], [ 119.6035, 23.7577 ], [ 119.609, 23.7513 ], [ 119.6135, 23.7487 ], [ 119.6132, 23.7453 ], [ 119.5968, 23.737 ] ] ], [ [ [ 117.422000001000015, 23.7655 ], [ 117.4261, 23.7616 ], [ 117.4261, 23.758 ], [ 117.4207, 23.7533 ], [ 117.4215, 23.7517 ], [ 117.4297, 23.7511 ], [ 117.432, 23.7475 ], [ 117.4306, 23.7401 ], [ 117.4316, 23.7399 ], [ 117.4348, 23.7416 ], [ 117.4435, 23.7426 ], [ 117.4427, 23.746 ], [ 117.4514, 23.7471 ], [ 117.459, 23.7437 ], [ 117.4625, 23.744 ], [ 117.4652, 23.7466 ], [ 117.4636, 23.7507 ], [ 117.4651, 23.7532 ], [ 117.4678, 23.7544 ], [ 117.479, 23.7532 ], [ 117.4832, 23.7562 ], [ 117.4828, 23.7638 ], [ 117.4858, 23.764 ], [ 117.4938, 23.7648 ], [ 117.4948, 23.7637 ], [ 117.4901, 23.7577 ], [ 117.493700000000104, 23.7543 ], [ 117.4989, 23.7532 ], [ 117.509100000000103, 23.7549 ], [ 117.5145, 23.7472 ], [ 117.5187, 23.7468 ], [ 117.5227000000001, 23.7436 ], [ 117.5307, 23.7424 ], [ 117.5317, 23.7403 ], [ 117.5305, 23.7389 ], [ 117.5228, 23.7381 ], [ 117.5196, 23.7342 ], [ 117.5185, 23.7243 ], [ 117.5146, 23.7236 ], [ 117.5104, 23.7182 ], [ 117.5069, 23.7175 ], [ 117.5039, 23.7205 ], [ 117.4992, 23.7209 ], [ 117.4961, 23.7259 ], [ 117.4926, 23.7279 ], [ 117.4859, 23.7246 ], [ 117.4856, 23.7239 ], [ 117.4828, 23.7181 ], [ 117.485100000000102, 23.7106 ], [ 117.4787, 23.7098 ], [ 117.4757, 23.7061 ], [ 117.4696, 23.682 ], [ 117.4702, 23.6781 ], [ 117.4732, 23.6733 ], [ 117.479, 23.6724 ], [ 117.485100000000102, 23.6638 ], [ 117.4841, 23.6615 ], [ 117.4775, 23.658 ], [ 117.4652, 23.6599 ], [ 117.4621, 23.6566 ], [ 117.4593, 23.6564 ], [ 117.4525000000001, 23.6613 ], [ 117.4446, 23.6617 ], [ 117.4365, 23.6652 ], [ 117.4348, 23.6659 ], [ 117.4318, 23.6656 ], [ 117.4254, 23.6605 ], [ 117.4181, 23.6478 ], [ 117.4155, 23.639 ], [ 117.413, 23.6234 ], [ 117.4148, 23.6088 ], [ 117.417600000000107, 23.6003 ], [ 117.4224, 23.5981 ], [ 117.4323, 23.6014 ], [ 117.441600000000108, 23.5963 ], [ 117.4421, 23.5933 ], [ 117.4399, 23.5901 ], [ 117.4325, 23.5865 ], [ 117.4283, 23.586 ], [ 117.4203, 23.5896 ], [ 117.415800000000104, 23.59 ], [ 117.403, 23.5818 ], [ 117.387599998000042, 23.582 ], [ 117.376, 23.5766 ], [ 117.3652, 23.5668 ], [ 117.3643, 23.5712 ], [ 117.367, 23.5776 ], [ 117.363700000000108, 23.5819 ], [ 117.3485, 23.5824 ], [ 117.336100000000101, 23.577400001000058 ], [ 117.3289, 23.5782 ], [ 117.323199999000053, 23.5754 ], [ 117.314800000000105, 23.5751 ], [ 117.314, 23.5776 ], [ 117.3145, 23.5785 ], [ 117.315700000000106, 23.581 ], [ 117.3277, 23.5915 ], [ 117.3313, 23.5998 ], [ 117.334, 23.6012 ], [ 117.3394, 23.6091 ], [ 117.346500000000106, 23.6131 ], [ 117.3532, 23.6127 ], [ 117.3549, 23.6171 ], [ 117.3689, 23.6304 ], [ 117.3725, 23.6385 ], [ 117.3784, 23.6411 ], [ 117.3836, 23.6464 ], [ 117.3883, 23.6481 ], [ 117.3944, 23.656 ], [ 117.4006, 23.6579 ], [ 117.402200000000107, 23.6655 ], [ 117.407, 23.6724 ], [ 117.4152, 23.6778 ], [ 117.4134, 23.6803 ], [ 117.4097, 23.6809 ], [ 117.4066, 23.6839 ], [ 117.400400000000104, 23.681 ], [ 117.3935, 23.6803 ], [ 117.3875, 23.6809 ], [ 117.3825, 23.6838 ], [ 117.3772, 23.6876 ], [ 117.3682, 23.6895 ], [ 117.362800000000107, 23.6865 ], [ 117.360100000000102, 23.6819 ], [ 117.3609, 23.6787 ], [ 117.359, 23.6729 ], [ 117.3534, 23.6774 ], [ 117.346, 23.6771 ], [ 117.3417, 23.6791 ], [ 117.3429000000001, 23.6823 ], [ 117.3381, 23.6875 ], [ 117.3403, 23.6912 ], [ 117.3395, 23.6951 ], [ 117.3407, 23.6983 ], [ 117.3429000000001, 23.6977 ], [ 117.3466, 23.6991 ], [ 117.360100001000092, 23.7169 ], [ 117.3786, 23.7413 ], [ 117.381, 23.7466 ], [ 117.3789, 23.75 ], [ 117.3712, 23.7513 ], [ 117.3699, 23.7545 ], [ 117.3656, 23.7583 ], [ 117.3676, 23.7604 ], [ 117.3718, 23.7611 ], [ 117.3722, 23.766 ], [ 117.3747, 23.7683 ], [ 117.379, 23.7619 ], [ 117.3805, 23.762600001000067 ], [ 117.3795, 23.775 ], [ 117.3814, 23.7805 ], [ 117.3861, 23.7829 ], [ 117.3929, 23.7827 ], [ 117.404, 23.7724 ], [ 117.4068, 23.7713 ], [ 117.422000001000015, 23.7655 ] ] ], [ [ [ 117.7113, 23.7764 ], [ 117.7088, 23.773 ], [ 117.7046, 23.7738 ], [ 117.6997, 23.7834 ], [ 117.7097, 23.7828 ], [ 117.7165, 23.7765 ], [ 117.7113, 23.7764 ] ] ], [ [ [ 117.6668, 23.7899 ], [ 117.6645, 23.7892 ], [ 117.659900000000107, 23.7985 ], [ 117.6601, 23.8042 ], [ 117.6621, 23.805 ], [ 117.6672, 23.7922 ], [ 117.6668, 23.7899 ] ] ], [ [ [ 118.1516, 24.3243 ], [ 118.1494, 24.3218 ], [ 118.1464, 24.3224 ], [ 118.145, 24.3249 ], [ 118.1452, 24.3306 ], [ 118.142700000000104, 24.3349 ], [ 118.1424, 24.3399 ], [ 118.1456, 24.3406 ], [ 118.1493, 24.3387 ], [ 118.15160000100002, 24.3331 ], [ 118.1491, 24.3275 ], [ 118.1516, 24.3243 ] ] ], [ [ [ 118.164000000000101, 24.3953 ], [ 118.167200001000083, 24.3897 ], [ 118.174, 24.3906 ], [ 118.1756, 24.3889 ], [ 118.1715, 24.3854 ], [ 118.165800000000104, 24.3845 ], [ 118.1613, 24.3884 ], [ 118.1597, 24.3928 ], [ 118.1612, 24.3951 ], [ 118.164000000000101, 24.3953 ] ] ], [ [ [ 117.9768, 24.4125 ], [ 117.9784, 24.4064 ], [ 117.9766, 24.4039 ], [ 117.9648, 24.4049 ], [ 117.9575, 24.4017 ], [ 117.9556, 24.4061 ], [ 117.9497, 24.4033 ], [ 117.944, 24.4039 ], [ 117.942, 24.4056 ], [ 117.9435, 24.4085 ], [ 117.9476, 24.4081 ], [ 117.9517, 24.4107 ], [ 117.9567, 24.4169 ], [ 117.9674, 24.4164 ], [ 117.9768, 24.4125 ] ] ], [ [ [ 118.2525, 24.4512 ], [ 118.2614, 24.444 ], [ 118.267400001000055, 24.4415 ], [ 118.2688, 24.4388 ], [ 118.2663, 24.4331 ], [ 118.2656, 24.4242 ], [ 118.2638, 24.4221 ], [ 118.2593, 24.4246 ], [ 118.2538, 24.4239 ], [ 118.2497, 24.4212 ], [ 118.2472, 24.4166 ], [ 118.2491, 24.4135 ], [ 118.2457, 24.4105 ], [ 118.2425, 24.4132 ], [ 118.2384, 24.4138 ], [ 118.2329, 24.4115 ], [ 118.2279, 24.4054 ], [ 118.2245, 24.4048 ], [ 118.221500000000106, 24.4077 ], [ 118.2142, 24.4096 ], [ 118.2149, 24.4144 ], [ 118.2194, 24.4167 ], [ 118.2158, 24.4227 ], [ 118.216, 24.426 ], [ 118.2187, 24.4277 ], [ 118.2269, 24.428 ], [ 118.2282, 24.4292 ], [ 118.2287, 24.431 ], [ 118.2327, 24.4478 ], [ 118.2347, 24.4495 ], [ 118.2409, 24.4493 ], [ 118.2443, 24.4516 ], [ 118.2486, 24.4521 ], [ 118.2525, 24.4512 ] ] ], [ [ [ 118.0696, 24.4391 ], [ 118.066600000000108, 24.4387 ], [ 118.0629, 24.4414 ], [ 118.0565, 24.4432 ], [ 118.0554, 24.4459 ], [ 118.0565, 24.4505 ], [ 118.0633, 24.4549 ], [ 118.0654, 24.4499 ], [ 118.072, 24.4475 ], [ 118.0729, 24.4454 ], [ 118.0696, 24.4391 ] ] ], [ [ [ 118.4134, 24.5315 ], [ 118.4168, 24.5272 ], [ 118.4252, 24.5247 ], [ 118.4296, 24.5193 ], [ 118.434, 24.5086 ], [ 118.4481, 24.5064 ], [ 118.449, 24.5039 ], [ 118.4463, 24.4976 ], [ 118.4491, 24.4932 ], [ 118.4562, 24.4891 ], [ 118.4539, 24.4853 ], [ 118.4528, 24.4834 ], [ 118.4546, 24.4816 ], [ 118.4601, 24.4797 ], [ 118.4662, 24.4805 ], [ 118.4667, 24.4789 ], [ 118.4612, 24.4711 ], [ 118.4608, 24.468 ], [ 118.4666, 24.453 ], [ 118.469700000000103, 24.4507 ], [ 118.473, 24.4409 ], [ 118.4718, 24.4386 ], [ 118.4627, 24.4396 ], [ 118.4612, 24.4258 ], [ 118.4555, 24.4223 ], [ 118.4512, 24.4143 ], [ 118.4428, 24.4095 ], [ 118.4266, 24.407 ], [ 118.4316, 24.4122 ], [ 118.433000000000106, 24.4168 ], [ 118.4313, 24.4197 ], [ 118.4254, 24.4216 ], [ 118.4211, 24.4255 ], [ 118.4117, 24.4272 ], [ 118.4014, 24.4336 ], [ 118.378200001000096, 24.4319 ], [ 118.367, 24.4281 ], [ 118.3509, 24.4178 ], [ 118.3407, 24.4073 ], [ 118.3331, 24.3936 ], [ 118.3303, 24.3885 ], [ 118.3264, 24.3852 ], [ 118.3221, 24.3854 ], [ 118.315700000000106, 24.3899 ], [ 118.3093, 24.3897 ], [ 118.3059, 24.3959 ], [ 118.2977, 24.3963 ], [ 118.2874, 24.4073 ], [ 118.2805, 24.4109 ], [ 118.2798, 24.4142 ], [ 118.281, 24.4157 ], [ 118.2846, 24.4153 ], [ 118.2942, 24.4124 ], [ 118.2974, 24.4149 ], [ 118.3017, 24.4247 ], [ 118.3046, 24.4256 ], [ 118.311, 24.422 ], [ 118.3135, 24.4237 ], [ 118.3082, 24.4335 ], [ 118.3085, 24.4399 ], [ 118.3086, 24.4425 ], [ 118.3027, 24.451 ], [ 118.3008, 24.4564 ], [ 118.3021, 24.4615 ], [ 118.3126, 24.4644 ], [ 118.3135, 24.4694 ], [ 118.3121000000001, 24.4757 ], [ 118.3078, 24.4803 ], [ 118.3059, 24.4792 ], [ 118.3048, 24.4717 ], [ 118.3017, 24.4692 ], [ 118.2973, 24.4702 ], [ 118.295799999, 24.465 ], [ 118.2859, 24.4704 ], [ 118.2936, 24.4796 ], [ 118.308000000000106, 24.4861 ], [ 118.3104, 24.4909 ], [ 118.3169, 24.4853 ], [ 118.3186, 24.4844 ], [ 118.3297, 24.4787 ], [ 118.334700001000101, 24.4699 ], [ 118.3651, 24.4617 ], [ 118.3703, 24.4621 ], [ 118.3794, 24.4765 ], [ 118.3798, 24.4838 ], [ 118.3882, 24.4857 ], [ 118.3912, 24.4885 ], [ 118.3939, 24.4964 ], [ 118.4026, 24.4939 ], [ 118.4042, 24.495 ], [ 118.4048, 24.4975 ], [ 118.4025, 24.5046 ], [ 118.4064, 24.5058 ], [ 118.405, 24.5084 ], [ 118.3993, 24.5085 ], [ 118.3954, 24.5062 ], [ 118.3934, 24.5079 ], [ 118.401300000000106, 24.5123 ], [ 118.4045, 24.5169 ], [ 118.4111, 24.5169 ], [ 118.412, 24.5186 ], [ 118.410400001000085, 24.5236 ], [ 118.4068, 24.5284 ], [ 118.4079, 24.5305 ], [ 118.410900001000073, 24.5282 ], [ 118.4134, 24.5315 ] ] ], [ [ [ 118.1400000000001, 24.5394 ], [ 118.1382, 24.5346 ], [ 118.1442, 24.5349 ], [ 118.1514, 24.541 ], [ 118.1642, 24.5391 ], [ 118.167, 24.5354 ], [ 118.1661, 24.5285 ], [ 118.1689, 24.5242 ], [ 118.1693, 24.5235 ], [ 118.1666, 24.5195 ], [ 118.1687, 24.5164 ], [ 118.1721, 24.5171 ], [ 118.178, 24.5238 ], [ 118.1828, 24.5257 ], [ 118.1944, 24.5255 ], [ 118.1969, 24.5238 ], [ 118.1976, 24.5195 ], [ 118.1954, 24.5115 ], [ 118.1969, 24.4994 ], [ 118.1944, 24.4929 ], [ 118.1956, 24.4848 ], [ 118.1915, 24.4817 ], [ 118.1858, 24.4812 ], [ 118.1817, 24.4735 ], [ 118.1774, 24.4709 ], [ 118.1723, 24.4534 ], [ 118.168, 24.449599999000043 ], [ 118.1639, 24.4458 ], [ 118.1553, 24.4412 ], [ 118.1489, 24.4328 ], [ 118.1394, 24.4297 ], [ 118.1351, 24.4234 ], [ 118.1253, 24.4248 ], [ 118.1166, 24.4283 ], [ 118.1066, 24.428 ], [ 118.0963, 24.4347 ], [ 118.0908, 24.4346 ], [ 118.0842, 24.4379 ], [ 118.0812, 24.4406 ], [ 118.0768, 24.4498 ], [ 118.0669, 24.4562 ], [ 118.066, 24.4585 ], [ 118.0678, 24.4637 ], [ 118.0703, 24.4658 ], [ 118.0794, 24.4636 ], [ 118.0835, 24.4644 ], [ 118.0894, 24.4691 ], [ 118.0963, 24.4697 ], [ 118.104200000000105, 24.4769 ], [ 118.108, 24.4781 ], [ 118.114, 24.48 ], [ 118.1155, 24.4863 ], [ 118.1114, 24.4948 ], [ 118.1088, 24.4955 ], [ 118.1025, 24.4883 ], [ 118.092, 24.4849 ], [ 118.0834, 24.4778 ], [ 118.0738, 24.4794 ], [ 118.0724, 24.4854 ], [ 118.0735, 24.493 ], [ 118.0785, 24.5022 ], [ 118.0837, 24.5066 ], [ 118.0921, 24.5079 ], [ 118.0932, 24.5104 ], [ 118.09, 24.5129 ], [ 118.0959, 24.5217 ], [ 118.0959, 24.5246 ], [ 118.0932, 24.529 ], [ 118.0922, 24.5306 ], [ 118.0945, 24.5344 ], [ 118.1011, 24.5334 ], [ 118.1045, 24.5361 ], [ 118.110900002000108, 24.5357 ], [ 118.1115, 24.5374 ], [ 118.103, 24.5501 ], [ 118.1055, 24.5524 ], [ 118.1373, 24.5451 ], [ 118.1400000000001, 24.5394 ] ] ], [ [ [ 118.4103, 24.5536 ], [ 118.4005, 24.5455 ], [ 118.3985, 24.549 ], [ 118.4032, 24.5555 ], [ 118.4103, 24.5536 ] ] ], [ [ [ 118.395, 24.5609 ], [ 118.394500000000107, 24.5578 ], [ 118.3895, 24.5557 ], [ 118.38, 24.5563 ], [ 118.3777, 24.5544 ], [ 118.3731, 24.5537 ], [ 118.3733, 24.5575 ], [ 118.3765, 24.5611 ], [ 118.3872, 24.5607 ], [ 118.392700000000104, 24.5619 ], [ 118.395, 24.5609 ] ] ], [ [ [ 118.3371, 24.5434 ], [ 118.3321, 24.5432 ], [ 118.3246, 24.5433 ], [ 118.3076, 24.5554 ], [ 118.3015, 24.5575 ], [ 118.299400000000105, 24.5595 ], [ 118.300300000000107, 24.5618 ], [ 118.3192, 24.5688 ], [ 118.3256, 24.5699 ], [ 118.3334, 24.5659 ], [ 118.3434, 24.5657 ], [ 118.345, 24.563 ], [ 118.3443, 24.5605 ], [ 118.3402, 24.5586 ], [ 118.3371, 24.5434 ] ] ], [ [ [ 118.183000000000106, 24.6488 ], [ 118.1816, 24.6457 ], [ 118.1741, 24.6467 ], [ 118.177, 24.6527 ], [ 118.1806, 24.6555 ], [ 118.183000000000106, 24.6488 ] ] ], [ [ [ 118.773600000000101, 24.8243 ], [ 118.7619, 24.8214 ], [ 118.761, 24.8247 ], [ 118.7637, 24.8272 ], [ 118.7742, 24.8289 ], [ 118.773600000000101, 24.8243 ] ] ], [ [ [ 121.9535, 24.8488 ], [ 121.9568, 24.842100001000063 ], [ 121.961300001000041, 24.8405 ], [ 121.9576, 24.8368 ], [ 121.9539, 24.8363 ], [ 121.9477, 24.8379 ], [ 121.939, 24.8377 ], [ 121.9326, 24.8439 ], [ 121.9329, 24.8462 ], [ 121.94, 24.8458 ], [ 121.9424, 24.8507 ], [ 121.9467, 24.8515 ], [ 121.9535, 24.8488 ] ] ], [ [ [ 118.8301, 24.865 ], [ 118.8326, 24.8629 ], [ 118.836, 24.8629 ], [ 118.8383, 24.8606 ], [ 118.8307, 24.8523 ], [ 118.8282, 24.8537 ], [ 118.8236, 24.8627 ], [ 118.8246, 24.8669 ], [ 118.8289, 24.8685 ], [ 118.8301, 24.865 ] ] ], [ [ [ 119.4562, 24.9872 ], [ 119.456, 24.9809 ], [ 119.453, 24.9824 ], [ 119.4482, 24.9891 ], [ 119.448, 24.9927 ], [ 119.453, 24.9914 ], [ 119.4562, 24.9872 ] ] ], [ [ [ 119.0321, 25.0336 ], [ 119.0266, 25.032 ], [ 119.022, 25.0416 ], [ 119.023, 25.0433 ], [ 119.0262, 25.0437 ], [ 119.0294, 25.0389 ], [ 119.0294, 25.0356 ], [ 119.0321, 25.0336 ] ] ], [ [ [ 119.1544, 25.0917 ], [ 119.1503, 25.0854 ], [ 119.1406, 25.0836 ], [ 119.1379, 25.08 ], [ 119.1363, 25.0706 ], [ 119.1372, 25.066 ], [ 119.1417, 25.0658 ], [ 119.1422, 25.0642 ], [ 119.1378, 25.0554 ], [ 119.1424, 25.0543 ], [ 119.143800001000045, 25.0527 ], [ 119.1428, 25.05 ], [ 119.1304, 25.041 ], [ 119.1263, 25.0345 ], [ 119.1247, 25.0264 ], [ 119.1224, 25.0254 ], [ 119.118, 25.026 ], [ 119.1158, 25.0356 ], [ 119.1121, 25.0375 ], [ 119.1114, 25.0408 ], [ 119.0986, 25.0455 ], [ 119.102, 25.0486 ], [ 119.1165, 25.0467 ], [ 119.1206, 25.0496 ], [ 119.1227, 25.0565 ], [ 119.1222, 25.0619 ], [ 119.1195, 25.065 ], [ 119.1113, 25.0667 ], [ 119.114, 25.0719 ], [ 119.112, 25.0784 ], [ 119.1179, 25.0778 ], [ 119.125500000000102, 25.0855 ], [ 119.131, 25.0888 ], [ 119.1365, 25.0884 ], [ 119.139, 25.0882 ], [ 119.1413, 25.09 ], [ 119.148, 25.0915 ], [ 119.1544, 25.099 ], [ 119.1583, 25.0994 ], [ 119.158100000000104, 25.0936 ], [ 119.1544, 25.0917 ] ] ], [ [ [ 119.376, 25.1158 ], [ 119.3732, 25.1153 ], [ 119.368, 25.117 ], [ 119.3655, 25.1204 ], [ 119.3662, 25.1231 ], [ 119.368000001000041, 25.1239 ], [ 119.3707, 25.1214 ], [ 119.3767, 25.1206 ], [ 119.3781, 25.1185 ], [ 119.376, 25.1158 ] ] ], [ [ [ 119.0262, 25.1728 ], [ 119.0207, 25.1713 ], [ 119.0188, 25.1749 ], [ 119.019500000000107, 25.1797 ], [ 119.025, 25.183 ], [ 119.0301, 25.1782 ], [ 119.0262, 25.1728 ] ] ], [ [ [ 119.0012, 25.1876 ], [ 118.9933, 25.1751 ], [ 118.991100001000063, 25.1764 ], [ 118.9911, 25.1787 ], [ 118.9984, 25.1879 ], [ 119.0012, 25.1876 ] ] ], [ [ [ 119.4815, 25.2428 ], [ 119.4858, 25.2401 ], [ 119.49, 25.243 ], [ 119.492800000000102, 25.2432 ], [ 119.4957, 25.2405 ], [ 119.497, 25.2219 ], [ 119.5064, 25.2143 ], [ 119.5105, 25.2139 ], [ 119.5226, 25.2065 ], [ 119.5359, 25.2031 ], [ 119.5414, 25.2037 ], [ 119.5458, 25.2105 ], [ 119.5483, 25.2105 ], [ 119.5501, 25.2059 ], [ 119.5536, 25.204 ], [ 119.5593, 25.2044 ], [ 119.5644, 25.2075 ], [ 119.569399999000098, 25.2104 ], [ 119.5729, 25.21 ], [ 119.5749, 25.207 ], [ 119.5703, 25.2023 ], [ 119.5733, 25.1991 ], [ 119.5701, 25.1966 ], [ 119.565700000000106, 25.1964 ], [ 119.5558, 25.1996 ], [ 119.5521, 25.1976 ], [ 119.5461, 25.1897 ], [ 119.5443, 25.1847 ], [ 119.5481, 25.1798 ], [ 119.5518, 25.1752 ], [ 119.551, 25.1654 ], [ 119.5391, 25.1665 ], [ 119.5262, 25.1622 ], [ 119.524, 25.1664 ], [ 119.5125, 25.1729 ], [ 119.5103, 25.1763 ], [ 119.5124, 25.1853 ], [ 119.5229, 25.1883 ], [ 119.5145, 25.1992 ], [ 119.5072, 25.2041 ], [ 119.501, 25.2049 ], [ 119.4925, 25.2033 ], [ 119.4884, 25.1998 ], [ 119.4909, 25.1954 ], [ 119.4903, 25.1936 ], [ 119.4902, 25.1931 ], [ 119.4879, 25.1925 ], [ 119.4682, 25.2014 ], [ 119.4478, 25.2027 ], [ 119.44429999800002, 25.2061 ], [ 119.4444, 25.2094 ], [ 119.4501, 25.2179 ], [ 119.4506, 25.2213 ], [ 119.4449, 25.2267 ], [ 119.4426, 25.2324 ], [ 119.4459, 25.2345 ], [ 119.453, 25.2321 ], [ 119.4608, 25.2361 ], [ 119.4627, 25.2434 ], [ 119.4691, 25.243699999000057 ], [ 119.4719, 25.2469 ], [ 119.4736, 25.2585 ], [ 119.4761, 25.2575 ], [ 119.4806, 25.2497 ], [ 119.4815, 25.2428 ] ] ], [ [ [ 119.5303, 25.2704 ], [ 119.5308, 25.2666 ], [ 119.5278, 25.2656 ], [ 119.5241, 25.2671 ], [ 119.5175, 25.2663 ], [ 119.5161, 25.2673 ], [ 119.5150000000001, 25.2698 ], [ 119.5203, 25.2798 ], [ 119.524, 25.2787 ], [ 119.5303, 25.2704 ] ] ], [ [ [ 119.723300000000108, 25.2773 ], [ 119.7187, 25.2757 ], [ 119.7196, 25.2798 ], [ 119.7222, 25.28 ], [ 119.7242, 25.2829 ], [ 119.7279, 25.2835 ], [ 119.7281, 25.2804 ], [ 119.724, 25.280000001000076 ], [ 119.723300000000108, 25.2773 ] ] ], [ [ [ 121.5789, 25.293 ], [ 121.583200001000023, 25.2927 ], [ 121.5917, 25.2907 ], [ 121.6002, 25.2823 ], [ 121.608900001000052, 25.2796 ], [ 121.6237, 25.2662 ], [ 121.6283, 25.2579 ], [ 121.631799999, 25.244 ], [ 121.6339, 25.2355 ], [ 121.638000001000023, 25.2316 ], [ 121.6463, 25.2331 ], [ 121.6485, 25.2308 ], [ 121.6465, 25.2231 ], [ 121.6553, 25.2095 ], [ 121.6671, 25.2038 ], [ 121.674, 25.2031 ], [ 121.6776, 25.2082 ], [ 121.6831, 25.2083 ], [ 121.6908, 25.2154 ], [ 121.6948000000001, 25.217 ], [ 121.6959, 25.2149 ], [ 121.6871000000001, 25.2047 ], [ 121.6886, 25.2004 ], [ 121.682, 25.19160000100004 ], [ 121.6835, 25.1882 ], [ 121.6925, 25.1814 ], [ 121.7045, 25.1755 ], [ 121.7057, 25.1673 ], [ 121.7079, 25.165800001000036 ], [ 121.7178, 25.1679 ], [ 121.7268, 25.161 ], [ 121.7308, 25.1615 ], [ 121.7346, 25.1585 ], [ 121.742800000000102, 25.1575 ], [ 121.7415, 25.1506 ], [ 121.7457, 25.1459 ], [ 121.7448, 25.143900001000077 ], [ 121.740599999000096, 25.1421 ], [ 121.736099999000089, 25.1447 ], [ 121.7348, 25.1328 ], [ 121.741900000000101, 25.1387 ], [ 121.7537, 25.1426 ], [ 121.7569, 25.1501 ], [ 121.7608, 25.1538 ], [ 121.7565, 25.1551 ], [ 121.756299999000021, 25.1564 ], [ 121.7622, 25.1615 ], [ 121.7682, 25.1609 ], [ 121.7697, 25.1586 ], [ 121.768199999000103, 25.1551 ], [ 121.7755, 25.1526 ], [ 121.7851, 25.1434 ], [ 121.7883, 25.1421 ], [ 121.79060000100003, 25.1429 ], [ 121.7914, 25.1468 ], [ 121.7969, 25.1461 ], [ 121.7997, 25.1387 ], [ 121.803, 25.1359 ], [ 121.8143, 25.1356 ], [ 121.8172, 25.1251 ], [ 121.824300000000108, 25.1246 ], [ 121.8279, 25.1297 ], [ 121.8325, 25.1323 ], [ 121.8364, 25.1325 ], [ 121.8376, 25.1326 ], [ 121.851500000000101, 25.129800001000035 ], [ 121.859200000000101, 25.1248 ], [ 121.8666, 25.1263 ], [ 121.878, 25.1254 ], [ 121.8862, 25.1219 ], [ 121.9085, 25.124300001000051 ], [ 121.9123, 25.128200001000039 ], [ 121.9155, 25.127500001000044 ], [ 121.914900000000102, 25.1225 ], [ 121.9101, 25.1178 ], [ 121.9121, 25.1148 ], [ 121.917600000000107, 25.1149 ], [ 121.917200001000083, 25.1072 ], [ 121.9141, 25.102400001000035 ], [ 121.91489999800001, 25.0991 ], [ 121.9118, 25.0866 ], [ 121.9116, 25.0858 ], [ 121.913, 25.0795 ], [ 121.9196, 25.0683 ], [ 121.9251, 25.0633 ], [ 121.9234, 25.0588 ], [ 121.926200000000108, 25.0504 ], [ 121.927, 25.0397 ], [ 121.9311, 25.0306 ], [ 121.937199999000086, 25.0263 ], [ 121.933000000000106, 25.0222 ], [ 121.9377, 25.0206 ], [ 121.9477, 25.024200001000054 ], [ 121.9532, 25.024200001000054 ], [ 121.9672, 25.0279 ], [ 121.9734, 25.0269 ], [ 121.9809, 25.0232 ], [ 121.985, 25.015600001000053 ], [ 121.987800000000107, 25.0159 ], [ 121.9918, 25.0192 ], [ 121.9996000000001, 25.0142 ], [ 122.000399999000024, 25.0102 ], [ 121.9988, 25.0073 ], [ 121.994600000000105, 25.0049 ], [ 121.9886, 25.0036 ], [ 121.985, 25.0 ], [ 121.976500000000101, 24.991499999000041 ], [ 121.971500000000106, 24.98979999900007 ], [ 121.9614, 24.9823 ], [ 121.9564, 24.9808 ], [ 121.945, 24.9774 ], [ 121.9251, 24.9691 ], [ 121.9192, 24.96390000100007 ], [ 121.912700001000076, 24.9513 ], [ 121.9059, 24.9483 ], [ 121.89789999900006, 24.9405 ], [ 121.886800001000097, 24.937 ], [ 121.8831, 24.9338 ], [ 121.8784, 24.9218 ], [ 121.8785, 24.918 ], [ 121.8662, 24.9026 ], [ 121.8616, 24.8992 ], [ 121.8473, 24.8887 ], [ 121.8408, 24.8775 ], [ 121.8309, 24.865900001000057 ], [ 121.8275000000001, 24.8595 ], [ 121.8204, 24.835 ], [ 121.8145, 24.8107 ], [ 121.8124, 24.7919 ], [ 121.8122, 24.7861 ], [ 121.8115, 24.7663 ], [ 121.815500001000032, 24.7447 ], [ 121.8239, 24.7232 ], [ 121.8242, 24.719 ], [ 121.8164, 24.7173 ], [ 121.8182, 24.7156 ], [ 121.8211, 24.7149 ], [ 121.8254, 24.714 ], [ 121.8275000000001, 24.7116 ], [ 121.8266, 24.7068 ], [ 121.8299, 24.7013 ], [ 121.835, 24.6609 ], [ 121.838399999000103, 24.6498 ], [ 121.8457, 24.6342 ], [ 121.8529, 24.6223 ], [ 121.8607, 24.6133 ], [ 121.8665, 24.6101 ], [ 121.8743, 24.6081 ], [ 121.8774, 24.6073 ], [ 121.8783, 24.6058 ], [ 121.8775, 24.6034 ], [ 121.8575, 24.6065 ], [ 121.8539, 24.6008 ], [ 121.855, 24.5913 ], [ 121.857, 24.588399999000046 ], [ 121.8608, 24.5854 ], [ 121.8641, 24.5878 ], [ 121.8677, 24.5871 ], [ 121.8692, 24.5833 ], [ 121.8655000010001, 24.58049999900004 ], [ 121.8645, 24.5763 ], [ 121.8666, 24.5366 ], [ 121.8644, 24.53270000100008 ], [ 121.8513, 24.5301 ], [ 121.8357, 24.523900001000072 ], [ 121.8326, 24.5196 ], [ 121.8317, 24.5115 ], [ 121.8329, 24.5042 ], [ 121.8398, 24.4986 ], [ 121.844699999, 24.4874 ], [ 121.8518, 24.486 ], [ 121.8526, 24.48349999900006 ], [ 121.8503, 24.4814 ], [ 121.8422, 24.4804 ], [ 121.8335, 24.476599999000086 ], [ 121.8151, 24.4628 ], [ 121.812099999, 24.4533 ], [ 121.806200001000093, 24.4461 ], [ 121.7964, 24.436 ], [ 121.7947, 24.4343 ], [ 121.788, 24.4198 ], [ 121.784399998000026, 24.404 ], [ 121.7828, 24.3857 ], [ 121.7767, 24.3652 ], [ 121.765900000000101, 24.3412 ], [ 121.766299999000012, 24.3245 ], [ 121.764, 24.3151 ], [ 121.7649, 24.3124 ], [ 121.7629, 24.3056 ], [ 121.7617, 24.3036 ], [ 121.7598, 24.3006 ], [ 121.7454, 24.2882 ], [ 121.743, 24.2841 ], [ 121.7385, 24.2621 ], [ 121.728700001000107, 24.251 ], [ 121.7229, 24.2468 ], [ 121.7124, 24.2451 ], [ 121.7084, 24.2421 ], [ 121.7008, 24.227599999000063 ], [ 121.6767, 24.2143 ], [ 121.674, 24.2128 ], [ 121.663, 24.2013 ], [ 121.6496, 24.1753 ], [ 121.657400001000042, 24.157 ], [ 121.659000000000106, 24.148599999000055 ], [ 121.6518, 24.1256 ], [ 121.6485, 24.12109999900008 ], [ 121.630999997, 24.1066 ], [ 121.6195, 24.0971 ], [ 121.6091, 24.0802 ], [ 121.6076, 24.0742 ], [ 121.6086, 24.0599 ], [ 121.6105, 24.0543 ], [ 121.624200001000077, 24.0298 ], [ 121.637299999000106, 24.0184 ], [ 121.640300001000014, 24.012499999000056 ], [ 121.6408, 24.005 ], [ 121.6397, 23.999999999000067 ], [ 121.6351, 23.999999999000067 ], [ 121.6314, 23.9933 ], [ 121.6227, 23.9888 ], [ 121.6151, 23.9815 ], [ 121.6088, 23.9745 ], [ 121.602400000000102, 23.9626 ], [ 121.601199999000073, 23.9454 ], [ 121.605100000000107, 23.9401 ], [ 121.6039, 23.9383 ], [ 121.6059, 23.9367 ], [ 121.605600001000084, 23.9359 ], [ 121.601500000000101, 23.9246 ], [ 121.5978, 23.8879 ], [ 121.592, 23.8584 ], [ 121.581, 23.8347 ], [ 121.576100003000079, 23.818 ], [ 121.573400000000106, 23.8145 ], [ 121.569300001000101, 23.8091 ], [ 121.5664, 23.801799999000082 ], [ 121.5656, 23.7752 ], [ 121.5685, 23.7598 ], [ 121.566600000000108, 23.753 ], [ 121.558000000000106, 23.7365 ], [ 121.5468, 23.7201 ], [ 121.5445, 23.7137 ], [ 121.5445, 23.708699999000089 ], [ 121.548099999000101, 23.699 ], [ 121.547, 23.6964 ], [ 121.543, 23.6865 ], [ 121.537899999000047, 23.656 ], [ 121.5328, 23.648 ], [ 121.5308, 23.6403 ], [ 121.5266, 23.620299999000054 ], [ 121.5261, 23.5983 ], [ 121.5194, 23.574 ], [ 121.5175, 23.567 ], [ 121.5069, 23.5497 ], [ 121.5037, 23.5336 ], [ 121.4984, 23.524 ], [ 121.4978, 23.5135 ], [ 121.500399999000024, 23.4986 ], [ 121.5038, 23.4935 ], [ 121.5077, 23.4914 ], [ 121.5079, 23.4875 ], [ 121.510900001000095, 23.484199999000055 ], [ 121.504100000000108, 23.4774 ], [ 121.4945, 23.461 ], [ 121.490999999, 23.434700001000067 ], [ 121.480799999000055, 23.4139 ], [ 121.4777, 23.4004 ], [ 121.475499999000021, 23.3974 ], [ 121.4691, 23.3887 ], [ 121.4675, 23.3576 ], [ 121.4632, 23.3464 ], [ 121.4646, 23.339499999000054 ], [ 121.457399999000017, 23.3161 ], [ 121.4551, 23.3132 ], [ 121.4489, 23.3125 ], [ 121.44269999900007, 23.3075 ], [ 121.4276, 23.2877 ], [ 121.4256, 23.285 ], [ 121.4219, 23.2703 ], [ 121.4169, 23.2637 ], [ 121.4119, 23.2355 ], [ 121.415799999, 23.228399999000089 ], [ 121.4153, 23.2252 ], [ 121.4107, 23.219500001000085 ], [ 121.3975, 23.21 ], [ 121.393199999000103, 23.2029 ], [ 121.3931, 23.1958 ], [ 121.3996, 23.1744 ], [ 121.4032, 23.167199999000047 ], [ 121.3953, 23.146700001000056 ], [ 121.396800001000088, 23.1428 ], [ 121.396200001000011, 23.1379 ], [ 121.4021, 23.1266 ], [ 121.4058, 23.1252 ], [ 121.4075, 23.1227 ], [ 121.3985, 23.1147 ], [ 121.391800001000092, 23.1169 ], [ 121.384, 23.1029 ], [ 121.379500001, 23.0977 ], [ 121.3666, 23.098 ], [ 121.353299999, 23.0876 ], [ 121.3498, 23.0812 ], [ 121.3517, 23.076399999000046 ], [ 121.3442, 23.0695 ], [ 121.3425, 23.065 ], [ 121.3421, 23.056 ], [ 121.335, 23.0324 ], [ 121.3317, 23.0281 ], [ 121.3294, 23.021 ], [ 121.3247, 23.01779999900009 ], [ 121.323400001000095, 23.013 ], [ 121.3204, 23.0105 ], [ 121.3168, 23.0018 ], [ 121.317199999000081, 22.9929 ], [ 121.3074, 22.9746 ], [ 121.2987, 22.965 ], [ 121.2911, 22.9566 ], [ 121.2839, 22.9553 ], [ 121.2779, 22.9468 ], [ 121.2639, 22.912799999000072 ], [ 121.2426, 22.8826 ], [ 121.2324, 22.8774 ], [ 121.230100000000107, 22.8699 ], [ 121.227400000000102, 22.8671 ], [ 121.2236, 22.8676 ], [ 121.219399999000075, 22.8681 ], [ 121.2095, 22.8652 ], [ 121.2008, 22.8618 ], [ 121.1891, 22.853200001000062 ], [ 121.1863, 22.8489 ], [ 121.1838, 22.8372 ], [ 121.1927, 22.80799999900006 ], [ 121.1923, 22.7988 ], [ 121.1906, 22.793700001000047 ], [ 121.186599999, 22.7933 ], [ 121.1808, 22.7876 ], [ 121.1775, 22.7752 ], [ 121.175300000000107, 22.7718 ], [ 121.168500000000108, 22.7588 ], [ 121.1665, 22.7556 ], [ 121.161, 22.7533 ], [ 121.128099999000028, 22.722599999000067 ], [ 121.106000000000108, 22.7101 ], [ 121.1, 22.7083 ], [ 121.0834, 22.7022 ], [ 121.0692, 22.6918 ], [ 121.0655, 22.6887 ], [ 121.0595, 22.6836 ], [ 121.0357, 22.6704 ], [ 121.0252, 22.6618 ], [ 121.0154, 22.6442 ], [ 121.011100001000045, 22.6302 ], [ 121.006400001000088, 22.5967 ], [ 121.0006, 22.586200001000066 ], [ 120.979999999000029, 22.5682 ], [ 120.971500000000106, 22.5533 ], [ 120.9604, 22.5208 ], [ 120.9503, 22.4949 ], [ 120.9429, 22.461 ], [ 120.941400001000034, 22.45979999900004 ], [ 120.926799999000082, 22.4222 ], [ 120.919600001000049, 22.4113 ], [ 120.9002, 22.3604 ], [ 120.895, 22.3538 ], [ 120.888499999000032, 22.3343 ], [ 120.887499999000056, 22.3256 ], [ 120.8856, 22.3077 ], [ 120.8887, 22.2636 ], [ 120.8939, 22.2325 ], [ 120.8899, 22.2213 ], [ 120.8908, 22.2087 ], [ 120.8889, 22.2007 ], [ 120.887, 22.1924 ], [ 120.8901, 22.174700001000076 ], [ 120.885800001, 22.1648 ], [ 120.888200001000087, 22.1566 ], [ 120.887699999, 22.148100001000046 ], [ 120.8906, 22.1471 ], [ 120.8916, 22.1453 ], [ 120.881900001000076, 22.1359 ], [ 120.8802, 22.130000001000042 ], [ 120.8813, 22.124 ], [ 120.8865, 22.1134 ], [ 120.892100001000017, 22.1074 ], [ 120.8935, 22.1032 ], [ 120.8855, 22.0869 ], [ 120.8848, 22.085400001000039 ], [ 120.885800001, 22.0603 ], [ 120.8892, 22.049500001000069 ], [ 120.893799999000066, 22.0415 ], [ 120.893799999000066, 22.038 ], [ 120.8829, 22.0289 ], [ 120.8792, 22.0181 ], [ 120.8727, 22.0161 ], [ 120.871199999000055, 22.0126 ], [ 120.8722, 22.0078 ], [ 120.867499999000074, 22.0014 ], [ 120.850700001000064, 21.9932 ], [ 120.843, 21.9921 ], [ 120.8403, 21.990299999000058 ], [ 120.839999999000042, 21.9827 ], [ 120.8357, 21.963 ], [ 120.836100000000101, 21.954000001000054 ], [ 120.841, 21.9412 ], [ 120.8486, 21.9304 ], [ 120.855100000000107, 21.9211 ], [ 120.8543, 21.9131 ], [ 120.8582, 21.9057 ], [ 120.8572, 21.9032 ], [ 120.854, 21.901799999000048 ], [ 120.8478, 21.9021 ], [ 120.843899999000087, 21.9044 ], [ 120.838399999000103, 21.9196 ], [ 120.8313, 21.9203 ], [ 120.820700000000102, 21.9325 ], [ 120.8151, 21.936899999000048 ], [ 120.8058, 21.9379 ], [ 120.7987, 21.944600001000083 ], [ 120.7964, 21.9403 ], [ 120.7942, 21.93929999900007 ], [ 120.791299999000103, 21.9456 ], [ 120.7861, 21.9483 ], [ 120.7756, 21.9493 ], [ 120.7574, 21.9616 ], [ 120.754499999000018, 21.9611 ], [ 120.7408, 21.9484 ], [ 120.7386, 21.9362 ], [ 120.7343, 21.9261 ], [ 120.7299, 21.9215 ], [ 120.7254, 21.9199 ], [ 120.72, 21.9218 ], [ 120.7102000000001, 21.9333 ], [ 120.7056, 21.9331 ], [ 120.7038999990001, 21.94 ], [ 120.7057, 21.9491 ], [ 120.70919999900002, 21.966 ], [ 120.7085, 21.9763 ], [ 120.706100000000106, 21.9839 ], [ 120.69899999900008, 21.9947 ], [ 120.6875, 22.0053 ], [ 120.6814, 22.0205 ], [ 120.6797, 22.0288 ], [ 120.6815, 22.0334 ], [ 120.691899999000043, 22.0428 ], [ 120.690000001000044, 22.0504 ], [ 120.6912, 22.0554 ], [ 120.6976, 22.0593 ], [ 120.7009, 22.065199999000072 ], [ 120.7004, 22.0742 ], [ 120.6953, 22.0839 ], [ 120.6985, 22.0887 ], [ 120.7079, 22.092500001000076 ], [ 120.7107, 22.096 ], [ 120.701200001000075, 22.127700001000051 ], [ 120.6951, 22.1337 ], [ 120.692899999000019, 22.1452 ], [ 120.6937, 22.1512 ], [ 120.68470000100001, 22.178 ], [ 120.6787, 22.195800001000066 ], [ 120.6763, 22.2142 ], [ 120.6721, 22.2192 ], [ 120.6634, 22.236500001000081 ], [ 120.6469, 22.249700001000065 ], [ 120.645, 22.2543 ], [ 120.644900001, 22.2551 ], [ 120.6443, 22.2674 ], [ 120.638, 22.28689999900007 ], [ 120.6355, 22.2904 ], [ 120.6356, 22.30089999900008 ], [ 120.619700001000069, 22.323499999000092 ], [ 120.6126, 22.3311 ], [ 120.6039, 22.3341 ], [ 120.5953, 22.3424 ], [ 120.5912, 22.3558 ], [ 120.5873, 22.3627 ], [ 120.5819, 22.3694 ], [ 120.569100001000038, 22.380699999000058 ], [ 120.5543, 22.3878 ], [ 120.5388, 22.3982 ], [ 120.5179, 22.4082 ], [ 120.512500001000035, 22.4101 ], [ 120.5071, 22.414 ], [ 120.5031, 22.415600001000087 ], [ 120.500199999000074, 22.417200001000083 ], [ 120.494, 22.4209 ], [ 120.486800001, 22.4246 ], [ 120.4622, 22.435 ], [ 120.4511, 22.444700001000058 ], [ 120.456300001000045, 22.4445 ], [ 120.4785, 22.4334 ], [ 120.482, 22.434 ], [ 120.4839, 22.4375 ], [ 120.4827, 22.4405 ], [ 120.4741, 22.4483 ], [ 120.4655, 22.4532 ], [ 120.4586, 22.4511 ], [ 120.45409999900005, 22.452500001000089 ], [ 120.4477, 22.447899999000072 ], [ 120.4437, 22.4489 ], [ 120.43989999900009, 22.4529 ], [ 120.4354, 22.4576 ], [ 120.4327, 22.462700001000087 ], [ 120.4372, 22.4649 ], [ 120.4387, 22.4696 ], [ 120.434399999000107, 22.4689 ], [ 120.4317, 22.4735 ], [ 120.4283, 22.4859 ], [ 120.425799999000105, 22.4809 ], [ 120.4224, 22.4813 ], [ 120.4204, 22.4898 ], [ 120.4162, 22.4892 ], [ 120.4148, 22.490299999000058 ], [ 120.4106, 22.4947 ], [ 120.412, 22.4841 ], [ 120.4098, 22.4798 ], [ 120.4068, 22.481599999000082 ], [ 120.396899999000084, 22.49809999900009 ], [ 120.3955, 22.5005 ], [ 120.3879, 22.5035 ], [ 120.3871, 22.5021 ], [ 120.3898, 22.4881 ], [ 120.4034, 22.48 ], [ 120.40559999900006, 22.47590000100007 ], [ 120.4033, 22.47379999900005 ], [ 120.3834, 22.4844 ], [ 120.372799999000108, 22.494099999000071 ], [ 120.358, 22.5033 ], [ 120.3513, 22.501099999000076 ], [ 120.3499, 22.504499999000075 ], [ 120.350399999000047, 22.5091 ], [ 120.3457, 22.5153 ], [ 120.342899999, 22.5174 ], [ 120.323299999000028, 22.5324 ], [ 120.3009, 22.5581 ], [ 120.295199999000033, 22.5627 ], [ 120.273, 22.5938 ], [ 120.265900000000101, 22.6016 ], [ 120.25769999900001, 22.606700001000036 ], [ 120.263700002000064, 22.6087 ], [ 120.261, 22.6133 ], [ 120.2578, 22.618400001000055 ], [ 120.2576, 22.6206 ], [ 120.2573000000001, 22.6239 ], [ 120.2494, 22.6338 ], [ 120.2462, 22.641100001000041 ], [ 120.2435, 22.654 ], [ 120.2443, 22.6604 ], [ 120.2468, 22.665499999000076 ], [ 120.2572, 22.6762 ], [ 120.2575, 22.6902 ], [ 120.2595, 22.6882 ], [ 120.2607, 22.6804 ], [ 120.2636, 22.6792 ], [ 120.265900000000101, 22.6822 ], [ 120.2636, 22.685899999000071 ], [ 120.2666, 22.6888 ], [ 120.2652, 22.6918 ], [ 120.2669, 22.6953 ], [ 120.2617, 22.7026 ], [ 120.261, 22.707500001000085 ], [ 120.259, 22.7095 ], [ 120.2565, 22.7072 ], [ 120.259, 22.6987 ], [ 120.256, 22.6939 ], [ 120.2492, 22.716 ], [ 120.229, 22.755499999000051 ], [ 120.2095, 22.8019 ], [ 120.1977, 22.8263 ], [ 120.191099999000016, 22.8465 ], [ 120.1886, 22.8499 ], [ 120.179, 22.8848 ], [ 120.169199999000057, 22.9073 ], [ 120.1704, 22.9126 ], [ 120.1672, 22.9195 ], [ 120.169000001000086, 22.9289 ], [ 120.1619, 22.9522 ], [ 120.15439999900002, 22.9703 ], [ 120.1451, 22.9838 ], [ 120.129, 22.9992 ], [ 120.1176, 23.0045 ], [ 120.1144, 23.013 ], [ 120.1117, 23.0123 ], [ 120.1084, 23.012100001000078 ], [ 120.0963, 23.0206 ], [ 120.0819, 23.0339 ], [ 120.0646, 23.042699999000035 ], [ 120.054700001000015, 23.044900001000087 ], [ 120.0515, 23.0457 ], [ 120.0475, 23.0484 ], [ 120.0542, 23.056700001000081 ], [ 120.066599999, 23.0608 ], [ 120.0842, 23.067 ], [ 120.0912, 23.072499999000058 ], [ 120.0921, 23.072499999000058 ], [ 120.0931, 23.0774 ], [ 120.077300001000026, 23.069 ], [ 120.059, 23.0656 ], [ 120.060000001000049, 23.0812 ], [ 120.0605, 23.084 ], [ 120.059, 23.0913 ], [ 120.0622, 23.1023 ], [ 120.0642, 23.1074 ], [ 120.0642, 23.1129 ], [ 120.0687, 23.117199999000036 ], [ 120.0742, 23.1179 ], [ 120.0804, 23.1188 ], [ 120.0873, 23.1161 ], [ 120.087799999000026, 23.125500001000091 ], [ 120.0809, 23.128899999000055 ], [ 120.0781, 23.1315 ], [ 120.0769, 23.1404 ], [ 120.074, 23.1441 ], [ 120.070499999000049, 23.1441 ], [ 120.0703, 23.146 ], [ 120.0688, 23.1666 ], [ 120.0698000000001, 23.1707 ], [ 120.0837, 23.1718 ], [ 120.0859, 23.173399999000083 ], [ 120.0854, 23.1762 ], [ 120.0829, 23.1861 ], [ 120.0787, 23.191300001000059 ], [ 120.0832, 23.1973 ], [ 120.0852000000001, 23.2136 ], [ 120.088, 23.2207 ], [ 120.089700000000107, 23.2218 ], [ 120.118, 23.225500001000057 ], [ 120.1116, 23.2296 ], [ 120.0905, 23.2285 ], [ 120.0863, 23.2322 ], [ 120.0863, 23.2342 ], [ 120.092, 23.248499999000046 ], [ 120.0952, 23.2491 ], [ 120.1017, 23.2549 ], [ 120.0987, 23.2611 ], [ 120.100999997000031, 23.2668 ], [ 120.10589999900003, 23.2702 ], [ 120.108700001000102, 23.2762 ], [ 120.1164, 23.2805 ], [ 120.1171, 23.2828 ], [ 120.1139, 23.2895 ], [ 120.1147, 23.2927 ], [ 120.117400001000078, 23.294500001000074 ], [ 120.112700001, 23.2996 ], [ 120.1105, 23.3053 ], [ 120.11219999900004, 23.3115 ], [ 120.116699999000048, 23.313300001000073 ], [ 120.1199, 23.3209 ], [ 120.122199999000031, 23.322300001000087 ], [ 120.1286, 23.3195 ], [ 120.1309, 23.3202 ], [ 120.1408, 23.3151 ], [ 120.1443, 23.3154 ], [ 120.136800001000097, 23.3211 ], [ 120.126400000000103, 23.3337 ], [ 120.1248, 23.3352 ], [ 120.120500001000096, 23.3393 ], [ 120.119700001000069, 23.3436 ], [ 120.126000001000079, 23.3551 ], [ 120.1302, 23.3677 ], [ 120.1325, 23.3895 ], [ 120.134999999, 23.3913 ], [ 120.1372, 23.3895 ], [ 120.1334, 23.3656 ], [ 120.1419, 23.367 ], [ 120.1449, 23.3645 ], [ 120.1471, 23.3656 ], [ 120.1471, 23.3702 ], [ 120.1491, 23.374499999000079 ], [ 120.148600001000091, 23.3764 ], [ 120.154100001000074, 23.3915 ], [ 120.1534, 23.3938 ], [ 120.1499, 23.404399999000077 ], [ 120.14419999900008, 23.4046 ], [ 120.141500001000054, 23.406699999000068 ], [ 120.1405, 23.4117 ], [ 120.142, 23.4147 ], [ 120.141, 23.4188 ], [ 120.1457, 23.4264 ], [ 120.141, 23.428 ], [ 120.1373, 23.434 ], [ 120.1435, 23.4454 ], [ 120.1482, 23.4463 ], [ 120.1503, 23.44790000100005 ], [ 120.153, 23.4477 ], [ 120.154999999000097, 23.453 ], [ 120.147800001000064, 23.4562 ], [ 120.1463, 23.4548 ], [ 120.1386, 23.4541 ], [ 120.1356, 23.4576 ], [ 120.13760000100001, 23.4636 ], [ 120.135900000000106, 23.4704 ], [ 120.1406, 23.475 ], [ 120.1439, 23.487900001000071 ], [ 120.15579999900001, 23.489 ], [ 120.1573, 23.4904 ], [ 120.1488, 23.4934 ], [ 120.140900000000101, 23.5007 ], [ 120.1377, 23.5081 ], [ 120.1375, 23.5136 ], [ 120.140900000000101, 23.5161 ], [ 120.1591, 23.5165 ], [ 120.154100001000074, 23.520600001000048 ], [ 120.1412, 23.5197 ], [ 120.1400000000001, 23.523 ], [ 120.144, 23.529400001000056 ], [ 120.1392, 23.5337 ], [ 120.139, 23.538099999000053 ], [ 120.146, 23.5376 ], [ 120.1485, 23.544 ], [ 120.1425, 23.5427 ], [ 120.138, 23.5457 ], [ 120.1326, 23.546600001000058 ], [ 120.1306, 23.551200001000041 ], [ 120.1326, 23.5613 ], [ 120.13230000100009, 23.570900001000041 ], [ 120.128900001000034, 23.5934 ], [ 120.1267, 23.609 ], [ 120.122999999000058, 23.6042 ], [ 120.121, 23.606200001000047 ], [ 120.126000001000079, 23.6161 ], [ 120.129100000000108, 23.6243 ], [ 120.1485, 23.675 ], [ 120.1545, 23.6858 ], [ 120.168, 23.6999 ], [ 120.1719, 23.7004 ], [ 120.1732, 23.698300001000064 ], [ 120.1732, 23.6905 ], [ 120.1791, 23.6953 ], [ 120.1834, 23.689099999000064 ], [ 120.189800000000105, 23.6876 ], [ 120.1949, 23.682700001000057 ], [ 120.1933, 23.6871 ], [ 120.1789, 23.7027 ], [ 120.1787, 23.7093 ], [ 120.1827, 23.7199 ], [ 120.1827, 23.7293 ], [ 120.1862, 23.7444 ], [ 120.190000001000044, 23.7529 ], [ 120.194, 23.7568 ], [ 120.193499999000096, 23.759500001000049 ], [ 120.1875, 23.758099999000081 ], [ 120.185500001000037, 23.759500001000049 ], [ 120.1878, 23.763599999000064 ], [ 120.207300001000021, 23.7888 ], [ 120.2122, 23.7932 ], [ 120.2185, 23.7959 ], [ 120.215200001000085, 23.7984 ], [ 120.2165, 23.8016 ], [ 120.2332, 23.8197 ], [ 120.2362, 23.8199 ], [ 120.247, 23.8302 ], [ 120.2617, 23.8488 ], [ 120.2602, 23.852699999000038 ], [ 120.2628, 23.8612 ], [ 120.2675, 23.868499999000051 ], [ 120.278, 23.8758 ], [ 120.281, 23.8801 ], [ 120.2843, 23.8909 ], [ 120.2938, 23.9035 ], [ 120.3036, 23.9255 ], [ 120.3073, 23.9316 ], [ 120.3128, 23.935500001000037 ], [ 120.3249, 23.9619 ], [ 120.3337, 23.9749 ], [ 120.3412, 23.9932 ], [ 120.3419, 23.999999999000067 ], [ 120.3464, 23.999999999000067 ], [ 120.3482, 24.008499999000037 ], [ 120.3517, 24.0151 ], [ 120.3581, 24.0211 ], [ 120.364600001000099, 24.0323 ], [ 120.369600000000105, 24.0328 ], [ 120.3734, 24.0409 ], [ 120.382999999000049, 24.0441 ], [ 120.393799999000066, 24.0526 ], [ 120.398499999000023, 24.0508 ], [ 120.403199999000094, 24.0625 ], [ 120.409900000000107, 24.0732 ], [ 120.4178, 24.0813 ], [ 120.426700001000086, 24.085600001000046 ], [ 120.4292, 24.0876 ], [ 120.43, 24.095299999000076 ], [ 120.4326, 24.0986 ], [ 120.4319, 24.1007 ], [ 120.4271, 24.0989 ], [ 120.427, 24.1043 ], [ 120.433900000000108, 24.1253 ], [ 120.4319, 24.1295 ], [ 120.4437, 24.1456 ], [ 120.443, 24.1482 ], [ 120.4477, 24.1539 ], [ 120.4802, 24.185 ], [ 120.485299999000063, 24.189800001000037 ], [ 120.4941, 24.1899 ], [ 120.5027, 24.1835 ], [ 120.5079, 24.1832 ], [ 120.5101, 24.1815 ], [ 120.5152, 24.1719 ], [ 120.518000001000019, 24.1716 ], [ 120.5116, 24.188 ], [ 120.506, 24.1928 ], [ 120.4943, 24.1984 ], [ 120.485, 24.200800001000061 ], [ 120.4841, 24.20329999900008 ], [ 120.4967, 24.2234 ], [ 120.501500001000068, 24.226899999000068 ], [ 120.5106, 24.2447 ], [ 120.5157, 24.2509 ], [ 120.5221, 24.264200001000063 ], [ 120.519899999000017, 24.271200001000068 ], [ 120.519699999000068, 24.2717 ], [ 120.5251, 24.2869 ], [ 120.5308, 24.2843 ], [ 120.5355, 24.2916 ], [ 120.5407, 24.2948 ], [ 120.5407, 24.3061 ], [ 120.5427, 24.3163 ], [ 120.5471999990001, 24.329 ], [ 120.5551, 24.3383 ], [ 120.5559, 24.3464 ], [ 120.559400001000085, 24.3532 ], [ 120.5663, 24.3573 ], [ 120.5766, 24.3726 ], [ 120.577, 24.3837 ], [ 120.5821, 24.3901 ], [ 120.5852000000001, 24.3984 ], [ 120.588599999000053, 24.4 ], [ 120.5993, 24.4009 ], [ 120.5969, 24.407 ], [ 120.5966, 24.413700001000052 ], [ 120.5982, 24.417799999000067 ], [ 120.6005, 24.4199 ], [ 120.6058, 24.4204 ], [ 120.6125, 24.429300001000058 ], [ 120.6135, 24.4362 ], [ 120.6168, 24.437 ], [ 120.6212, 24.4417 ], [ 120.6251, 24.4423 ], [ 120.6337, 24.4543 ], [ 120.648000001000014, 24.4649 ], [ 120.6546, 24.4786 ], [ 120.6671, 24.492899999000088 ], [ 120.6687, 24.4983 ], [ 120.672, 24.5099 ], [ 120.6814, 24.5294 ], [ 120.6852, 24.549999999000079 ], [ 120.7007, 24.5796 ], [ 120.7025000000001, 24.5875 ], [ 120.7097, 24.5998 ], [ 120.718599999000048, 24.6111 ], [ 120.7216, 24.6126 ], [ 120.73, 24.6126 ], [ 120.7401, 24.6148 ], [ 120.747699999000019, 24.6163 ], [ 120.7602, 24.6147 ], [ 120.7653, 24.6159 ], [ 120.7567, 24.6227 ], [ 120.7548, 24.6289 ], [ 120.751999999000077, 24.6288 ], [ 120.7507, 24.6332 ], [ 120.7578, 24.6475 ], [ 120.7645, 24.649300001000086 ], [ 120.7688, 24.6523 ], [ 120.7759, 24.6637 ], [ 120.7936, 24.669699999000045 ], [ 120.824, 24.6703 ], [ 120.8382, 24.6636 ], [ 120.8408, 24.6637 ], [ 120.8579, 24.6641 ], [ 120.8605, 24.668299999000055 ], [ 120.853399999000089, 24.670499999000072 ], [ 120.8494, 24.670599999000046 ], [ 120.839700001000097, 24.6709 ], [ 120.8369, 24.6755 ], [ 120.831800001000033, 24.6741 ], [ 120.8289, 24.6779 ], [ 120.8259, 24.6776 ], [ 120.8378, 24.69160000100004 ], [ 120.85150000100009, 24.7029 ], [ 120.8543, 24.7078 ], [ 120.8581, 24.7259 ], [ 120.8614, 24.731300001000079 ], [ 120.8723, 24.7399 ], [ 120.878299999000092, 24.7421 ], [ 120.881900001000076, 24.740000001000055 ], [ 120.8884, 24.74489999900004 ], [ 120.893199999000103, 24.7456 ], [ 120.8958, 24.7489 ], [ 120.9016, 24.765999999000087 ], [ 120.904799999000033, 24.7697 ], [ 120.9111, 24.798000001000048 ], [ 120.9137, 24.8013 ], [ 120.917600000000107, 24.802700001000062 ], [ 120.914000000000101, 24.817500001000042 ], [ 120.9143, 24.8253 ], [ 120.9112, 24.826999999000066 ], [ 120.9101, 24.8305 ], [ 120.9139, 24.8393 ], [ 120.9204, 24.845799999000064 ], [ 120.924300001, 24.8462 ], [ 120.9291, 24.8432 ], [ 120.935, 24.8433 ], [ 120.936, 24.846599999000091 ], [ 120.9347, 24.851 ], [ 120.940700000000106, 24.8522 ], [ 120.9437, 24.8561 ], [ 120.939800001000094, 24.863500001000091 ], [ 120.943299999000033, 24.8716 ], [ 120.9432, 24.876200001000086 ], [ 120.9459, 24.8843 ], [ 120.9523, 24.8959 ], [ 120.9546, 24.8979 ], [ 120.9623, 24.904499999000052 ], [ 120.9703, 24.9039 ], [ 120.972800001, 24.9058 ], [ 120.9703, 24.9079 ], [ 120.9617, 24.9103 ], [ 120.96530000100006, 24.9201 ], [ 120.9677, 24.924199999000052 ], [ 120.9763, 24.9322 ], [ 120.9835, 24.9363 ], [ 120.9815, 24.9403 ], [ 120.9832, 24.9446 ], [ 120.995699999000067, 24.9534 ], [ 120.9995, 24.9592 ], [ 121.0058, 24.9643 ], [ 121.015800001, 24.9856 ], [ 121.0145, 24.988 ], [ 121.0155, 24.9934 ], [ 121.0142, 24.998200001000043 ], [ 121.0148, 25.0 ], [ 121.016400001000079, 25.0055 ], [ 121.028200001000073, 25.0218 ], [ 121.0401, 25.0341 ], [ 121.0434, 25.0359 ], [ 121.0506, 25.039999999000088 ], [ 121.0679, 25.046999999000036 ], [ 121.089, 25.0617 ], [ 121.1018, 25.0661 ], [ 121.1129, 25.0721 ], [ 121.1276, 25.0742 ], [ 121.1511, 25.0819 ], [ 121.1611, 25.0874 ], [ 121.164799999000024, 25.088100001000043 ], [ 121.1668, 25.0866 ], [ 121.1804, 25.097899999000049 ], [ 121.2021, 25.1048 ], [ 121.2109, 25.1097 ], [ 121.2402, 25.1198 ], [ 121.2572, 25.1216 ], [ 121.274399999000025, 25.118100001000073 ], [ 121.2842, 25.1183 ], [ 121.2922, 25.1249 ], [ 121.299299999000027, 25.1262 ], [ 121.317199999000081, 25.1257 ], [ 121.333699999000032, 25.127 ], [ 121.3521, 25.136299999000073 ], [ 121.3729, 25.143199999000046 ], [ 121.388, 25.1525 ], [ 121.4076, 25.1692 ], [ 121.4108, 25.1775 ], [ 121.4011, 25.184799999000063 ], [ 121.412800001000051, 25.193 ], [ 121.4195, 25.207900001000041 ], [ 121.430300000000102, 25.217500001000076 ], [ 121.4376, 25.2315 ], [ 121.437199999000086, 25.2363 ], [ 121.4449, 25.2525 ], [ 121.4559, 25.2495 ], [ 121.4669, 25.2596 ], [ 121.4685, 25.2645 ], [ 121.4701, 25.2695 ], [ 121.5024, 25.2848 ], [ 121.5053, 25.2885 ], [ 121.5141, 25.2849 ], [ 121.5216, 25.2873 ], [ 121.528499999000019, 25.2907 ], [ 121.5279, 25.293599999000037 ], [ 121.5294, 25.2967 ], [ 121.532100001, 25.2971 ], [ 121.5462, 25.292 ], [ 121.5502, 25.2938 ], [ 121.5573, 25.292799999000067 ], [ 121.5673, 25.2983 ], [ 121.573, 25.2977 ], [ 121.5789, 25.293 ] ] ], [ [ [ 119.7636, 25.2921 ], [ 119.7606, 25.2912 ], [ 119.7588, 25.2919 ], [ 119.7549, 25.3009 ], [ 119.7557, 25.304 ], [ 119.7589, 25.3044 ], [ 119.7646, 25.2977 ], [ 119.7636, 25.2921 ] ] ], [ [ [ 119.343800000000101, 25.3107 ], [ 119.3429000000001, 25.3082 ], [ 119.339, 25.3099 ], [ 119.337900000000104, 25.3137 ], [ 119.3381, 25.3176 ], [ 119.3425, 25.323 ], [ 119.346900001000108, 25.3176 ], [ 119.3425, 25.3134 ], [ 119.343800000000101, 25.3107 ] ] ], [ [ [ 119.374, 25.326 ], [ 119.3692, 25.3252 ], [ 119.3614, 25.3299 ], [ 119.3612, 25.3324 ], [ 119.3635, 25.333 ], [ 119.3674, 25.3298 ], [ 119.3719, 25.3288 ], [ 119.374, 25.326 ] ] ], [ [ [ 119.7005, 25.3368 ], [ 119.6952, 25.3326 ], [ 119.6936, 25.3276 ], [ 119.6968, 25.3224 ], [ 119.7004, 25.3217 ], [ 119.7037, 25.3232 ], [ 119.7064, 25.3223 ], [ 119.7082, 25.3192 ], [ 119.7073, 25.3169 ], [ 119.7025000000001, 25.3163 ], [ 119.6992, 25.3126 ], [ 119.6886, 25.3089 ], [ 119.6891, 25.3128 ], [ 119.6851, 25.3241 ], [ 119.6855, 25.3298 ], [ 119.689, 25.3316 ], [ 119.6925, 25.337 ], [ 119.695499998000059, 25.3364 ], [ 119.6983, 25.338 ], [ 119.7005, 25.3368 ] ] ], [ [ [ 119.4835, 25.345 ], [ 119.4806, 25.3293 ], [ 119.4639, 25.3352 ], [ 119.4669, 25.3377 ], [ 119.4704, 25.3442 ], [ 119.4823, 25.347 ], [ 119.4835, 25.345 ] ] ], [ [ [ 119.5463, 25.367 ], [ 119.5452, 25.3659 ], [ 119.5406, 25.3666 ], [ 119.533, 25.3606 ], [ 119.5323, 25.3631 ], [ 119.5337, 25.3656 ], [ 119.5383, 25.3697 ], [ 119.542199998, 25.371 ], [ 119.5463, 25.367 ] ] ], [ [ [ 119.7227, 25.3773 ], [ 119.7229, 25.3694 ], [ 119.7286, 25.3648 ], [ 119.7166, 25.3569 ], [ 119.7044, 25.3545 ], [ 119.7011, 25.3551 ], [ 119.6925, 25.3654 ], [ 119.6955, 25.3681 ], [ 119.706100000000106, 25.3666 ], [ 119.7031, 25.3743 ], [ 119.7132, 25.3726 ], [ 119.7181, 25.377 ], [ 119.7227, 25.3773 ] ] ], [ [ [ 119.591, 25.3753 ], [ 119.5902, 25.3661 ], [ 119.5868, 25.3667 ], [ 119.5843, 25.3722 ], [ 119.579, 25.3751 ], [ 119.5839, 25.378 ], [ 119.5825, 25.3824 ], [ 119.5851, 25.3828 ], [ 119.5928, 25.3784 ], [ 119.591, 25.3753 ] ] ], [ [ [ 119.5445, 25.4096 ], [ 119.5381, 25.4064 ], [ 119.5353, 25.4096 ], [ 119.5353, 25.4135 ], [ 119.5487, 25.4148 ], [ 119.5572, 25.4205 ], [ 119.5608, 25.4173 ], [ 119.5608, 25.4141 ], [ 119.5445, 25.4096 ] ] ], [ [ [ 119.6542, 25.4382 ], [ 119.6491, 25.4353 ], [ 119.6468, 25.4359 ], [ 119.6441, 25.4395 ], [ 119.6439, 25.4426 ], [ 119.6457, 25.4445 ], [ 119.6498, 25.4432 ], [ 119.6542, 25.4382 ] ] ], [ [ [ 119.8069, 25.4365 ], [ 119.8039, 25.4361 ], [ 119.7993, 25.4443 ], [ 119.8019, 25.4495 ], [ 119.8083, 25.4392 ], [ 119.8069, 25.4365 ] ] ], [ [ [ 119.6921, 25.4408 ], [ 119.6892, 25.4402 ], [ 119.6866, 25.4417 ], [ 119.6851, 25.4503 ], [ 119.681400001000043, 25.4539 ], [ 119.6851, 25.4557 ], [ 119.6879, 25.462 ], [ 119.6944, 25.4607 ], [ 119.6953, 25.458800001000043 ], [ 119.6913, 25.4509 ], [ 119.694, 25.4446 ], [ 119.6921, 25.4408 ] ] ], [ [ [ 119.2655, 25.4802 ], [ 119.261500002000048, 25.4796 ], [ 119.2604, 25.4819 ], [ 119.2627, 25.4933 ], [ 119.2673, 25.494 ], [ 119.2731, 25.4898 ], [ 119.2655, 25.4802 ] ] ], [ [ [ 119.6124, 25.5441 ], [ 119.6107, 25.5395 ], [ 119.6032, 25.5446 ], [ 119.5954, 25.5463 ], [ 119.5857, 25.5551 ], [ 119.5842, 25.5585 ], [ 119.5844, 25.5616 ], [ 119.5865, 25.5633 ], [ 119.5932, 25.5636 ], [ 119.595, 25.5678 ], [ 119.5999, 25.5713 ], [ 119.605, 25.5713 ], [ 119.6072, 25.5694 ], [ 119.6099, 25.5612 ], [ 119.6071, 25.5552 ], [ 119.6124, 25.5441 ] ] ], [ [ [ 119.359500002, 25.56 ], [ 119.3562, 25.5592 ], [ 119.355100000000107, 25.5623 ], [ 119.3567, 25.5682 ], [ 119.3623, 25.5715 ], [ 119.3648, 25.5684 ], [ 119.359500002, 25.56 ] ] ], [ [ [ 119.333, 25.4511 ], [ 119.3428, 25.4337 ], [ 119.3409, 25.4304 ], [ 119.3324, 25.4334 ], [ 119.3288, 25.4346 ], [ 119.3212, 25.434 ], [ 119.3145, 25.4307 ], [ 119.3004, 25.412 ], [ 119.2983, 25.4147 ], [ 119.2929, 25.4331 ], [ 119.2876, 25.4385 ], [ 119.2911, 25.4427 ], [ 119.2895, 25.4481 ], [ 119.2877, 25.4513 ], [ 119.281, 25.4561 ], [ 119.277600001, 25.4615 ], [ 119.2783, 25.4774 ], [ 119.289000000000101, 25.4935 ], [ 119.2895, 25.5029 ], [ 119.2943, 25.5118 ], [ 119.2939, 25.5183 ], [ 119.3001, 25.5235 ], [ 119.301800001000061, 25.525 ], [ 119.3034, 25.5318 ], [ 119.307100000000105, 25.5366 ], [ 119.304400000000101, 25.5435 ], [ 119.3143, 25.5512 ], [ 119.3229, 25.5625 ], [ 119.3266, 25.5633 ], [ 119.3307, 25.5672 ], [ 119.334, 25.5737 ], [ 119.3391, 25.5777 ], [ 119.3446, 25.5787 ], [ 119.3485, 25.5745 ], [ 119.3487, 25.5699 ], [ 119.3445, 25.5601 ], [ 119.3461, 25.5555 ], [ 119.355, 25.5521 ], [ 119.3557, 25.5492 ], [ 119.348, 25.5371 ], [ 119.3434, 25.53 ], [ 119.3446, 25.5277 ], [ 119.3485, 25.5262 ], [ 119.3459, 25.5156 ], [ 119.3401, 25.5093 ], [ 119.3292, 25.4789 ], [ 119.3314, 25.4666 ], [ 119.329099998000061, 25.4611 ], [ 119.333, 25.4511 ] ] ], [ [ [ 119.8742, 25.6007 ], [ 119.876400000000103, 25.5988 ], [ 119.8839, 25.6021 ], [ 119.8861, 25.5958 ], [ 119.8893, 25.595 ], [ 119.8914, 25.5985 ], [ 119.891, 25.6062 ], [ 119.8972, 25.5995 ], [ 119.8962, 25.5943 ], [ 119.8991, 25.5888 ], [ 119.894, 25.5837 ], [ 119.8904, 25.5839 ], [ 119.8867, 25.5869 ], [ 119.8835, 25.5875 ], [ 119.8784, 25.5855 ], [ 119.8759, 25.5888 ], [ 119.8688, 25.5918 ], [ 119.8698, 25.6064 ], [ 119.873, 25.6049 ], [ 119.8742, 25.6007 ] ] ], [ [ [ 119.5379, 25.6009 ], [ 119.5307, 25.5964 ], [ 119.528, 25.5974 ], [ 119.5275, 25.5999 ], [ 119.531300000000101, 25.6137 ], [ 119.5293, 25.6221 ], [ 119.5298, 25.6267 ], [ 119.5369, 25.6302 ], [ 119.5376, 25.6262 ], [ 119.5346, 25.6164 ], [ 119.5382, 25.6135 ], [ 119.54, 25.6047 ], [ 119.5379, 25.6009 ] ] ], [ [ [ 119.7164, 25.6539 ], [ 119.72, 25.6447 ], [ 119.719, 25.6414 ], [ 119.7125, 25.6366 ], [ 119.7093, 25.636 ], [ 119.7033, 25.6409 ], [ 119.6994, 25.6413 ], [ 119.692, 25.6376 ], [ 119.6826, 25.6362 ], [ 119.675, 25.6373 ], [ 119.6713, 25.6356 ], [ 119.667, 25.6428 ], [ 119.6638, 25.6451 ], [ 119.6643, 25.6488 ], [ 119.667, 25.651 ], [ 119.673, 25.6557 ], [ 119.6765, 25.6565 ], [ 119.6772, 25.6513 ], [ 119.6827, 25.6487 ], [ 119.6945, 25.6549 ], [ 119.7069, 25.6563 ], [ 119.713, 25.6615 ], [ 119.7153, 25.6617 ], [ 119.7189, 25.6591 ], [ 119.7164, 25.6539 ] ] ], [ [ [ 119.7731, 25.6308 ], [ 119.7829, 25.6156 ], [ 119.7874, 25.6114 ], [ 119.7921, 25.6129 ], [ 119.7978, 25.6172 ], [ 119.8025, 25.618 ], [ 119.83, 25.6036 ], [ 119.8353, 25.6031 ], [ 119.8357, 25.6015 ], [ 119.8366, 25.5981 ], [ 119.8352000000001, 25.5927 ], [ 119.8294, 25.5917 ], [ 119.8248, 25.5861 ], [ 119.821, 25.584 ], [ 119.8138, 25.5749 ], [ 119.8145, 25.5715 ], [ 119.8163, 25.5699 ], [ 119.821600000000103, 25.5692 ], [ 119.8272, 25.574 ], [ 119.832000000000107, 25.5733 ], [ 119.8508, 25.5642 ], [ 119.8616, 25.561600001000045 ], [ 119.8775, 25.565 ], [ 119.8716, 25.5496 ], [ 119.865400002, 25.5454 ], [ 119.8621, 25.5432 ], [ 119.8579, 25.5374 ], [ 119.8526, 25.5368 ], [ 119.8506, 25.5399 ], [ 119.8516, 25.5466 ], [ 119.8452, 25.55 ], [ 119.8392, 25.5503 ], [ 119.8119, 25.5394 ], [ 119.8014, 25.519 ], [ 119.805, 25.5113 ], [ 119.8052, 25.506 ], [ 119.8021, 25.4962 ], [ 119.803, 25.4944 ], [ 119.8108, 25.4933 ], [ 119.8151, 25.4893 ], [ 119.816999999000018, 25.4876 ], [ 119.823, 25.49 ], [ 119.8248, 25.4831 ], [ 119.829600001000017, 25.4795 ], [ 119.8416, 25.4845 ], [ 119.8435, 25.4742 ], [ 119.849999999000033, 25.4806 ], [ 119.8553, 25.4818 ], [ 119.8565, 25.4779 ], [ 119.8594, 25.476 ], [ 119.8548, 25.4716 ], [ 119.8522, 25.4637 ], [ 119.8492, 25.4618 ], [ 119.8501, 25.4572 ], [ 119.8415, 25.455 ], [ 119.8402, 25.4652 ], [ 119.8387, 25.4667 ], [ 119.8203, 25.4671 ], [ 119.8183, 25.4659 ], [ 119.8068, 25.4588 ], [ 119.8006, 25.4582 ], [ 119.78, 25.4454 ], [ 119.774500000000103, 25.4463 ], [ 119.7678, 25.4401 ], [ 119.7604, 25.4389 ], [ 119.7577, 25.436 ], [ 119.755, 25.4262 ], [ 119.760000000000105, 25.4111 ], [ 119.7687, 25.4142 ], [ 119.773600000000101, 25.4131 ], [ 119.78, 25.4087 ], [ 119.775400000000104, 25.4075 ], [ 119.7721, 25.4041 ], [ 119.773, 25.4023 ], [ 119.7698, 25.4 ], [ 119.768600000000106, 25.3954 ], [ 119.7592, 25.399 ], [ 119.7461, 25.4066 ], [ 119.7317, 25.417 ], [ 119.7171, 25.4202 ], [ 119.7093, 25.4315 ], [ 119.7011, 25.4353 ], [ 119.703400000000101, 25.4399 ], [ 119.7108, 25.4451 ], [ 119.7104, 25.4468 ], [ 119.7055, 25.4485 ], [ 119.703, 25.452 ], [ 119.6996, 25.4514 ], [ 119.6987, 25.456 ], [ 119.7017, 25.4614 ], [ 119.7013, 25.4644 ], [ 119.7029, 25.4669 ], [ 119.7094, 25.4635 ], [ 119.713, 25.4616 ], [ 119.71900000100004, 25.4613 ], [ 119.7216, 25.4709 ], [ 119.7246, 25.4736 ], [ 119.7223, 25.4772 ], [ 119.7302, 25.4788 ], [ 119.732, 25.4807 ], [ 119.7289, 25.4901 ], [ 119.725, 25.4926 ], [ 119.7095, 25.4863 ], [ 119.704, 25.4911 ], [ 119.689, 25.4862 ], [ 119.6802, 25.4781 ], [ 119.6768, 25.4771 ], [ 119.674300001, 25.479 ], [ 119.6789, 25.489 ], [ 119.6748, 25.4944 ], [ 119.6775, 25.4965 ], [ 119.679, 25.4977 ], [ 119.6857, 25.5002 ], [ 119.6935, 25.5006 ], [ 119.6964, 25.511 ], [ 119.6996, 25.512 ], [ 119.707400001, 25.5109 ], [ 119.7099, 25.5073 ], [ 119.7143, 25.5071 ], [ 119.718, 25.5117 ], [ 119.7256, 25.512 ], [ 119.732, 25.5074 ], [ 119.7319, 25.4976 ], [ 119.748, 25.4939 ], [ 119.7519, 25.4945 ], [ 119.7614, 25.502 ], [ 119.7734, 25.5048 ], [ 119.7757, 25.5073 ], [ 119.7775, 25.5142 ], [ 119.7793, 25.5215 ], [ 119.7777, 25.5267 ], [ 119.775400000000104, 25.5265 ], [ 119.773600000000101, 25.523 ], [ 119.7685, 25.5234 ], [ 119.7621, 25.5283 ], [ 119.7601, 25.5321 ], [ 119.7539, 25.534 ], [ 119.7403, 25.5149 ], [ 119.735700001000055, 25.5143 ], [ 119.7307, 25.5168 ], [ 119.7264, 25.5212 ], [ 119.7259, 25.5262 ], [ 119.7312, 25.5458 ], [ 119.7314, 25.5519 ], [ 119.729200000000105, 25.5592 ], [ 119.735400001000016, 25.5649 ], [ 119.7375, 25.5669 ], [ 119.7421, 25.584 ], [ 119.7382, 25.5882 ], [ 119.7352, 25.5951 ], [ 119.7332, 25.5964 ], [ 119.7242, 25.5918 ], [ 119.7182, 25.5919 ], [ 119.708, 25.5823 ], [ 119.7084, 25.5771 ], [ 119.6914, 25.5841 ], [ 119.694, 25.5914 ], [ 119.6876, 25.5963 ], [ 119.6864, 25.599 ], [ 119.6883, 25.6027 ], [ 119.6953, 25.6064 ], [ 119.6976, 25.6125 ], [ 119.7021, 25.6143 ], [ 119.706100000000106, 25.616 ], [ 119.703400000000101, 25.6212 ], [ 119.7074, 25.6231 ], [ 119.7122, 25.623 ], [ 119.714700000000107, 25.6186 ], [ 119.722400000000107, 25.6251 ], [ 119.7291, 25.6357 ], [ 119.730100000000107, 25.6396 ], [ 119.7352, 25.644 ], [ 119.7398, 25.6458 ], [ 119.7421, 25.6444 ], [ 119.743700000000104, 25.6414 ], [ 119.7432, 25.6374 ], [ 119.745500000000106, 25.6364 ], [ 119.7475, 25.6307 ], [ 119.7522, 25.6403 ], [ 119.7518, 25.6457 ], [ 119.7534, 25.6499 ], [ 119.7606, 25.6549 ], [ 119.7779, 25.6625 ], [ 119.7787, 25.6646 ], [ 119.7801, 25.6683 ], [ 119.7837, 25.6647 ], [ 119.787, 25.6643 ], [ 119.7885, 25.6605 ], [ 119.782, 25.6505 ], [ 119.773899999000037, 25.6464 ], [ 119.7718, 25.6433 ], [ 119.7731, 25.6308 ] ] ], [ [ [ 119.6657, 25.6595 ], [ 119.6509, 25.6567 ], [ 119.6491, 25.6579 ], [ 119.6526, 25.6679 ], [ 119.6575, 25.6714 ], [ 119.6617, 25.6723 ], [ 119.6669, 25.6628 ], [ 119.6657, 25.6595 ] ] ], [ [ [ 119.5865, 25.6397 ], [ 119.5863, 25.6343 ], [ 119.5768, 25.6316 ], [ 119.5722, 25.6362 ], [ 119.5653, 25.635 ], [ 119.5628, 25.6361 ], [ 119.5598, 25.6411 ], [ 119.5605, 25.643 ], [ 119.5667, 25.6467 ], [ 119.5704, 25.6383 ], [ 119.5739, 25.6398 ], [ 119.5776, 25.6431 ], [ 119.5799, 25.6512 ], [ 119.5852000000001, 25.6537 ], [ 119.5865999990001, 25.6575 ], [ 119.5936, 25.6601 ], [ 119.5973, 25.6666 ], [ 119.6028, 25.6666 ], [ 119.607, 25.672 ], [ 119.6109, 25.6726 ], [ 119.6139, 25.6707 ], [ 119.6116, 25.6682 ], [ 119.609200000000101, 25.6575 ], [ 119.6039, 25.6478 ], [ 119.6006, 25.6474 ], [ 119.5958, 25.6415 ], [ 119.5893, 25.6414 ], [ 119.5865, 25.6397 ] ] ], [ [ [ 119.5809, 25.6654 ], [ 119.5754, 25.6648 ], [ 119.5748, 25.6682 ], [ 119.5831, 25.6767 ], [ 119.5866, 25.6784 ], [ 119.5884, 25.676 ], [ 119.5809, 25.6654 ] ] ], [ [ [ 119.6467, 25.6749 ], [ 119.6407, 25.6701 ], [ 119.6393, 25.6728 ], [ 119.6414, 25.6772 ], [ 119.6449, 25.6797 ], [ 119.6544, 25.6821 ], [ 119.6594, 25.6813 ], [ 119.6525, 25.675 ], [ 119.6467, 25.6749 ] ] ], [ [ [ 119.678, 25.7595 ], [ 119.6745, 25.7576 ], [ 119.667600000000107, 25.765 ], [ 119.6674, 25.7689 ], [ 119.679, 25.7661 ], [ 119.6799, 25.764 ], [ 119.678, 25.7595 ] ] ], [ [ [ 119.9905, 25.963 ], [ 119.9847, 25.9541 ], [ 119.977400000000102, 25.9487 ], [ 119.964, 25.9443 ], [ 119.962900000000104, 25.9459 ], [ 119.9643, 25.9491 ], [ 119.9741, 25.9609 ], [ 119.9771, 25.9615 ], [ 119.9817, 25.9592 ], [ 119.9866, 25.9631 ], [ 119.9905, 25.963 ] ] ], [ [ [ 119.9448000000001, 25.968 ], [ 119.935, 25.9587 ], [ 119.9328, 25.9633 ], [ 119.9286, 25.9657 ], [ 119.9266, 25.9707 ], [ 119.9273, 25.974 ], [ 119.929400000000101, 25.9751 ], [ 119.948400000000106, 25.9747 ], [ 119.9507, 25.9715 ], [ 119.9448000000001, 25.968 ] ] ], [ [ [ 120.0446, 25.9799 ], [ 120.0378, 25.9749 ], [ 120.0316, 25.9756 ], [ 120.0277, 25.9794 ], [ 120.0273, 25.9834 ], [ 120.0294, 25.9861 ], [ 120.0381, 25.9854 ], [ 120.0425, 25.9835 ], [ 120.0446, 25.9799 ] ] ], [ [ [ 119.6227, 26.1242 ], [ 119.6261, 26.1223 ], [ 119.6321, 26.1226 ], [ 119.6335, 26.1203 ], [ 119.6312, 26.1185 ], [ 119.6265, 26.1181 ], [ 119.6208, 26.1206 ], [ 119.6203, 26.1225 ], [ 119.6227, 26.1242 ] ] ], [ [ [ 119.6747, 26.1245 ], [ 119.673500000000104, 26.1146 ], [ 119.6655, 26.1241 ], [ 119.6583, 26.1285 ], [ 119.6604, 26.1314 ], [ 119.6672, 26.1341 ], [ 119.6725, 26.1401 ], [ 119.6822, 26.1357 ], [ 119.6836, 26.1332 ], [ 119.6819, 26.1307 ], [ 119.6766, 26.1282 ], [ 119.6747, 26.1245 ] ] ], [ [ [ 119.9319, 26.1568 ], [ 119.9353, 26.1522 ], [ 119.9451, 26.1552 ], [ 119.9505, 26.161 ], [ 119.9542, 26.1604 ], [ 119.9584, 26.1624 ], [ 119.9646, 26.1613 ], [ 119.9657, 26.1599 ], [ 119.9612, 26.1507 ], [ 119.961, 26.1461 ], [ 119.9533, 26.1458 ], [ 119.9452, 26.1396 ], [ 119.9366, 26.139 ], [ 119.931200000000104, 26.1336 ], [ 119.9284, 26.1328 ], [ 119.9245, 26.1349 ], [ 119.915, 26.1361 ], [ 119.913, 26.1398 ], [ 119.917, 26.1479 ], [ 119.9168, 26.1508 ], [ 119.9166, 26.1546 ], [ 119.9192, 26.1588 ], [ 119.918799999000043, 26.1672 ], [ 119.926, 26.1671 ], [ 119.9267, 26.166 ], [ 119.9238, 26.1611 ], [ 119.9247, 26.1583 ], [ 119.9319, 26.1568 ] ] ], [ [ [ 119.6202, 26.1685 ], [ 119.6278, 26.1651 ], [ 119.6298, 26.1601 ], [ 119.6338, 26.1586 ], [ 119.6356, 26.1542 ], [ 119.6381, 26.1527 ], [ 119.650400000000104, 26.1539 ], [ 119.6606, 26.1515 ], [ 119.6594, 26.1488 ], [ 119.6552, 26.1476 ], [ 119.6547, 26.1415 ], [ 119.6478, 26.1405 ], [ 119.6505, 26.1361 ], [ 119.6505, 26.1323 ], [ 119.6407, 26.1297 ], [ 119.6355, 26.1341 ], [ 119.6285, 26.1333 ], [ 119.6244, 26.1365 ], [ 119.6165, 26.1372 ], [ 119.6144, 26.1408 ], [ 119.6133, 26.1428 ], [ 119.6039, 26.1521 ], [ 119.6028, 26.1573 ], [ 119.6035, 26.1642 ], [ 119.605100000000107, 26.1661 ], [ 119.6144, 26.1652 ], [ 119.6202, 26.1685 ] ] ], [ [ [ 120.0184, 26.2181 ], [ 120.0165, 26.2106 ], [ 120.014400002, 26.2071 ], [ 120.0114, 26.2063 ], [ 120.0031, 26.2151 ], [ 120.000000001000103, 26.2145 ], [ 119.9834, 26.2111 ], [ 119.9771, 26.2078 ], [ 119.9747, 26.2043 ], [ 119.9721, 26.1901 ], [ 119.9663, 26.1895 ], [ 119.9654, 26.1923 ], [ 119.9685, 26.2048 ], [ 119.9686, 26.2165 ], [ 119.9764, 26.2184 ], [ 119.9821, 26.2199 ], [ 119.996600002000037, 26.2329 ], [ 119.9994, 26.2337 ], [ 120.0, 26.2333 ], [ 120.0054, 26.2299 ], [ 120.0095, 26.2265 ], [ 120.0113, 26.2205 ], [ 120.0155, 26.2202 ], [ 120.0184, 26.2181 ] ] ], [ [ [ 119.999999999000011, 26.2385 ], [ 119.996400000000108, 26.2384 ], [ 119.9953, 26.2403 ], [ 119.9988, 26.2463 ], [ 120.0, 26.2465 ], [ 120.0132, 26.2489 ], [ 120.0143, 26.2464 ], [ 120.012, 26.2432 ], [ 120.0015, 26.2385 ], [ 119.999999999000011, 26.2385 ] ] ], [ [ [ 119.9886, 26.2664 ], [ 119.9856, 26.2642 ], [ 119.9823, 26.2646 ], [ 119.9793, 26.2684 ], [ 119.9831, 26.2707 ], [ 119.9824, 26.2753 ], [ 119.988700000000108, 26.2796 ], [ 119.9915, 26.2748 ], [ 119.9886, 26.2664 ] ] ], [ [ [ 119.7398, 26.3541 ], [ 119.7337, 26.3503 ], [ 119.7302, 26.3508 ], [ 119.7256, 26.3537 ], [ 119.737100001000044, 26.3627 ], [ 119.7416, 26.357 ], [ 119.7398, 26.3541 ] ] ], [ [ [ 120.4967, 26.3853 ], [ 120.506, 26.373299999000039 ], [ 120.4988, 26.3736 ], [ 120.494600000000105, 26.3707 ], [ 120.4915, 26.3626 ], [ 120.4894, 26.3616 ], [ 120.4855, 26.3667 ], [ 120.482, 26.3667 ], [ 120.4806, 26.3776 ], [ 120.4817, 26.3795 ], [ 120.4899, 26.3817 ], [ 120.4925, 26.386 ], [ 120.4967, 26.3853 ] ] ], [ [ [ 120.4775, 26.3785 ], [ 120.475, 26.3772 ], [ 120.4732, 26.3802 ], [ 120.4686, 26.3817 ], [ 120.4684, 26.3842 ], [ 120.4721, 26.3867 ], [ 120.4736, 26.3919 ], [ 120.4773, 26.3921 ], [ 120.4797, 26.3855 ], [ 120.4775, 26.3785 ] ] ], [ [ [ 119.9077, 26.4036 ], [ 119.9037, 26.403 ], [ 119.9019, 26.4049 ], [ 119.9021, 26.40699999900005 ], [ 119.9071, 26.4128 ], [ 119.907299999000088, 26.4178 ], [ 119.9097, 26.4203 ], [ 119.9129, 26.419 ], [ 119.9136, 26.4138 ], [ 119.9077, 26.4036 ] ] ], [ [ [ 120.0693, 26.5259 ], [ 120.0678, 26.5175 ], [ 120.0692, 26.5131 ], [ 120.065700000000106, 26.5092 ], [ 120.0616, 26.4979 ], [ 120.0516, 26.4995 ], [ 120.0456, 26.4972 ], [ 120.0406, 26.491 ], [ 120.0364, 26.4904 ], [ 120.030000001000076, 26.4922 ], [ 120.027, 26.4957 ], [ 120.0274, 26.4963 ], [ 120.0357, 26.508 ], [ 120.0357, 26.5109 ], [ 120.0321, 26.5176 ], [ 120.0328, 26.5197 ], [ 120.0384, 26.5215 ], [ 120.042799999000067, 26.519 ], [ 120.0475, 26.5235 ], [ 120.0556, 26.5214 ], [ 120.06, 26.5234 ], [ 120.0659, 26.5309 ], [ 120.0693, 26.5259 ] ] ], [ [ [ 120.1491, 26.5334 ], [ 120.1451, 26.5314 ], [ 120.1405, 26.5321 ], [ 120.137, 26.5344 ], [ 120.1408, 26.5379 ], [ 120.143, 26.5452 ], [ 120.1467, 26.5441 ], [ 120.1503, 26.5361 ], [ 120.1491, 26.5334 ] ] ], [ [ [ 120.0, 26.5386 ], [ 119.9981, 26.5363 ], [ 119.9956, 26.5397 ], [ 119.9976, 26.5543 ], [ 120.0, 26.5546 ], [ 120.003, 26.5551 ], [ 120.0055, 26.5505 ], [ 120.0021, 26.5413 ], [ 120.0, 26.5386 ] ] ], [ [ [ 120.157200000000103, 26.5536 ], [ 120.1512, 26.5529 ], [ 120.1498, 26.5552 ], [ 120.1505, 26.5579 ], [ 120.1543, 26.5587 ], [ 120.1576, 26.5626 ], [ 120.160799999, 26.5624 ], [ 120.162600001000101, 26.5567 ], [ 120.157200000000103, 26.5536 ] ] ], [ [ [ 119.814, 26.5656 ], [ 119.8091, 26.5634 ], [ 119.8047, 26.5638 ], [ 119.7991, 26.5691 ], [ 119.815, 26.5744 ], [ 119.8156, 26.571 ], [ 119.814, 26.5656 ] ] ], [ [ [ 120.1666, 26.5784 ], [ 120.1654, 26.5759 ], [ 120.1577, 26.5768 ], [ 120.1549, 26.5741 ], [ 120.1505, 26.574 ], [ 120.1475, 26.5711 ], [ 120.1455, 26.565 ], [ 120.1411, 26.5655 ], [ 120.1378, 26.563 ], [ 120.1371, 26.5588 ], [ 120.135000000000105, 26.5572 ], [ 120.1311, 26.5614 ], [ 120.1269, 26.561 ], [ 120.123, 26.5646 ], [ 120.122, 26.5667 ], [ 120.1202, 26.5703 ], [ 120.1345, 26.5787 ], [ 120.1539, 26.6028 ], [ 120.1655, 26.6024 ], [ 120.1675, 26.5953 ], [ 120.165, 26.5843 ], [ 120.1666, 26.5784 ] ] ], [ [ [ 119.8149, 26.6218 ], [ 119.8114, 26.6143 ], [ 119.808800001, 26.6127 ], [ 119.8025, 26.6144 ], [ 119.7981, 26.614 ], [ 119.7937, 26.6101 ], [ 119.7785, 26.6047 ], [ 119.7674, 26.6073 ], [ 119.7639, 26.6107 ], [ 119.7612, 26.617 ], [ 119.7617, 26.6193 ], [ 119.7766, 26.625 ], [ 119.7833, 26.625 ], [ 119.8006, 26.6309 ], [ 119.8057, 26.6303 ], [ 119.809599998000067, 26.6252 ], [ 119.8149, 26.6218 ] ] ], [ [ [ 120.3579, 26.6493 ], [ 120.3606, 26.6463 ], [ 120.3646, 26.6465 ], [ 120.3659, 26.6435 ], [ 120.3638, 26.6415 ], [ 120.3604, 26.643 ], [ 120.352400000000102, 26.6433 ], [ 120.3495, 26.6456 ], [ 120.3544, 26.6491 ], [ 120.3579, 26.6493 ] ] ], [ [ [ 120.3233, 26.6522 ], [ 120.3179, 26.6495 ], [ 120.3173, 26.6558 ], [ 120.321, 26.6578 ], [ 120.3259, 26.6582 ], [ 120.3275000000001, 26.6557 ], [ 120.3233, 26.6522 ] ] ], [ [ [ 119.7367, 26.6588 ], [ 119.7296, 26.6532 ], [ 119.7219, 26.6505 ], [ 119.7182, 26.6468 ], [ 119.719500001000029, 26.6409 ], [ 119.7132, 26.6386 ], [ 119.7023, 26.6393 ], [ 119.6921, 26.6371 ], [ 119.6867, 26.638 ], [ 119.6756, 26.6435 ], [ 119.6702, 26.6377 ], [ 119.665099999000063, 26.6365 ], [ 119.6621, 26.6392 ], [ 119.6539, 26.6583 ], [ 119.6537, 26.6616 ], [ 119.6562, 26.6645 ], [ 119.688900000000103, 26.6708 ], [ 119.7009, 26.6665 ], [ 119.7074, 26.6658 ], [ 119.7165, 26.6673 ], [ 119.719, 26.6656 ], [ 119.7201, 26.658 ], [ 119.7273, 26.6582 ], [ 119.7309, 26.6603 ], [ 119.733999999000048, 26.6713 ], [ 119.7401, 26.6752 ], [ 119.7475, 26.6773 ], [ 119.7547, 26.6768 ], [ 119.7563, 26.6753 ], [ 119.7581, 26.6703 ], [ 119.7513, 26.6618 ], [ 119.7471, 26.6591 ], [ 119.7367, 26.6588 ] ] ], [ [ [ 119.8174, 26.6682 ], [ 119.8135, 26.668 ], [ 119.808000000000106, 26.6756 ], [ 119.799400000000105, 26.6765 ], [ 119.7966, 26.6794 ], [ 119.799400000000105, 26.6855 ], [ 119.8025, 26.6854 ], [ 119.812, 26.6795 ], [ 119.8224, 26.6763 ], [ 119.8221, 26.6728 ], [ 119.8174, 26.6682 ] ] ], [ [ [ 119.7881, 26.6883 ], [ 119.7913, 26.6853 ], [ 119.7864, 26.6814 ], [ 119.7747, 26.6792 ], [ 119.7740999990001, 26.6819 ], [ 119.7769, 26.6881 ], [ 119.7825, 26.6864 ], [ 119.7844, 26.6887 ], [ 119.7881, 26.6883 ] ] ], [ [ [ 119.947, 26.6916 ], [ 119.939999999000065, 26.6879 ], [ 119.9385, 26.6854 ], [ 119.9374, 26.670200001000069 ], [ 119.9427, 26.6643 ], [ 119.9278, 26.6702 ], [ 119.9256, 26.6711 ], [ 119.9307, 26.6746 ], [ 119.930300000000102, 26.6769 ], [ 119.908499998000025, 26.6827 ], [ 119.9055, 26.6865 ], [ 119.906, 26.6915 ], [ 119.9098, 26.694 ], [ 119.9269, 26.6893 ], [ 119.9332, 26.6901 ], [ 119.938900000000103, 26.694 ], [ 119.9435, 26.6937 ], [ 119.947, 26.6916 ] ] ], [ [ [ 120.1391, 26.6909 ], [ 120.1349, 26.6874 ], [ 120.1319, 26.6901 ], [ 120.1247, 26.6919 ], [ 120.1213, 26.6978 ], [ 120.1331, 26.6993 ], [ 120.1345, 26.6953 ], [ 120.1391, 26.6909 ] ] ], [ [ [ 120.3553, 26.6997 ], [ 120.348, 26.6945 ], [ 120.3441, 26.6971 ], [ 120.3423, 26.7002 ], [ 120.3435, 26.7036 ], [ 120.3479, 26.7041 ], [ 120.352400000000102, 26.7103 ], [ 120.3559, 26.7107 ], [ 120.3589, 26.7055 ], [ 120.364, 26.7033 ], [ 120.3553, 26.6997 ] ] ], [ [ [ 119.6528, 26.7034 ], [ 119.6507, 26.7024 ], [ 119.6444, 26.7041 ], [ 119.6421, 26.7064 ], [ 119.6431, 26.7083 ], [ 119.6508, 26.7122 ], [ 119.6528, 26.7034 ] ] ], [ [ [ 119.652200000000107, 26.7174 ], [ 119.6424, 26.7173 ], [ 119.6378, 26.7204 ], [ 119.6464, 26.7233 ], [ 119.6562, 26.7245 ], [ 119.658100000000104, 26.7207 ], [ 119.652200000000107, 26.7174 ] ] ], [ [ [ 120.005499999000108, 26.726 ], [ 120.011, 26.7237 ], [ 120.0192, 26.7238 ], [ 120.0203, 26.7211 ], [ 120.018, 26.7198 ], [ 120.0042, 26.7164 ], [ 120.0, 26.7167 ], [ 119.9924, 26.7171 ], [ 119.9926, 26.7194 ], [ 119.9973, 26.7204 ], [ 120.0, 26.7231 ], [ 120.002, 26.725 ], [ 120.005499999000108, 26.726 ] ] ], [ [ [ 119.632199999000022, 26.7441 ], [ 119.6342, 26.7367 ], [ 119.6328, 26.7349 ], [ 119.6134, 26.7256 ], [ 119.6124, 26.7197 ], [ 119.6057, 26.7164 ], [ 119.5817, 26.7216 ], [ 119.5808, 26.7235 ], [ 119.5774, 26.73 ], [ 119.5679, 26.7353 ], [ 119.5688, 26.738 ], [ 119.5747, 26.7411 ], [ 119.5919, 26.7458 ], [ 119.5975, 26.7453 ], [ 119.5993, 26.7409 ], [ 119.6037, 26.7401 ], [ 119.6133, 26.7419 ], [ 119.6236, 26.7473 ], [ 119.632199999000022, 26.7441 ] ] ], [ [ [ 119.6061, 26.776 ], [ 119.6077, 26.7693 ], [ 119.6023, 26.7618 ], [ 119.6036, 26.7589 ], [ 119.5908, 26.7493 ], [ 119.586100000000101, 26.7504 ], [ 119.5815, 26.7536 ], [ 119.5871, 26.7611 ], [ 119.5921, 26.7717 ], [ 119.5986, 26.7712 ], [ 119.604, 26.776 ], [ 119.6061, 26.776 ] ] ], [ [ [ 120.1565, 26.8063 ], [ 120.1611, 26.8002 ], [ 120.1583, 26.7981 ], [ 120.150800001000107, 26.7967 ], [ 120.1408, 26.7964 ], [ 120.139, 26.8 ], [ 120.141800000000103, 26.8023 ], [ 120.148600000000101, 26.8018 ], [ 120.153, 26.8059 ], [ 120.1565, 26.8063 ] ] ], [ [ [ 120.2264, 26.8781 ], [ 120.223300000000108, 26.8756 ], [ 120.2187, 26.8771 ], [ 120.2148, 26.8841 ], [ 120.2259, 26.8933 ], [ 120.2278, 26.8829 ], [ 120.2264, 26.8781 ] ] ], [ [ [ 120.2646, 26.9345 ], [ 120.258, 26.9271 ], [ 120.2594, 26.9246 ], [ 120.2631, 26.9239 ], [ 120.2644, 26.9212 ], [ 120.2625, 26.9199 ], [ 120.2537, 26.9209 ], [ 120.2467, 26.918 ], [ 120.243700000000104, 26.9193 ], [ 120.2487, 26.9263 ], [ 120.2473, 26.9303 ], [ 120.2483, 26.9334 ], [ 120.2517, 26.9353 ], [ 120.2534, 26.9328 ], [ 120.2564, 26.9319 ], [ 120.2621, 26.936 ], [ 120.2646, 26.9345 ] ] ], [ [ [ 120.3115, 26.9378 ], [ 120.3187, 26.9354 ], [ 120.3126, 26.9307 ], [ 120.3097, 26.9246 ], [ 120.306, 26.924 ], [ 120.3011, 26.9264 ], [ 120.2864, 26.9268 ], [ 120.2816, 26.9325 ], [ 120.2863, 26.9368 ], [ 120.2963, 26.9367 ], [ 120.3036, 26.941 ], [ 120.3074, 26.9412 ], [ 120.3115, 26.9378 ] ] ], [ [ [ 120.392200001000106, 26.9598 ], [ 120.3824, 26.9568 ], [ 120.3766, 26.9571 ], [ 120.376, 26.9615 ], [ 120.3904, 26.962 ], [ 120.392200001000106, 26.9598 ] ] ], [ [ [ 120.3446, 26.971 ], [ 120.3502, 26.9674 ], [ 120.3565, 26.9676 ], [ 120.3596, 26.9619 ], [ 120.3708, 26.9586 ], [ 120.3719, 26.9567 ], [ 120.3706, 26.9457 ], [ 120.3793, 26.9368 ], [ 120.3898, 26.9356 ], [ 120.3928, 26.9322 ], [ 120.3893, 26.9289 ], [ 120.3844, 26.9288 ], [ 120.377, 26.9324 ], [ 120.3734, 26.9321 ], [ 120.3605, 26.9243 ], [ 120.354200000000105, 26.9237 ], [ 120.3345, 26.9323 ], [ 120.326, 26.9378 ], [ 120.321, 26.9471 ], [ 120.3239, 26.9583 ], [ 120.3283, 26.9594 ], [ 120.3298, 26.9597 ], [ 120.3406, 26.9703 ], [ 120.3446, 26.971 ] ] ], [ [ [ 120.4619, 26.9711 ], [ 120.4567, 26.9691 ], [ 120.4526, 26.9719 ], [ 120.4545, 26.9758 ], [ 120.4583, 26.9783 ], [ 120.4613, 26.9776 ], [ 120.4631, 26.9747 ], [ 120.4619, 26.9711 ] ] ], [ [ [ 120.715100002000099, 26.9799 ], [ 120.7118, 26.977 ], [ 120.709, 26.9779 ], [ 120.7105, 26.986 ], [ 120.7085, 26.9913 ], [ 120.7097, 26.9942 ], [ 120.7133, 26.9948 ], [ 120.7181, 26.9933 ], [ 120.7223, 26.9896 ], [ 120.7143, 26.9858 ], [ 120.715100002000099, 26.9799 ] ] ], [ [ [ 120.6958, 26.9982 ], [ 120.6928, 26.9976 ], [ 120.6914, 27.0003 ], [ 120.6922, 27.0053 ], [ 120.69, 27.0102 ], [ 120.692299999000056, 27.013 ], [ 120.6977, 27.0128 ], [ 120.7018, 27.0075 ], [ 120.6958, 26.9982 ] ] ], [ [ [ 120.432100000000105, 27.0227 ], [ 120.4271, 27.0186 ], [ 120.4227, 27.0193 ], [ 120.4219, 27.0264 ], [ 120.424, 27.0295 ], [ 120.4278, 27.0305 ], [ 120.430300000000102, 27.0288 ], [ 120.432100000000105, 27.0227 ] ] ], [ [ [ 120.4166, 27.0985 ], [ 120.3996, 27.0969 ], [ 120.4048, 27.1022 ], [ 120.4113, 27.1049 ], [ 120.4197, 27.1041 ], [ 120.4209, 27.1018 ], [ 120.4166, 27.0985 ] ] ], [ [ [ 120.4754, 27.1536 ], [ 120.4825, 27.1481 ], [ 120.484100001, 27.1441 ], [ 120.4815, 27.1429 ], [ 120.4741, 27.1484 ], [ 120.468, 27.1472 ], [ 120.465, 27.1485 ], [ 120.4627, 27.1534 ], [ 120.4633, 27.1605 ], [ 120.4692, 27.1612 ], [ 120.4754, 27.1536 ] ] ], [ [ [ 120.5218, 27.1497 ], [ 120.5185, 27.1493 ], [ 120.5129, 27.15 ], [ 120.5099, 27.1545 ], [ 120.5150000000001, 27.1638 ], [ 120.5139, 27.1686 ], [ 120.5175, 27.1757 ], [ 120.5171, 27.1811 ], [ 120.5264, 27.1783 ], [ 120.5292, 27.1741 ], [ 120.5218, 27.1631 ], [ 120.5277, 27.1546 ], [ 120.5218, 27.1497 ] ] ], [ [ [ 120.5618, 27.2418 ], [ 120.5568, 27.2383 ], [ 120.550300000000107, 27.2392 ], [ 120.5456, 27.2422 ], [ 120.5473, 27.2445 ], [ 120.5595, 27.245 ], [ 120.5618, 27.2418 ] ] ], [ [ [ 120.5971, 27.3446 ], [ 120.6003, 27.341 ], [ 120.5993, 27.3395 ], [ 120.5963, 27.3389 ], [ 120.591, 27.3415 ], [ 120.5848, 27.3364 ], [ 120.5804, 27.3381 ], [ 120.5781, 27.3434 ], [ 120.5803, 27.3465 ], [ 120.585, 27.3466 ], [ 120.5923, 27.3511 ], [ 120.5958, 27.3515 ], [ 120.5981, 27.3492 ], [ 120.5971, 27.3446 ] ] ], [ [ [ 121.1208, 27.4658 ], [ 121.1158, 27.4638 ], [ 121.1109, 27.465 ], [ 121.1068, 27.4701 ], [ 121.1071, 27.4734 ], [ 121.1192, 27.469 ], [ 121.1208, 27.4658 ] ] ], [ [ [ 121.0807, 27.474 ], [ 121.0838, 27.4656 ], [ 121.0886, 27.4628 ], [ 121.0971, 27.4614 ], [ 121.1003, 27.4587 ], [ 121.1011, 27.457 ], [ 121.1057, 27.4475 ], [ 121.102400000000102, 27.4463 ], [ 121.0949, 27.4493 ], [ 121.0852000000001, 27.4564 ], [ 121.0821, 27.4542 ], [ 121.0722, 27.4598 ], [ 121.0665, 27.4592 ], [ 121.0644, 27.4568 ], [ 121.0637, 27.4484 ], [ 121.0556, 27.4504 ], [ 121.0496, 27.4551 ], [ 121.0473, 27.4595 ], [ 121.0491, 27.4635 ], [ 121.053500001000089, 27.4628 ], [ 121.054, 27.4741 ], [ 121.0677, 27.4713 ], [ 121.0613, 27.4775 ], [ 121.060000001000049, 27.4809 ], [ 121.0646, 27.4804 ], [ 121.0807, 27.474 ] ] ], [ [ [ 121.2252, 27.612 ], [ 121.2226, 27.611 ], [ 121.2183, 27.6167 ], [ 121.2179000000001, 27.6197 ], [ 121.2212, 27.6215 ], [ 121.225600001000089, 27.6206 ], [ 121.227, 27.6164 ], [ 121.2252, 27.612 ] ] ], [ [ [ 121.2178, 27.6372 ], [ 121.2079, 27.6228 ], [ 121.1988, 27.6185 ], [ 121.1956, 27.619 ], [ 121.1928, 27.6233 ], [ 121.1936, 27.6268 ], [ 121.2004, 27.625 ], [ 121.2002, 27.629 ], [ 121.206, 27.6356 ], [ 121.21, 27.6372 ], [ 121.2178, 27.6372 ] ] ], [ [ [ 120.8259, 27.6497 ], [ 120.8137, 27.6398 ], [ 120.815800001000071, 27.6473 ], [ 120.8212, 27.6512 ], [ 120.8262, 27.6522 ], [ 120.8259, 27.6497 ] ] ], [ [ [ 120.9708, 27.6539 ], [ 120.9625, 27.6501 ], [ 120.9624, 27.6574 ], [ 120.9597, 27.6629 ], [ 120.9607, 27.666 ], [ 120.9659, 27.6663 ], [ 120.9732, 27.6717 ], [ 120.9784, 27.6705 ], [ 120.9802, 27.6676 ], [ 120.9708, 27.6539 ] ] ], [ [ [ 120.8368, 27.6817 ], [ 120.8327, 27.6782 ], [ 120.8292, 27.6789 ], [ 120.8242, 27.6833 ], [ 120.8252, 27.6894 ], [ 120.8301, 27.6902 ], [ 120.8368, 27.6817 ] ] ], [ [ [ 120.9056, 27.694 ], [ 120.903, 27.6922 ], [ 120.8942, 27.6986 ], [ 120.8947, 27.7017 ], [ 120.8996, 27.7025 ], [ 120.9056, 27.694 ] ] ], [ [ [ 121.1354, 27.7597 ], [ 121.1314, 27.757 ], [ 121.125500000000102, 27.759 ], [ 121.127300000000105, 27.7671 ], [ 121.1346, 27.766 ], [ 121.1362, 27.7624 ], [ 121.1354, 27.7597 ] ] ], [ [ [ 121.1357, 27.7739 ], [ 121.1293, 27.7728 ], [ 121.1281, 27.7793 ], [ 121.131, 27.7836 ], [ 121.135799999000028, 27.7802 ], [ 121.1374, 27.777 ], [ 121.1357, 27.7739 ] ] ], [ [ [ 121.0915, 27.7851 ], [ 121.0877, 27.7824 ], [ 121.0799, 27.7811 ], [ 121.0779, 27.7839 ], [ 121.0703, 27.7813 ], [ 121.0692, 27.7828 ], [ 121.0763, 27.7893 ], [ 121.0781, 27.7945 ], [ 121.0875, 27.7967 ], [ 121.0915, 27.7851 ] ] ], [ [ [ 121.133200000000102, 27.798 ], [ 121.129, 27.7914 ], [ 121.126, 27.8023 ], [ 121.127, 27.8052 ], [ 121.132400001000065, 27.807 ], [ 121.1346, 27.8101 ], [ 121.1403, 27.8117 ], [ 121.1462, 27.8164 ], [ 121.148600000000101, 27.8151 ], [ 121.1448, 27.8018 ], [ 121.1402, 27.7983 ], [ 121.133200000000102, 27.798 ] ] ], [ [ [ 121.212900000000104, 27.8455 ], [ 121.204800001000081, 27.8396 ], [ 121.1951, 27.844 ], [ 121.1933, 27.8488 ], [ 121.1974, 27.8564 ], [ 121.2029, 27.8586 ], [ 121.2079, 27.854 ], [ 121.2128, 27.8509 ], [ 121.2095, 27.8485 ], [ 121.212900000000104, 27.8455 ] ] ], [ [ [ 121.1878, 27.8577 ], [ 121.1915, 27.8532 ], [ 121.1872, 27.8512 ], [ 121.1857, 27.8454 ], [ 121.1828, 27.8433 ], [ 121.1805, 27.844 ], [ 121.1775, 27.8486 ], [ 121.174400000000105, 27.8479 ], [ 121.169, 27.8492 ], [ 121.1655, 27.8465 ], [ 121.1743, 27.841 ], [ 121.1716, 27.8352 ], [ 121.1734, 27.8312 ], [ 121.1697, 27.8272 ], [ 121.1716, 27.8239 ], [ 121.1765, 27.8257 ], [ 121.1764, 27.8206 ], [ 121.1743, 27.8196 ], [ 121.1684, 27.8189 ], [ 121.1645, 27.8215 ], [ 121.1612, 27.822 ], [ 121.1567, 27.8227 ], [ 121.154899999, 27.8267 ], [ 121.1476, 27.8253 ], [ 121.1433, 27.8325 ], [ 121.1397, 27.8309 ], [ 121.1389, 27.8249 ], [ 121.136800000000108, 27.8249 ], [ 121.128, 27.8307 ], [ 121.123399998000082, 27.8253 ], [ 121.1283, 27.8217 ], [ 121.1261, 27.8203 ], [ 121.1099, 27.8222 ], [ 121.1031, 27.8198 ], [ 121.0982, 27.8226 ], [ 121.0937, 27.8227 ], [ 121.091, 27.825 ], [ 121.0924, 27.8273 ], [ 121.0978, 27.8283 ], [ 121.092800001, 27.8338 ], [ 121.1046, 27.8367 ], [ 121.110100000000102, 27.8416 ], [ 121.1111, 27.8421 ], [ 121.1198, 27.8463 ], [ 121.1199, 27.8492 ], [ 121.124, 27.8542 ], [ 121.1268, 27.8539 ], [ 121.1335, 27.8492 ], [ 121.1325, 27.8457 ], [ 121.1339, 27.8442 ], [ 121.1523, 27.8459 ], [ 121.1578, 27.8504 ], [ 121.153, 27.8583 ], [ 121.1547, 27.8614 ], [ 121.1594, 27.8619 ], [ 121.1633, 27.8566 ], [ 121.1747, 27.8606 ], [ 121.1774, 27.8647 ], [ 121.1836, 27.8688 ], [ 121.1852, 27.8663 ], [ 121.1797, 27.8622 ], [ 121.1799, 27.8603 ], [ 121.1878, 27.8577 ] ] ], [ [ [ 120.8759, 27.8638 ], [ 120.874, 27.8623 ], [ 120.8679, 27.8668 ], [ 120.866800001, 27.87 ], [ 120.869, 27.8733 ], [ 120.8748, 27.8688 ], [ 120.8759, 27.8638 ] ] ], [ [ [ 121.1696, 27.8747 ], [ 121.1681, 27.872 ], [ 121.1444, 27.863 ], [ 121.150400000000104, 27.8694 ], [ 121.151300000000106, 27.8779 ], [ 121.1616, 27.8738 ], [ 121.168500000000108, 27.8781 ], [ 121.1696, 27.8747 ] ] ], [ [ [ 121.0545, 27.8685 ], [ 121.0584, 27.8661 ], [ 121.0622, 27.8663 ], [ 121.0691, 27.8703 ], [ 121.0775000000001, 27.8696 ], [ 121.081100000000106, 27.8706 ], [ 121.082000000000107, 27.868 ], [ 121.0676, 27.8564 ], [ 121.0662, 27.853 ], [ 121.0637, 27.847 ], [ 121.0606, 27.8477 ], [ 121.0602, 27.8521 ], [ 121.0563, 27.8528 ], [ 121.0564, 27.859 ], [ 121.054, 27.8591 ], [ 121.0486, 27.8554 ], [ 121.0396, 27.8551 ], [ 121.0353, 27.851 ], [ 121.0306, 27.8503 ], [ 121.02500000100008, 27.8424 ], [ 121.0219, 27.8416 ], [ 121.0185, 27.8448 ], [ 121.0178, 27.848 ], [ 121.0201, 27.8563 ], [ 121.0251, 27.8608 ], [ 121.0225, 27.8671 ], [ 121.0244, 27.8686 ], [ 121.0317, 27.8689 ], [ 121.0348, 27.8709 ], [ 121.0311, 27.8747 ], [ 121.0309, 27.8772 ], [ 121.034000000000106, 27.8805 ], [ 121.0453, 27.8793 ], [ 121.0545, 27.8685 ] ] ], [ [ [ 121.1536, 27.9099 ], [ 121.151, 27.9074 ], [ 121.1448, 27.9052 ], [ 121.143600000000106, 27.9002 ], [ 121.1397, 27.8963 ], [ 121.1425, 27.8925 ], [ 121.1404, 27.8865 ], [ 121.1226, 27.888 ], [ 121.1217, 27.8845 ], [ 121.120500000000106, 27.8797 ], [ 121.1114, 27.8815 ], [ 121.1014, 27.874 ], [ 121.097400000000107, 27.8757 ], [ 121.1037, 27.8833 ], [ 121.1082, 27.8866 ], [ 121.1163, 27.8882 ], [ 121.123399998000082, 27.8947 ], [ 121.1245, 27.8974 ], [ 121.1232, 27.9029 ], [ 121.1251, 27.9053 ], [ 121.1312, 27.9065 ], [ 121.1386, 27.9114 ], [ 121.1456, 27.9096 ], [ 121.1532, 27.9122 ], [ 121.1536, 27.9099 ] ] ], [ [ [ 121.1159, 27.9149 ], [ 121.1068, 27.9107 ], [ 121.1038, 27.9124 ], [ 121.1025, 27.9162 ], [ 121.104200000000105, 27.9205 ], [ 121.1095, 27.9242 ], [ 121.1151, 27.925 ], [ 121.117099999000061, 27.918 ], [ 121.1159, 27.9149 ] ] ], [ [ [ 120.895, 27.9785 ], [ 120.9093, 27.9745 ], [ 120.9127, 27.9715 ], [ 120.9141, 27.9669 ], [ 120.9092, 27.9567 ], [ 120.8965, 27.9481 ], [ 120.8899, 27.9472 ], [ 120.8796, 27.949 ], [ 120.8649, 27.9568 ], [ 120.863, 27.9587 ], [ 120.8564, 27.9655 ], [ 120.843, 27.97 ], [ 120.8421, 27.9715 ], [ 120.8479, 27.976 ], [ 120.8547, 27.9757 ], [ 120.8663, 27.9778 ], [ 120.8766, 27.9758 ], [ 120.8849, 27.9782 ], [ 120.895, 27.9785 ] ] ], [ [ [ 121.1195, 27.9868 ], [ 121.1213, 27.9821 ], [ 121.1267, 27.9812 ], [ 121.1293, 27.9738 ], [ 121.1357, 27.9723 ], [ 121.1379, 27.9683 ], [ 121.1458, 27.9631 ], [ 121.1444, 27.9604 ], [ 121.135900000000106, 27.962 ], [ 121.1287, 27.9557 ], [ 121.1188, 27.9533 ], [ 121.1097, 27.948 ], [ 121.0963, 27.9489 ], [ 121.0911, 27.9454 ], [ 121.086600002000068, 27.9461 ], [ 121.0853, 27.9495 ], [ 121.086, 27.9517 ], [ 121.0883, 27.9584 ], [ 121.0835, 27.9639 ], [ 121.0781, 27.9634 ], [ 121.0709, 27.9591 ], [ 121.056, 27.9562 ], [ 121.0474, 27.9518 ], [ 121.0431, 27.955 ], [ 121.039000000000101, 27.9551 ], [ 121.0377, 27.957 ], [ 121.039500001000079, 27.9668 ], [ 121.049, 27.9697 ], [ 121.0597, 27.9769 ], [ 121.0612, 27.9808 ], [ 121.0682, 27.988 ], [ 121.0703, 27.9876 ], [ 121.0749, 27.98 ], [ 121.0841, 27.9807 ], [ 121.086100000000101, 27.9836 ], [ 121.0872, 27.9852 ], [ 121.093100001000039, 27.9857 ], [ 121.0961, 27.9832 ], [ 121.105100000000107, 27.9834 ], [ 121.110100000000102, 27.988 ], [ 121.1195, 27.9868 ] ] ], [ [ [ 121.1902, 28.0004 ], [ 121.1955, 27.9957 ], [ 121.2016, 27.996 ], [ 121.2067, 27.9926 ], [ 121.2103, 27.9919 ], [ 121.2218, 27.9948 ], [ 121.2296, 27.9926 ], [ 121.2186, 27.9861 ], [ 121.207000000000107, 27.9842 ], [ 121.2015, 27.9797 ], [ 121.1963, 27.9802 ], [ 121.191600000000108, 27.9788 ], [ 121.1879, 27.9707 ], [ 121.1822, 27.9681 ], [ 121.1775, 27.9682 ], [ 121.1772, 27.9764 ], [ 121.173400001, 27.9797 ], [ 121.1677, 27.9847 ], [ 121.1671, 27.9878 ], [ 121.1779, 27.9966 ], [ 121.1855, 28.0 ], [ 121.1902, 28.0004 ] ] ], [ [ [ 121.0848, 28.0059 ], [ 121.0681, 27.9937 ], [ 121.0537, 27.9914 ], [ 121.0472, 27.9869 ], [ 121.0418, 27.9851 ], [ 121.04, 27.9883 ], [ 121.0424, 27.9939 ], [ 121.0448, 27.9959 ], [ 121.0514, 27.9956 ], [ 121.0566, 27.9978 ], [ 121.0593, 28.003 ], [ 121.0645, 28.0033 ], [ 121.0698000000001, 28.0072 ], [ 121.0834, 28.0078 ], [ 121.0848, 28.0059 ] ] ], [ [ [ 120.7381, 28.001 ], [ 120.7362, 27.9994 ], [ 120.7297, 28.0053 ], [ 120.7296, 28.0078 ], [ 120.7319, 28.0103 ], [ 120.7364, 28.0082 ], [ 120.7381, 28.001 ] ] ], [ [ [ 120.783500001000107, 27.9853 ], [ 120.781200001, 27.9837 ], [ 120.7624, 27.9858 ], [ 120.7563, 27.9901 ], [ 120.7524, 27.9958 ], [ 120.7475, 27.9992 ], [ 120.7402, 28.0115 ], [ 120.738899999000068, 28.0165 ], [ 120.7399, 28.0209 ], [ 120.743, 28.0221 ], [ 120.749000001000013, 28.0193 ], [ 120.7653, 28.0172 ], [ 120.7734, 28.0131 ], [ 120.7781, 28.0084 ], [ 120.783, 27.9979 ], [ 120.7799, 27.9908 ], [ 120.783500001000107, 27.9853 ] ] ], [ [ [ 121.1542, 28.0227 ], [ 121.1428, 28.0177 ], [ 121.139199999000084, 28.0186 ], [ 121.139, 28.0201 ], [ 121.1531, 28.0278 ], [ 121.1571, 28.0281 ], [ 121.158, 28.0262 ], [ 121.1542, 28.0227 ] ] ], [ [ [ 120.6853, 28.0373 ], [ 120.6716, 28.035 ], [ 120.6688, 28.0371 ], [ 120.6684, 28.0409 ], [ 120.6858, 28.0396 ], [ 120.6853, 28.0373 ] ] ], [ [ [ 121.4166, 28.0389 ], [ 121.4092, 28.0328 ], [ 121.4069, 28.0437 ], [ 121.4123, 28.0434 ], [ 121.4166, 28.0389 ] ] ], [ [ [ 121.4083, 28.0844 ], [ 121.4007, 28.0808 ], [ 121.3992, 28.0879 ], [ 121.4, 28.0908 ], [ 121.4024, 28.091 ], [ 121.4097, 28.0911 ], [ 121.41, 28.0871 ], [ 121.4083, 28.0844 ] ] ], [ [ [ 121.5048, 28.0796 ], [ 121.4991, 28.0778 ], [ 121.4976, 28.0821 ], [ 121.5026, 28.0866 ], [ 121.5056, 28.0932 ], [ 121.5154, 28.0976 ], [ 121.5212, 28.1042 ], [ 121.5237, 28.0987 ], [ 121.5226, 28.0945 ], [ 121.5204, 28.0921 ], [ 121.512399999000081, 28.0908 ], [ 121.5048, 28.0796 ] ] ], [ [ [ 121.3522, 28.0922 ], [ 121.339399999000079, 28.0916 ], [ 121.3376, 28.0939 ], [ 121.3398, 28.0976 ], [ 121.354, 28.1011 ], [ 121.367, 28.1092 ], [ 121.3676, 28.1071 ], [ 121.3648, 28.0992 ], [ 121.3606, 28.0989 ], [ 121.3522, 28.0922 ] ] ], [ [ [ 121.3949, 28.1235 ], [ 121.383200000000102, 28.1196 ], [ 121.3814, 28.1221 ], [ 121.3824, 28.1238 ], [ 121.3864, 28.1247 ], [ 121.395, 28.1306 ], [ 121.3978, 28.1272 ], [ 121.3949, 28.1235 ] ] ], [ [ [ 121.152200000000107, 28.1743 ], [ 121.1532, 28.1649 ], [ 121.1457, 28.165 ], [ 121.1438, 28.1673 ], [ 121.1446, 28.1713 ], [ 121.1489, 28.175 ], [ 121.152200000000107, 28.1743 ] ] ], [ [ [ 121.245, 28.2097 ], [ 121.2535, 28.2022 ], [ 121.2682, 28.1951 ], [ 121.2758, 28.1874 ], [ 121.2834, 28.186 ], [ 121.2857, 28.1832 ], [ 121.2782, 28.178 ], [ 121.2734, 28.1809 ], [ 121.2685, 28.1771 ], [ 121.2661, 28.1729 ], [ 121.2586, 28.1662 ], [ 121.2513, 28.1538 ], [ 121.257, 28.147 ], [ 121.2583, 28.1432 ], [ 121.2547, 28.1387 ], [ 121.2558, 28.1357 ], [ 121.2593, 28.1344 ], [ 121.2621, 28.1302 ], [ 121.2625, 28.1283 ], [ 121.2576, 28.121 ], [ 121.2633, 28.112 ], [ 121.2801, 28.1029 ], [ 121.2827, 28.1028 ], [ 121.2882, 28.1069 ], [ 121.2912, 28.1029 ], [ 121.2884, 28.0958 ], [ 121.2914, 28.0931 ], [ 121.2783, 28.0864 ], [ 121.2773, 28.0827 ], [ 121.282199999, 28.0803 ], [ 121.2842, 28.0775 ], [ 121.291, 28.0757 ], [ 121.2921, 28.0736 ], [ 121.29, 28.0718 ], [ 121.2799, 28.0726 ], [ 121.2743, 28.0754 ], [ 121.2685, 28.0701 ], [ 121.267200001000106, 28.0745 ], [ 121.2702, 28.0819 ], [ 121.2653, 28.0864 ], [ 121.2601, 28.0857 ], [ 121.2563, 28.083 ], [ 121.253, 28.0831 ], [ 121.2448, 28.0872 ], [ 121.241200001000038, 28.0829 ], [ 121.2389, 28.0827 ], [ 121.233, 28.0841 ], [ 121.230100000000107, 28.0785 ], [ 121.2316, 28.0747 ], [ 121.237399999000104, 28.0717 ], [ 121.2457, 28.0713 ], [ 121.2475, 28.0698 ], [ 121.2508, 28.0589 ], [ 121.2498, 28.0568 ], [ 121.246300002, 28.0565 ], [ 121.241, 28.0605 ], [ 121.2408, 28.066 ], [ 121.2347, 28.0646 ], [ 121.2204, 28.0699 ], [ 121.2201, 28.0661 ], [ 121.2153, 28.0639 ], [ 121.209500001000038, 28.0634 ], [ 121.2127, 28.0596 ], [ 121.2179000000001, 28.0613 ], [ 121.2199, 28.0584 ], [ 121.2187, 28.0563 ], [ 121.2005, 28.0529 ], [ 121.1989, 28.0523 ], [ 121.1808, 28.0455 ], [ 121.1766, 28.0487 ], [ 121.1629, 28.0456 ], [ 121.1578, 28.0407 ], [ 121.1541, 28.0401 ], [ 121.1518, 28.0439 ], [ 121.1562, 28.0518 ], [ 121.1534, 28.0549 ], [ 121.1469, 28.0567 ], [ 121.1457, 28.0586 ], [ 121.1532, 28.0644 ], [ 121.1577, 28.0777 ], [ 121.1562, 28.0827 ], [ 121.1503, 28.0866 ], [ 121.1452, 28.0994 ], [ 121.1417, 28.1022 ], [ 121.1382, 28.1024 ], [ 121.138, 28.1032 ], [ 121.135799999000028, 28.1113 ], [ 121.1382, 28.1162 ], [ 121.1325, 28.1328 ], [ 121.132999999000049, 28.1376 ], [ 121.1387, 28.1371 ], [ 121.1444, 28.1402 ], [ 121.1523, 28.1363 ], [ 121.1566, 28.1377 ], [ 121.1631, 28.1455 ], [ 121.1731, 28.1491 ], [ 121.1789, 28.1544 ], [ 121.183900000000108, 28.1556 ], [ 121.195700000000102, 28.1694 ], [ 121.2016, 28.168 ], [ 121.2054, 28.1696 ], [ 121.2071, 28.1725 ], [ 121.2062, 28.1751 ], [ 121.2033, 28.1777 ], [ 121.2018, 28.1791 ], [ 121.2, 28.1833 ], [ 121.2013, 28.1858 ], [ 121.207000000000107, 28.188 ], [ 121.2089, 28.1913 ], [ 121.2046, 28.1987 ], [ 121.2071, 28.2026 ], [ 121.2137, 28.2038 ], [ 121.2187, 28.207 ], [ 121.2247, 28.2084 ], [ 121.237800000000107, 28.2071 ], [ 121.245, 28.2097 ] ] ], [ [ [ 121.6361, 28.2262 ], [ 121.6294, 28.2236 ], [ 121.6269, 28.2256 ], [ 121.6349, 28.234399999000061 ], [ 121.6374, 28.2325 ], [ 121.6347, 28.2292 ], [ 121.6361, 28.2262 ] ] ], [ [ [ 121.175, 28.2358 ], [ 121.1708, 28.2258 ], [ 121.1723, 28.2216 ], [ 121.1683, 28.2188 ], [ 121.1657, 28.2096 ], [ 121.1579, 28.2087 ], [ 121.1549, 28.21 ], [ 121.1554000000001, 28.2138 ], [ 121.1508, 28.2191 ], [ 121.1545, 28.2274 ], [ 121.16, 28.2287 ], [ 121.1653, 28.2357 ], [ 121.1695, 28.2338 ], [ 121.175, 28.2358 ] ] ], [ [ [ 121.1671, 28.242 ], [ 121.1624, 28.2417 ], [ 121.1604, 28.2492 ], [ 121.1624, 28.2531 ], [ 121.1661, 28.2489 ], [ 121.1696, 28.2482 ], [ 121.1712, 28.2461 ], [ 121.1671, 28.242 ] ] ], [ [ [ 121.1492, 28.2651 ], [ 121.1557, 28.2622 ], [ 121.1614, 28.263 ], [ 121.1613, 28.2578 ], [ 121.158, 28.2557 ], [ 121.1523, 28.2554 ], [ 121.1491, 28.2605 ], [ 121.1492, 28.2651 ] ] ], [ [ [ 121.6806, 28.2782 ], [ 121.6773, 28.277 ], [ 121.6728, 28.2779 ], [ 121.671, 28.2798 ], [ 121.6751, 28.2841 ], [ 121.6731, 28.2871 ], [ 121.676699999000107, 28.2902 ], [ 121.6804, 28.2868 ], [ 121.682100000000105, 28.2811 ], [ 121.6806, 28.2782 ] ] ], [ [ [ 121.195700000000102, 28.3213 ], [ 121.1905, 28.3204 ], [ 121.1784, 28.3267 ], [ 121.172600000000102, 28.3324 ], [ 121.1716, 28.3406 ], [ 121.1776, 28.3434 ], [ 121.1841, 28.35 ], [ 121.1881, 28.3505 ], [ 121.1923, 28.3477 ], [ 121.196500001, 28.3339 ], [ 121.2032, 28.3266 ], [ 121.195700000000102, 28.3213 ] ] ], [ [ [ 121.2361, 28.3434 ], [ 121.2245, 28.3417 ], [ 121.222, 28.3447 ], [ 121.2382, 28.3507 ], [ 121.239, 28.3467 ], [ 121.2361, 28.3434 ] ] ], [ [ [ 121.6481, 28.3535 ], [ 121.6441, 28.3527 ], [ 121.6417, 28.354 ], [ 121.6503, 28.3639 ], [ 121.6541, 28.3648 ], [ 121.6554000000001, 28.3625 ], [ 121.652400002000036, 28.3565 ], [ 121.6481, 28.3535 ] ] ], [ [ [ 121.641800000000103, 28.3835 ], [ 121.644, 28.3753 ], [ 121.6492, 28.376 ], [ 121.6503, 28.3741 ], [ 121.6491, 28.3718 ], [ 121.6322, 28.3603 ], [ 121.6261, 28.3598 ], [ 121.6243, 28.3627 ], [ 121.6253, 28.3663 ], [ 121.6355, 28.3761 ], [ 121.6395, 28.3936 ], [ 121.6487, 28.4028 ], [ 121.6564, 28.4035 ], [ 121.6494, 28.3953 ], [ 121.6473, 28.3871 ], [ 121.641800000000103, 28.3835 ] ] ], [ [ [ 121.6634, 28.4042 ], [ 121.6568, 28.404 ], [ 121.6587, 28.4078 ], [ 121.6655, 28.4135 ], [ 121.6686, 28.4147 ], [ 121.671, 28.4136 ], [ 121.6677, 28.408 ], [ 121.6634, 28.4042 ] ] ], [ [ [ 121.669899999, 28.4187 ], [ 121.665800000000104, 28.416 ], [ 121.6517, 28.4176 ], [ 121.6494, 28.4193 ], [ 121.6617, 28.4241 ], [ 121.6665, 28.4225 ], [ 121.669899999, 28.4187 ] ] ], [ [ [ 121.852400000000102, 28.4273 ], [ 121.8431, 28.4241 ], [ 121.841, 28.425 ], [ 121.8449, 28.4299 ], [ 121.85, 28.4328 ], [ 121.8564, 28.433 ], [ 121.857499999000083, 28.4305 ], [ 121.852400000000102, 28.4273 ] ] ], [ [ [ 121.6306, 28.4351 ], [ 121.634599998, 28.4336 ], [ 121.6401, 28.4341 ], [ 121.6472, 28.4289 ], [ 121.657, 28.4336 ], [ 121.6626, 28.4286 ], [ 121.6615, 28.4246 ], [ 121.6508, 28.4278 ], [ 121.6451, 28.4279 ], [ 121.636, 28.4254 ], [ 121.6326, 28.4299 ], [ 121.6265, 28.4302 ], [ 121.6278, 28.4346 ], [ 121.6306, 28.4351 ] ] ], [ [ [ 121.8912, 28.4356 ], [ 121.8853, 28.4288 ], [ 121.8833, 28.4347 ], [ 121.8771, 28.4305 ], [ 121.8657, 28.428 ], [ 121.8643, 28.4299 ], [ 121.8751, 28.4355 ], [ 121.8787, 28.4463 ], [ 121.8915, 28.4488 ], [ 121.8964, 28.4533 ], [ 121.9115, 28.4508 ], [ 121.9094, 28.4461 ], [ 121.9046, 28.442 ], [ 121.8912, 28.4356 ] ] ], [ [ [ 121.9193, 28.4536 ], [ 121.917600000000107, 28.4513 ], [ 121.9107, 28.4584 ], [ 121.9104, 28.4628 ], [ 121.9128, 28.4635 ], [ 121.9139, 28.4604 ], [ 121.9178, 28.457 ], [ 121.9193, 28.4536 ] ] ], [ [ [ 121.6302, 28.4561 ], [ 121.626400000000103, 28.4557 ], [ 121.6228, 28.4612 ], [ 121.6222, 28.4663 ], [ 121.6318, 28.4623 ], [ 121.6334, 28.4598 ], [ 121.6302, 28.4561 ] ] ], [ [ [ 121.6363, 28.4793 ], [ 121.6404, 28.474 ], [ 121.6457, 28.4785 ], [ 121.6476, 28.4774 ], [ 121.6488, 28.4711 ], [ 121.6579, 28.4649 ], [ 121.6594, 28.4603 ], [ 121.6574, 28.4553 ], [ 121.6537, 28.4516 ], [ 121.6511, 28.4514 ], [ 121.6481, 28.4532 ], [ 121.6482, 28.4557 ], [ 121.6526, 28.4608 ], [ 121.6519, 28.4633 ], [ 121.6484, 28.4661 ], [ 121.641800000000103, 28.4654 ], [ 121.6383, 28.4668 ], [ 121.632700001000103, 28.4713 ], [ 121.6345, 28.4739 ], [ 121.6319, 28.4761 ], [ 121.6334, 28.4784 ], [ 121.6363, 28.4793 ] ] ], [ [ [ 121.6228, 28.4917 ], [ 121.6256, 28.4869 ], [ 121.6322, 28.4884 ], [ 121.6338, 28.4846 ], [ 121.6318, 28.4817 ], [ 121.6261, 28.4791 ], [ 121.6173, 28.4797 ], [ 121.6143, 28.4813 ], [ 121.6118, 28.4846 ], [ 121.6135, 28.488 ], [ 121.6228, 28.4917 ] ] ], [ [ [ 121.8926, 28.5041 ], [ 121.8942, 28.4995 ], [ 121.8991, 28.4986 ], [ 121.907200000000103, 28.5003 ], [ 121.9078, 28.495 ], [ 121.905, 28.4884 ], [ 121.8984, 28.4825 ], [ 121.9012, 28.4789 ], [ 121.890900000000101, 28.4776 ], [ 121.8852, 28.4714 ], [ 121.8853, 28.4775 ], [ 121.8779, 28.4748 ], [ 121.8741, 28.4751 ], [ 121.8727, 28.4774 ], [ 121.8748, 28.4826 ], [ 121.8808, 28.4864 ], [ 121.8877, 28.4869 ], [ 121.8898, 28.4883 ], [ 121.8889, 28.4908 ], [ 121.8774, 28.4911 ], [ 121.884100000000103, 28.4968 ], [ 121.8843, 28.5012 ], [ 121.872100001000035, 28.4958 ], [ 121.868, 28.4955 ], [ 121.8657, 28.4985 ], [ 121.8677, 28.5013 ], [ 121.8801, 28.5036 ], [ 121.8846, 28.5121 ], [ 121.8932, 28.5146 ], [ 121.8947, 28.5116 ], [ 121.8929, 28.5052 ], [ 121.8926, 28.5041 ] ] ], [ [ [ 121.6194, 28.496 ], [ 121.6151, 28.4946 ], [ 121.6102, 28.4953 ], [ 121.6085, 28.5058 ], [ 121.6037, 28.5105 ], [ 121.6026, 28.5153 ], [ 121.603, 28.5214 ], [ 121.608399999000085, 28.5292 ], [ 121.605799998000066, 28.5383 ], [ 121.6149, 28.5414 ], [ 121.618700000000104, 28.5311 ], [ 121.6235, 28.5262 ], [ 121.6243, 28.5206 ], [ 121.6304, 28.5167 ], [ 121.6208, 28.5116 ], [ 121.6197, 28.5083 ], [ 121.621400001000097, 28.4985 ], [ 121.6194, 28.496 ] ] ], [ [ [ 121.8109, 28.6048 ], [ 121.802, 28.5996 ], [ 121.7995, 28.6019 ], [ 121.8017, 28.6054 ], [ 121.8084, 28.6072 ], [ 121.8109, 28.6121 ], [ 121.8175, 28.6114 ], [ 121.8193, 28.6082 ], [ 121.8183, 28.6061 ], [ 121.8109, 28.6048 ] ] ], [ [ [ 121.802100001000099, 28.6984 ], [ 121.795299999, 28.6921 ], [ 121.7937, 28.6857 ], [ 121.790800000000104, 28.6826 ], [ 121.7827, 28.6817 ], [ 121.7721, 28.6911 ], [ 121.7631, 28.693 ], [ 121.7613, 28.6962 ], [ 121.7627, 28.7022 ], [ 121.7604, 28.7043 ], [ 121.760900000000106, 28.7064 ], [ 121.7656, 28.707 ], [ 121.7727000000001, 28.7047 ], [ 121.7738, 28.7026 ], [ 121.7721, 28.6991 ], [ 121.7732, 28.6974 ], [ 121.7821, 28.6949 ], [ 121.7874, 28.6952 ], [ 121.7928, 28.7024 ], [ 121.7988, 28.7071 ], [ 121.8029, 28.7076 ], [ 121.804, 28.704 ], [ 121.802100001000099, 28.6984 ] ] ], [ [ [ 121.9258, 28.7141 ], [ 121.917, 28.7116 ], [ 121.9131, 28.7158 ], [ 121.9146, 28.7173 ], [ 121.933000000000106, 28.7223 ], [ 121.9336, 28.7206 ], [ 121.9304, 28.7169 ], [ 121.9258, 28.7141 ] ] ], [ [ [ 121.6528, 28.716 ], [ 121.6475, 28.7105 ], [ 121.6442, 28.7131 ], [ 121.6379, 28.7096 ], [ 121.6356, 28.7105 ], [ 121.6369, 28.7136 ], [ 121.6398, 28.7157 ], [ 121.6503, 28.7188 ], [ 121.6616, 28.7244 ], [ 121.6625, 28.7219 ], [ 121.6597, 28.7169 ], [ 121.6528, 28.716 ] ] ], [ [ [ 121.8098, 28.7597 ], [ 121.80200000100001, 28.753 ], [ 121.797600000000102, 28.7573 ], [ 121.7991, 28.7593 ], [ 121.8096, 28.7616 ], [ 121.8098, 28.7597 ] ] ], [ [ [ 121.8793, 28.7521 ], [ 121.8717, 28.7452 ], [ 121.8641, 28.7443 ], [ 121.8621, 28.741 ], [ 121.867800000000102, 28.7325 ], [ 121.866, 28.728 ], [ 121.8622, 28.726 ], [ 121.8562, 28.7259 ], [ 121.854, 28.7295 ], [ 121.8478, 28.7298 ], [ 121.8472, 28.7349 ], [ 121.853300000000104, 28.7408 ], [ 121.8522, 28.7431 ], [ 121.8464, 28.7462 ], [ 121.8521, 28.7526 ], [ 121.853, 28.7535 ], [ 121.86, 28.7486 ], [ 121.8633, 28.7487 ], [ 121.8803, 28.7554 ], [ 121.8893, 28.7626 ], [ 121.8979, 28.7657 ], [ 121.9045, 28.7647 ], [ 121.9054000000001, 28.763 ], [ 121.9037, 28.7614 ], [ 121.89390000100002, 28.7585 ], [ 121.8912, 28.7539 ], [ 121.8793, 28.7521 ] ] ], [ [ [ 121.8211, 28.7676 ], [ 121.8154, 28.7594 ], [ 121.8159, 28.7688 ], [ 121.8206, 28.7731 ], [ 121.8239, 28.7736 ], [ 121.826500001, 28.7719 ], [ 121.8211, 28.7676 ] ] ], [ [ [ 121.8454, 28.7792 ], [ 121.8343, 28.7738 ], [ 121.8342, 28.7759 ], [ 121.8444, 28.7865 ], [ 121.8398, 28.791 ], [ 121.8403, 28.7933 ], [ 121.8492, 28.7969 ], [ 121.8484, 28.8007 ], [ 121.8499, 28.804 ], [ 121.8453, 28.8085 ], [ 121.8484, 28.8113 ], [ 121.855100000000107, 28.812 ], [ 121.8594, 28.8148 ], [ 121.8648, 28.8112 ], [ 121.8662, 28.8093 ], [ 121.8651, 28.8057 ], [ 121.8684, 28.8052 ], [ 121.869600000000105, 28.8029 ], [ 121.8683, 28.8017 ], [ 121.861000000000104, 28.8014 ], [ 121.8561, 28.7978 ], [ 121.8529, 28.7859 ], [ 121.8454, 28.7792 ] ] ], [ [ [ 121.669499999000095, 28.8469 ], [ 121.6657, 28.8468 ], [ 121.6666, 28.8526 ], [ 121.6638, 28.856 ], [ 121.6668, 28.8589 ], [ 121.6703, 28.8574 ], [ 121.6714, 28.8548 ], [ 121.669499999000095, 28.8469 ] ] ], [ [ [ 122.2365, 28.861 ], [ 122.2336, 28.8602 ], [ 122.2249, 28.8629 ], [ 122.2272, 28.8668 ], [ 122.2375, 28.8683 ], [ 122.2365, 28.861 ] ] ], [ [ [ 121.681200000000104, 28.9033 ], [ 121.6923, 28.9006 ], [ 121.6983, 28.9042 ], [ 121.7016, 28.8931 ], [ 121.6912, 28.8851 ], [ 121.6876, 28.8844 ], [ 121.6847, 28.8909 ], [ 121.6781, 28.8921 ], [ 121.6765, 28.895 ], [ 121.6714, 28.8985 ], [ 121.6741, 28.9033 ], [ 121.6787, 28.9055 ], [ 121.681200000000104, 28.9033 ] ] ], [ [ [ 121.6731, 29.0591 ], [ 121.668500000000108, 29.0562 ], [ 121.6584, 29.0613 ], [ 121.6551, 29.0654 ], [ 121.6631, 29.0682 ], [ 121.6732, 29.0641 ], [ 121.6731, 29.0591 ] ] ], [ [ [ 121.7022, 29.0866 ], [ 121.7012, 29.0841 ], [ 121.6963, 29.0875 ], [ 121.6909, 29.0885 ], [ 121.6915, 29.0933 ], [ 121.6944, 29.0938 ], [ 121.7022, 29.0866 ] ] ], [ [ [ 121.822500000000105, 29.0995 ], [ 121.8347, 29.0867 ], [ 121.8328, 29.0842 ], [ 121.8261, 29.0835 ], [ 121.8258, 29.0808 ], [ 121.8335, 29.0754 ], [ 121.8329, 29.0725 ], [ 121.8272, 29.072 ], [ 121.826, 29.0703 ], [ 121.8294, 29.0667 ], [ 121.830200000000104, 29.0615 ], [ 121.8282, 29.058 ], [ 121.823, 29.0564 ], [ 121.8178, 29.0576 ], [ 121.8116, 29.0669 ], [ 121.8059, 29.0666 ], [ 121.8035, 29.0685 ], [ 121.8067, 29.0752 ], [ 121.807100000000105, 29.076 ], [ 121.8064, 29.0783 ], [ 121.7971, 29.0774 ], [ 121.7914, 29.0748 ], [ 121.7883, 29.076 ], [ 121.795, 29.0844 ], [ 121.798999998, 29.0856 ], [ 121.805799999000101, 29.0906 ], [ 121.8106, 29.0903 ], [ 121.815700000000106, 29.0967 ], [ 121.822500000000105, 29.0995 ] ] ], [ [ [ 121.6887, 29.0975 ], [ 121.686300001000063, 29.0971 ], [ 121.681100001, 29.1041 ], [ 121.6775, 29.1055 ], [ 121.6805, 29.1113 ], [ 121.6842, 29.1133 ], [ 121.6902, 29.0996 ], [ 121.6887, 29.0975 ] ] ], [ [ [ 121.5293, 29.1223 ], [ 121.5377, 29.116 ], [ 121.5214, 29.1124 ], [ 121.5179, 29.1154 ], [ 121.5156, 29.12 ], [ 121.5176, 29.1223 ], [ 121.5219, 29.1211 ], [ 121.5293, 29.1223 ] ] ], [ [ [ 121.7943, 29.1477 ], [ 121.798, 29.1424 ], [ 121.80320000100005, 29.1427 ], [ 121.8131, 29.1475 ], [ 121.8222, 29.1396 ], [ 121.8252, 29.139 ], [ 121.8263, 29.1388 ], [ 121.8269, 29.1387 ], [ 121.8291, 29.1338 ], [ 121.8322, 29.1325 ], [ 121.8468, 29.1361 ], [ 121.8469, 29.1397 ], [ 121.8584, 29.1394 ], [ 121.8665, 29.1432 ], [ 121.867299998000021, 29.1288 ], [ 121.8722, 29.1251 ], [ 121.880699998000068, 29.1233 ], [ 121.8854, 29.1192 ], [ 121.8781, 29.1049 ], [ 121.8713, 29.1099 ], [ 121.8689, 29.1093 ], [ 121.8664, 29.106 ], [ 121.8658, 29.1014 ], [ 121.862, 29.0994 ], [ 121.8572, 29.0895 ], [ 121.8472, 29.0964 ], [ 121.8374, 29.0985 ], [ 121.8352000000001, 29.1021 ], [ 121.8357, 29.1048 ], [ 121.8296, 29.1081 ], [ 121.828300002000105, 29.1119 ], [ 121.8179, 29.1154 ], [ 121.8107, 29.1202 ], [ 121.8064, 29.1209 ], [ 121.7983, 29.1188 ], [ 121.7893, 29.1198 ], [ 121.7879, 29.1148 ], [ 121.7853, 29.1138 ], [ 121.7842, 29.1155 ], [ 121.7851, 29.1222 ], [ 121.7826, 29.1273 ], [ 121.7874, 29.1399 ], [ 121.784000000000106, 29.1431 ], [ 121.7898, 29.1476 ], [ 121.7943, 29.1477 ] ] ], [ [ [ 121.5852000000001, 29.1433 ], [ 121.5809, 29.1409 ], [ 121.5776, 29.1411 ], [ 121.5708, 29.1373 ], [ 121.5702, 29.1415 ], [ 121.5736, 29.1462 ], [ 121.5782, 29.1464 ], [ 121.5818, 29.1482 ], [ 121.5844, 29.1565 ], [ 121.5936, 29.1552 ], [ 121.59449999900005, 29.1529 ], [ 121.593, 29.1507 ], [ 121.5852000000001, 29.1433 ] ] ], [ [ [ 121.8742, 29.1623 ], [ 121.8651, 29.1581 ], [ 121.8563, 29.1604 ], [ 121.8566, 29.1624 ], [ 121.8626, 29.1652 ], [ 121.8738, 29.1642 ], [ 121.8742, 29.1623 ] ] ], [ [ [ 121.8983, 29.1632 ], [ 121.886800000000108, 29.1597 ], [ 121.8828, 29.1619 ], [ 121.8836, 29.1642 ], [ 121.9003, 29.168 ], [ 121.9015, 29.166 ], [ 121.8983, 29.1632 ] ] ], [ [ [ 121.984200000000101, 29.1144 ], [ 121.9818, 29.1059 ], [ 121.9777, 29.1027 ], [ 121.9698, 29.101 ], [ 121.9661, 29.0986 ], [ 121.9649, 29.0952 ], [ 121.9662, 29.0935 ], [ 121.971, 29.0928 ], [ 121.9739, 29.0935 ], [ 121.976500000000101, 29.0941 ], [ 121.9793, 29.0934 ], [ 121.9811, 29.0898 ], [ 121.9789, 29.0866 ], [ 121.965, 29.0825 ], [ 121.9576, 29.0749 ], [ 121.9598, 29.0696 ], [ 121.9547, 29.0654 ], [ 121.9583, 29.059 ], [ 121.9478, 29.0553 ], [ 121.9328, 29.0571 ], [ 121.9311, 29.0619 ], [ 121.9353, 29.0698 ], [ 121.9345, 29.0727 ], [ 121.9298, 29.0762 ], [ 121.9144, 29.0786 ], [ 121.909000000000106, 29.0781 ], [ 121.9029, 29.0734 ], [ 121.901, 29.076 ], [ 121.9045, 29.0797 ], [ 121.9143, 29.0836 ], [ 121.9175, 29.0869 ], [ 121.920899999000085, 29.0954 ], [ 121.926, 29.1003 ], [ 121.9264, 29.1053 ], [ 121.9213, 29.1117 ], [ 121.9138, 29.1144 ], [ 121.907, 29.1112 ], [ 121.9058, 29.1118 ], [ 121.9016, 29.1138 ], [ 121.8925, 29.1121 ], [ 121.890000001000089, 29.1143 ], [ 121.889, 29.1204 ], [ 121.8853, 29.1252 ], [ 121.8813, 29.1276 ], [ 121.8738, 29.1291 ], [ 121.8717, 29.131 ], [ 121.877600001000019, 29.1375 ], [ 121.8883, 29.1452 ], [ 121.8917, 29.151 ], [ 121.9195, 29.1633 ], [ 121.9268, 29.1695 ], [ 121.9318, 29.1798 ], [ 121.9374, 29.1826 ], [ 121.9424, 29.1827 ], [ 121.9429, 29.1822 ], [ 121.9507, 29.1739 ], [ 121.9754, 29.1562 ], [ 121.980100000000107, 29.1511 ], [ 121.979, 29.1478 ], [ 121.9729, 29.1414 ], [ 121.98, 29.1331 ], [ 121.9811, 29.13 ], [ 121.9779, 29.125 ], [ 121.9834, 29.1195 ], [ 121.984200000000101, 29.1144 ] ] ], [ [ [ 121.8114, 29.157 ], [ 121.8098, 29.157 ], [ 121.8001, 29.1666 ], [ 121.7875, 29.1677 ], [ 121.7886, 29.1813 ], [ 121.7875, 29.1865 ], [ 121.7893, 29.1913 ], [ 121.7925, 29.1925 ], [ 121.8015, 29.1906 ], [ 121.8137, 29.1862 ], [ 121.8229, 29.1734 ], [ 121.8357, 29.1629 ], [ 121.8368, 29.1608 ], [ 121.8348, 29.159 ], [ 121.8135, 29.1571 ], [ 121.8114, 29.157 ] ] ], [ [ [ 121.9793, 29.167 ], [ 121.978300000000104, 29.1639 ], [ 121.9593, 29.1748 ], [ 121.9527, 29.1856 ], [ 121.9716, 29.1941 ], [ 121.972400000000107, 29.1893 ], [ 121.9661, 29.1849 ], [ 121.9664, 29.1813 ], [ 121.9687, 29.1783 ], [ 121.9756, 29.1765 ], [ 121.978300000000104, 29.1737 ], [ 121.976500000000101, 29.1696 ], [ 121.9793, 29.167 ] ] ], [ [ [ 122.0546, 29.1916 ], [ 122.0533, 29.1897 ], [ 122.0474, 29.1911 ], [ 122.0455, 29.1903 ], [ 122.0451, 29.1855 ], [ 122.047499999000024, 29.1792 ], [ 122.0506, 29.1766 ], [ 122.0575, 29.1784 ], [ 122.0632, 29.1774 ], [ 122.0687, 29.1798 ], [ 122.0714, 29.1795 ], [ 122.072, 29.1774 ], [ 122.0594, 29.1669 ], [ 122.055899998000086, 29.164 ], [ 122.0504, 29.1639 ], [ 122.0425, 29.1685 ], [ 122.0391, 29.1677 ], [ 122.0359, 29.1644 ], [ 122.035, 29.1584 ], [ 122.0309, 29.1572 ], [ 122.026299999, 29.1605 ], [ 122.0166, 29.1565 ], [ 122.0131, 29.1585 ], [ 122.0172, 29.1676 ], [ 122.0138, 29.1731 ], [ 122.0167, 29.1749 ], [ 122.019699998000078, 29.173 ], [ 122.0367, 29.1845 ], [ 122.0312, 29.1886 ], [ 122.0365, 29.1912 ], [ 122.0317, 29.1988 ], [ 122.0377, 29.2091 ], [ 122.049, 29.2038 ], [ 122.052, 29.2002 ], [ 122.0488, 29.1967 ], [ 122.0537, 29.1939 ], [ 122.0546, 29.1916 ] ] ], [ [ [ 121.9962, 29.2243 ], [ 121.9938, 29.2216 ], [ 121.9865, 29.2241 ], [ 121.9835, 29.2271 ], [ 121.9857, 29.23 ], [ 121.9893, 29.2303 ], [ 121.993000001000041, 29.2279 ], [ 121.9962, 29.2243 ] ] ], [ [ [ 122.0064, 29.2274 ], [ 122.0025, 29.2246 ], [ 121.997099998000067, 29.2291 ], [ 121.9977, 29.2316 ], [ 122.0063, 29.2353 ], [ 122.0084, 29.2315 ], [ 122.0064, 29.2274 ] ] ], [ [ [ 121.7932, 29.2008 ], [ 121.7896, 29.2005 ], [ 121.788, 29.2036 ], [ 121.7885, 29.2054 ], [ 121.7914, 29.2153 ], [ 121.7914, 29.2406 ], [ 121.805700002000094, 29.2507 ], [ 121.8115, 29.2518 ], [ 121.8213, 29.2451 ], [ 121.8252, 29.2396 ], [ 121.8217, 29.2357 ], [ 121.8152, 29.2321 ], [ 121.8124, 29.2259 ], [ 121.796, 29.2077 ], [ 121.7932, 29.2008 ] ] ], [ [ [ 121.8043, 29.2576 ], [ 121.7965, 29.2536 ], [ 121.794199999000057, 29.2545 ], [ 121.7931, 29.2658 ], [ 121.8018, 29.2736 ], [ 121.805300000000102, 29.2701 ], [ 121.811, 29.2679 ], [ 121.8043, 29.2576 ] ] ], [ [ [ 121.7915, 29.2878 ], [ 121.7896, 29.287 ], [ 121.788, 29.2985 ], [ 121.793, 29.2984 ], [ 121.796, 29.2954 ], [ 121.7915, 29.2878 ] ] ], [ [ [ 121.9809, 29.3358 ], [ 121.9795, 29.3348 ], [ 121.9752, 29.3349 ], [ 121.9642, 29.3406 ], [ 121.9759, 29.3497 ], [ 121.9807, 29.3502 ], [ 121.9822, 29.3477 ], [ 121.9808, 29.3454 ], [ 121.9742, 29.3412 ], [ 121.9789, 29.3386 ], [ 121.9809, 29.3358 ] ] ], [ [ [ 121.9708, 29.3971 ], [ 121.9689, 29.3965 ], [ 121.9687, 29.4065 ], [ 121.973699999000019, 29.407 ], [ 121.9751, 29.4051 ], [ 121.9719, 29.4029 ], [ 121.9708, 29.3971 ] ] ], [ [ [ 122.0163, 29.4033 ], [ 122.0107, 29.4003 ], [ 122.002300000000105, 29.4057 ], [ 122.0043, 29.4084 ], [ 122.009100000000103, 29.4089 ], [ 122.0138, 29.4071 ], [ 122.0163, 29.4033 ] ] ], [ [ [ 122.2083, 29.4389 ], [ 122.2161, 29.4362 ], [ 122.2219, 29.4375 ], [ 122.2235, 29.4343 ], [ 122.221700001000045, 29.4308 ], [ 122.2161, 29.4293 ], [ 122.2059, 29.4291 ], [ 122.2037, 29.421 ], [ 122.1939, 29.4148 ], [ 122.1861, 29.4148 ], [ 122.1846, 29.4135 ], [ 122.1826, 29.404 ], [ 122.1787, 29.4011 ], [ 122.1728, 29.4011 ], [ 122.1712, 29.4049 ], [ 122.1777, 29.4072 ], [ 122.1784, 29.4109 ], [ 122.1786, 29.4122 ], [ 122.1766, 29.4169 ], [ 122.1781, 29.4198 ], [ 122.186999998000033, 29.421 ], [ 122.1909, 29.4236 ], [ 122.1936, 29.4269 ], [ 122.1955, 29.4342 ], [ 122.2083, 29.4389 ] ] ], [ [ [ 122.1942, 29.4528 ], [ 122.1917, 29.4506 ], [ 122.1845, 29.4543 ], [ 122.1843, 29.4585 ], [ 122.1864, 29.462 ], [ 122.1914, 29.4627 ], [ 122.1932, 29.4601 ], [ 122.1917, 29.4556 ], [ 122.1942, 29.4528 ] ] ], [ [ [ 121.98, 29.4988 ], [ 121.9757, 29.4987 ], [ 121.9726, 29.5004 ], [ 121.9821, 29.5059 ], [ 121.988, 29.5112 ], [ 121.9957, 29.5053 ], [ 121.9957, 29.5037 ], [ 121.9837, 29.5029 ], [ 121.98, 29.4988 ] ] ], [ [ [ 121.5764, 29.5244 ], [ 121.5854, 29.5227 ], [ 121.586299999000062, 29.5192 ], [ 121.5834, 29.5169 ], [ 121.5747, 29.5154 ], [ 121.5713, 29.5205 ], [ 121.5637, 29.524 ], [ 121.558900001000097, 29.5239 ], [ 121.5677, 29.53 ], [ 121.5708, 29.5299 ], [ 121.5764, 29.5244 ] ] ], [ [ [ 121.6855, 29.541 ], [ 121.669, 29.539 ], [ 121.6662, 29.5405 ], [ 121.666, 29.5432 ], [ 121.6798, 29.5517 ], [ 121.6861, 29.5533 ], [ 121.6896, 29.5496 ], [ 121.6948000000001, 29.5495 ], [ 121.6962, 29.5468 ], [ 121.6855, 29.541 ] ] ], [ [ [ 121.9827, 29.5585 ], [ 121.9863, 29.5509 ], [ 121.989699999000095, 29.551 ], [ 121.9929, 29.5474 ], [ 121.9875, 29.5419 ], [ 121.9834, 29.5424 ], [ 121.9784, 29.55 ], [ 121.9725, 29.5508 ], [ 121.9709, 29.5548 ], [ 121.9827, 29.5585 ] ] ], [ [ [ 122.158100000000104, 29.6139 ], [ 122.1517, 29.6074 ], [ 122.1442, 29.6111 ], [ 122.1462, 29.614 ], [ 122.152, 29.6162 ], [ 122.1509, 29.6181 ], [ 122.1524, 29.6205 ], [ 122.1584, 29.621 ], [ 122.1594, 29.6177 ], [ 122.158100000000104, 29.6139 ] ] ], [ [ [ 122.0306, 29.6092 ], [ 122.0278, 29.6049 ], [ 122.0235, 29.605 ], [ 122.0212, 29.6071 ], [ 122.0247, 29.6137 ], [ 122.0218, 29.6188 ], [ 122.0252, 29.6221 ], [ 122.031, 29.6222 ], [ 122.036, 29.613500001000091 ], [ 122.0354, 29.6108 ], [ 122.0306, 29.6092 ] ] ], [ [ [ 122.004600001000085, 29.6209 ], [ 121.9998, 29.62 ], [ 121.9997, 29.6241 ], [ 122.0044, 29.6292 ], [ 122.0085, 29.6296 ], [ 122.0096, 29.6275 ], [ 122.004600001000085, 29.6209 ] ] ], [ [ [ 122.2264, 29.6319 ], [ 122.216300002000025, 29.6311 ], [ 122.2133, 29.6345 ], [ 122.2168, 29.639 ], [ 122.2205, 29.6356 ], [ 122.226500000000101, 29.6353 ], [ 122.2279, 29.6338 ], [ 122.2264, 29.6319 ] ] ], [ [ [ 122.2432, 29.6589 ], [ 122.2422, 29.6572 ], [ 122.2343, 29.6574 ], [ 122.2304, 29.6604 ], [ 122.2324, 29.6631 ], [ 122.236000000000104, 29.6634 ], [ 122.2416, 29.6606 ], [ 122.2432, 29.6589 ] ] ], [ [ [ 122.225, 29.6858 ], [ 122.2166, 29.6844 ], [ 122.212900000000104, 29.6897 ], [ 122.22599999900001, 29.6881 ], [ 122.225, 29.6858 ] ] ], [ [ [ 122.2075, 29.7166 ], [ 122.2155, 29.713 ], [ 122.2218, 29.7133 ], [ 122.2258, 29.7115 ], [ 122.23, 29.7026 ], [ 122.2432, 29.695 ], [ 122.2588, 29.6898 ], [ 122.2757, 29.6875 ], [ 122.2809, 29.6849 ], [ 122.278, 29.682400001000076 ], [ 122.276799999000104, 29.6762 ], [ 122.2732, 29.6753 ], [ 122.2644, 29.6851 ], [ 122.2534, 29.6862 ], [ 122.2466, 29.682 ], [ 122.2431, 29.6852 ], [ 122.2362, 29.6868 ], [ 122.2313, 29.6892 ], [ 122.219700000000103, 29.6947 ], [ 122.2072, 29.7068 ], [ 122.2075, 29.7166 ] ] ], [ [ [ 122.2375, 29.734 ], [ 122.2355, 29.7318 ], [ 122.2267, 29.7341 ], [ 122.2242, 29.7371 ], [ 122.226500000000101, 29.7414 ], [ 122.2303, 29.74 ], [ 122.2375, 29.734 ] ] ], [ [ [ 121.9141, 29.75 ], [ 121.9127, 29.7481 ], [ 121.9091, 29.7484 ], [ 121.9023, 29.7454 ], [ 121.9015, 29.7496 ], [ 121.905899998, 29.7537 ], [ 121.9112, 29.7542 ], [ 121.9141, 29.75 ] ] ], [ [ [ 122.018, 29.7234 ], [ 122.0146, 29.7226 ], [ 122.0143, 29.746 ], [ 122.0175, 29.7499 ], [ 122.0335, 29.7562 ], [ 122.038, 29.7528 ], [ 122.0395, 29.7486 ], [ 122.0387, 29.7444 ], [ 122.036, 29.7413 ], [ 122.0296, 29.7381 ], [ 122.0277, 29.729 ], [ 122.0224, 29.7279 ], [ 122.018, 29.7234 ] ] ], [ [ [ 122.1963, 29.7626 ], [ 122.1923, 29.7583 ], [ 122.1882, 29.7584 ], [ 122.1869, 29.7609 ], [ 122.1904, 29.7669 ], [ 122.1945, 29.7681 ], [ 122.1963, 29.7626 ] ] ], [ [ [ 122.283100000000104, 29.7456 ], [ 122.2904, 29.7431 ], [ 122.2933, 29.7489 ], [ 122.2991, 29.7444 ], [ 122.3036, 29.7432 ], [ 122.3021, 29.741 ], [ 122.2934, 29.7387 ], [ 122.3055, 29.7384 ], [ 122.3109, 29.7382 ], [ 122.3124, 29.7349 ], [ 122.3109, 29.7326 ], [ 122.3075, 29.731 ], [ 122.2901, 29.7327 ], [ 122.2859, 29.727 ], [ 122.2808, 29.7262 ], [ 122.2756, 29.7339 ], [ 122.2629, 29.7361 ], [ 122.255, 29.7342 ], [ 122.2438, 29.7447 ], [ 122.2367, 29.7476 ], [ 122.2376, 29.7509 ], [ 122.2348, 29.7539 ], [ 122.2293, 29.7549 ], [ 122.2269, 29.7625 ], [ 122.2221, 29.768 ], [ 122.2126, 29.7722 ], [ 122.212900000000104, 29.7728 ], [ 122.2134, 29.7737 ], [ 122.234, 29.7819 ], [ 122.24, 29.782 ], [ 122.2451, 29.7773 ], [ 122.2542, 29.776 ], [ 122.2567, 29.773 ], [ 122.2549, 29.7699 ], [ 122.250099999000099, 29.7696 ], [ 122.2479, 29.768 ], [ 122.2436, 29.76 ], [ 122.2586, 29.7492 ], [ 122.2721, 29.7459 ], [ 122.283100000000104, 29.7456 ] ] ], [ [ [ 122.127, 29.7835 ], [ 122.1314, 29.7792 ], [ 122.1317, 29.7738 ], [ 122.1297, 29.7688 ], [ 122.127800001000082, 29.754 ], [ 122.1295, 29.7471 ], [ 122.133, 29.7436 ], [ 122.1408, 29.7412 ], [ 122.1478, 29.7317 ], [ 122.1488, 29.7303 ], [ 122.1542, 29.7264 ], [ 122.1692, 29.7227 ], [ 122.1834, 29.7109 ], [ 122.1872, 29.71 ], [ 122.1951, 29.7112 ], [ 122.1976, 29.6984 ], [ 122.2069, 29.6886 ], [ 122.199300000000108, 29.6825 ], [ 122.1962, 29.67 ], [ 122.1896, 29.6639 ], [ 122.1903, 29.6554 ], [ 122.1855, 29.6548 ], [ 122.183000000000106, 29.6514 ], [ 122.1779, 29.6511 ], [ 122.175600001000021, 29.6522 ], [ 122.1742, 29.6551 ], [ 122.1796, 29.6659 ], [ 122.1798, 29.671699999000055 ], [ 122.1761, 29.6766 ], [ 122.1732, 29.6762 ], [ 122.1686, 29.6667 ], [ 122.1601, 29.6603 ], [ 122.1557, 29.6597 ], [ 122.1521, 29.6651 ], [ 122.1576, 29.6662 ], [ 122.161799999000095, 29.6688 ], [ 122.1625, 29.6706 ], [ 122.163, 29.6719 ], [ 122.1615, 29.6759 ], [ 122.1575, 29.6766 ], [ 122.1545, 29.6752 ], [ 122.142699998000012, 29.6626 ], [ 122.1377, 29.6648 ], [ 122.135900001000095, 29.6671 ], [ 122.13760000100001, 29.67 ], [ 122.1363, 29.6717 ], [ 122.1324, 29.6722 ], [ 122.1393, 29.6846 ], [ 122.1379, 29.6875 ], [ 122.1335, 29.6906 ], [ 122.1271, 29.6922 ], [ 122.1228, 29.6996 ], [ 122.1133, 29.7015 ], [ 122.1114, 29.7045 ], [ 122.1165, 29.7077 ], [ 122.1179, 29.7123 ], [ 122.1164, 29.7179 ], [ 122.1065, 29.7169 ], [ 122.0966, 29.7175 ], [ 122.0905, 29.7179 ], [ 122.0887, 29.7198 ], [ 122.0913, 29.7256 ], [ 122.0906, 29.7279 ], [ 122.087000000000103, 29.728 ], [ 122.0778, 29.7249 ], [ 122.073100001000057, 29.7258 ], [ 122.0701, 29.724 ], [ 122.0644, 29.7244 ], [ 122.0623, 29.7192 ], [ 122.050399999000092, 29.7128 ], [ 122.0488, 29.7139 ], [ 122.0463, 29.7177 ], [ 122.0466, 29.7214 ], [ 122.0568, 29.735 ], [ 122.06740000100001, 29.7584 ], [ 122.071500001, 29.7681 ], [ 122.0682, 29.7694 ], [ 122.068, 29.7709 ], [ 122.0694, 29.7719 ], [ 122.0741, 29.7753 ], [ 122.0838, 29.7805 ], [ 122.0915, 29.7799 ], [ 122.109, 29.7833 ], [ 122.1201, 29.7912 ], [ 122.1263, 29.791 ], [ 122.1293, 29.7884 ], [ 122.127, 29.7835 ] ] ], [ [ [ 122.1911, 29.7961 ], [ 122.196699999000089, 29.7922 ], [ 122.1971, 29.7885 ], [ 122.195100001000014, 29.7875 ], [ 122.1866, 29.7908 ], [ 122.180099999000049, 29.7899 ], [ 122.1773, 29.7921 ], [ 122.1813, 29.7955 ], [ 122.1865, 29.7944 ], [ 122.1911, 29.7961 ] ] ], [ [ [ 122.161, 29.8073 ], [ 122.1677, 29.8055 ], [ 122.173, 29.8066 ], [ 122.174, 29.802 ], [ 122.1696, 29.7994 ], [ 122.1657, 29.8022 ], [ 122.159000000000106, 29.8038 ], [ 122.1584, 29.8068 ], [ 122.161, 29.8073 ] ] ], [ [ [ 122.2333, 29.8037 ], [ 122.2294, 29.8017 ], [ 122.222400000000107, 29.8019 ], [ 122.2218, 29.8038 ], [ 122.2248, 29.8093 ], [ 122.2272, 29.8097 ], [ 122.2333, 29.8037 ] ] ], [ [ [ 122.0012, 29.7645 ], [ 121.9976, 29.7637 ], [ 121.9912, 29.7649 ], [ 121.984, 29.7714 ], [ 121.9759, 29.7745 ], [ 121.9694, 29.7792 ], [ 121.9696, 29.7866 ], [ 121.9698, 29.793 ], [ 121.972, 29.7961 ], [ 121.9835, 29.8035 ], [ 122.0056, 29.8145 ], [ 122.0196, 29.8177 ], [ 122.0241, 29.816 ], [ 122.0312, 29.806 ], [ 122.0259, 29.7986 ], [ 122.014599999000097, 29.7878 ], [ 122.0062, 29.7704 ], [ 122.0012, 29.7645 ] ] ], [ [ [ 122.1961, 29.8092 ], [ 122.1945, 29.8063 ], [ 122.1829, 29.8154 ], [ 122.1921, 29.8214 ], [ 122.1988, 29.8125 ], [ 122.1949, 29.8109 ], [ 122.1961, 29.8092 ] ] ], [ [ [ 122.3307, 29.8311 ], [ 122.3272, 29.8281 ], [ 122.3241, 29.8292 ], [ 122.3177, 29.8371 ], [ 122.317800001000023, 29.8404 ], [ 122.3223, 29.8403 ], [ 122.3289, 29.8347 ], [ 122.3307, 29.8311 ] ] ], [ [ [ 122.371, 29.8401 ], [ 122.3751, 29.8344 ], [ 122.3718, 29.8305 ], [ 122.369, 29.8299 ], [ 122.3606, 29.8375 ], [ 122.3572, 29.8365 ], [ 122.3544, 29.8376 ], [ 122.36060000100008, 29.8448 ], [ 122.3706, 29.8439 ], [ 122.371, 29.8401 ] ] ], [ [ [ 122.2355, 29.8425 ], [ 122.242800000000102, 29.8408 ], [ 122.2456, 29.8437 ], [ 122.2607, 29.8456 ], [ 122.264, 29.8449 ], [ 122.2673, 29.84090000100008 ], [ 122.28, 29.8435 ], [ 122.3015, 29.8335 ], [ 122.3061, 29.828 ], [ 122.314300001000106, 29.8284 ], [ 122.3171, 29.8262 ], [ 122.3182, 29.8235 ], [ 122.3153, 29.8215 ], [ 122.3091, 29.8227 ], [ 122.3017, 29.8176 ], [ 122.2952, 29.8157 ], [ 122.2944, 29.8141 ], [ 122.2972, 29.81 ], [ 122.3055, 29.8098 ], [ 122.3093, 29.8072 ], [ 122.3106, 29.8026 ], [ 122.308300001000021, 29.7993 ], [ 122.3043, 29.8011 ], [ 122.3035, 29.7978 ], [ 122.3115, 29.7859 ], [ 122.3223, 29.7806 ], [ 122.3214, 29.7754 ], [ 122.315, 29.7762 ], [ 122.312099999, 29.7752 ], [ 122.3131, 29.771 ], [ 122.3083, 29.7699 ], [ 122.3049, 29.7745 ], [ 122.298, 29.7768 ], [ 122.29319999900008, 29.7846 ], [ 122.2911, 29.7853 ], [ 122.2869, 29.7817 ], [ 122.277200000000107, 29.7861 ], [ 122.273600000000101, 29.7912 ], [ 122.258, 29.7993 ], [ 122.2457, 29.8115 ], [ 122.2354, 29.824899999000081 ], [ 122.226500000000101, 29.8262 ], [ 122.2194, 29.8349 ], [ 122.2237, 29.8424 ], [ 122.2308, 29.8457 ], [ 122.2312, 29.8454 ], [ 122.2355, 29.8425 ] ] ], [ [ [ 122.2637, 29.8646 ], [ 122.2584, 29.8638 ], [ 122.2542, 29.8658 ], [ 122.252300000000105, 29.8751 ], [ 122.2568, 29.8808 ], [ 122.267, 29.8697 ], [ 122.266600001000029, 29.8666 ], [ 122.2637, 29.8646 ] ] ], [ [ [ 122.3422, 29.8745 ], [ 122.3351, 29.8713 ], [ 122.3345, 29.868 ], [ 122.3402, 29.8656 ], [ 122.3389, 29.8639 ], [ 122.3336, 29.8611 ], [ 122.2995, 29.8526 ], [ 122.285900001000073, 29.8602 ], [ 122.2862, 29.8635 ], [ 122.2869, 29.869 ], [ 122.2953, 29.8784 ], [ 122.3036, 29.8815 ], [ 122.3194, 29.874 ], [ 122.3227, 29.8739 ], [ 122.3271, 29.8753 ], [ 122.3314, 29.8815 ], [ 122.3362, 29.8832 ], [ 122.3423, 29.8795 ], [ 122.3439, 29.8774 ], [ 122.3422, 29.8745 ] ] ], [ [ [ 122.0207, 29.8862 ], [ 122.0173, 29.8786 ], [ 122.0138, 29.8799 ], [ 122.0112, 29.8831 ], [ 122.0152, 29.8889 ], [ 122.0193, 29.8888 ], [ 122.0207, 29.8862 ] ] ], [ [ [ 122.0184, 29.9053 ], [ 122.0171, 29.902 ], [ 122.0137, 29.9023 ], [ 122.0081, 29.9057 ], [ 122.0067, 29.9085 ], [ 122.0097, 29.9134 ], [ 122.0129, 29.914 ], [ 122.015900000000101, 29.9118 ], [ 122.0184, 29.9053 ] ] ], [ [ [ 122.3008, 29.9288 ], [ 122.297, 29.9224 ], [ 122.2856, 29.9323 ], [ 122.2868, 29.9346 ], [ 122.3007, 29.9405 ], [ 122.304400002000079, 29.9369 ], [ 122.306200001000093, 29.9322 ], [ 122.3008, 29.9288 ] ] ], [ [ [ 122.4591, 29.9308 ], [ 122.4509, 29.9285 ], [ 122.4464, 29.9378 ], [ 122.4476, 29.9462 ], [ 122.4511, 29.949 ], [ 122.4538, 29.943899999000053 ], [ 122.452200001000051, 29.9398 ], [ 122.4591, 29.9308 ] ] ], [ [ [ 121.9873, 29.8993 ], [ 121.9778, 29.8962 ], [ 121.9615, 29.8972 ], [ 121.9533, 29.8945 ], [ 121.9456, 29.8942 ], [ 121.939800000000105, 29.8979 ], [ 121.9349, 29.9032 ], [ 121.9311, 29.9129 ], [ 121.9369, 29.9326 ], [ 121.9397, 29.9372 ], [ 121.9438, 29.9398 ], [ 121.955200000000104, 29.9433 ], [ 121.96, 29.9511 ], [ 121.965100002000099, 29.9516 ], [ 121.9696, 29.944 ], [ 121.975100001000101, 29.942 ], [ 121.9767, 29.933 ], [ 121.98, 29.9294 ], [ 121.9894, 29.9248 ], [ 121.993700000000104, 29.9077 ], [ 121.9917, 29.9024 ], [ 121.9873, 29.8993 ] ] ], [ [ [ 122.3491, 29.9529 ], [ 122.3552, 29.9441 ], [ 122.3584, 29.9447 ], [ 122.3639, 29.9508 ], [ 122.369, 29.9441 ], [ 122.3726, 29.9395 ], [ 122.3781, 29.939 ], [ 122.3835, 29.9422 ], [ 122.3889, 29.9389 ], [ 122.3972, 29.945 ], [ 122.4058, 29.9439 ], [ 122.4082, 29.9505 ], [ 122.4134, 29.9481 ], [ 122.4194, 29.9415 ], [ 122.4166, 29.9361 ], [ 122.421, 29.9234 ], [ 122.424, 29.9215 ], [ 122.4242, 29.9194 ], [ 122.404, 29.9189 ], [ 122.4001, 29.9167 ], [ 122.4064, 29.9121 ], [ 122.4214, 29.9083 ], [ 122.4283, 29.9065 ], [ 122.4285, 29.9047 ], [ 122.4231, 29.9015 ], [ 122.423, 29.8969 ], [ 122.4261, 29.8982 ], [ 122.4283, 29.8974 ], [ 122.4269, 29.8932 ], [ 122.427899998000044, 29.888 ], [ 122.4257, 29.8857 ], [ 122.4219, 29.8871 ], [ 122.4178, 29.8866 ], [ 122.4145, 29.8795 ], [ 122.4102, 29.8751 ], [ 122.393, 29.8688 ], [ 122.3971, 29.8622 ], [ 122.3938, 29.8573 ], [ 122.3961, 29.8533 ], [ 122.4039, 29.851 ], [ 122.4096, 29.8473 ], [ 122.4094, 29.8439 ], [ 122.4054000000001, 29.8367 ], [ 122.4098, 29.8329 ], [ 122.4038, 29.832 ], [ 122.3989, 29.8357 ], [ 122.3867, 29.8364 ], [ 122.3827, 29.8392 ], [ 122.378, 29.8439 ], [ 122.3752, 29.8528 ], [ 122.3665, 29.8643 ], [ 122.3666, 29.8676 ], [ 122.3713, 29.8704 ], [ 122.3746000000001, 29.8691 ], [ 122.3794, 29.8712 ], [ 122.3835, 29.8772 ], [ 122.3829, 29.8804 ], [ 122.378200000000106, 29.8832 ], [ 122.3759, 29.8866 ], [ 122.3788, 29.8909 ], [ 122.377400001000069, 29.8964 ], [ 122.3686, 29.9072 ], [ 122.3488, 29.9167 ], [ 122.3395, 29.9166 ], [ 122.336900001, 29.9187 ], [ 122.3356, 29.929 ], [ 122.3281, 29.9342 ], [ 122.3402, 29.9383 ], [ 122.3452, 29.9454 ], [ 122.346599999000091, 29.9521 ], [ 122.3491, 29.9529 ] ] ], [ [ [ 122.0877, 29.9379 ], [ 122.0797, 29.9375 ], [ 122.0769, 29.9395 ], [ 122.073400000000106, 29.9483 ], [ 122.0742, 29.9508 ], [ 122.0872, 29.9547 ], [ 122.0871, 29.9434 ], [ 122.0916, 29.9427 ], [ 122.0923, 29.9406 ], [ 122.0877, 29.9379 ] ] ], [ [ [ 122.163700001000052, 29.9535 ], [ 122.1611, 29.9489 ], [ 122.1556, 29.9466 ], [ 122.1449, 29.95 ], [ 122.1357, 29.9491 ], [ 122.1324, 29.9507 ], [ 122.1321, 29.9549 ], [ 122.1343, 29.9584 ], [ 122.1400000000001, 29.962 ], [ 122.147, 29.9639 ], [ 122.1532, 29.9633 ], [ 122.1619, 29.9581 ], [ 122.163700001000052, 29.9535 ] ] ], [ [ [ 122.2478, 29.9504 ], [ 122.250199999000074, 29.9451 ], [ 122.2485, 29.9437 ], [ 122.2402, 29.9474 ], [ 122.2306, 29.9466 ], [ 122.2222, 29.9529 ], [ 122.219700000000103, 29.958 ], [ 122.2211, 29.964 ], [ 122.2259, 29.963 ], [ 122.2359, 29.9557 ], [ 122.2429, 29.9545 ], [ 122.2478, 29.9504 ] ] ], [ [ [ 122.0719, 29.9548 ], [ 122.0692, 29.9528 ], [ 122.0664, 29.9623 ], [ 122.0679, 29.9654 ], [ 122.070400001000053, 29.962 ], [ 122.0719, 29.9548 ] ] ], [ [ [ 122.0394, 29.9664 ], [ 122.0421, 29.962 ], [ 122.0508, 29.963 ], [ 122.0516, 29.957 ], [ 122.0475, 29.9418 ], [ 122.0391, 29.9339 ], [ 122.0355, 29.9335 ], [ 122.0292, 29.9395 ], [ 122.0296, 29.9441 ], [ 122.026300000000106, 29.953 ], [ 122.029, 29.9575 ], [ 122.0351, 29.9586 ], [ 122.0374, 29.9659 ], [ 122.0394, 29.9664 ] ] ], [ [ [ 122.1217, 29.9668 ], [ 122.117, 29.9599 ], [ 122.1044, 29.9641 ], [ 122.1105, 29.978 ], [ 122.1186, 29.9779 ], [ 122.123, 29.9728 ], [ 122.1217, 29.9668 ] ] ], [ [ [ 122.1816, 29.9589 ], [ 122.1763, 29.958 ], [ 122.1684, 29.9671 ], [ 122.1608, 29.9675 ], [ 122.1546, 29.97 ], [ 122.141, 29.9709 ], [ 122.1394, 29.973699999000075 ], [ 122.1477000000001, 29.9793 ], [ 122.1548, 29.9846 ], [ 122.1616, 29.9869 ], [ 122.1647, 29.9858 ], [ 122.1712, 29.98 ], [ 122.1767, 29.9776 ], [ 122.1856, 29.963 ], [ 122.1816, 29.9589 ] ] ], [ [ [ 122.0744, 29.9748 ], [ 122.072, 29.9742 ], [ 122.0675, 29.9752 ], [ 122.0661, 29.979 ], [ 122.0682, 29.9852 ], [ 122.0665, 29.9925 ], [ 122.0679, 29.9965 ], [ 122.0711, 29.9989 ], [ 122.0847, 29.9892 ], [ 122.0867, 29.9854 ], [ 122.0769, 29.9796 ], [ 122.0744, 29.9748 ] ] ], [ [ [ 122.4059, 30.0249 ], [ 122.399500000000103, 30.0132 ], [ 122.401300000000106, 30.0083 ], [ 122.4041, 30.006 ], [ 122.4134, 30.0055 ], [ 122.4153, 30.0042 ], [ 122.4101, 30.0 ], [ 122.408100000000104, 30.0 ], [ 122.4053, 29.9995 ], [ 122.4046, 30.0 ], [ 122.4018, 30.0023 ], [ 122.3977000000001, 30.0028 ], [ 122.3941, 30.0 ], [ 122.3900000000001, 29.9806 ], [ 122.392, 29.9735 ], [ 122.389, 29.9721 ], [ 122.386800000000108, 29.9759 ], [ 122.3766, 29.9743 ], [ 122.3722, 29.9782 ], [ 122.366900000000101, 29.9787 ], [ 122.3666, 29.9827 ], [ 122.3732, 29.9859 ], [ 122.3752, 29.9902 ], [ 122.3757, 29.9956 ], [ 122.3736, 30.0 ], [ 122.3721, 30.0032 ], [ 122.376599999000064, 30.0092 ], [ 122.377, 30.0127 ], [ 122.3797, 30.0168 ], [ 122.3761, 30.023 ], [ 122.3771, 30.0248 ], [ 122.3876, 30.0223 ], [ 122.3926, 30.0228 ], [ 122.4006, 30.0313 ], [ 122.4039, 30.0292 ], [ 122.4059, 30.0249 ] ] ], [ [ [ 122.4289, 30.0227 ], [ 122.4257, 30.0223 ], [ 122.4232, 30.0247 ], [ 122.4222, 30.0322 ], [ 122.418500000000108, 30.0357 ], [ 122.4222, 30.0396 ], [ 122.4246, 30.0387 ], [ 122.4302, 30.0254 ], [ 122.4289, 30.0227 ] ] ], [ [ [ 121.8423, 30.0646 ], [ 121.8351, 30.0642 ], [ 121.8214, 30.0693 ], [ 121.8244, 30.0759 ], [ 121.821, 30.0814 ], [ 121.8242, 30.0847 ], [ 121.8382, 30.0802 ], [ 121.8422, 30.077 ], [ 121.846500000000106, 30.0681 ], [ 121.8423, 30.0646 ] ] ], [ [ [ 121.8867, 30.0791 ], [ 121.8847, 30.0748 ], [ 121.891699999000025, 30.0688 ], [ 121.892700000000104, 30.0623 ], [ 121.9001, 30.0604 ], [ 121.9001, 30.0536 ], [ 121.902200000000107, 30.052 ], [ 121.9093, 30.0546 ], [ 121.9112, 30.0538 ], [ 121.9183, 30.0511 ], [ 121.9175, 30.0408 ], [ 121.9225, 30.0217 ], [ 121.9229, 30.0121 ], [ 121.9219, 30.0027 ], [ 121.9201, 30.0 ], [ 121.916700000000105, 29.9951 ], [ 121.9088, 29.9894 ], [ 121.8882, 29.9803 ], [ 121.876400000000103, 29.9716 ], [ 121.8699, 29.969 ], [ 121.856000000000108, 29.9693 ], [ 121.8517, 29.9719 ], [ 121.8508, 29.9738 ], [ 121.8541, 29.9802 ], [ 121.8523, 29.9851 ], [ 121.8443, 29.9904 ], [ 121.841, 29.9899 ], [ 121.8392, 29.9874 ], [ 121.8428, 29.9802 ], [ 121.8378, 29.9814 ], [ 121.8355, 29.9833 ], [ 121.832700001000035, 29.9945 ], [ 121.8353, 30.0 ], [ 121.8373, 30.0044 ], [ 121.8437, 30.0103 ], [ 121.8478, 30.02 ], [ 121.847, 30.0255 ], [ 121.8423, 30.0304 ], [ 121.8409, 30.0434 ], [ 121.8404, 30.0478 ], [ 121.8428, 30.054 ], [ 121.844700000000103, 30.0556 ], [ 121.8498, 30.0559 ], [ 121.8514, 30.0711 ], [ 121.8476, 30.08 ], [ 121.8498, 30.0806 ], [ 121.8605, 30.0776 ], [ 121.8756, 30.085 ], [ 121.8815, 30.0822 ], [ 121.886, 30.0818 ], [ 121.8867, 30.0791 ] ] ], [ [ [ 121.9806, 30.0733 ], [ 121.9761, 30.0729 ], [ 121.975200001000076, 30.0759 ], [ 121.9793, 30.0854 ], [ 121.981299999000043, 30.0864 ], [ 121.9821, 30.0818 ], [ 121.985999999, 30.0773 ], [ 121.9806, 30.0733 ] ] ], [ [ [ 122.292, 30.0949 ], [ 122.2953, 30.091 ], [ 122.2998, 30.0911 ], [ 122.301, 30.0892 ], [ 122.299, 30.0872 ], [ 122.2941, 30.085 ], [ 122.2866, 30.0764 ], [ 122.2835, 30.0752 ], [ 122.2785, 30.0783 ], [ 122.2896, 30.0947 ], [ 122.292, 30.0949 ] ] ], [ [ [ 121.9769, 30.0932 ], [ 121.9717, 30.0877 ], [ 121.9685, 30.0921 ], [ 121.9625, 30.0952 ], [ 121.9696, 30.0975 ], [ 121.9751, 30.0966 ], [ 121.9769, 30.0932 ] ] ], [ [ [ 122.2331, 30.1005 ], [ 122.229200000000105, 30.0981 ], [ 122.2256, 30.099 ], [ 122.2231, 30.1035 ], [ 122.2234, 30.1047 ], [ 122.2278, 30.1055 ], [ 122.2345, 30.1053 ], [ 122.2331, 30.1005 ] ] ], [ [ [ 121.941899999000043, 30.0695 ], [ 121.9274, 30.0669 ], [ 121.926, 30.0695 ], [ 121.9293, 30.0759 ], [ 121.9275, 30.0803 ], [ 121.92, 30.0859 ], [ 121.9121, 30.0861 ], [ 121.9067, 30.0889 ], [ 121.9046, 30.0923 ], [ 121.9093, 30.098 ], [ 121.9164, 30.1029 ], [ 121.924400000000105, 30.1052 ], [ 121.9299, 30.1128 ], [ 121.9346, 30.1152 ], [ 121.942, 30.1163 ], [ 121.9443, 30.1104 ], [ 121.9503, 30.1101 ], [ 121.9516, 30.1052 ], [ 121.9554, 30.1035 ], [ 121.956, 30.0999 ], [ 121.9527, 30.0941 ], [ 121.9547, 30.0899 ], [ 121.9488, 30.0819 ], [ 121.946, 30.0782 ], [ 121.941899999000043, 30.0695 ] ] ], [ [ [ 121.8646, 30.1061 ], [ 121.8606, 30.1058 ], [ 121.859200000000101, 30.1083 ], [ 121.8608, 30.1129 ], [ 121.8626, 30.117 ], [ 121.8647, 30.1172 ], [ 121.8646, 30.1061 ] ] ], [ [ [ 122.7792, 30.1297 ], [ 122.7784, 30.1272 ], [ 122.7675, 30.1255 ], [ 122.762, 30.127500001000044 ], [ 122.7592, 30.1223 ], [ 122.7566, 30.1222 ], [ 122.751, 30.1345 ], [ 122.754, 30.1436 ], [ 122.7649, 30.141 ], [ 122.7778, 30.1327 ], [ 122.7792, 30.1297 ] ] ], [ [ [ 122.7137, 30.1669 ], [ 122.711100000000101, 30.1669 ], [ 122.7079, 30.1731 ], [ 122.710899999000048, 30.1757 ], [ 122.713500002000046, 30.1817 ], [ 122.7165, 30.1818 ], [ 122.7195, 30.1725 ], [ 122.7137, 30.1669 ] ] ], [ [ [ 121.9752, 30.1667 ], [ 121.9745, 30.1582 ], [ 121.9753, 30.1567 ], [ 121.9779, 30.152299999000036 ], [ 121.9866, 30.1531 ], [ 121.9931, 30.1519 ], [ 121.9974, 30.1441 ], [ 121.9997, 30.1426 ], [ 122.0046, 30.1433 ], [ 122.0146, 30.1508 ], [ 122.0226, 30.1444 ], [ 122.0395, 30.1389 ], [ 122.0454, 30.1426 ], [ 122.0574, 30.1417 ], [ 122.0662, 30.1488 ], [ 122.0829, 30.1509 ], [ 122.0934, 30.155 ], [ 122.0976, 30.1539 ], [ 122.101, 30.1542 ], [ 122.1069, 30.1522 ], [ 122.1121, 30.1483 ], [ 122.1152, 30.1455 ], [ 122.1121, 30.1408 ], [ 122.123, 30.1366 ], [ 122.1385, 30.1166 ], [ 122.1482, 30.1097 ], [ 122.159900000000107, 30.1102 ], [ 122.1677, 30.1127 ], [ 122.171700000000101, 30.1093 ], [ 122.1773, 30.1111 ], [ 122.1813, 30.1105 ], [ 122.1841, 30.1063 ], [ 122.183000000000106, 30.1023 ], [ 122.1825, 30.1005 ], [ 122.184, 30.0961 ], [ 122.1798, 30.0912 ], [ 122.1825, 30.0859 ], [ 122.1924, 30.0808 ], [ 122.2046, 30.0784 ], [ 122.2066, 30.0826 ], [ 122.2063, 30.0872 ], [ 122.208, 30.089 ], [ 122.2148, 30.0842 ], [ 122.2166, 30.0852 ], [ 122.217200001000037, 30.0923 ], [ 122.2209, 30.0945 ], [ 122.2257, 30.0944 ], [ 122.2255, 30.0886 ], [ 122.2313, 30.0815 ], [ 122.2443, 30.0735 ], [ 122.250799999000037, 30.0735 ], [ 122.2521, 30.072 ], [ 122.2494, 30.0679 ], [ 122.25, 30.0658 ], [ 122.2526, 30.0645 ], [ 122.2539, 30.0603 ], [ 122.2551, 30.0604 ], [ 122.2602, 30.0608 ], [ 122.2608, 30.0574 ], [ 122.2742, 30.0569 ], [ 122.2759, 30.0637 ], [ 122.291100001000018, 30.0602 ], [ 122.297299998000085, 30.0492 ], [ 122.3206, 30.03 ], [ 122.326999999, 30.0194 ], [ 122.3296, 30.0177 ], [ 122.3391, 30.0206 ], [ 122.3399, 30.0162 ], [ 122.338, 30.0118 ], [ 122.3307, 30.0091 ], [ 122.3282, 30.005 ], [ 122.3285, 30.0035 ], [ 122.329, 30.0 ], [ 122.329200002000107, 29.9987 ], [ 122.3211, 29.9935 ], [ 122.3176, 29.9894 ], [ 122.3131, 29.9765 ], [ 122.3101, 29.9729 ], [ 122.3115, 29.9636 ], [ 122.308900000000108, 29.9564 ], [ 122.3105, 29.9538 ], [ 122.3154, 29.9512 ], [ 122.316700001000072, 29.947 ], [ 122.313799999000025, 29.945 ], [ 122.2999, 29.9458 ], [ 122.2907, 29.9431 ], [ 122.2701, 29.9444 ], [ 122.2578, 29.9503 ], [ 122.252800002000072, 29.9549 ], [ 122.248, 29.9592 ], [ 122.2303, 29.9659 ], [ 122.2093, 29.9772 ], [ 122.1921, 29.9789 ], [ 122.1772, 29.9864 ], [ 122.165800000000104, 29.9898 ], [ 122.1363, 29.9907 ], [ 122.1252, 29.9887 ], [ 122.1197, 29.989 ], [ 122.1188, 29.9895 ], [ 122.114, 29.9918 ], [ 122.1078, 30.0 ], [ 122.105499999000017, 30.0031 ], [ 122.0986, 30.0068 ], [ 122.0708, 30.0066 ], [ 122.0665, 30.0084 ], [ 122.0632, 30.0074 ], [ 122.054800001000103, 30.0005 ], [ 122.053600001000063, 30.0 ], [ 122.030499999000085, 29.9896 ], [ 122.0269, 29.9903 ], [ 122.0244, 29.9935 ], [ 122.0224, 30.0 ], [ 122.0217, 30.0024 ], [ 122.0201, 30.0185 ], [ 122.0187, 30.0214 ], [ 122.0149, 30.0295 ], [ 122.0116, 30.0333 ], [ 122.0064, 30.0345 ], [ 121.9994, 30.0434 ], [ 121.9828, 30.0481 ], [ 121.9782, 30.0566 ], [ 121.9782, 30.0648 ], [ 121.9893, 30.0741 ], [ 121.989, 30.080599999000071 ], [ 121.984599999000011, 30.0922 ], [ 121.9866, 30.0961 ], [ 121.9833, 30.1047 ], [ 121.9767, 30.1105 ], [ 121.9758, 30.1213 ], [ 121.9756, 30.1231 ], [ 121.970000001000017, 30.1263 ], [ 121.963800000000106, 30.138 ], [ 121.9495, 30.1429 ], [ 121.9526, 30.1472 ], [ 121.9517, 30.1504 ], [ 121.942, 30.1545 ], [ 121.939, 30.1611 ], [ 121.9364, 30.1609 ], [ 121.9355, 30.1635 ], [ 121.9371000000001, 30.1688 ], [ 121.9437, 30.1798 ], [ 121.9483, 30.1826 ], [ 121.9529, 30.1827 ], [ 121.972, 30.1716 ], [ 121.9752, 30.1667 ] ] ], [ [ [ 122.0525, 30.1944 ], [ 122.0547, 30.1885 ], [ 122.0585, 30.1874 ], [ 122.056, 30.1837 ], [ 122.0468, 30.1724 ], [ 122.0413, 30.169 ], [ 122.0299, 30.1619 ], [ 122.0219, 30.1602 ], [ 122.0193, 30.1616 ], [ 122.0203, 30.1638 ], [ 122.027200000000107, 30.1678 ], [ 122.0275, 30.1699 ], [ 122.0132, 30.1826 ], [ 122.0154, 30.185 ], [ 122.022099999000034, 30.184 ], [ 122.0241, 30.1863 ], [ 122.0212, 30.1939 ], [ 122.0237, 30.1974 ], [ 122.0301, 30.1949 ], [ 122.0303, 30.1924 ], [ 122.033100000000104, 30.1892 ], [ 122.0365, 30.19 ], [ 122.0374, 30.1958 ], [ 122.0391, 30.1976 ], [ 122.0449, 30.1983 ], [ 122.0482, 30.1972 ], [ 122.0525, 30.1944 ] ] ], [ [ [ 122.1751, 30.1955 ], [ 122.1738, 30.1913 ], [ 122.187, 30.1925 ], [ 122.1909, 30.1861 ], [ 122.2021, 30.1898 ], [ 122.2042, 30.1804 ], [ 122.1988, 30.1778 ], [ 122.1997, 30.174 ], [ 122.195, 30.1706 ], [ 122.189800000000105, 30.1736 ], [ 122.1867, 30.1726 ], [ 122.1811, 30.1659 ], [ 122.1807, 30.1594 ], [ 122.1789, 30.1572 ], [ 122.168500000000108, 30.1532 ], [ 122.1698, 30.1484 ], [ 122.162300001000062, 30.1392 ], [ 122.159599999000079, 30.1378 ], [ 122.1492, 30.1502 ], [ 122.1431, 30.1645 ], [ 122.1421, 30.1704 ], [ 122.1444, 30.1824 ], [ 122.1426, 30.1871 ], [ 122.1465, 30.1874 ], [ 122.15439999900002, 30.1937 ], [ 122.1642, 30.1977 ], [ 122.17, 30.2 ], [ 122.1703, 30.1958 ], [ 122.1751, 30.1955 ] ] ], [ [ [ 122.5847, 30.1965 ], [ 122.580100001, 30.1948 ], [ 122.5798, 30.1987 ], [ 122.5763, 30.202 ], [ 122.5773, 30.2042 ], [ 122.5848, 30.2053 ], [ 122.5847, 30.1965 ] ] ], [ [ [ 122.685, 30.1827 ], [ 122.6816, 30.1824 ], [ 122.6799, 30.1895 ], [ 122.6728, 30.1926 ], [ 122.6646, 30.2054 ], [ 122.6689, 30.2086 ], [ 122.6724, 30.2079 ], [ 122.6833, 30.1967 ], [ 122.684199999000043, 30.1934 ], [ 122.6818, 30.1876 ], [ 122.685, 30.1827 ] ] ], [ [ [ 122.7051, 30.1882 ], [ 122.703400000000101, 30.1878 ], [ 122.6989, 30.1896 ], [ 122.6952, 30.1933 ], [ 122.697500001000094, 30.1974 ], [ 122.6961, 30.2052 ], [ 122.6977, 30.2082 ], [ 122.7057, 30.2101 ], [ 122.7063, 30.2065 ], [ 122.7035, 30.196 ], [ 122.7055, 30.1919 ], [ 122.7051, 30.1882 ] ] ], [ [ [ 122.6467, 30.1821 ], [ 122.6448, 30.1819 ], [ 122.6382, 30.1861 ], [ 122.6352, 30.1945 ], [ 122.6326, 30.195800001000066 ], [ 122.6293, 30.2041 ], [ 122.629, 30.2095 ], [ 122.6324, 30.2115 ], [ 122.6389, 30.2109 ], [ 122.6417, 30.209 ], [ 122.6467, 30.1886 ], [ 122.6467, 30.1821 ] ] ], [ [ [ 122.1274, 30.2075 ], [ 122.1226, 30.2068 ], [ 122.1212, 30.2089 ], [ 122.1301, 30.2181 ], [ 122.1343, 30.2201 ], [ 122.1415, 30.2193 ], [ 122.144500000000107, 30.2171 ], [ 122.1274, 30.2075 ] ] ], [ [ [ 122.1951, 30.2125 ], [ 122.19, 30.212 ], [ 122.1848, 30.2134 ], [ 122.1801, 30.2175 ], [ 122.1765, 30.2178 ], [ 122.1737, 30.2256 ], [ 122.1769, 30.2297 ], [ 122.1891, 30.2286 ], [ 122.1913, 30.227 ], [ 122.192799999000044, 30.222 ], [ 122.1979, 30.2158 ], [ 122.1951, 30.2125 ] ] ], [ [ [ 122.4986, 30.2159 ], [ 122.495500000000106, 30.2143 ], [ 122.486900000000105, 30.2167 ], [ 122.4714, 30.2271 ], [ 122.4759, 30.2322 ], [ 122.4822, 30.2285 ], [ 122.4921, 30.2282 ], [ 122.4982, 30.2224 ], [ 122.495400001, 30.2194 ], [ 122.4986, 30.2159 ] ] ], [ [ [ 122.526300000000106, 30.2304 ], [ 122.5174, 30.2219 ], [ 122.5156, 30.225500001000057 ], [ 122.5127, 30.2262 ], [ 122.5111, 30.2288 ], [ 122.5121, 30.2306 ], [ 122.5165, 30.2301 ], [ 122.524500001000092, 30.233 ], [ 122.526300000000106, 30.2304 ] ] ], [ [ [ 122.2974, 30.2746 ], [ 122.301200000000108, 30.2594 ], [ 122.3038, 30.2571 ], [ 122.3095, 30.2563 ], [ 122.3107, 30.2544 ], [ 122.3097, 30.2534 ], [ 122.3034, 30.2508 ], [ 122.2942, 30.251 ], [ 122.2713, 30.2476 ], [ 122.2589, 30.2367 ], [ 122.2553, 30.2361 ], [ 122.2537, 30.2401 ], [ 122.2585, 30.2475 ], [ 122.257600001000014, 30.2496 ], [ 122.2506, 30.2546 ], [ 122.255, 30.2583 ], [ 122.2549, 30.2614 ], [ 122.2559, 30.2622 ], [ 122.2581, 30.2638 ], [ 122.2602, 30.2696 ], [ 122.2624, 30.2704 ], [ 122.2705, 30.2688 ], [ 122.2766, 30.2711 ], [ 122.2858, 30.2669 ], [ 122.2888, 30.2683 ], [ 122.2921, 30.2732 ], [ 122.2974, 30.2746 ] ] ], [ [ [ 122.4028, 30.2746 ], [ 122.4036, 30.2721 ], [ 122.401300000000106, 30.2684 ], [ 122.4064, 30.2609 ], [ 122.4069, 30.2549 ], [ 122.4104, 30.2584 ], [ 122.4142, 30.2505 ], [ 122.409000000000106, 30.2381 ], [ 122.4025, 30.2374 ], [ 122.4005, 30.2346 ], [ 122.4031, 30.2335 ], [ 122.4032, 30.2312 ], [ 122.395, 30.2271 ], [ 122.3937, 30.2264 ], [ 122.3915, 30.2271 ], [ 122.3914, 30.2356 ], [ 122.3897, 30.238 ], [ 122.3827, 30.2367 ], [ 122.3813, 30.238 ], [ 122.3816, 30.2453 ], [ 122.3775, 30.2462 ], [ 122.3776, 30.2496 ], [ 122.3836, 30.2548 ], [ 122.385900001000095, 30.2598 ], [ 122.3839, 30.2642 ], [ 122.3752, 30.2632 ], [ 122.3721, 30.256 ], [ 122.367899999000088, 30.2536 ], [ 122.3648, 30.2543 ], [ 122.3618, 30.2592 ], [ 122.3566, 30.2607 ], [ 122.3576, 30.248 ], [ 122.3567, 30.2426 ], [ 122.3539, 30.2385 ], [ 122.347, 30.2409 ], [ 122.3427, 30.2392 ], [ 122.3416, 30.2356 ], [ 122.339700000000107, 30.2358 ], [ 122.3351, 30.2362 ], [ 122.3321, 30.2325 ], [ 122.322, 30.2338 ], [ 122.3188, 30.2385 ], [ 122.3129, 30.2355 ], [ 122.3102, 30.2389 ], [ 122.3058, 30.2368 ], [ 122.302, 30.2325 ], [ 122.296700000000101, 30.232 ], [ 122.2932, 30.235 ], [ 122.2893, 30.2336 ], [ 122.2839, 30.2283 ], [ 122.2805, 30.228 ], [ 122.2719, 30.2382 ], [ 122.2764, 30.2423 ], [ 122.2838, 30.2425 ], [ 122.2962, 30.2454 ], [ 122.3088, 30.2492 ], [ 122.313999999000089, 30.2522 ], [ 122.3183, 30.2592 ], [ 122.3189, 30.2632 ], [ 122.3152, 30.2683 ], [ 122.3165, 30.2697 ], [ 122.325, 30.2663 ], [ 122.3277, 30.2669 ], [ 122.3259, 30.2718 ], [ 122.3291, 30.2733 ], [ 122.33280000100001, 30.2687 ], [ 122.3548, 30.2733 ], [ 122.363700000000108, 30.2725 ], [ 122.3751, 30.2747 ], [ 122.3796, 30.2723 ], [ 122.3904, 30.273 ], [ 122.3949, 30.2763 ], [ 122.4028, 30.2746 ] ] ], [ [ [ 122.3706, 30.2852 ], [ 122.3727, 30.2829 ], [ 122.3656, 30.2785 ], [ 122.3611, 30.2792 ], [ 122.355, 30.2767 ], [ 122.353300000000104, 30.2788 ], [ 122.3541, 30.2806 ], [ 122.3615, 30.284 ], [ 122.3645, 30.2831 ], [ 122.3706, 30.2852 ] ] ], [ [ [ 122.0527, 30.3038 ], [ 122.0577, 30.3018 ], [ 122.0627, 30.3026 ], [ 122.067399999000031, 30.2989 ], [ 122.0688, 30.2957 ], [ 122.0658, 30.291 ], [ 122.0612, 30.2907 ], [ 122.0569, 30.2933 ], [ 122.0561, 30.2975 ], [ 122.051, 30.298 ], [ 122.0483, 30.3012 ], [ 122.0495, 30.3035 ], [ 122.0527, 30.3038 ] ] ], [ [ [ 121.9292, 30.3089 ], [ 121.9233, 30.3076 ], [ 121.917600000000107, 30.3098 ], [ 121.9245, 30.3149 ], [ 121.9305, 30.3156 ], [ 121.9317, 30.3139 ], [ 121.9292, 30.3089 ] ] ], [ [ [ 122.1892, 30.3305 ], [ 122.1918, 30.33 ], [ 122.1982, 30.3321 ], [ 122.2042, 30.3326 ], [ 122.2102000000001, 30.331 ], [ 122.216, 30.3321 ], [ 122.2176, 30.3291 ], [ 122.214700000000107, 30.3225 ], [ 122.2234, 30.3079 ], [ 122.2293, 30.3059 ], [ 122.2356, 30.3062 ], [ 122.237600001000033, 30.3031 ], [ 122.2379, 30.3026 ], [ 122.2324, 30.2962 ], [ 122.207000000000107, 30.2906 ], [ 122.203400000000101, 30.284999999000036 ], [ 122.2045, 30.2812 ], [ 122.2132, 30.2737 ], [ 122.2222, 30.2701 ], [ 122.2259, 30.274 ], [ 122.2303, 30.2741 ], [ 122.2321, 30.2722 ], [ 122.227400000000102, 30.2675 ], [ 122.2179000000001, 30.2625 ], [ 122.2122, 30.2516 ], [ 122.2121, 30.2476 ], [ 122.2189, 30.2349 ], [ 122.2184, 30.2335 ], [ 122.21410000100002, 30.2336 ], [ 122.211200002000055, 30.2351 ], [ 122.2058, 30.2371 ], [ 122.2006, 30.2347 ], [ 122.1881, 30.2422 ], [ 122.1693, 30.2409 ], [ 122.16140000200005, 30.2484 ], [ 122.1551, 30.2475 ], [ 122.1405, 30.2504 ], [ 122.1292, 30.2644 ], [ 122.121699998000054, 30.2682 ], [ 122.1199, 30.2691 ], [ 122.1047, 30.2832 ], [ 122.095600000000104, 30.2819 ], [ 122.0836, 30.2852 ], [ 122.0823, 30.2877 ], [ 122.0843, 30.291 ], [ 122.0935, 30.2931 ], [ 122.0901, 30.2988 ], [ 122.0913, 30.3002 ], [ 122.1026, 30.3087 ], [ 122.1195, 30.3173 ], [ 122.1287, 30.3123 ], [ 122.1317, 30.3072 ], [ 122.1392, 30.3089 ], [ 122.144500000000107, 30.3157 ], [ 122.148, 30.3161 ], [ 122.1503, 30.3164 ], [ 122.1568, 30.3106 ], [ 122.1686, 30.3094 ], [ 122.173, 30.3125 ], [ 122.1751, 30.3164 ], [ 122.1743, 30.322 ], [ 122.1795, 30.3261 ], [ 122.1824, 30.3352 ], [ 122.1875, 30.3357 ], [ 122.1892, 30.3305 ] ] ], [ [ [ 121.9812, 30.3347 ], [ 121.98, 30.3295 ], [ 121.9732, 30.3249 ], [ 121.9711, 30.3201 ], [ 121.9685, 30.3066 ], [ 121.964, 30.2998 ], [ 121.9592, 30.2997 ], [ 121.9528, 30.2952 ], [ 121.9549, 30.3023 ], [ 121.9545, 30.3048 ], [ 121.9541, 30.3073 ], [ 121.9566, 30.311 ], [ 121.9622, 30.3115 ], [ 121.9635, 30.3138 ], [ 121.961, 30.3212 ], [ 121.964700000000107, 30.3236 ], [ 121.9596, 30.3287 ], [ 121.9612, 30.3339 ], [ 121.9641, 30.3345 ], [ 121.9712, 30.3318 ], [ 121.9709, 30.3381 ], [ 121.9729, 30.3414 ], [ 121.9766, 30.3427 ], [ 121.9838, 30.3419 ], [ 121.9841, 30.3378 ], [ 121.9812, 30.3347 ] ] ], [ [ [ 122.4624, 30.4362 ], [ 122.4666, 30.4308 ], [ 122.4707, 30.4313 ], [ 122.471500000000106, 30.4276 ], [ 122.4789, 30.4188 ], [ 122.4826, 30.4208 ], [ 122.482900001000075, 30.4164 ], [ 122.4759, 30.4091 ], [ 122.463600001000032, 30.423 ], [ 122.4578, 30.4202 ], [ 122.453500001000066, 30.4211 ], [ 122.449300000000108, 30.4202 ], [ 122.448000001000082, 30.4221 ], [ 122.4538, 30.4253 ], [ 122.4602000000001, 30.4354 ], [ 122.4624, 30.4362 ] ] ], [ [ [ 122.935400001000062, 30.4308 ], [ 122.9315, 30.4288 ], [ 122.9298, 30.441 ], [ 122.9317, 30.4413 ], [ 122.937, 30.4336 ], [ 122.935400001000062, 30.4308 ] ] ], [ [ [ 122.3713, 30.4631 ], [ 122.368, 30.4584 ], [ 122.3754, 30.4505 ], [ 122.3815, 30.4531 ], [ 122.3835, 30.4484 ], [ 122.3883, 30.4494 ], [ 122.3891, 30.4495 ], [ 122.3933, 30.4532 ], [ 122.4005, 30.4517 ], [ 122.4059, 30.4468 ], [ 122.4127, 30.4483 ], [ 122.4152, 30.4432 ], [ 122.425, 30.4419 ], [ 122.4257, 30.4394 ], [ 122.4224, 30.4349 ], [ 122.4212, 30.4274 ], [ 122.4144, 30.427 ], [ 122.4122, 30.426 ], [ 122.4119, 30.4241 ], [ 122.4181, 30.4227 ], [ 122.430300001000091, 30.4124 ], [ 122.4319, 30.4094 ], [ 122.4301, 30.408 ], [ 122.4107, 30.4108 ], [ 122.4038, 30.4134 ], [ 122.3942, 30.4224 ], [ 122.394, 30.4164 ], [ 122.3899, 30.4161 ], [ 122.3872, 30.4201 ], [ 122.3845, 30.4206 ], [ 122.3821, 30.4192 ], [ 122.379, 30.4128 ], [ 122.3758, 30.4123 ], [ 122.3725, 30.4145 ], [ 122.3735, 30.42 ], [ 122.3653, 30.4151 ], [ 122.3617, 30.4154 ], [ 122.358200001, 30.4186 ], [ 122.362800000000107, 30.4254 ], [ 122.3599, 30.4263 ], [ 122.3534, 30.4245 ], [ 122.352, 30.4279 ], [ 122.3484, 30.4276 ], [ 122.3466, 30.4256 ], [ 122.3469, 30.4195 ], [ 122.3452, 30.4168 ], [ 122.3415, 30.4163 ], [ 122.339500001000033, 30.4203 ], [ 122.3318, 30.4199 ], [ 122.3244, 30.4226 ], [ 122.322100001000081, 30.4187 ], [ 122.3256, 30.415 ], [ 122.325, 30.4109 ], [ 122.321, 30.4089 ], [ 122.3154, 30.4126 ], [ 122.3126, 30.4091 ], [ 122.3105, 30.4101 ], [ 122.3055, 30.4126 ], [ 122.304, 30.4174 ], [ 122.2852, 30.4179 ], [ 122.2833, 30.4194 ], [ 122.2928, 30.4282 ], [ 122.2946, 30.4317 ], [ 122.2927, 30.4336 ], [ 122.2879, 30.4331 ], [ 122.281600001000015, 30.4391 ], [ 122.282200000000103, 30.4428 ], [ 122.2795, 30.4485 ], [ 122.2854, 30.4536 ], [ 122.2845, 30.4557 ], [ 122.2809, 30.4541 ], [ 122.278999999, 30.4554 ], [ 122.281300000000101, 30.4618 ], [ 122.2802, 30.4654 ], [ 122.2854, 30.4684 ], [ 122.2918, 30.4643 ], [ 122.3049, 30.4596 ], [ 122.3092, 30.4595 ], [ 122.3112, 30.4621 ], [ 122.3179, 30.4601 ], [ 122.322, 30.461 ], [ 122.328400000000101, 30.4573 ], [ 122.332000000000107, 30.457 ], [ 122.3362, 30.4594 ], [ 122.3375, 30.4556 ], [ 122.3419, 30.4559 ], [ 122.3451, 30.458 ], [ 122.3487, 30.4524 ], [ 122.3593, 30.4495 ], [ 122.361000000000104, 30.4525 ], [ 122.355, 30.459 ], [ 122.3572, 30.461 ], [ 122.3598, 30.4603 ], [ 122.3654, 30.467 ], [ 122.3713, 30.4707 ], [ 122.3772, 30.4663 ], [ 122.3713, 30.4631 ] ] ], [ [ [ 122.2658, 30.5098 ], [ 122.261800000000108, 30.5074 ], [ 122.2546, 30.5078 ], [ 122.2518, 30.51 ], [ 122.251, 30.5156 ], [ 122.2528, 30.5183 ], [ 122.2625, 30.5214 ], [ 122.269, 30.5217 ], [ 122.2699, 30.5191 ], [ 122.2658, 30.5098 ] ] ], [ [ [ 122.3381, 30.5241 ], [ 122.3396, 30.5115 ], [ 122.3366, 30.501 ], [ 122.3339, 30.5004 ], [ 122.3224, 30.5084 ], [ 122.312999999, 30.5085 ], [ 122.3155, 30.5186 ], [ 122.3221, 30.5141 ], [ 122.3253, 30.5157 ], [ 122.3303, 30.5143 ], [ 122.3342, 30.5227 ], [ 122.3381, 30.5241 ] ] ], [ [ [ 122.0891, 30.5901 ], [ 122.0941, 30.5862 ], [ 122.0933, 30.5845 ], [ 122.0909, 30.585 ], [ 122.0763, 30.5801 ], [ 122.0763, 30.5745 ], [ 122.0706, 30.5694 ], [ 122.067, 30.5687 ], [ 122.065, 30.5758 ], [ 122.0624, 30.5784 ], [ 122.0526, 30.5782 ], [ 122.0506, 30.586 ], [ 122.064800000000105, 30.5846 ], [ 122.0674, 30.5889 ], [ 122.0782, 30.588 ], [ 122.0891, 30.5901 ] ] ], [ [ [ 122.3265, 30.5887 ], [ 122.3197, 30.5874 ], [ 122.3185, 30.5891 ], [ 122.3203, 30.5916 ], [ 122.3298, 30.5947 ], [ 122.331, 30.5928 ], [ 122.3265, 30.5887 ] ] ], [ [ [ 122.3654, 30.5846 ], [ 122.3642, 30.5832 ], [ 122.3594, 30.5841 ], [ 122.3511, 30.5808 ], [ 122.3492, 30.5829 ], [ 122.3527, 30.5862 ], [ 122.3525, 30.5889 ], [ 122.3481, 30.5919 ], [ 122.3477, 30.5953 ], [ 122.3513, 30.5962 ], [ 122.3546, 30.592 ], [ 122.3616, 30.591800001000081 ], [ 122.3617, 30.5891 ], [ 122.3654, 30.5846 ] ] ], [ [ [ 122.1268, 30.5931 ], [ 122.124, 30.5912 ], [ 122.1173, 30.5982 ], [ 122.1233, 30.6043 ], [ 122.1262, 30.6024 ], [ 122.1248, 30.5967 ], [ 122.1268, 30.5931 ] ] ], [ [ [ 121.6294, 30.6046 ], [ 121.6195, 30.6015 ], [ 121.6161, 30.603 ], [ 121.6176, 30.6057 ], [ 121.6215, 30.6071 ], [ 121.6253, 30.6114 ], [ 121.628200000000106, 30.6118 ], [ 121.6309, 30.6065 ], [ 121.6294, 30.6046 ] ] ], [ [ [ 122.1400000000001, 30.6056 ], [ 122.1345, 30.6051 ], [ 122.1304, 30.6062 ], [ 122.1309, 30.6081 ], [ 122.142, 30.6164 ], [ 122.143600000000106, 30.6136 ], [ 122.141800000000103, 30.6074 ], [ 122.1400000000001, 30.6056 ] ] ], [ [ [ 122.419, 30.6054 ], [ 122.417, 30.6046 ], [ 122.4153, 30.61 ], [ 122.4164, 30.6142 ], [ 122.4211, 30.6182 ], [ 122.4245, 30.619 ], [ 122.4252, 30.6171 ], [ 122.4196, 30.6099 ], [ 122.419, 30.6054 ] ] ], [ [ [ 122.0578, 30.6401 ], [ 122.0618, 30.6368 ], [ 122.0667, 30.6388 ], [ 122.0679, 30.6373 ], [ 122.0664, 30.6351 ], [ 122.0592, 30.6306 ], [ 122.0618, 30.6293 ], [ 122.0634, 30.6259 ], [ 122.0607, 30.6237 ], [ 122.057099999, 30.625 ], [ 122.0532, 30.6228 ], [ 122.0462, 30.6311 ], [ 122.0483, 30.6374 ], [ 122.0543, 30.6345 ], [ 122.0554, 30.6387 ], [ 122.0578, 30.6401 ] ] ], [ [ [ 122.2875, 30.6356 ], [ 122.2755, 30.6307 ], [ 122.2729, 30.6316 ], [ 122.2716, 30.636 ], [ 122.2743, 30.6395 ], [ 122.281300000000101, 30.6401 ], [ 122.2783, 30.6421 ], [ 122.2784, 30.6448 ], [ 122.2847, 30.6457 ], [ 122.2872, 30.6435 ], [ 122.2886, 30.6393 ], [ 122.2875, 30.6356 ] ] ], [ [ [ 122.5183, 30.6376 ], [ 122.5156, 30.6358 ], [ 122.508200000000102, 30.6398 ], [ 122.5057, 30.6438 ], [ 122.5075, 30.6467 ], [ 122.517, 30.6404 ], [ 122.5183, 30.6376 ] ] ], [ [ [ 122.525400000000104, 30.669 ], [ 122.5381, 30.6572 ], [ 122.5346, 30.6552 ], [ 122.5294, 30.6591 ], [ 122.5229, 30.658800001000088 ], [ 122.5193, 30.6675 ], [ 122.525400000000104, 30.669 ] ] ], [ [ [ 122.5642, 30.6454 ], [ 122.5682, 30.6415 ], [ 122.5643, 30.6404 ], [ 122.5548, 30.6448 ], [ 122.550400001000071, 30.6441 ], [ 122.541700000000105, 30.651 ], [ 122.5443, 30.6547 ], [ 122.5427, 30.6591 ], [ 122.5447, 30.662 ], [ 122.5491, 30.6627 ], [ 122.5509, 30.665 ], [ 122.549400000000105, 30.67 ], [ 122.551999999000031, 30.675 ], [ 122.5614, 30.6691 ], [ 122.5671, 30.6604 ], [ 122.5787, 30.6588 ], [ 122.5705, 30.6515 ], [ 122.5576, 30.65 ], [ 122.5585, 30.6478 ], [ 122.5642, 30.6454 ] ] ], [ [ [ 122.4187, 30.682 ], [ 122.4289, 30.6702 ], [ 122.4261, 30.6676 ], [ 122.4223, 30.6669 ], [ 122.4198, 30.6721 ], [ 122.4169, 30.6728 ], [ 122.410900001000073, 30.6657 ], [ 122.407, 30.665 ], [ 122.4054000000001, 30.6675 ], [ 122.4064, 30.6704 ], [ 122.4136, 30.675 ], [ 122.4161, 30.6829 ], [ 122.4187, 30.682 ] ] ], [ [ [ 122.7722, 30.7257 ], [ 122.7779, 30.7228 ], [ 122.784900000000107, 30.7233 ], [ 122.789000000000101, 30.7181 ], [ 122.78569999900003, 30.7136 ], [ 122.7805, 30.7167 ], [ 122.7727000000001, 30.7065 ], [ 122.7785, 30.6996 ], [ 122.779, 30.6961 ], [ 122.7713, 30.6909 ], [ 122.769, 30.692 ], [ 122.7706, 30.6959 ], [ 122.77, 30.6967 ], [ 122.7641, 30.7042 ], [ 122.760000000000105, 30.7043 ], [ 122.7499, 30.6994 ], [ 122.7461, 30.7064 ], [ 122.7465, 30.7099 ], [ 122.7506, 30.7115 ], [ 122.7547, 30.7168 ], [ 122.7626, 30.7164 ], [ 122.7685, 30.7252 ], [ 122.7722, 30.7257 ] ] ], [ [ [ 122.8083, 30.7301 ], [ 122.8122, 30.7231 ], [ 122.819700001, 30.7252 ], [ 122.8254, 30.7202 ], [ 122.8285, 30.7147 ], [ 122.8257, 30.7087 ], [ 122.8318, 30.704 ], [ 122.8336, 30.7006 ], [ 122.831, 30.6965 ], [ 122.8271, 30.696 ], [ 122.8178, 30.7104 ], [ 122.8107, 30.7098 ], [ 122.8067, 30.7128 ], [ 122.8027, 30.7094 ], [ 122.7998, 30.7147 ], [ 122.7953, 30.7171 ], [ 122.7956, 30.7198 ], [ 122.8, 30.7207 ], [ 122.8054, 30.7287 ], [ 122.8083, 30.7301 ] ] ], [ [ [ 122.4487, 30.7265 ], [ 122.453100001000053, 30.7224 ], [ 122.4578, 30.724 ], [ 122.4591, 30.7204 ], [ 122.4646, 30.718 ], [ 122.4694, 30.7101 ], [ 122.4741, 30.7079 ], [ 122.4855, 30.708 ], [ 122.4978, 30.7133 ], [ 122.5003, 30.7179 ], [ 122.5061, 30.7165 ], [ 122.5117, 30.7107 ], [ 122.5141, 30.7112 ], [ 122.5175, 30.718 ], [ 122.5229, 30.7206 ], [ 122.524, 30.7194 ], [ 122.525, 30.7185 ], [ 122.5284, 30.718 ], [ 122.5277, 30.714 ], [ 122.5226, 30.7108 ], [ 122.521, 30.7079 ], [ 122.522300001000076, 30.7048 ], [ 122.5292, 30.7002 ], [ 122.5298, 30.696 ], [ 122.5273, 30.6936 ], [ 122.5142, 30.6985 ], [ 122.5077, 30.6995 ], [ 122.5024, 30.6944 ], [ 122.4985, 30.6933 ], [ 122.4954, 30.6946 ], [ 122.4997, 30.7001 ], [ 122.4959, 30.7004 ], [ 122.4904, 30.6949 ], [ 122.4835, 30.692 ], [ 122.479799999000079, 30.6975 ], [ 122.4769, 30.698199999000053 ], [ 122.4618, 30.694 ], [ 122.4579, 30.686 ], [ 122.4533, 30.6849 ], [ 122.4504, 30.6918 ], [ 122.4485, 30.6927 ], [ 122.4469, 30.6879 ], [ 122.4387, 30.6875 ], [ 122.4338, 30.6933 ], [ 122.4299, 30.6942 ], [ 122.427200001000074, 30.6926 ], [ 122.421700000000101, 30.6923 ], [ 122.4208, 30.6942 ], [ 122.4246, 30.7008 ], [ 122.429800002000093, 30.7036 ], [ 122.4352, 30.7287 ], [ 122.4297, 30.7301 ], [ 122.4259, 30.7331 ], [ 122.421700000000101, 30.7364 ], [ 122.4225, 30.7385 ], [ 122.4334, 30.7403 ], [ 122.4421, 30.738600001000066 ], [ 122.4487, 30.7265 ] ] ], [ [ [ 122.462800001, 30.7504 ], [ 122.4637, 30.7476 ], [ 122.461, 30.7416 ], [ 122.4462, 30.7393 ], [ 122.4447, 30.7456 ], [ 122.446600000000103, 30.7512 ], [ 122.454, 30.748699999000053 ], [ 122.4592, 30.7523 ], [ 122.462800001, 30.7504 ] ] ], [ [ [ 122.386800000000108, 30.7477 ], [ 122.385399999000015, 30.7471 ], [ 122.3823000000001, 30.7499 ], [ 122.3801, 30.7565 ], [ 122.3822, 30.7606 ], [ 122.386, 30.7588 ], [ 122.3877, 30.7523 ], [ 122.386800000000108, 30.7477 ] ] ], [ [ [ 122.7841, 30.7872 ], [ 122.788, 30.7739 ], [ 122.7844, 30.7746 ], [ 122.781, 30.782 ], [ 122.7775, 30.7834 ], [ 122.774, 30.7801 ], [ 122.7689, 30.7868 ], [ 122.7702, 30.7884 ], [ 122.782200000000103, 30.7883 ], [ 122.7841, 30.7872 ] ] ], [ [ [ 122.6263, 30.8212 ], [ 122.6297, 30.8161 ], [ 122.628200000000106, 30.813 ], [ 122.6252, 30.8122 ], [ 122.6093, 30.8198 ], [ 122.6044, 30.8186 ], [ 122.6018, 30.8197 ], [ 122.6031, 30.8216 ], [ 122.6227, 30.8231 ], [ 122.6263, 30.8212 ] ] ], [ [ [ 122.6444, 30.8144 ], [ 122.6378, 30.8108 ], [ 122.6356, 30.8117 ], [ 122.6334, 30.8243 ], [ 122.6349, 30.8259 ], [ 122.638, 30.8257 ], [ 122.6449, 30.8202 ], [ 122.651300000000106, 30.8174 ], [ 122.6498, 30.8155 ], [ 122.6444, 30.8144 ] ] ], [ [ [ 122.671, 30.855 ], [ 122.681200000000104, 30.8472 ], [ 122.6964, 30.8476 ], [ 122.6973, 30.8459 ], [ 122.6955, 30.8429 ], [ 122.688000000000102, 30.8422 ], [ 122.6827, 30.8361 ], [ 122.6802, 30.8354 ], [ 122.6739, 30.8403 ], [ 122.667599999, 30.8403 ], [ 122.6643, 30.8439 ], [ 122.6607, 30.8447 ], [ 122.660799999, 30.8469 ], [ 122.6657, 30.8489 ], [ 122.664900000000102, 30.8527 ], [ 122.6679, 30.8553 ], [ 122.671, 30.855 ] ] ], [ [ [ 121.7735, 31.3256 ], [ 121.762, 31.3254 ], [ 121.7548, 31.3266 ], [ 121.7498, 31.3308 ], [ 121.7449, 31.3378 ], [ 121.7444, 31.3392 ], [ 121.7408, 31.35 ], [ 121.735, 31.3508 ], [ 121.7336, 31.3529 ], [ 121.737, 31.3614 ], [ 121.742, 31.3648 ], [ 121.7449, 31.372 ], [ 121.7597, 31.3717 ], [ 121.774500000000103, 31.3637 ], [ 121.7869, 31.3455 ], [ 121.7866, 31.3349 ], [ 121.7855, 31.3309 ], [ 121.7828, 31.3287 ], [ 121.7735, 31.3256 ] ] ], [ [ [ 121.846500000000106, 31.3046 ], [ 121.8411, 31.3031 ], [ 121.8336, 31.3047 ], [ 121.821799999000064, 31.3095 ], [ 121.8175, 31.3113 ], [ 121.8109, 31.317 ], [ 121.8064, 31.3305 ], [ 121.8076, 31.3401 ], [ 121.8031, 31.3518 ], [ 121.7962, 31.366 ], [ 121.7836, 31.3835 ], [ 121.7841, 31.3864 ], [ 121.8031, 31.3877 ], [ 121.8242, 31.3856 ], [ 121.829, 31.3845 ], [ 121.8617, 31.3769 ], [ 121.8725, 31.3727 ], [ 121.8777, 31.3682 ], [ 121.8802, 31.3633 ], [ 121.8815, 31.3491 ], [ 121.879, 31.3367 ], [ 121.8727, 31.3309 ], [ 121.8709, 31.3254 ], [ 121.8581, 31.3119 ], [ 121.846500000000106, 31.3046 ] ] ], [ [ [ 121.596900001000108, 31.4311 ], [ 121.5952, 31.4285 ], [ 121.5894, 31.4321 ], [ 121.5838, 31.4328 ], [ 121.5859, 31.4358 ], [ 121.5902, 31.4356 ], [ 121.596900001000108, 31.4311 ] ] ], [ [ [ 121.6419, 31.4407 ], [ 121.6487, 31.4389 ], [ 121.6567, 31.4395 ], [ 121.663, 31.436099999000078 ], [ 121.6763, 31.4337 ], [ 121.6768, 31.4332 ], [ 121.6822, 31.4278 ], [ 121.6962, 31.425 ], [ 121.7055, 31.4189 ], [ 121.7187, 31.4191 ], [ 121.7243, 31.4127 ], [ 121.7315, 31.408 ], [ 121.738, 31.4066 ], [ 121.743700000000104, 31.4023 ], [ 121.7484, 31.3962 ], [ 121.7526, 31.3806 ], [ 121.7508, 31.3769 ], [ 121.7389, 31.3761 ], [ 121.7357, 31.3653 ], [ 121.7317, 31.3617 ], [ 121.7278, 31.3611 ], [ 121.724600001, 31.362 ], [ 121.7106, 31.374 ], [ 121.6837, 31.3837 ], [ 121.6701, 31.393 ], [ 121.63, 31.4155 ], [ 121.6064, 31.4289 ], [ 121.6005, 31.4359 ], [ 121.5967, 31.452 ], [ 121.5976, 31.4555 ], [ 121.6094, 31.4507 ], [ 121.6227, 31.4494 ], [ 121.6419, 31.4407 ] ] ], [ [ [ 121.5892, 31.4413 ], [ 121.5828, 31.4387 ], [ 121.5738, 31.4393 ], [ 121.5703, 31.4456 ], [ 121.571600000000103, 31.4485 ], [ 121.5814, 31.4525 ], [ 121.5901, 31.4598 ], [ 121.5898, 31.4555 ], [ 121.592, 31.4481 ], [ 121.5892, 31.4413 ] ] ], [ [ [ 120.4295, 31.975 ], [ 120.4243, 31.9728 ], [ 120.4102, 31.9736 ], [ 120.4045, 31.9709 ], [ 120.3801, 31.9737 ], [ 120.3765, 31.9767 ], [ 120.3763, 31.9794 ], [ 120.3885, 31.9936 ], [ 120.3902, 31.9943 ], [ 120.402, 31.9991 ], [ 120.4031, 32.0 ], [ 120.4032, 32.0031 ], [ 120.4197, 32.0226 ], [ 120.4248, 32.0232 ], [ 120.4256, 32.0209 ], [ 120.4221, 32.0133 ], [ 120.4225, 32.0091 ], [ 120.428, 32.007 ], [ 120.4289, 32.0061 ], [ 120.4349, 32.0028 ], [ 120.4388, 32.0 ], [ 120.4403, 31.9968 ], [ 120.438599999000076, 31.992 ], [ 120.4326, 31.9862 ], [ 120.4325, 31.9802 ], [ 120.4295, 31.975 ] ] ], [ [ [ 119.787015893000103, 32.213729676000071 ], [ 119.836184987000024, 32.151075806000051 ], [ 119.894548406000013, 32.101697501000046 ], [ 119.934450192000099, 32.062809630000061 ], [ 119.99589202300001, 32.020267405000084 ], [ 120.030576234000023, 31.990878480000049 ], [ 120.135353985000052, 31.948333777000073 ], [ 120.170383171000026, 31.938652398000045 ], [ 120.264921125, 31.944004420000056 ], [ 120.2708, 31.9332 ], [ 120.3135, 31.9444 ], [ 120.353700001000107, 31.9538 ], [ 120.3708, 31.9555 ], [ 120.38, 31.964300001000083 ], [ 120.3854, 31.9651 ], [ 120.3934, 31.9613 ], [ 120.403700001000061, 31.9645 ], [ 120.4078, 31.9623 ], [ 120.432299999000065, 31.964399999000079 ], [ 120.4444, 31.9744 ], [ 120.446100001000104, 31.9765 ], [ 120.4496, 31.9808 ], [ 120.451699999000084, 31.986 ], [ 120.450800001000061, 31.9954 ], [ 120.452, 32.0 ], [ 120.4344, 32.0165 ], [ 120.4364, 32.0218 ], [ 120.4421, 32.0273 ], [ 120.45, 32.03 ], [ 120.46, 32.0307 ], [ 120.4614, 32.028 ], [ 120.4545, 32.02440000100006 ], [ 120.4562, 32.0219 ], [ 120.4705, 32.020600001000048 ], [ 120.4822, 32.0156 ], [ 120.4917, 32.014 ], [ 120.493899999000064, 32.0136 ], [ 120.5315, 32.0042 ], [ 120.543, 32.0 ], [ 120.5537, 31.9948 ], [ 120.5678, 31.99 ], [ 120.5915, 31.9897 ], [ 120.612, 31.9866 ], [ 120.6203, 31.9875 ], [ 120.626000001000079, 31.988099999000042 ], [ 120.6367, 31.987099999000066 ], [ 120.6524, 31.9896 ], [ 120.67, 31.9869 ], [ 120.680000001000053, 31.9874 ], [ 120.6905, 31.9899 ], [ 120.7106, 31.9917 ], [ 120.728300000000104, 31.984799999000074 ], [ 120.7365, 31.979299999000034 ], [ 120.7394, 31.9736 ], [ 120.752100001000031, 31.962800001000062 ], [ 120.752199999000027, 31.962000001000035 ], [ 120.7525, 31.9453 ], [ 120.7558, 31.934 ], [ 120.7752, 31.9011 ], [ 120.791700000000105, 31.8852 ], [ 120.7965, 31.8785 ], [ 120.801400001000047, 31.85230000100006 ], [ 120.7993, 31.8475 ], [ 120.799099999000077, 31.8469 ], [ 120.7922, 31.8431 ], [ 120.7865, 31.828200001000084 ], [ 120.782999999000026, 31.8249 ], [ 120.7774, 31.8231 ], [ 120.7703, 31.823 ], [ 120.762100001000022, 31.825199999000063 ], [ 120.750500001000091, 31.8324 ], [ 120.7415, 31.836099999000055 ], [ 120.736000000000104, 31.8399 ], [ 120.7282, 31.8503 ], [ 120.7272, 31.839000001000045 ], [ 120.721500000000106, 31.8336 ], [ 120.7271, 31.8331 ], [ 120.741999999000086, 31.821900001000074 ], [ 120.7485, 31.8168 ], [ 120.7748, 31.8027 ], [ 120.7919, 31.7895 ], [ 120.8086, 31.7807 ], [ 120.8119, 31.7765 ], [ 120.8096, 31.7711 ], [ 120.821600001000093, 31.772 ], [ 120.824699999000018, 31.770300001000066 ], [ 120.8312, 31.765600001000053 ], [ 120.859100001, 31.7567 ], [ 120.8788, 31.7533 ], [ 120.921700000000101, 31.7535 ], [ 120.9397, 31.7634 ], [ 120.9451, 31.761899999000036 ], [ 120.9545, 31.7561 ], [ 120.9623, 31.7572 ], [ 120.9884, 31.7554 ], [ 120.9994, 31.7577 ], [ 121.0076, 31.754 ], [ 121.0333, 31.734 ], [ 121.0499, 31.7258 ], [ 121.050499999000067, 31.7206 ], [ 121.065700000000106, 31.7225 ], [ 121.0761, 31.7207 ], [ 121.089700000000107, 31.7142 ], [ 121.1194, 31.6914 ], [ 121.138699999000096, 31.6819 ], [ 121.1459, 31.6766 ], [ 121.156300000000101, 31.6735 ], [ 121.1657, 31.6681 ], [ 121.1746, 31.661400001000061 ], [ 121.2299, 31.6197 ], [ 121.2356, 31.6134 ], [ 121.2372, 31.6077 ], [ 121.250799999000037, 31.5977 ], [ 121.253200000000106, 31.5949 ], [ 121.2529, 31.593 ], [ 121.254100000000108, 31.5905 ], [ 121.252300000000105, 31.586 ], [ 121.2608, 31.585600001000046 ], [ 121.2648, 31.5814 ], [ 121.279899999, 31.5477 ], [ 121.2925, 31.5358 ], [ 121.2945, 31.5291 ], [ 121.2986, 31.5249 ], [ 121.298500000000104, 31.5212 ], [ 121.2957, 31.5187 ], [ 121.2867, 31.5153 ], [ 121.2807, 31.511 ], [ 121.274399999000025, 31.509699999000077 ], [ 121.267899999000065, 31.502699999000072 ], [ 121.2735, 31.5034 ], [ 121.2841, 31.509699999000077 ], [ 121.2971, 31.514700001000051 ], [ 121.298499999, 31.5132 ], [ 121.3086, 31.5151 ], [ 121.3201, 31.507399999000086 ], [ 121.3298, 31.4983 ], [ 121.348, 31.494 ], [ 121.3594, 31.4842 ], [ 121.3661, 31.4805 ], [ 121.3835, 31.474400001000049 ], [ 121.405699999000035, 31.4692 ], [ 121.4109, 31.466 ], [ 121.418000001, 31.4617 ], [ 121.4344, 31.4553 ], [ 121.438900000000103, 31.451700001000063 ], [ 121.4567, 31.425900001000059 ], [ 121.4702, 31.4208 ], [ 121.4717, 31.42 ], [ 121.4809, 31.4213 ], [ 121.485, 31.4204 ], [ 121.489100001, 31.4169 ], [ 121.4912, 31.4123 ], [ 121.5047, 31.4006 ], [ 121.505099999000095, 31.39789999900006 ], [ 121.5006, 31.3936 ], [ 121.5076, 31.3882 ], [ 121.513599999, 31.3875 ], [ 121.516, 31.3841 ], [ 121.5352, 31.3867 ], [ 121.5424, 31.3834 ], [ 121.5601, 31.3816 ], [ 121.5688, 31.3785 ], [ 121.5774, 31.3775 ], [ 121.5795, 31.3772 ], [ 121.5855, 31.374200001000077 ], [ 121.602099998000085, 31.3599 ], [ 121.618, 31.3533 ], [ 121.6354, 31.339899999000068 ], [ 121.676599999000018, 31.3213 ], [ 121.6826, 31.3166 ], [ 121.691, 31.3058 ], [ 121.6934, 31.3039 ], [ 121.7072, 31.292900001000078 ], [ 121.7123, 31.2849 ], [ 121.7277, 31.2706 ], [ 121.735100000000102, 31.2571 ], [ 121.7494, 31.239099999000075 ], [ 121.7727000000001, 31.2023 ], [ 121.7744, 31.2001 ], [ 121.786, 31.1849 ], [ 121.804700001000015, 31.149500001000035 ], [ 121.814999998000076, 31.1369 ], [ 121.8428, 31.089 ], [ 121.8564, 31.0655 ], [ 121.8631, 31.0478 ], [ 121.8903, 30.9897 ], [ 121.8957, 30.976 ], [ 121.8965, 30.972000001000083 ], [ 121.898, 30.9647 ], [ 121.9006, 30.9442 ], [ 121.8998, 30.9354 ], [ 121.8896, 30.9006 ], [ 121.8834, 30.8874 ], [ 121.8726, 30.87340000100005 ], [ 121.8649, 30.8669 ], [ 121.860300001000041, 30.8661 ], [ 121.852200001000028, 30.8607 ], [ 121.8459, 30.8598 ], [ 121.8188, 30.861600001000056 ], [ 121.809400001000085, 30.8635 ], [ 121.80719999900009, 30.8623 ], [ 121.808600001000059, 30.8589 ], [ 121.8061, 30.8569 ], [ 121.795, 30.8588 ], [ 121.7811, 30.8603 ], [ 121.7739, 30.8653 ], [ 121.763599999, 30.8666 ], [ 121.751400000000103, 30.872 ], [ 121.742, 30.87260000100008 ], [ 121.7194, 30.8685 ], [ 121.699800001000085, 30.8708 ], [ 121.6669, 30.867900001000066 ], [ 121.644699999000068, 30.863800001000072 ], [ 121.6217, 30.8613 ], [ 121.620600001000071, 30.8611 ], [ 121.5528, 30.8456 ], [ 121.5294, 30.8379 ], [ 121.4835, 30.818699999000046 ], [ 121.456599999000105, 30.8075 ], [ 121.439800001000094, 30.802200001000074 ], [ 121.4256, 30.786 ], [ 121.4069, 30.7688 ], [ 121.398600000000101, 30.759 ], [ 121.388299999000083, 30.7404 ], [ 121.3812, 30.735099999000056 ], [ 121.3692, 30.7213 ], [ 121.3638, 30.7174 ], [ 121.347, 30.711499999000068 ], [ 121.3279, 30.711400001000072 ], [ 121.316, 30.7079 ], [ 121.301699999000107, 30.706899999000086 ], [ 121.299299999000027, 30.7067 ], [ 121.2795, 30.6972 ], [ 121.2708, 30.6953 ], [ 121.248399999000071, 30.6857 ], [ 121.228799999000103, 30.6733 ], [ 121.176200000000108, 30.6452 ], [ 121.1757, 30.6448 ], [ 121.1657, 30.6374 ], [ 121.145, 30.6081 ], [ 121.1435, 30.602500001000067 ], [ 121.145000001000085, 30.5975 ], [ 121.1411, 30.59569999900009 ], [ 121.1351, 30.5964 ], [ 121.1303, 30.5952 ], [ 121.1135, 30.5882 ], [ 121.1048, 30.589 ], [ 121.0997, 30.5867 ], [ 121.0944, 30.5862 ], [ 121.08770000100003, 30.5903 ], [ 121.08120000100007, 30.5912 ], [ 121.0771, 30.5896 ], [ 121.0701, 30.5901 ], [ 121.0687, 30.590199999000049 ], [ 121.062099999, 30.5888 ], [ 121.0327, 30.5766 ], [ 121.0044, 30.562 ], [ 120.9929, 30.554 ], [ 120.9838, 30.5445 ], [ 120.9701, 30.533899999000084 ], [ 120.964399999000079, 30.526700001000052 ], [ 120.9536, 30.5183 ], [ 120.9537, 30.5133 ], [ 120.95269999900006, 30.5108 ], [ 120.951, 30.506399999000053 ], [ 120.94, 30.5001 ], [ 120.9368, 30.4956 ], [ 120.9298, 30.4738 ], [ 120.9368, 30.4609 ], [ 120.937599999000099, 30.4549 ], [ 120.9346, 30.4457 ], [ 120.9357, 30.4422 ], [ 120.9386, 30.4394 ], [ 120.9436, 30.4389 ], [ 120.9489, 30.4411 ], [ 120.953200001000027, 30.437500001000046 ], [ 120.9557, 30.4275 ], [ 120.9549, 30.424999999000079 ], [ 120.9529, 30.4237 ], [ 120.9438, 30.4243 ], [ 120.9411, 30.4204 ], [ 120.9424, 30.4179 ], [ 120.9434, 30.416 ], [ 120.9395, 30.4131 ], [ 120.9332, 30.413200001000064 ], [ 120.9222, 30.4177 ], [ 120.914000000000101, 30.4177 ], [ 120.9104, 30.416 ], [ 120.9077, 30.41400000100009 ], [ 120.898699999000087, 30.3993 ], [ 120.9019, 30.3911 ], [ 120.9067, 30.3871 ], [ 120.913399999000035, 30.3859 ], [ 120.9153, 30.3826 ], [ 120.9118, 30.3766 ], [ 120.904700001000037, 30.3708 ], [ 120.8917, 30.3742 ], [ 120.88740000100006, 30.374 ], [ 120.884, 30.3728 ], [ 120.8733, 30.363800001000072 ], [ 120.870900001, 30.3651 ], [ 120.8615, 30.3675 ], [ 120.85569999900008, 30.3651 ], [ 120.845, 30.3565 ], [ 120.8387, 30.3553 ], [ 120.8366, 30.3489 ], [ 120.834, 30.3468 ], [ 120.833, 30.346 ], [ 120.816399999000055, 30.3481 ], [ 120.8125, 30.3459 ], [ 120.804300001, 30.3454 ], [ 120.7978, 30.3417 ], [ 120.789899999, 30.3322 ], [ 120.785999999000069, 30.3316 ], [ 120.7838, 30.340400001000035 ], [ 120.7762, 30.3468 ], [ 120.7707, 30.3479 ], [ 120.7603, 30.346 ], [ 120.7524, 30.3471 ], [ 120.7493, 30.3522 ], [ 120.7408, 30.356900001000042 ], [ 120.735699999000076, 30.367800001000035 ], [ 120.7251, 30.3753 ], [ 120.7212, 30.378099999000085 ], [ 120.6917, 30.3895 ], [ 120.6783, 30.3903 ], [ 120.6711, 30.3931 ], [ 120.6483, 30.397400001000051 ], [ 120.6238, 30.3994 ], [ 120.587900000000104, 30.399 ], [ 120.584999999000047, 30.3987 ], [ 120.5573, 30.396099999000057 ], [ 120.494, 30.3966 ], [ 120.4583, 30.39430000100009 ], [ 120.4402, 30.3908 ], [ 120.42960000100004, 30.3886 ], [ 120.408400001000018, 30.3876 ], [ 120.398499999000023, 30.385199999000065 ], [ 120.3907, 30.3814 ], [ 120.3853, 30.3762 ], [ 120.3719, 30.3482 ], [ 120.3653, 30.3211 ], [ 120.359, 30.3061 ], [ 120.3586, 30.3055 ], [ 120.347, 30.2883 ], [ 120.338800000000106, 30.2851 ], [ 120.327999999000099, 30.284999999000036 ], [ 120.3205, 30.2871 ], [ 120.304300001, 30.2959 ], [ 120.284799999000029, 30.2965 ], [ 120.262900001000048, 30.2947 ], [ 120.262900001000048, 30.2742 ], [ 120.268599999, 30.270800001000055 ], [ 120.2836, 30.2571 ], [ 120.288000001, 30.244900001000076 ], [ 120.305100001000028, 30.230700001000059 ], [ 120.3168, 30.2252 ], [ 120.3357, 30.2196 ], [ 120.351500000000101, 30.2204 ], [ 120.3694, 30.2213 ], [ 120.3778, 30.2228 ], [ 120.387499999000056, 30.2298 ], [ 120.392900001000044, 30.2375 ], [ 120.3952, 30.2452 ], [ 120.3925, 30.255900001000043 ], [ 120.394500000000107, 30.2611 ], [ 120.401, 30.2658 ], [ 120.402, 30.268699999000034 ], [ 120.3991, 30.28 ], [ 120.400099999000076, 30.2846 ], [ 120.4071, 30.2889 ], [ 120.422099999000011, 30.289600001000053 ], [ 120.4255, 30.294100001000061 ], [ 120.432000001, 30.2967 ], [ 120.4366, 30.2984 ], [ 120.4578, 30.315 ], [ 120.4619, 30.3166 ], [ 120.4725, 30.3188 ], [ 120.49469999900009, 30.3194 ], [ 120.5047, 30.315499999000053 ], [ 120.5209, 30.3024 ], [ 120.5386, 30.2942 ], [ 120.5454, 30.2881 ], [ 120.5554, 30.2836 ], [ 120.55739999900004, 30.2827 ], [ 120.558900000000108, 30.2562 ], [ 120.5661, 30.2415 ], [ 120.5732, 30.2099 ], [ 120.574, 30.196300001000054 ], [ 120.5816, 30.1795 ], [ 120.5826, 30.1648 ], [ 120.583899999000096, 30.161900001000049 ], [ 120.5868, 30.1552 ], [ 120.591, 30.151800001000083 ], [ 120.608, 30.1447 ], [ 120.6134, 30.14 ], [ 120.615299999000058, 30.1354 ], [ 120.6091, 30.126099999000076 ], [ 120.593800000000101, 30.1181 ], [ 120.592799999000022, 30.1154 ], [ 120.5969, 30.115000001000055 ], [ 120.6078, 30.1196 ], [ 120.611399999000014, 30.1188 ], [ 120.6199, 30.1105 ], [ 120.6289, 30.1054 ], [ 120.6345, 30.1047 ], [ 120.644100002000073, 30.1064 ], [ 120.6567, 30.1019 ], [ 120.6579, 30.1017 ], [ 120.6661, 30.1003 ], [ 120.6782, 30.0937 ], [ 120.681600001000106, 30.0976 ], [ 120.676200000000108, 30.1022 ], [ 120.6696, 30.1115 ], [ 120.6611, 30.1171 ], [ 120.6414, 30.135300001000076 ], [ 120.6343, 30.137700001000042 ], [ 120.6322, 30.14 ], [ 120.633, 30.1462 ], [ 120.6404, 30.1457 ], [ 120.653200001000073, 30.132399999000086 ], [ 120.65439999900002, 30.1311 ], [ 120.6674, 30.1228 ], [ 120.6843, 30.1147 ], [ 120.6917, 30.112500001000058 ], [ 120.7071, 30.112500001000058 ], [ 120.7223, 30.1175 ], [ 120.7299, 30.1236 ], [ 120.7878, 30.1242 ], [ 120.7937, 30.1242 ], [ 120.7989, 30.1279 ], [ 120.8056, 30.128 ], [ 120.8197, 30.1274 ], [ 120.824, 30.1223 ], [ 120.827100001000076, 30.1212 ], [ 120.8317, 30.123 ], [ 120.8265, 30.1288 ], [ 120.8277, 30.130799999000089 ], [ 120.841, 30.1315 ], [ 120.8495, 30.1368 ], [ 120.853899999000078, 30.1313 ], [ 120.858, 30.1312 ], [ 120.86, 30.13389999900005 ], [ 120.8611, 30.1427 ], [ 120.8774, 30.1533 ], [ 120.8815, 30.1538 ], [ 120.8908, 30.1485 ], [ 120.894900001, 30.1532 ], [ 120.898600000000101, 30.154399999000077 ], [ 120.9159, 30.1681 ], [ 120.9551, 30.1853 ], [ 120.962600001000055, 30.1846 ], [ 120.9687, 30.1913 ], [ 120.977500001000067, 30.1971 ], [ 120.990199999000083, 30.202 ], [ 121.010000000000105, 30.209700001000044 ], [ 121.054599999000061, 30.2428 ], [ 121.066, 30.248299999000039 ], [ 121.073299999000028, 30.249 ], [ 121.0777, 30.252 ], [ 121.0798, 30.2612 ], [ 121.083499999000082, 30.2674 ], [ 121.0913, 30.2727 ], [ 121.100599999, 30.2765 ], [ 121.117800000000102, 30.2838 ], [ 121.1345, 30.2871 ], [ 121.1364, 30.2874 ], [ 121.141800000000103, 30.2915 ], [ 121.15, 30.2943 ], [ 121.162900001000025, 30.3016 ], [ 121.18470000100001, 30.3087 ], [ 121.1951, 30.309 ], [ 121.2134, 30.3126 ], [ 121.220399999000051, 30.3113 ], [ 121.23349999900006, 30.3148 ], [ 121.2467, 30.3146 ], [ 121.2721, 30.3128 ], [ 121.2798, 30.3123 ], [ 121.3093, 30.3049 ], [ 121.321600000000103, 30.2994 ], [ 121.334499999000059, 30.2959 ], [ 121.357400001000087, 30.2852 ], [ 121.3848, 30.2766 ], [ 121.4043, 30.2637 ], [ 121.4512, 30.2273 ], [ 121.4601, 30.2173 ], [ 121.4635, 30.2087 ], [ 121.476, 30.1978 ], [ 121.488300001000084, 30.1922 ], [ 121.5038, 30.1744 ], [ 121.524499999, 30.1507 ], [ 121.5337, 30.140800001000059 ], [ 121.544, 30.1224 ], [ 121.557999999, 30.1079 ], [ 121.5703, 30.099499999000045 ], [ 121.573299999000028, 30.0953 ], [ 121.5748, 30.0785 ], [ 121.5928, 30.05 ], [ 121.5997, 30.051 ], [ 121.6019, 30.0513 ], [ 121.605, 30.05 ], [ 121.6148, 30.0366 ], [ 121.621400000000108, 30.0348 ], [ 121.620999999000105, 30.0267 ], [ 121.6292, 30.01 ], [ 121.634100000000103, 30.0072 ], [ 121.6422, 30.000000001000046 ], [ 121.658499999000014, 29.9854 ], [ 121.665800000000104, 29.978100001000087 ], [ 121.67310000100008, 29.9652 ], [ 121.6783, 29.962 ], [ 121.68730000100004, 29.9612 ], [ 121.7068, 29.9593 ], [ 121.719599999000025, 29.9651 ], [ 121.723, 29.9648 ], [ 121.723499999000069, 29.9594 ], [ 121.7178, 29.952 ], [ 121.723000001000059, 29.9488 ], [ 121.728999999000052, 29.958699999000089 ], [ 121.7415, 29.967399999000065 ], [ 121.745399999000028, 29.9688 ], [ 121.746000001000084, 29.9664 ], [ 121.7415, 29.9586 ], [ 121.7422, 29.956100001000038 ], [ 121.7456, 29.9579 ], [ 121.7506, 29.9657 ], [ 121.757099999000047, 29.966 ], [ 121.7632, 29.9709 ], [ 121.767299999000102, 29.9706 ], [ 121.773, 29.9625 ], [ 121.7881, 29.962 ], [ 121.803700001000038, 29.9537 ], [ 121.804799999000011, 29.9477 ], [ 121.8104, 29.9425 ], [ 121.8118, 29.939799999000059 ], [ 121.814199999000039, 29.935299999000051 ], [ 121.818000001000087, 29.9315 ], [ 121.8306, 29.9273 ], [ 121.8318, 29.9199 ], [ 121.8351, 29.9184 ], [ 121.839199999000016, 29.92 ], [ 121.841200001000061, 29.9231 ], [ 121.8407, 29.9283 ], [ 121.844099999000036, 29.9307 ], [ 121.8462, 29.938 ], [ 121.8487, 29.939799999000059 ], [ 121.8505, 29.9366 ], [ 121.8505, 29.9279 ], [ 121.8594, 29.9216 ], [ 121.8664, 29.9213 ], [ 121.8746000000001, 29.9173 ], [ 121.8793, 29.9199 ], [ 121.9032, 29.9177 ], [ 121.9074, 29.9151 ], [ 121.9258, 29.9039 ], [ 121.941, 29.8906 ], [ 121.94639999900005, 29.8879 ], [ 121.9653, 29.885 ], [ 121.9889, 29.888900001000081 ], [ 121.998700001000088, 29.8884 ], [ 122.0076, 29.8824 ], [ 122.010500001000082, 29.875 ], [ 122.0131, 29.8728 ], [ 122.018699999000091, 29.8754 ], [ 122.0249, 29.8834 ], [ 122.0478, 29.8816 ], [ 122.0555, 29.8821 ], [ 122.072699999000065, 29.8877 ], [ 122.0839, 29.886699999000086 ], [ 122.093400001000077, 29.89 ], [ 122.095600000000104, 29.8931 ], [ 122.0953, 29.8972 ], [ 122.0968, 29.8999 ], [ 122.101599999000086, 29.9009 ], [ 122.1058, 29.8974 ], [ 122.112, 29.9033 ], [ 122.121400000000108, 29.9048 ], [ 122.1268, 29.9023 ], [ 122.1308, 29.8981 ], [ 122.1329, 29.8903 ], [ 122.135700001000032, 29.886699999000086 ], [ 122.1365, 29.8814 ], [ 122.135000000000105, 29.87879999900008 ], [ 122.1225, 29.870900001000052 ], [ 122.114600001000099, 29.870100001000083 ], [ 122.1021, 29.8603 ], [ 122.0954, 29.8605 ], [ 122.0854, 29.8555 ], [ 122.0792, 29.8558 ], [ 122.073, 29.8487 ], [ 122.0404, 29.839600001000065 ], [ 122.0229, 29.826 ], [ 122.0149, 29.8228 ], [ 122.0135, 29.8223 ], [ 122.000500000000102, 29.8199 ], [ 121.9777, 29.8106 ], [ 121.9544, 29.793499999000062 ], [ 121.9469, 29.7897 ], [ 121.9409, 29.7876 ], [ 121.9255, 29.7858 ], [ 121.913, 29.7757 ], [ 121.9028, 29.773199999000042 ], [ 121.892599999000026, 29.7663 ], [ 121.8896, 29.766 ], [ 121.8811, 29.7651 ], [ 121.8693, 29.7537 ], [ 121.8629, 29.7312 ], [ 121.864200002000075, 29.7193 ], [ 121.8629, 29.7149 ], [ 121.847200001000033, 29.6996 ], [ 121.8487, 29.6937 ], [ 121.845900001000018, 29.6909 ], [ 121.8428, 29.6903 ], [ 121.838, 29.6967 ], [ 121.8352000000001, 29.6982 ], [ 121.828200001000027, 29.696499999000082 ], [ 121.8362, 29.6926 ], [ 121.8356, 29.6873 ], [ 121.8292, 29.6818 ], [ 121.79479999900002, 29.6663 ], [ 121.774499999, 29.650200001000087 ], [ 121.7698, 29.6449 ], [ 121.7697, 29.639 ], [ 121.766400001000079, 29.6349 ], [ 121.7557, 29.622899999000083 ], [ 121.749199999000098, 29.6157 ], [ 121.7451, 29.6139 ], [ 121.744499999000027, 29.6091 ], [ 121.7362, 29.5976 ], [ 121.727400000000102, 29.590400001000035 ], [ 121.7152, 29.586700001000054 ], [ 121.703099999000074, 29.593 ], [ 121.6976, 29.59309999900006 ], [ 121.6962, 29.5911 ], [ 121.696799999000064, 29.589000001000045 ], [ 121.7025000000001, 29.5863 ], [ 121.70409999900005, 29.5832 ], [ 121.703299999000023, 29.5728 ], [ 121.7089, 29.568700001000082 ], [ 121.699300000000108, 29.558 ], [ 121.6955, 29.5575 ], [ 121.6908, 29.561700001000077 ], [ 121.6882, 29.5614 ], [ 121.6756, 29.5529 ], [ 121.6698, 29.55380000100007 ], [ 121.6539, 29.546199999000066 ], [ 121.6490999990001, 29.5469 ], [ 121.64669999900002, 29.554700001000072 ], [ 121.6461, 29.567 ], [ 121.643500001, 29.5717 ], [ 121.6413999990001, 29.5715 ], [ 121.638099999000019, 29.5536 ], [ 121.641199999000037, 29.54670000100009 ], [ 121.6395, 29.5436 ], [ 121.63, 29.5477 ], [ 121.6247, 29.5453 ], [ 121.6173, 29.54670000100009 ], [ 121.6078, 29.5425 ], [ 121.5995, 29.5387 ], [ 121.5913, 29.5381 ], [ 121.573099999000078, 29.5464 ], [ 121.5676, 29.5458 ], [ 121.5642, 29.5415 ], [ 121.5633, 29.537 ], [ 121.559899999000095, 29.5345 ], [ 121.554900001000078, 29.5344 ], [ 121.5514, 29.5361 ], [ 121.5487, 29.5349 ], [ 121.5385, 29.5195 ], [ 121.5341, 29.5158 ], [ 121.5294, 29.5151 ], [ 121.5266, 29.5082 ], [ 121.5198, 29.505400001000055 ], [ 121.516899999000088, 29.50610000100005 ], [ 121.520500001000073, 29.515600001000053 ], [ 121.5198, 29.524200001000054 ], [ 121.519300001000033, 29.5255 ], [ 121.5135, 29.5417 ], [ 121.5136, 29.553 ], [ 121.5117, 29.5551 ], [ 121.501, 29.545100001000037 ], [ 121.490799999000046, 29.5411 ], [ 121.4806, 29.5404 ], [ 121.472400000000107, 29.5304 ], [ 121.4685, 29.5281 ], [ 121.4675, 29.5246 ], [ 121.4712, 29.5176 ], [ 121.4699, 29.516 ], [ 121.4632, 29.5153 ], [ 121.453400000000101, 29.5228 ], [ 121.447, 29.517100001000074 ], [ 121.445, 29.5129 ], [ 121.4462, 29.5098 ], [ 121.450200001000098, 29.499 ], [ 121.456100000000106, 29.496800001000054 ], [ 121.457000000000107, 29.4945 ], [ 121.453, 29.4906 ], [ 121.4465, 29.4872 ], [ 121.444, 29.4824 ], [ 121.439200001000017, 29.4821 ], [ 121.4333, 29.4726 ], [ 121.4296, 29.4702 ], [ 121.425100001000033, 29.4694 ], [ 121.4229, 29.4661 ], [ 121.4264, 29.4531 ], [ 121.4381, 29.4468 ], [ 121.4399, 29.4303 ], [ 121.433700001000034, 29.4204 ], [ 121.43379999900003, 29.4168 ], [ 121.4368, 29.411500001000036 ], [ 121.4413, 29.4102 ], [ 121.463, 29.4175 ], [ 121.461800001000029, 29.4301 ], [ 121.4642, 29.4399 ], [ 121.4757, 29.4591 ], [ 121.474699999, 29.4605 ], [ 121.4729, 29.4633 ], [ 121.4759, 29.467800001000057 ], [ 121.4914, 29.4757 ], [ 121.4963, 29.4827 ], [ 121.5081, 29.4877 ], [ 121.510000000000105, 29.4858 ], [ 121.5096, 29.4808 ], [ 121.5046, 29.4723 ], [ 121.5069, 29.4687 ], [ 121.4994, 29.462 ], [ 121.506299999000021, 29.461 ], [ 121.5031, 29.4562 ], [ 121.5063, 29.453700001000072 ], [ 121.5152, 29.4535 ], [ 121.5217, 29.458599999000057 ], [ 121.5253, 29.4596 ], [ 121.5286, 29.465400001000035 ], [ 121.530000001000076, 29.4659 ], [ 121.5314, 29.4622 ], [ 121.5288, 29.4569 ], [ 121.522100001000013, 29.4527 ], [ 121.5194, 29.44360000100005 ], [ 121.5143, 29.445999999000037 ], [ 121.5125, 29.4437 ], [ 121.5145, 29.4353 ], [ 121.5093, 29.4214 ], [ 121.5052, 29.4171 ], [ 121.493700000000104, 29.4155 ], [ 121.489300001000061, 29.4126 ], [ 121.480999999, 29.4026 ], [ 121.4804, 29.3976 ], [ 121.4825, 29.3894 ], [ 121.4816, 29.3812 ], [ 121.4876, 29.373399999000071 ], [ 121.4877, 29.3878 ], [ 121.4925, 29.3871 ], [ 121.5017, 29.3954 ], [ 121.5062, 29.3994 ], [ 121.5127, 29.4019 ], [ 121.5256, 29.4138 ], [ 121.538699999000073, 29.421699999000055 ], [ 121.5422, 29.4266 ], [ 121.5473, 29.4299 ], [ 121.555, 29.445199999000067 ], [ 121.5521, 29.4534 ], [ 121.5532, 29.4559 ], [ 121.5746, 29.4732 ], [ 121.579, 29.4748 ], [ 121.5892, 29.4744 ], [ 121.59449999900005, 29.4757 ], [ 121.595600000000104, 29.4766 ], [ 121.6003, 29.48 ], [ 121.6235, 29.4898 ], [ 121.634, 29.4896 ], [ 121.6489, 29.4943 ], [ 121.658200001000068, 29.4939 ], [ 121.666, 29.499399999000048 ], [ 121.671099999000035, 29.5114 ], [ 121.674800001000108, 29.5144 ], [ 121.6922, 29.5247 ], [ 121.7128, 29.5345 ], [ 121.7153, 29.5346 ], [ 121.7281, 29.535 ], [ 121.7375, 29.5311 ], [ 121.7314, 29.5245 ], [ 121.73580000100003, 29.5198 ], [ 121.7411, 29.5197 ], [ 121.7495, 29.524200001000054 ], [ 121.759100000000103, 29.5256 ], [ 121.7614, 29.5308 ], [ 121.7641, 29.532 ], [ 121.775600001000043, 29.5328 ], [ 121.776, 29.5307 ], [ 121.7699, 29.5248 ], [ 121.760100001000069, 29.506999999000072 ], [ 121.758200000000102, 29.498900001000038 ], [ 121.7585, 29.4916 ], [ 121.7604, 29.485899999000083 ], [ 121.7633, 29.4775 ], [ 121.7698, 29.468799999000055 ], [ 121.7771, 29.4653 ], [ 121.806, 29.4764 ], [ 121.812400001000015, 29.4821 ], [ 121.8159, 29.4885 ], [ 121.818, 29.4945 ], [ 121.8191, 29.509300001000042 ], [ 121.8298, 29.525599999000065 ], [ 121.8325, 29.527 ], [ 121.8481, 29.5224 ], [ 121.8564, 29.52 ], [ 121.857199999000045, 29.5237 ], [ 121.853, 29.5273 ], [ 121.843800001000091, 29.5299 ], [ 121.8382, 29.5333 ], [ 121.8353, 29.5417 ], [ 121.8327, 29.542999999000074 ], [ 121.8184, 29.5436 ], [ 121.8097, 29.5473 ], [ 121.7885, 29.5423 ], [ 121.7805, 29.5456 ], [ 121.7722, 29.542100001000051 ], [ 121.756899999000098, 29.5415 ], [ 121.7485, 29.5378 ], [ 121.744, 29.5395 ], [ 121.7441, 29.5411 ], [ 121.7448, 29.5529 ], [ 121.754100000000108, 29.5606 ], [ 121.7674, 29.5651 ], [ 121.7746, 29.576699999000084 ], [ 121.790099999000063, 29.59309999900006 ], [ 121.789099999000086, 29.5975 ], [ 121.79060000100003, 29.6004 ], [ 121.80089999900008, 29.6026 ], [ 121.810200001, 29.6002 ], [ 121.815700000000106, 29.6002 ], [ 121.819600001000026, 29.6025 ], [ 121.8226, 29.609699999000043 ], [ 121.830100001, 29.6114 ], [ 121.836, 29.6109 ], [ 121.8383, 29.609699999000043 ], [ 121.8466, 29.6054 ], [ 121.851699999000061, 29.6051 ], [ 121.8575, 29.6073 ], [ 121.866699999000048, 29.6202 ], [ 121.8688, 29.6212 ], [ 121.8752, 29.615899999000078 ], [ 121.87970000100006, 29.6162 ], [ 121.886299999000016, 29.620400001000064 ], [ 121.8959, 29.6208 ], [ 121.9122, 29.6309 ], [ 121.9162, 29.639 ], [ 121.9184, 29.6402 ], [ 121.9212, 29.6395 ], [ 121.9247, 29.636100001000045 ], [ 121.9371000000001, 29.6325 ], [ 121.940800001000071, 29.636100001000045 ], [ 121.945700000000102, 29.6316 ], [ 121.9514, 29.6327 ], [ 121.955200000000104, 29.6334 ], [ 121.956100000000106, 29.6299 ], [ 121.9496, 29.6274 ], [ 121.9483, 29.625100001000078 ], [ 121.950800001000061, 29.6211 ], [ 121.955500001000019, 29.6176 ], [ 121.9538, 29.6149 ], [ 121.954300000000103, 29.609699999000043 ], [ 121.9577, 29.6092 ], [ 121.968399999000098, 29.615 ], [ 121.974699999, 29.6109 ], [ 121.9743, 29.6049 ], [ 121.9787, 29.6014 ], [ 121.9797, 29.593899999000087 ], [ 121.9852, 29.5952 ], [ 121.992800000000102, 29.601699999000061 ], [ 121.9968, 29.5983 ], [ 121.9982, 29.5897 ], [ 121.995899999000017, 29.5843 ], [ 121.9927, 29.5819 ], [ 121.9828, 29.579 ], [ 121.9773, 29.5755 ], [ 121.9755, 29.5743 ], [ 121.9756, 29.5706 ], [ 121.979500001000019, 29.5699 ], [ 121.9903, 29.572099999000045 ], [ 121.9897, 29.5675 ], [ 121.9875, 29.566300001000059 ], [ 121.974900001000037, 29.5672 ], [ 121.9705, 29.5651 ], [ 121.9648, 29.56640000100009 ], [ 121.9587, 29.562 ], [ 121.958900001000075, 29.5603 ], [ 121.9562, 29.5583 ], [ 121.951000001000011, 29.5596 ], [ 121.9533, 29.5508 ], [ 121.949099999000055, 29.543799999000043 ], [ 121.9549, 29.5399 ], [ 121.9539, 29.5364 ], [ 121.9423, 29.5415 ], [ 121.9268, 29.5414 ], [ 121.922600000000102, 29.5377 ], [ 121.9195, 29.5321 ], [ 121.9186, 29.5305 ], [ 121.918000001, 29.5188 ], [ 121.9208, 29.515 ], [ 121.9273, 29.5107 ], [ 121.9347, 29.5088 ], [ 121.947900001000107, 29.5102 ], [ 121.9528, 29.5095 ], [ 121.9562, 29.5025 ], [ 121.952099999000097, 29.500899999000069 ], [ 121.9431, 29.50319999900006 ], [ 121.9414, 29.5003 ], [ 121.9436, 29.4963 ], [ 121.9489, 29.496 ], [ 121.949300000000108, 29.492800001000035 ], [ 121.9406, 29.4834 ], [ 121.9422, 29.4794 ], [ 121.947900001000107, 29.478 ], [ 121.9494, 29.4715 ], [ 121.9515, 29.471 ], [ 121.9537, 29.472699999000042 ], [ 121.965, 29.4692 ], [ 121.9669, 29.4686 ], [ 121.9695, 29.465 ], [ 121.978599999000039, 29.4581 ], [ 121.9817, 29.45050000100008 ], [ 121.979200000000105, 29.4464 ], [ 121.969199999000011, 29.447699999000065 ], [ 121.9702, 29.4405 ], [ 121.974, 29.434 ], [ 121.9719, 29.432600001000083 ], [ 121.9678, 29.4333 ], [ 121.9622, 29.4271 ], [ 121.9681, 29.4262 ], [ 121.9658, 29.4218 ], [ 121.969199998000022, 29.4146 ], [ 121.966500001000099, 29.412399999000058 ], [ 121.961200001000066, 29.420299999000065 ], [ 121.9456, 29.4244 ], [ 121.9291, 29.4198 ], [ 121.924, 29.4184 ], [ 121.9115, 29.4009 ], [ 121.9159, 29.3956 ], [ 121.913500001000102, 29.3938 ], [ 121.907299999000088, 29.3945 ], [ 121.90419999900007, 29.3877 ], [ 121.903599999000107, 29.381600001000038 ], [ 121.90439999900002, 29.3785 ], [ 121.9079, 29.3755 ], [ 121.9204, 29.369200001000081 ], [ 121.9283, 29.3715 ], [ 121.9299, 29.3671 ], [ 121.9274, 29.3625 ], [ 121.9203, 29.3587 ], [ 121.924, 29.3547 ], [ 121.9218, 29.3518 ], [ 121.917, 29.3494 ], [ 121.9162, 29.346500001000038 ], [ 121.9215, 29.3361 ], [ 121.9247, 29.337299999000038 ], [ 121.9283, 29.3366 ], [ 121.9315, 29.3328 ], [ 121.9291, 29.3307 ], [ 121.9255, 29.3314 ], [ 121.918200001000059, 29.3266 ], [ 121.9122, 29.3167 ], [ 121.9202, 29.3129 ], [ 121.9236, 29.307400001000076 ], [ 121.9204, 29.305 ], [ 121.9116, 29.3031 ], [ 121.9093, 29.298400001000061 ], [ 121.9101, 29.2921 ], [ 121.9219, 29.287999999000078 ], [ 121.9234, 29.2849 ], [ 121.923500001000093, 29.2784 ], [ 121.9281, 29.274500001000035 ], [ 121.951800001000038, 29.2671 ], [ 121.9559, 29.2677 ], [ 121.9577, 29.268 ], [ 121.968, 29.2763 ], [ 121.9756, 29.2768 ], [ 121.9837, 29.283100001000037 ], [ 121.987800000000107, 29.284 ], [ 121.9907, 29.2781 ], [ 121.995699999000067, 29.2778 ], [ 121.995099999000104, 29.2751 ], [ 121.9895, 29.2692 ], [ 121.9939, 29.263799999000071 ], [ 121.9874, 29.263400001000036 ], [ 121.9815, 29.2652 ], [ 121.974, 29.261 ], [ 121.9695, 29.2619 ], [ 121.965999999000019, 29.2582 ], [ 121.968, 29.2531 ], [ 121.9663, 29.2503 ], [ 121.9599, 29.2531 ], [ 121.958, 29.2507 ], [ 121.958, 29.2429 ], [ 121.960499998000046, 29.2383 ], [ 121.9654, 29.2341 ], [ 121.9679000000001, 29.232 ], [ 121.969199999000011, 29.2266 ], [ 121.972200001000033, 29.2225 ], [ 121.967599999000072, 29.2212 ], [ 121.965800001000048, 29.216 ], [ 121.9624, 29.214 ], [ 121.9602000000001, 29.2059 ], [ 121.962099999000088, 29.202900001000046 ], [ 121.9663, 29.2016 ], [ 121.9678, 29.1967 ], [ 121.9664, 29.1959 ], [ 121.9576, 29.1988 ], [ 121.9545, 29.1964 ], [ 121.9528, 29.1975 ], [ 121.9533, 29.2119 ], [ 121.9593, 29.2153 ], [ 121.96059999900001, 29.2186 ], [ 121.956100000000106, 29.2283 ], [ 121.9495, 29.2287 ], [ 121.9465, 29.2265 ], [ 121.9444, 29.21039999900006 ], [ 121.9429, 29.207 ], [ 121.9403, 29.2015 ], [ 121.9352, 29.1962 ], [ 121.930600001000016, 29.1936 ], [ 121.906200001, 29.1889 ], [ 121.8837, 29.1767 ], [ 121.8768, 29.1685 ], [ 121.8729, 29.1675 ], [ 121.867, 29.169099999000082 ], [ 121.8563, 29.167300001000058 ], [ 121.8461, 29.1616 ], [ 121.8255, 29.1775 ], [ 121.8143, 29.192 ], [ 121.813000000000102, 29.1958 ], [ 121.8028, 29.1968 ], [ 121.80089999900008, 29.1983 ], [ 121.817, 29.2204 ], [ 121.8395, 29.242 ], [ 121.831100000000106, 29.2462 ], [ 121.8187, 29.2558 ], [ 121.818300001000011, 29.2708 ], [ 121.818, 29.2799 ], [ 121.818899999, 29.280899999000042 ], [ 121.8237, 29.280000001000076 ], [ 121.8349, 29.287899999000047 ], [ 121.8396, 29.2961 ], [ 121.83750000100008, 29.2979 ], [ 121.8233, 29.2996 ], [ 121.8173, 29.2989 ], [ 121.8105, 29.2951 ], [ 121.8051, 29.2971 ], [ 121.8033, 29.300900001000059 ], [ 121.810299999000108, 29.311 ], [ 121.817399999000031, 29.3094 ], [ 121.8203, 29.311 ], [ 121.821299999000075, 29.315299999000047 ], [ 121.8203, 29.3212 ], [ 121.8289, 29.3229 ], [ 121.8344, 29.321699999000089 ], [ 121.8371, 29.325 ], [ 121.8357, 29.3269 ], [ 121.8332, 29.3276 ], [ 121.823, 29.3304 ], [ 121.8242, 29.3326 ], [ 121.829, 29.3336 ], [ 121.8322, 29.3375 ], [ 121.8306, 29.3406 ], [ 121.8168, 29.3388 ], [ 121.8033, 29.3331 ], [ 121.797699999000088, 29.329 ], [ 121.7919, 29.3287 ], [ 121.7913, 29.3306 ], [ 121.7959, 29.3349 ], [ 121.7927, 29.3408 ], [ 121.7981, 29.3441 ], [ 121.80089999900008, 29.3509 ], [ 121.8005, 29.3547 ], [ 121.7896, 29.3587 ], [ 121.7892, 29.3603 ], [ 121.7996, 29.3641 ], [ 121.8074, 29.3738 ], [ 121.809200001000022, 29.376 ], [ 121.808600001000059, 29.3785 ], [ 121.7887, 29.368499999000051 ], [ 121.7815, 29.3674 ], [ 121.7786, 29.3639 ], [ 121.7762, 29.3633 ], [ 121.7749, 29.3703 ], [ 121.7731, 29.3715 ], [ 121.7711, 29.3705 ], [ 121.771700001, 29.3641 ], [ 121.769, 29.354499999000041 ], [ 121.771999999000059, 29.3509 ], [ 121.7804000000001, 29.351100001000077 ], [ 121.7825, 29.3419 ], [ 121.78, 29.337299999000038 ], [ 121.7711, 29.3354 ], [ 121.766200001000016, 29.3305 ], [ 121.7707, 29.3288 ], [ 121.7774, 29.3295 ], [ 121.7785, 29.3261 ], [ 121.7739, 29.321699999000089 ], [ 121.768600000000106, 29.3209 ], [ 121.766499999000075, 29.3159 ], [ 121.7705, 29.3116 ], [ 121.7768, 29.3086 ], [ 121.777499999000042, 29.3056 ], [ 121.776, 29.3036 ], [ 121.7692, 29.301399999000068 ], [ 121.768, 29.299200001000088 ], [ 121.77, 29.2939 ], [ 121.7701, 29.2811 ], [ 121.7786, 29.2774 ], [ 121.7801, 29.2726 ], [ 121.7782, 29.2546 ], [ 121.772500001000026, 29.236 ], [ 121.7644, 29.2213 ], [ 121.761799999, 29.217 ], [ 121.7567, 29.2085 ], [ 121.7504, 29.2049 ], [ 121.7486, 29.1982 ], [ 121.7496000000001, 29.1942 ], [ 121.741399999, 29.1886 ], [ 121.73420000100009, 29.1962 ], [ 121.7317, 29.2011 ], [ 121.7337, 29.2119 ], [ 121.743600001, 29.225100001000044 ], [ 121.744499999000027, 29.2319 ], [ 121.737, 29.244199999000045 ], [ 121.7336, 29.254299999000068 ], [ 121.7343, 29.2708 ], [ 121.7367, 29.2712 ], [ 121.739700001000074, 29.274500001000035 ], [ 121.739300001000061, 29.279499999000052 ], [ 121.7421, 29.2851 ], [ 121.74, 29.287800001000051 ], [ 121.7352, 29.2852 ], [ 121.7284, 29.2883 ], [ 121.7244, 29.283800001000088 ], [ 121.7272, 29.2802 ], [ 121.72, 29.2784 ], [ 121.7186, 29.270099999000081 ], [ 121.7315, 29.270699999000044 ], [ 121.72810000100003, 29.2592 ], [ 121.729500001000019, 29.2513 ], [ 121.7393, 29.2327 ], [ 121.7394, 29.2285 ], [ 121.7309, 29.2159 ], [ 121.7205, 29.2082 ], [ 121.7154, 29.2064 ], [ 121.7089, 29.1951 ], [ 121.699899999000081, 29.187799999000049 ], [ 121.6937, 29.1875 ], [ 121.6915, 29.1835 ], [ 121.6746, 29.1841 ], [ 121.6725, 29.185300001000087 ], [ 121.668500000000108, 29.187799999000049 ], [ 121.6643, 29.1883 ], [ 121.6612, 29.1831 ], [ 121.657699999000101, 29.184 ], [ 121.6524, 29.1919 ], [ 121.6478, 29.2076 ], [ 121.645600001000048, 29.2217 ], [ 121.64669999900002, 29.2279 ], [ 121.651100001000032, 29.2324 ], [ 121.64669999900002, 29.2357 ], [ 121.646400001000075, 29.2424 ], [ 121.6544, 29.2662 ], [ 121.656899999000075, 29.2802 ], [ 121.6556, 29.2866 ], [ 121.6694, 29.3008 ], [ 121.6654, 29.3032 ], [ 121.666700000000105, 29.3078 ], [ 121.665800000000104, 29.309700001000067 ], [ 121.6631, 29.3089 ], [ 121.6617, 29.3099 ], [ 121.663199999000085, 29.3128 ], [ 121.671, 29.3194 ], [ 121.6689, 29.3209 ], [ 121.6627, 29.3193 ], [ 121.6462, 29.2984 ], [ 121.6433, 29.299 ], [ 121.6407, 29.29969999900004 ], [ 121.6391, 29.3027 ], [ 121.6363, 29.304 ], [ 121.627000001000056, 29.302099999000063 ], [ 121.6232, 29.2963 ], [ 121.6237, 29.2946 ], [ 121.6258, 29.286 ], [ 121.6296, 29.2834 ], [ 121.6382, 29.2841 ], [ 121.6402, 29.2803 ], [ 121.6396, 29.2394 ], [ 121.637200001, 29.2359 ], [ 121.6396, 29.2306 ], [ 121.6374, 29.2001 ], [ 121.640900001000091, 29.189200001000074 ], [ 121.6402, 29.1871 ], [ 121.638000001000023, 29.1865 ], [ 121.632799999000099, 29.1875 ], [ 121.6283, 29.1884 ], [ 121.628, 29.197000001000049 ], [ 121.6249, 29.203300001000059 ], [ 121.620199999000079, 29.2076 ], [ 121.6167, 29.218900001000065 ], [ 121.6118, 29.2215 ], [ 121.6095, 29.2245 ], [ 121.6094, 29.231 ], [ 121.6027, 29.2468 ], [ 121.6011, 29.26040000100005 ], [ 121.5962, 29.2806 ], [ 121.591600001000074, 29.2788 ], [ 121.589799999000093, 29.2669 ], [ 121.5855, 29.2666 ], [ 121.583200001000023, 29.26810000100005 ], [ 121.5794, 29.2705 ], [ 121.5751, 29.2697 ], [ 121.571400001000029, 29.2733 ], [ 121.5683, 29.2732 ], [ 121.561, 29.2679 ], [ 121.5577, 29.268 ], [ 121.5346, 29.2766 ], [ 121.528000001, 29.2719 ], [ 121.5225, 29.2705 ], [ 121.512999999000044, 29.2724 ], [ 121.5037, 29.2709 ], [ 121.4899, 29.2724 ], [ 121.4782, 29.2712 ], [ 121.4596, 29.2624 ], [ 121.4565, 29.2589 ], [ 121.4564, 29.2561 ], [ 121.47180000100002, 29.2623 ], [ 121.4769, 29.2664 ], [ 121.4841, 29.268399999000053 ], [ 121.493299999000101, 29.266099999000062 ], [ 121.5146, 29.2686 ], [ 121.521, 29.2668 ], [ 121.53319999900009, 29.268399999000053 ], [ 121.547, 29.258800001000054 ], [ 121.5477, 29.2506 ], [ 121.5445, 29.244 ], [ 121.5474, 29.239499999000088 ], [ 121.537000001000024, 29.2312 ], [ 121.533999999, 29.2255 ], [ 121.5307, 29.2194 ], [ 121.5291, 29.2113 ], [ 121.5304000000001, 29.206 ], [ 121.5226, 29.2064 ], [ 121.5204, 29.2037 ], [ 121.525, 29.1984 ], [ 121.524999999000102, 29.1911 ], [ 121.528, 29.1866 ], [ 121.5335, 29.1872 ], [ 121.534900000000107, 29.1844 ], [ 121.5281, 29.1806 ], [ 121.5179, 29.1816 ], [ 121.5147, 29.1785 ], [ 121.5143, 29.1723 ], [ 121.508099999000024, 29.1707 ], [ 121.491900000000101, 29.160399999000049 ], [ 121.489, 29.160200001000078 ], [ 121.489, 29.1694 ], [ 121.485, 29.1697 ], [ 121.4859, 29.1733 ], [ 121.4871, 29.1785 ], [ 121.486299999000039, 29.1858 ], [ 121.4884, 29.1918 ], [ 121.4852, 29.1973 ], [ 121.4795, 29.1997 ], [ 121.479, 29.196 ], [ 121.482800001000101, 29.1865 ], [ 121.479999999000029, 29.1784 ], [ 121.4821, 29.17 ], [ 121.480100000000107, 29.1656 ], [ 121.4717, 29.1599 ], [ 121.469199999000011, 29.156 ], [ 121.461100000000101, 29.1574 ], [ 121.4558, 29.1636 ], [ 121.4449, 29.1667 ], [ 121.432100001000094, 29.1674 ], [ 121.4286, 29.169099999000082 ], [ 121.422600000000102, 29.1682 ], [ 121.421399999000073, 29.1685 ], [ 121.419000001000086, 29.169099999000082 ], [ 121.413599999000098, 29.1596 ], [ 121.4164, 29.1568 ], [ 121.4168, 29.1533 ], [ 121.4139, 29.145599999000069 ], [ 121.4223, 29.146900001000063 ], [ 121.4332, 29.1544 ], [ 121.4378, 29.1554 ], [ 121.4415, 29.1536 ], [ 121.4446, 29.1544 ], [ 121.445700000000102, 29.1515 ], [ 121.4402, 29.1468 ], [ 121.4378, 29.1391 ], [ 121.4387, 29.136999999000068 ], [ 121.443, 29.13600000100007 ], [ 121.4476, 29.137799999000038 ], [ 121.4513, 29.1348 ], [ 121.4578, 29.136999999000068 ], [ 121.4603, 29.1326 ], [ 121.458, 29.1272 ], [ 121.4518, 29.1265 ], [ 121.4501, 29.124200001000077 ], [ 121.452300001000026, 29.1194 ], [ 121.4518, 29.115 ], [ 121.4536, 29.1124 ], [ 121.4512, 29.1119 ], [ 121.4434, 29.11490000100008 ], [ 121.4363, 29.11490000100008 ], [ 121.4281, 29.1117 ], [ 121.426199999, 29.1118 ], [ 121.42, 29.112 ], [ 121.4129, 29.110100001000035 ], [ 121.3998, 29.1114 ], [ 121.3957, 29.1085 ], [ 121.4059, 29.1056 ], [ 121.4117, 29.1013 ], [ 121.4162, 29.1002 ], [ 121.4203, 29.1014 ], [ 121.425399999000092, 29.1065 ], [ 121.4419, 29.111600001000056 ], [ 121.4465, 29.1059 ], [ 121.4558, 29.1045 ], [ 121.4568, 29.097799999000074 ], [ 121.4587, 29.097500001000071 ], [ 121.4666, 29.0999 ], [ 121.471500000000106, 29.1037 ], [ 121.4812, 29.1019 ], [ 121.497399999000095, 29.1041 ], [ 121.509100000000103, 29.107200001000081 ], [ 121.5197, 29.1086 ], [ 121.5404, 29.1114 ], [ 121.5543, 29.1167 ], [ 121.558000000000106, 29.1117 ], [ 121.5668, 29.1119 ], [ 121.56980000100009, 29.1169 ], [ 121.573400000000106, 29.1174 ], [ 121.5873, 29.113 ], [ 121.5901, 29.1106 ], [ 121.5932, 29.1022 ], [ 121.5963, 29.1019 ], [ 121.5988, 29.1046 ], [ 121.6023, 29.103 ], [ 121.6073, 29.1031 ], [ 121.6115, 29.0995 ], [ 121.617, 29.1007 ], [ 121.6185, 29.1048 ], [ 121.622399999000095, 29.1079 ], [ 121.6276, 29.1052 ], [ 121.6319, 29.1068 ], [ 121.6366, 29.106399999000075 ], [ 121.646400001000075, 29.105500001000053 ], [ 121.6417, 29.1012 ], [ 121.6279, 29.0988 ], [ 121.6314, 29.0956 ], [ 121.629, 29.0889 ], [ 121.6308, 29.075700001000087 ], [ 121.629100001000097, 29.0649 ], [ 121.632599999000035, 29.049800001000051 ], [ 121.6311, 29.0473 ], [ 121.6229, 29.045200001000069 ], [ 121.6085, 29.0469 ], [ 121.5984, 29.043799999000043 ], [ 121.5893, 29.0433 ], [ 121.581900001, 29.047600001000035 ], [ 121.5807, 29.048300001000086 ], [ 121.5798, 29.0513 ], [ 121.582599999000081, 29.0581 ], [ 121.58169999900008, 29.0592 ], [ 121.5781, 29.059 ], [ 121.5744, 29.0626 ], [ 121.5696, 29.0634 ], [ 121.569, 29.0571 ], [ 121.5622, 29.059100001000047 ], [ 121.555, 29.059100001000047 ], [ 121.548500000000104, 29.0563 ], [ 121.5438, 29.0559 ], [ 121.54, 29.0587 ], [ 121.534799999000029, 29.0599 ], [ 121.5305, 29.0587 ], [ 121.539400001000104, 29.0537 ], [ 121.5398, 29.0502 ], [ 121.5354, 29.0446 ], [ 121.5388, 29.0393 ], [ 121.537800001000051, 29.0356 ], [ 121.526000001000057, 29.0208 ], [ 121.5309, 29.016300001000047 ], [ 121.528400002000012, 29.012 ], [ 121.5244, 29.0053 ], [ 121.524599999000088, 29.003 ], [ 121.527200000000107, 29.0005 ], [ 121.534199999000066, 29.0062 ], [ 121.5428, 29.007099999000047 ], [ 121.5601, 29.0151 ], [ 121.5674, 29.0204 ], [ 121.5641, 29.0229 ], [ 121.558400001, 29.0239 ], [ 121.5515, 29.0223 ], [ 121.5477, 29.0231 ], [ 121.5461, 29.0256 ], [ 121.5479, 29.0299 ], [ 121.5483, 29.0393 ], [ 121.5521, 29.0449 ], [ 121.5634, 29.051 ], [ 121.5693, 29.0508 ], [ 121.5759, 29.047600001000035 ], [ 121.580800001000057, 29.0434 ], [ 121.5892, 29.0364 ], [ 121.592, 29.0362 ], [ 121.5999, 29.039099999000086 ], [ 121.6131, 29.0412 ], [ 121.6256, 29.038 ], [ 121.632599999000035, 29.0408 ], [ 121.6425, 29.047899999000037 ], [ 121.658100000000104, 29.05380000100007 ], [ 121.6613, 29.05 ], [ 121.657400001000042, 29.044 ], [ 121.656, 29.0363 ], [ 121.658, 29.030200001000082 ], [ 121.6619, 29.0268 ], [ 121.666599999000027, 29.0261 ], [ 121.6712, 29.027900001000035 ], [ 121.6752, 29.034300001000076 ], [ 121.6782, 29.0323 ], [ 121.680100001000028, 29.031 ], [ 121.6771, 29.0267 ], [ 121.6796, 29.0231 ], [ 121.688900000000103, 29.0219 ], [ 121.692899999000019, 29.0228 ], [ 121.6981, 29.0183 ], [ 121.705900001000032, 29.016900001000067 ], [ 121.701400001000025, 29.0088 ], [ 121.699899999000081, 29.0087 ], [ 121.6977, 29.0129 ], [ 121.6856, 29.014 ], [ 121.6784, 29.0116 ], [ 121.681099999000025, 29.0059 ], [ 121.6776, 28.999899999000036 ], [ 121.6788, 28.9928 ], [ 121.676700001000086, 28.991 ], [ 121.6662, 28.9924 ], [ 121.6645, 28.9904 ], [ 121.6651, 28.9868 ], [ 121.6693, 28.9823 ], [ 121.6677, 28.9763 ], [ 121.6698, 28.974000001000036 ], [ 121.674199999000052, 28.9728 ], [ 121.676399999000068, 28.9722 ], [ 121.6793, 28.964600001000065 ], [ 121.6838, 28.9649 ], [ 121.688900000000103, 28.9677 ], [ 121.689699999000027, 28.9736 ], [ 121.694399999000098, 28.971 ], [ 121.695999999000037, 28.9682 ], [ 121.6954, 28.9638 ], [ 121.6886, 28.949799999000049 ], [ 121.6919, 28.9495 ], [ 121.697500001000094, 28.954 ], [ 121.7025000000001, 28.9612 ], [ 121.7049, 28.9622 ], [ 121.7103, 28.9589 ], [ 121.7109, 28.957 ], [ 121.7058, 28.954 ], [ 121.704300000000103, 28.949799999000049 ], [ 121.705399999000065, 28.9469 ], [ 121.7102000000001, 28.9476 ], [ 121.7168, 28.945999999000037 ], [ 121.723499999000069, 28.9497 ], [ 121.7256, 28.9481 ], [ 121.7239, 28.9444 ], [ 121.7276, 28.9427 ], [ 121.7221, 28.9409 ], [ 121.7209, 28.9405 ], [ 121.718500001000052, 28.937 ], [ 121.7081, 28.9314 ], [ 121.7026, 28.9227 ], [ 121.699800001000085, 28.922599999000056 ], [ 121.697500001000094, 28.9166 ], [ 121.694399999000098, 28.9164 ], [ 121.6902, 28.9194 ], [ 121.6795, 28.9171 ], [ 121.6757, 28.9197 ], [ 121.6611, 28.915 ], [ 121.652900001000035, 28.9183 ], [ 121.645, 28.9176 ], [ 121.6414, 28.923800001000075 ], [ 121.622, 28.9258 ], [ 121.6173, 28.930100001000085 ], [ 121.6151, 28.9362 ], [ 121.6107, 28.9395 ], [ 121.6062, 28.9427 ], [ 121.602000001000079, 28.9434 ], [ 121.5906, 28.933 ], [ 121.5791, 28.9328 ], [ 121.57, 28.935899999000071 ], [ 121.5619, 28.936 ], [ 121.5586, 28.9386 ], [ 121.5569, 28.9453 ], [ 121.559, 28.9618 ], [ 121.5567, 28.9652 ], [ 121.545400001000075, 28.9594 ], [ 121.543300001000034, 28.9625 ], [ 121.537600001000101, 28.961 ], [ 121.5344, 28.9579 ], [ 121.535500001000059, 28.955200001000037 ], [ 121.5341, 28.9533 ], [ 121.5269, 28.9539 ], [ 121.5225, 28.9464 ], [ 121.521, 28.946600001000036 ], [ 121.5197, 28.9467 ], [ 121.513799999000071, 28.9506 ], [ 121.5093, 28.949999999000056 ], [ 121.4974, 28.939600001000088 ], [ 121.4958, 28.9348 ], [ 121.497700001, 28.9317 ], [ 121.505099999000095, 28.9351 ], [ 121.512199999000018, 28.9351 ], [ 121.5209, 28.94 ], [ 121.522999999000035, 28.938899999000057 ], [ 121.5222, 28.9341 ], [ 121.5233, 28.9326 ], [ 121.5286, 28.9342 ], [ 121.530000001000076, 28.9323 ], [ 121.5297, 28.9292 ], [ 121.5225, 28.919100001000061 ], [ 121.5234, 28.9165 ], [ 121.529499999, 28.9124 ], [ 121.5354, 28.9127 ], [ 121.540499999000076, 28.9066 ], [ 121.5579, 28.9047 ], [ 121.5689, 28.9035 ], [ 121.586, 28.8954 ], [ 121.5915, 28.8949 ], [ 121.597, 28.8979 ], [ 121.613899999000068, 28.8993 ], [ 121.61830000100008, 28.894399999000086 ], [ 121.6219, 28.894299999000054 ], [ 121.623, 28.8922 ], [ 121.6216, 28.884899999000083 ], [ 121.6239, 28.8815 ], [ 121.6286, 28.8797 ], [ 121.6400000000001, 28.8805 ], [ 121.641100001000041, 28.8774 ], [ 121.6396, 28.873000001000037 ], [ 121.6323000000001, 28.8673 ], [ 121.6347, 28.8667 ], [ 121.6352, 28.8602 ], [ 121.6302, 28.8499 ], [ 121.63, 28.8494 ], [ 121.6316, 28.8467 ], [ 121.635100001000069, 28.844900001000042 ], [ 121.6405, 28.8452 ], [ 121.6462, 28.8436 ], [ 121.6657, 28.844900001000042 ], [ 121.6641, 28.8393 ], [ 121.6697, 28.834 ], [ 121.677, 28.834199999000077 ], [ 121.6801, 28.8321 ], [ 121.6754, 28.8271 ], [ 121.6778, 28.8227 ], [ 121.6699, 28.8237 ], [ 121.6608, 28.8197 ], [ 121.6583, 28.8175 ], [ 121.6597, 28.814300001000049 ], [ 121.651, 28.8093 ], [ 121.642700001000094, 28.8021 ], [ 121.6439, 28.800800001000084 ], [ 121.6578, 28.7993 ], [ 121.659799999000029, 28.7994 ], [ 121.6664, 28.7995 ], [ 121.6736, 28.802699999000083 ], [ 121.674700001000019, 28.800200001000064 ], [ 121.678700001000038, 28.8001 ], [ 121.6783, 28.7926 ], [ 121.6767, 28.7851 ], [ 121.6718, 28.7869 ], [ 121.6677, 28.7863 ], [ 121.6654, 28.7881 ], [ 121.6561, 28.7864 ], [ 121.651399999000091, 28.788599999000041 ], [ 121.645, 28.7877 ], [ 121.644, 28.786 ], [ 121.646099999000057, 28.7845 ], [ 121.640799999000023, 28.7819 ], [ 121.6349, 28.7764 ], [ 121.6289, 28.7631 ], [ 121.626499999000089, 28.7437 ], [ 121.6279, 28.7339 ], [ 121.6274, 28.7326 ], [ 121.6249, 28.7254 ], [ 121.6249, 28.7193 ], [ 121.6182, 28.7161 ], [ 121.6112, 28.721299999000053 ], [ 121.6072, 28.721299999000053 ], [ 121.5857, 28.7151 ], [ 121.578599999000062, 28.7154 ], [ 121.5742, 28.7176 ], [ 121.566199999000105, 28.7113 ], [ 121.5542, 28.7065 ], [ 121.543300001000034, 28.697999999000047 ], [ 121.5275, 28.69140000100009 ], [ 121.512, 28.695200001000046 ], [ 121.5011, 28.6948 ], [ 121.4945, 28.6968 ], [ 121.4676, 28.6915 ], [ 121.4569, 28.6925 ], [ 121.449300000000108, 28.6908 ], [ 121.4436, 28.6915 ], [ 121.4423, 28.6847 ], [ 121.4487, 28.6843 ], [ 121.490100001000087, 28.6614 ], [ 121.499399999000048, 28.6541 ], [ 121.5074, 28.6268 ], [ 121.5129, 28.6007 ], [ 121.5209, 28.5784 ], [ 121.5286, 28.5645 ], [ 121.549400001000095, 28.524800001000074 ], [ 121.562299999000061, 28.5122 ], [ 121.5686, 28.4976 ], [ 121.5676, 28.4952 ], [ 121.5616, 28.4924 ], [ 121.5559, 28.4923 ], [ 121.5421, 28.4965 ], [ 121.537899999000047, 28.4912 ], [ 121.547600000000102, 28.4905 ], [ 121.5591, 28.487 ], [ 121.5682, 28.4899 ], [ 121.5771, 28.4887 ], [ 121.5801, 28.4853 ], [ 121.58169999900008, 28.4815 ], [ 121.5798, 28.474 ], [ 121.5708, 28.452000001000044 ], [ 121.5737, 28.4371 ], [ 121.572200001000056, 28.4338 ], [ 121.5653, 28.4319 ], [ 121.5631, 28.428599999000085 ], [ 121.5664, 28.421 ], [ 121.5762, 28.40759999900007 ], [ 121.578400000000101, 28.398800001000041 ], [ 121.583200001000023, 28.3912 ], [ 121.591600001000074, 28.3799 ], [ 121.587900001000094, 28.3741 ], [ 121.588499999000078, 28.367 ], [ 121.5856, 28.365999999000053 ], [ 121.584299999, 28.3633 ], [ 121.5856, 28.3577 ], [ 121.5884, 28.3539 ], [ 121.59449999900005, 28.3539 ], [ 121.5988, 28.356599999000082 ], [ 121.6122, 28.3605 ], [ 121.6175, 28.3564 ], [ 121.6186, 28.3524 ], [ 121.6176, 28.3508 ], [ 121.6226, 28.3438 ], [ 121.6206, 28.3382 ], [ 121.6219, 28.336 ], [ 121.625699999000062, 28.336200001000066 ], [ 121.6316, 28.3434 ], [ 121.6382, 28.3441 ], [ 121.6478, 28.3497 ], [ 121.6547, 28.3517 ], [ 121.658200001000068, 28.350300001000051 ], [ 121.6509, 28.346599999000091 ], [ 121.6508, 28.345 ], [ 121.6616, 28.3465 ], [ 121.6659, 28.3458 ], [ 121.6668, 28.3439 ], [ 121.6555, 28.3376 ], [ 121.6446, 28.3274 ], [ 121.6501, 28.3229 ], [ 121.6421, 28.3124 ], [ 121.642700001000094, 28.3108 ], [ 121.644500000000107, 28.3055 ], [ 121.6425, 28.3015 ], [ 121.6384, 28.2876 ], [ 121.6338, 28.2837 ], [ 121.629100001000097, 28.2832 ], [ 121.6221, 28.2771 ], [ 121.61830000100008, 28.2763 ], [ 121.6208, 28.2725 ], [ 121.6166, 28.2684 ], [ 121.6171, 28.2665 ], [ 121.623800001000063, 28.263 ], [ 121.619, 28.2583 ], [ 121.6098, 28.2615 ], [ 121.6054, 28.2534 ], [ 121.6027, 28.253 ], [ 121.5962, 28.2521 ], [ 121.5857, 28.24840000100005 ], [ 121.5829, 28.2505 ], [ 121.5828, 28.2545 ], [ 121.5795, 28.2573 ], [ 121.580600001000107, 28.2602 ], [ 121.5885, 28.2648 ], [ 121.591099999000107, 28.2683 ], [ 121.5908, 28.2725 ], [ 121.5954, 28.2781 ], [ 121.5954, 28.286000001000048 ], [ 121.5902, 28.2957 ], [ 121.582000000000107, 28.3068 ], [ 121.5762, 28.3106 ], [ 121.565399999000078, 28.3131 ], [ 121.5591, 28.3177 ], [ 121.5509, 28.313 ], [ 121.5479, 28.3139 ], [ 121.5466, 28.3194 ], [ 121.5446, 28.323799999000073 ], [ 121.53709999900002, 28.3252 ], [ 121.5214, 28.3328 ], [ 121.5099, 28.3324 ], [ 121.4984, 28.3356 ], [ 121.4858, 28.3342 ], [ 121.4819, 28.3363 ], [ 121.464499999000054, 28.329999999000052 ], [ 121.455, 28.321 ], [ 121.450800001000061, 28.3131 ], [ 121.4524, 28.3095 ], [ 121.4587, 28.3069 ], [ 121.4601, 28.3048 ], [ 121.4541, 28.3011 ], [ 121.4501, 28.3037 ], [ 121.4481, 28.3036 ], [ 121.447500000000105, 28.3036 ], [ 121.4458, 28.2921 ], [ 121.442, 28.292 ], [ 121.436999999000022, 28.2971 ], [ 121.432100000000105, 28.2986 ], [ 121.425100001000033, 28.3048 ], [ 121.4206, 28.3045 ], [ 121.418500000000108, 28.3022 ], [ 121.4117, 28.3053 ], [ 121.4065, 28.3048 ], [ 121.4029, 28.3019 ], [ 121.4016, 28.2971 ], [ 121.4024, 28.2931 ], [ 121.4103, 28.286900001000049 ], [ 121.4066, 28.280699999000035 ], [ 121.4112, 28.2767 ], [ 121.415499999000076, 28.2772 ], [ 121.425999999000055, 28.2703 ], [ 121.429099999000073, 28.2642 ], [ 121.4341, 28.2639 ], [ 121.4347, 28.2616 ], [ 121.426199999, 28.2585 ], [ 121.4238, 28.2576 ], [ 121.4211, 28.2533 ], [ 121.4238, 28.2476 ], [ 121.4285, 28.2498 ], [ 121.4296, 28.247 ], [ 121.416699999, 28.2393 ], [ 121.4059, 28.230400001000078 ], [ 121.3975, 28.2326 ], [ 121.3884, 28.23069999900008 ], [ 121.377300000000105, 28.2294 ], [ 121.3752, 28.2215 ], [ 121.36989999900004, 28.2241 ], [ 121.3635, 28.2148 ], [ 121.3641, 28.2104 ], [ 121.366699999000048, 28.207099999000036 ], [ 121.3781, 28.202200001000051 ], [ 121.3787, 28.1991 ], [ 121.375500000000102, 28.1943 ], [ 121.3643, 28.1887 ], [ 121.3646, 28.1808 ], [ 121.3672, 28.179199999000048 ], [ 121.379500001, 28.1799 ], [ 121.381, 28.1842 ], [ 121.3843, 28.185 ], [ 121.3889, 28.1887 ], [ 121.3896, 28.1809 ], [ 121.3873, 28.1715 ], [ 121.3865, 28.168 ], [ 121.3826, 28.1612 ], [ 121.368700001000093, 28.1543 ], [ 121.3627, 28.1396 ], [ 121.358500001000039, 28.1391 ], [ 121.3529, 28.143799999000066 ], [ 121.346900001000108, 28.1409 ], [ 121.3444, 28.1414 ], [ 121.343, 28.1442 ], [ 121.346700001000045, 28.1489 ], [ 121.3455, 28.1512 ], [ 121.338, 28.1501 ], [ 121.330200000000104, 28.1509 ], [ 121.335999999000023, 28.1572 ], [ 121.3347, 28.1615 ], [ 121.3306, 28.1661 ], [ 121.3263, 28.1675 ], [ 121.3183, 28.1666 ], [ 121.3143, 28.168700001000047 ], [ 121.3081, 28.174 ], [ 121.306, 28.1758 ], [ 121.3021, 28.1811 ], [ 121.2997, 28.1901 ], [ 121.2969, 28.1914 ], [ 121.282799999000076, 28.1904 ], [ 121.279699999000059, 28.191300001000059 ], [ 121.274399999000025, 28.197500001000037 ], [ 121.274100001000079, 28.20620000100007 ], [ 121.2773, 28.2116 ], [ 121.2743, 28.2136 ], [ 121.2728, 28.2184 ], [ 121.2693, 28.2199 ], [ 121.268600001000095, 28.2222 ], [ 121.2708, 28.2262 ], [ 121.2653, 28.2313 ], [ 121.2649, 28.2342 ], [ 121.2666, 28.2363 ], [ 121.2628, 28.2391 ], [ 121.2587, 28.245400001000064 ], [ 121.2602, 28.2495 ], [ 121.2575, 28.253200001000039 ], [ 121.2574, 28.2592 ], [ 121.259999999, 28.2687 ], [ 121.2602, 28.2696 ], [ 121.270999999000082, 28.2778 ], [ 121.266799999, 28.2799 ], [ 121.2614, 28.278 ], [ 121.2544, 28.281400001000065 ], [ 121.2534, 28.2898 ], [ 121.2499, 28.2951 ], [ 121.2413, 28.3015 ], [ 121.2317, 28.3031 ], [ 121.2308, 28.3174 ], [ 121.2276, 28.319700001000058 ], [ 121.2229, 28.3198 ], [ 121.2179000000001, 28.318 ], [ 121.2143, 28.325800001000061 ], [ 121.2163, 28.331 ], [ 121.225099999, 28.3373 ], [ 121.2348, 28.3353 ], [ 121.2379, 28.3369 ], [ 121.2443, 28.3401 ], [ 121.257600001000014, 28.3411 ], [ 121.274100001000079, 28.353599999000039 ], [ 121.2771, 28.3577 ], [ 121.276, 28.3611 ], [ 121.2724, 28.3609 ], [ 121.2628, 28.3528 ], [ 121.2578, 28.350300001000051 ], [ 121.2439, 28.3508 ], [ 121.2364, 28.354299999000091 ], [ 121.225, 28.353599999000039 ], [ 121.220199999000101, 28.3579 ], [ 121.214699999, 28.3576 ], [ 121.2125, 28.362800001000039 ], [ 121.214699999, 28.3693 ], [ 121.220900001000018, 28.3706 ], [ 121.222099999000079, 28.3719 ], [ 121.2231, 28.3729 ], [ 121.222400000000107, 28.3746 ], [ 121.2093, 28.3802 ], [ 121.2009, 28.3741 ], [ 121.1988, 28.3752 ], [ 121.1979, 28.3767 ], [ 121.206100000000106, 28.3849 ], [ 121.1991, 28.3886 ], [ 121.19129999900008, 28.386399999000048 ], [ 121.176200000000108, 28.39 ], [ 121.1712, 28.3893 ], [ 121.169299999000032, 28.386399999000048 ], [ 121.1704, 28.383 ], [ 121.167, 28.3781 ], [ 121.1825, 28.364 ], [ 121.1843, 28.36 ], [ 121.1789, 28.3507 ], [ 121.1723, 28.3497 ], [ 121.1689, 28.3492 ], [ 121.163700001000052, 28.3468 ], [ 121.1592, 28.3481 ], [ 121.1498, 28.338799999000059 ], [ 121.1456, 28.340399999000056 ], [ 121.143, 28.339 ], [ 121.1371, 28.328399999000055 ], [ 121.1387, 28.325699999000051 ], [ 121.146, 28.3264 ], [ 121.1471, 28.3224 ], [ 121.1437, 28.3162 ], [ 121.1378, 28.3154 ], [ 121.1298, 28.3085 ], [ 121.1274, 28.304700001000072 ], [ 121.135800001, 28.300999999000055 ], [ 121.13649999900008, 28.2994 ], [ 121.1243, 28.2946 ], [ 121.1206, 28.2854 ], [ 121.1151, 28.2824 ], [ 121.108999999000048, 28.282 ], [ 121.0952, 28.281 ], [ 121.0835, 28.2831 ], [ 121.0807, 28.286900001000049 ], [ 121.08169999900008, 28.3001 ], [ 121.0783, 28.3054 ], [ 121.071499999000025, 28.2977 ], [ 121.067799999000044, 28.2999 ], [ 121.063000000000102, 28.2998 ], [ 121.0624, 28.303300001000082 ], [ 121.0583, 28.308600001000059 ], [ 121.0493, 28.3106 ], [ 121.046, 28.3078 ], [ 121.0489, 28.301700001000086 ], [ 121.0419, 28.294 ], [ 121.034799999000029, 28.2946 ], [ 121.0312, 28.288599999000041 ], [ 121.0377, 28.2857 ], [ 121.0404, 28.2832 ], [ 121.0414, 28.28210000100006 ], [ 121.0509, 28.282800001000055 ], [ 121.0584, 28.28 ], [ 121.069, 28.2804 ], [ 121.0751, 28.2761 ], [ 121.0944, 28.2754 ], [ 121.1013, 28.2778 ], [ 121.1062, 28.2771 ], [ 121.1127, 28.2711 ], [ 121.1181, 28.257199999000079 ], [ 121.1258, 28.2527 ], [ 121.127899999000078, 28.2498 ], [ 121.1278, 28.2462 ], [ 121.120500000000106, 28.2344 ], [ 121.1186, 28.2246 ], [ 121.1164, 28.222 ], [ 121.112800000000107, 28.2176 ], [ 121.1151, 28.213 ], [ 121.102400001000092, 28.2044 ], [ 121.103400001000068, 28.1998 ], [ 121.0964, 28.1903 ], [ 121.0968, 28.187 ], [ 121.104, 28.1806 ], [ 121.0953, 28.1728 ], [ 121.0957, 28.168 ], [ 121.092400001000101, 28.1657 ], [ 121.086900001, 28.1654 ], [ 121.0818, 28.1682 ], [ 121.0776, 28.1676 ], [ 121.0583, 28.150199999000051 ], [ 121.050499999000067, 28.147799999000085 ], [ 121.0436, 28.1435 ], [ 121.0429, 28.1435 ], [ 121.034400001000108, 28.1428 ], [ 121.0264, 28.1471 ], [ 121.0233, 28.145299999000088 ], [ 121.010000000000105, 28.128000001000089 ], [ 121.000500000000102, 28.1212 ], [ 120.9979, 28.109399999000061 ], [ 120.9906, 28.099000001000036 ], [ 120.9898, 28.0946 ], [ 120.9947, 28.0927 ], [ 120.9961, 28.0902 ], [ 120.9951, 28.087 ], [ 120.988300001000084, 28.080200001000037 ], [ 120.9913, 28.0741 ], [ 120.9939, 28.0542 ], [ 120.9939, 28.0536 ], [ 120.993, 28.0446 ], [ 120.9754, 28.0232 ], [ 120.9667, 28.007599999000035 ], [ 120.954600001000017, 27.991099999000085 ], [ 120.9584, 27.985 ], [ 120.9551, 27.9838 ], [ 120.9476, 27.986399999000071 ], [ 120.9459, 27.98 ], [ 120.9265, 27.9899 ], [ 120.9161, 27.991099999000085 ], [ 120.907200000000103, 27.9921 ], [ 120.8796, 27.9985 ], [ 120.857, 27.998 ], [ 120.8371, 27.994 ], [ 120.8257, 27.9895 ], [ 120.818699999000046, 27.989 ], [ 120.8011, 27.993400001000055 ], [ 120.79670000100009, 27.9964 ], [ 120.791, 28.007599999000035 ], [ 120.7878, 28.010500001000082 ], [ 120.7787, 28.0188 ], [ 120.764199999000084, 28.0243 ], [ 120.7389, 28.0311 ], [ 120.693599999000071, 28.0407 ], [ 120.687999999, 28.0452 ], [ 120.6798, 28.0443 ], [ 120.6723, 28.048299999000051 ], [ 120.666700000000105, 28.0511 ], [ 120.658299999000064, 28.0408 ], [ 120.6431, 28.0368 ], [ 120.6503, 28.0248 ], [ 120.6559, 28.0264 ], [ 120.663500001000102, 28.0259 ], [ 120.673500000000104, 28.0199 ], [ 120.6904, 28.0186 ], [ 120.705900001000032, 28.0167 ], [ 120.7127, 28.01440000100007 ], [ 120.7254, 28.001399999000057 ], [ 120.7319, 27.991299999000034 ], [ 120.7372, 27.9868 ], [ 120.755200001000048, 27.9788 ], [ 120.7635, 27.973700001000054 ], [ 120.7765, 27.9729 ], [ 120.7828, 27.9699 ], [ 120.785199998000053, 27.9701 ], [ 120.7894, 27.9706 ], [ 120.794300001000011, 27.9689 ], [ 120.8052, 27.9712 ], [ 120.8085, 27.9706 ], [ 120.8177, 27.9627 ], [ 120.830400001000044, 27.9587 ], [ 120.847099999000079, 27.9468 ], [ 120.858500001000039, 27.9424 ], [ 120.8629, 27.9384 ], [ 120.864899999000045, 27.9319 ], [ 120.8616, 27.919800001000056 ], [ 120.852400000000102, 27.905899999000042 ], [ 120.8513, 27.8951 ], [ 120.8486, 27.8903 ], [ 120.85, 27.8857 ], [ 120.847400000000107, 27.8728 ], [ 120.83679999900005, 27.8629 ], [ 120.8295, 27.860499999000069 ], [ 120.80719999900009, 27.8475 ], [ 120.7873, 27.825999999000089 ], [ 120.7706, 27.8137 ], [ 120.7643, 27.8038 ], [ 120.7595, 27.7961 ], [ 120.749700001000065, 27.7858 ], [ 120.746899999000107, 27.7746 ], [ 120.740300001000037, 27.7634 ], [ 120.735899999000026, 27.748599999000078 ], [ 120.732, 27.7426 ], [ 120.7248, 27.7366 ], [ 120.7101, 27.723200001000066 ], [ 120.7022, 27.72 ], [ 120.6968, 27.7194 ], [ 120.687399999000036, 27.72 ], [ 120.6802, 27.7228 ], [ 120.6692, 27.7102 ], [ 120.6729, 27.7064 ], [ 120.6752, 27.700899999000058 ], [ 120.6743, 27.695499999000049 ], [ 120.6648, 27.6885 ], [ 120.6623, 27.674100001000056 ], [ 120.6571, 27.6596 ], [ 120.6578, 27.6571 ], [ 120.660800000000108, 27.6547 ], [ 120.6675, 27.6534 ], [ 120.6719, 27.6491 ], [ 120.6755, 27.638900001000081 ], [ 120.671, 27.6345 ], [ 120.6609, 27.6368 ], [ 120.6579, 27.6355 ], [ 120.6617, 27.6288 ], [ 120.657499999000038, 27.6149 ], [ 120.6521, 27.6124 ], [ 120.6404, 27.6149 ], [ 120.6401, 27.6105 ], [ 120.6372, 27.6049 ], [ 120.6385, 27.6007 ], [ 120.6357, 27.599099999000089 ], [ 120.627699999000015, 27.59939999900007 ], [ 120.621300001, 27.594900001000042 ], [ 120.617800000000102, 27.5953 ], [ 120.6104, 27.6019 ], [ 120.6044, 27.5963 ], [ 120.5971, 27.5946 ], [ 120.5942, 27.5869 ], [ 120.596, 27.5829 ], [ 120.5953, 27.5806 ], [ 120.589599999000029, 27.5767 ], [ 120.588599999000053, 27.572499999000058 ], [ 120.590100001, 27.5635 ], [ 120.5964, 27.55 ], [ 120.5942, 27.5411 ], [ 120.6085, 27.515 ], [ 120.6072, 27.5079 ], [ 120.6086, 27.5031 ], [ 120.614200001000086, 27.4988 ], [ 120.6294, 27.487099999000066 ], [ 120.633199999, 27.490999999000053 ], [ 120.6347, 27.4992 ], [ 120.641700001, 27.4961 ], [ 120.650900001000082, 27.49960000100009 ], [ 120.658200001000068, 27.4993 ], [ 120.6623, 27.495699999000067 ], [ 120.6637, 27.4919 ], [ 120.6631, 27.484799999000074 ], [ 120.6721, 27.4796 ], [ 120.6747, 27.4767 ], [ 120.6833, 27.475300001000051 ], [ 120.684, 27.474 ], [ 120.675800001000084, 27.458299999000076 ], [ 120.6639, 27.4522 ], [ 120.6628, 27.448 ], [ 120.6622, 27.445500001000084 ], [ 120.657, 27.4435 ], [ 120.647200001000101, 27.4438 ], [ 120.649899999000013, 27.4377 ], [ 120.648899999000037, 27.4329 ], [ 120.6399, 27.428 ], [ 120.6384, 27.4243 ], [ 120.6416, 27.4157 ], [ 120.6384, 27.4092 ], [ 120.6386000010001, 27.4057 ], [ 120.645800001, 27.403499999000076 ], [ 120.6469, 27.4016 ], [ 120.6459, 27.3981 ], [ 120.640999999000087, 27.3958 ], [ 120.6419, 27.3943 ], [ 120.647299999000097, 27.3932 ], [ 120.649899999000013, 27.3827 ], [ 120.644, 27.3793 ], [ 120.646, 27.3705 ], [ 120.6438, 27.3649 ], [ 120.6379, 27.3641 ], [ 120.6337, 27.3656 ], [ 120.6314, 27.3665 ], [ 120.6245, 27.3616 ], [ 120.6203, 27.3625 ], [ 120.615, 27.3661 ], [ 120.6155, 27.3692 ], [ 120.621, 27.373699999000053 ], [ 120.622, 27.3766 ], [ 120.613600001, 27.3786 ], [ 120.611000000000104, 27.381 ], [ 120.6102, 27.39 ], [ 120.6025, 27.3882 ], [ 120.5991, 27.382999999000049 ], [ 120.5942, 27.3814 ], [ 120.5911, 27.3783 ], [ 120.5821, 27.3868 ], [ 120.5754, 27.3959 ], [ 120.5617, 27.399 ], [ 120.5526, 27.403300001000048 ], [ 120.547500001, 27.403300001000048 ], [ 120.5449, 27.4022 ], [ 120.5442, 27.4019 ], [ 120.5427, 27.3982 ], [ 120.5477, 27.3914 ], [ 120.5389, 27.3932 ], [ 120.5378, 27.3834 ], [ 120.540800001000093, 27.3802 ], [ 120.5521, 27.382999999000049 ], [ 120.554700001000015, 27.374399999000048 ], [ 120.5532, 27.3677 ], [ 120.551799999000082, 27.3661 ], [ 120.5459, 27.3647 ], [ 120.5397, 27.3576 ], [ 120.532, 27.358 ], [ 120.530699999000035, 27.3498 ], [ 120.5339, 27.3418 ], [ 120.532200000000103, 27.3387 ], [ 120.5209, 27.3357 ], [ 120.5135, 27.3383 ], [ 120.509, 27.3382 ], [ 120.5101, 27.3359 ], [ 120.5212, 27.3276 ], [ 120.5388, 27.3284 ], [ 120.5404, 27.3265 ], [ 120.541, 27.3196 ], [ 120.5454, 27.3191 ], [ 120.5587, 27.3267 ], [ 120.561000001000025, 27.3264 ], [ 120.5617, 27.3248 ], [ 120.556899999000052, 27.3186 ], [ 120.5578, 27.3144 ], [ 120.5559, 27.3123 ], [ 120.5561, 27.309 ], [ 120.5473, 27.3061 ], [ 120.543999999000107, 27.302 ], [ 120.5445, 27.3005 ], [ 120.5552, 27.2987 ], [ 120.5579, 27.2947 ], [ 120.5499, 27.2911 ], [ 120.5459, 27.287599999000065 ], [ 120.5452, 27.2857 ], [ 120.5462, 27.284300001000076 ], [ 120.5477, 27.2823 ], [ 120.5453, 27.2784 ], [ 120.537, 27.2751 ], [ 120.5326, 27.274999999000045 ], [ 120.5269, 27.2704 ], [ 120.522700001000089, 27.2692 ], [ 120.5216, 27.2615 ], [ 120.5178, 27.2566 ], [ 120.517, 27.249 ], [ 120.5181, 27.2465 ], [ 120.5223, 27.2452 ], [ 120.537, 27.2452 ], [ 120.5403, 27.243099999000037 ], [ 120.526300000000106, 27.2316 ], [ 120.5292, 27.2234 ], [ 120.5285, 27.2217 ], [ 120.5255, 27.220900001000075 ], [ 120.5194, 27.2225 ], [ 120.517, 27.2156 ], [ 120.511, 27.2111 ], [ 120.5102, 27.2094 ], [ 120.5094, 27.2078 ], [ 120.5174, 27.196 ], [ 120.5133, 27.191399999000055 ], [ 120.4983, 27.188 ], [ 120.4895, 27.18 ], [ 120.4786, 27.164 ], [ 120.476, 27.1626 ], [ 120.4709, 27.165 ], [ 120.463499999000078, 27.174700001000076 ], [ 120.4627, 27.1814 ], [ 120.4586, 27.1883 ], [ 120.4598, 27.1908 ], [ 120.4663, 27.1899 ], [ 120.4683, 27.1949 ], [ 120.4684, 27.2055 ], [ 120.4663, 27.2068 ], [ 120.4622, 27.2092 ], [ 120.4571, 27.216300001000036 ], [ 120.4509, 27.2187 ], [ 120.4476, 27.218600001000084 ], [ 120.4444, 27.209 ], [ 120.431499999000039, 27.2081 ], [ 120.429699999000036, 27.1977 ], [ 120.4255, 27.195199999000067 ], [ 120.421299999000098, 27.195199999000067 ], [ 120.4192, 27.1924 ], [ 120.421099999000035, 27.1831 ], [ 120.431500001000018, 27.1763 ], [ 120.4336, 27.1715 ], [ 120.4319, 27.1682 ], [ 120.4246, 27.1664 ], [ 120.418500000000108, 27.1604 ], [ 120.4162, 27.1673 ], [ 120.417, 27.175 ], [ 120.4162, 27.1757 ], [ 120.4034, 27.1856 ], [ 120.4002, 27.1913 ], [ 120.3913999990001, 27.1969 ], [ 120.3861, 27.204 ], [ 120.3784, 27.2004 ], [ 120.3752, 27.1906 ], [ 120.38509999900009, 27.1773 ], [ 120.3889, 27.169300001000067 ], [ 120.3959, 27.168400001000066 ], [ 120.4066, 27.1486 ], [ 120.4248, 27.1455 ], [ 120.436700001000077, 27.1487 ], [ 120.4397, 27.1461 ], [ 120.4388, 27.144 ], [ 120.4355, 27.1422 ], [ 120.4322, 27.1404 ], [ 120.4288, 27.1322 ], [ 120.425500001000046, 27.1331 ], [ 120.4184, 27.1393 ], [ 120.4135, 27.1393 ], [ 120.4015, 27.135699999000053 ], [ 120.384100000000103, 27.135699999000053 ], [ 120.384100000000103, 27.1344 ], [ 120.3944, 27.1318 ], [ 120.4141, 27.1195 ], [ 120.4027, 27.119 ], [ 120.397, 27.1174 ], [ 120.382799999000099, 27.1182 ], [ 120.37460000100009, 27.1164 ], [ 120.3737, 27.113799999000037 ], [ 120.3732, 27.1124 ], [ 120.3745, 27.1093 ], [ 120.386600001000033, 27.107 ], [ 120.3873, 27.1049 ], [ 120.37480000100004, 27.098 ], [ 120.3745, 27.0942 ], [ 120.3768, 27.09 ], [ 120.381199999000046, 27.0885 ], [ 120.3934, 27.0892 ], [ 120.391900001000067, 27.0867 ], [ 120.3877, 27.0824 ], [ 120.38509999900009, 27.082 ], [ 120.377200001, 27.085400001000039 ], [ 120.3569, 27.0873 ], [ 120.346500000000106, 27.0908 ], [ 120.3285, 27.0899 ], [ 120.323200001000032, 27.092699999000047 ], [ 120.3218, 27.0952 ], [ 120.318799999000021, 27.1005 ], [ 120.3029, 27.0942 ], [ 120.2966, 27.0945 ], [ 120.2891, 27.0992 ], [ 120.275400000000104, 27.0987 ], [ 120.271500001000049, 27.108300001000089 ], [ 120.2639, 27.1126 ], [ 120.2607, 27.121 ], [ 120.257, 27.12249999900007 ], [ 120.2531, 27.126900001000081 ], [ 120.2477, 27.1228 ], [ 120.2453, 27.117600001000085 ], [ 120.2466, 27.1132 ], [ 120.2565, 27.1001 ], [ 120.2536, 27.0954 ], [ 120.253200000000106, 27.091000001000054 ], [ 120.2531, 27.0899 ], [ 120.2633, 27.0888 ], [ 120.2737, 27.0922 ], [ 120.277600001, 27.0901 ], [ 120.2808, 27.0852 ], [ 120.278899999000032, 27.0805 ], [ 120.2832, 27.076200001000075 ], [ 120.2837, 27.070799999000087 ], [ 120.279400001, 27.064400001000081 ], [ 120.282300001000067, 27.0585 ], [ 120.281300000000101, 27.0539 ], [ 120.284000000000106, 27.0478 ], [ 120.2815, 27.045899999000085 ], [ 120.2768, 27.046400001000052 ], [ 120.2738, 27.0492 ], [ 120.270700001000023, 27.0594 ], [ 120.2625, 27.061 ], [ 120.2535, 27.066700001000072 ], [ 120.2476, 27.0655 ], [ 120.242700001, 27.06369999900005 ], [ 120.2436, 27.0608 ], [ 120.2417, 27.0587 ], [ 120.2377, 27.0546 ], [ 120.2421, 27.051800001000061 ], [ 120.251900001000081, 27.0517 ], [ 120.261300001, 27.04240000100009 ], [ 120.2525, 27.0423 ], [ 120.2484, 27.0373 ], [ 120.231799999000032, 27.0337 ], [ 120.230900001, 27.0314 ], [ 120.2331, 27.026999999000054 ], [ 120.2364, 27.026199999000085 ], [ 120.25769999900001, 27.0301 ], [ 120.2611, 27.028 ], [ 120.2656, 27.029 ], [ 120.2672, 27.0275 ], [ 120.2652, 27.02 ], [ 120.2696, 27.0124 ], [ 120.269500000000107, 27.0031 ], [ 120.2694, 26.9959 ], [ 120.2648, 26.989100001000054 ], [ 120.2506, 26.984600001000047 ], [ 120.2465, 26.9788 ], [ 120.239, 26.976000001000045 ], [ 120.2187, 26.9726 ], [ 120.212900000000104, 26.973500001000048 ], [ 120.203400001000091, 26.983 ], [ 120.2008, 26.9764 ], [ 120.1917, 26.9804 ], [ 120.185399999000083, 26.9778 ], [ 120.179299999000023, 26.9781 ], [ 120.1742, 26.9754 ], [ 120.164900000000102, 26.9757 ], [ 120.1597, 26.972999999000081 ], [ 120.1771, 26.968 ], [ 120.18450000100006, 26.9625 ], [ 120.1901, 26.962700001000087 ], [ 120.195, 26.961 ], [ 120.1905, 26.95700000100004 ], [ 120.1926, 26.9551 ], [ 120.2094, 26.9558 ], [ 120.2328, 26.9656 ], [ 120.2361, 26.963 ], [ 120.2435, 26.9623 ], [ 120.24489999900004, 26.9594 ], [ 120.2388, 26.9505 ], [ 120.237499999000079, 26.948600001000045 ], [ 120.2405, 26.9442 ], [ 120.2371, 26.9382 ], [ 120.2415, 26.9356 ], [ 120.24, 26.9273 ], [ 120.2311, 26.9194 ], [ 120.228, 26.91420000100004 ], [ 120.2261, 26.9132 ], [ 120.223300000000108, 26.9145 ], [ 120.2195, 26.922 ], [ 120.2101, 26.9186 ], [ 120.2031, 26.922 ], [ 120.1985, 26.9219 ], [ 120.1921, 26.9188 ], [ 120.1884, 26.9192 ], [ 120.1824, 26.924300001000063 ], [ 120.1677, 26.9251 ], [ 120.1629, 26.9274 ], [ 120.149400001, 26.9225 ], [ 120.1479, 26.9219 ], [ 120.142599999000026, 26.9295 ], [ 120.1405, 26.9279 ], [ 120.1369, 26.9189 ], [ 120.130799999000033, 26.9169 ], [ 120.129, 26.9217 ], [ 120.1296, 26.930500001000041 ], [ 120.125200001000053, 26.9312 ], [ 120.117699999000024, 26.9283 ], [ 120.111199999000064, 26.916 ], [ 120.1077, 26.9131 ], [ 120.1084, 26.9096 ], [ 120.115000001, 26.900900002000071 ], [ 120.1163, 26.8955 ], [ 120.1146, 26.8888 ], [ 120.1123, 26.8872 ], [ 120.1063, 26.8912 ], [ 120.106699999000057, 26.8833 ], [ 120.104800001000058, 26.8799 ], [ 120.097899999000106, 26.876 ], [ 120.094, 26.8757 ], [ 120.0794, 26.8798 ], [ 120.0782, 26.8823 ], [ 120.0832, 26.8885 ], [ 120.082000000000107, 26.8912 ], [ 120.078300001, 26.8934 ], [ 120.075999999000032, 26.89019999900006 ], [ 120.0652, 26.8908 ], [ 120.0606, 26.8887 ], [ 120.0548, 26.893999999000073 ], [ 120.0446, 26.8945 ], [ 120.044500001000074, 26.885100001000069 ], [ 120.046999999000036, 26.8819 ], [ 120.054400000000101, 26.8787 ], [ 120.0651, 26.8795 ], [ 120.068100001000062, 26.873 ], [ 120.067399999000031, 26.871100001000059 ], [ 120.0613, 26.8686 ], [ 120.055500001000041, 26.87 ], [ 120.0505, 26.8745 ], [ 120.0497, 26.8752 ], [ 120.045300001000101, 26.8755 ], [ 120.0441, 26.8742 ], [ 120.036, 26.876 ], [ 120.032200000000103, 26.8739 ], [ 120.0273, 26.8675 ], [ 120.0248, 26.8594 ], [ 120.025399999, 26.8489 ], [ 120.0339, 26.832700001000035 ], [ 120.0359, 26.8231 ], [ 120.0388, 26.8189 ], [ 120.051699999000107, 26.8196 ], [ 120.0577, 26.8173 ], [ 120.0708, 26.8215 ], [ 120.077500001000089, 26.8213 ], [ 120.0824, 26.8231 ], [ 120.089399999000079, 26.817600001000073 ], [ 120.0881, 26.8095 ], [ 120.097, 26.7924 ], [ 120.1199, 26.7977 ], [ 120.1172, 26.7918 ], [ 120.124, 26.793 ], [ 120.1317, 26.7965 ], [ 120.135000000000105, 26.7961 ], [ 120.1373, 26.7933 ], [ 120.13230000100009, 26.7879 ], [ 120.1216, 26.7832 ], [ 120.1168, 26.778 ], [ 120.1147, 26.773100001000046 ], [ 120.109500001000015, 26.7695 ], [ 120.1055, 26.7619 ], [ 120.09959999900002, 26.7582 ], [ 120.0994, 26.7574 ], [ 120.0984, 26.7529 ], [ 120.099300001000074, 26.7488 ], [ 120.100900001000014, 26.7469 ], [ 120.1074, 26.7445 ], [ 120.1133, 26.7346 ], [ 120.122199999000031, 26.7347 ], [ 120.1247, 26.732600001000037 ], [ 120.132399999000086, 26.7378 ], [ 120.1417, 26.7383 ], [ 120.143600000000106, 26.7364 ], [ 120.133799999000075, 26.7307 ], [ 120.1344, 26.7286 ], [ 120.1453, 26.7274 ], [ 120.1512, 26.7317 ], [ 120.154, 26.7311 ], [ 120.1532, 26.7217 ], [ 120.1482, 26.7136 ], [ 120.1400000000001, 26.7116 ], [ 120.1317, 26.7133 ], [ 120.130799999000033, 26.7127 ], [ 120.1228, 26.7069 ], [ 120.115800001000025, 26.7051 ], [ 120.1077, 26.6948 ], [ 120.1022, 26.6944 ], [ 120.101199999000073, 26.691900001000079 ], [ 120.1088, 26.687 ], [ 120.109200000000101, 26.6753 ], [ 120.1068, 26.6709 ], [ 120.111199999000064, 26.6696 ], [ 120.11219999900004, 26.662100001000056 ], [ 120.117800000000102, 26.6604 ], [ 120.1165, 26.6504 ], [ 120.1063, 26.6482 ], [ 120.1069, 26.6415 ], [ 120.1106, 26.6389 ], [ 120.1155, 26.6401 ], [ 120.127699999000015, 26.6473 ], [ 120.128399999000067, 26.6477 ], [ 120.1312, 26.648100001000046 ], [ 120.132100001000026, 26.646 ], [ 120.1149, 26.6307 ], [ 120.0995, 26.6232 ], [ 120.0966, 26.6182 ], [ 120.0834, 26.6212 ], [ 120.081100000000106, 26.6242 ], [ 120.0896, 26.6312 ], [ 120.0912, 26.6502 ], [ 120.0791, 26.6491 ], [ 120.0764, 26.6426 ], [ 120.068999999000084, 26.6408 ], [ 120.0662, 26.6379 ], [ 120.064999999000065, 26.6343 ], [ 120.064, 26.631 ], [ 120.0528, 26.6288 ], [ 120.018899999000041, 26.6112 ], [ 120.0161, 26.6066 ], [ 120.003199999, 26.601100001000077 ], [ 120.0, 26.60219999900005 ], [ 119.9972, 26.6032 ], [ 119.987899999000092, 26.5989 ], [ 119.9819, 26.601900001000047 ], [ 119.9756, 26.6015 ], [ 119.9693, 26.60430000100007 ], [ 119.9607, 26.6029 ], [ 119.9559, 26.6042 ], [ 119.9509, 26.6017 ], [ 119.9476, 26.5972 ], [ 119.9443, 26.5967 ], [ 119.942800001000023, 26.5966 ], [ 119.939500001000056, 26.5905 ], [ 119.9396, 26.587 ], [ 119.934, 26.5845 ], [ 119.93, 26.5789 ], [ 119.925599999000042, 26.5769 ], [ 119.9286, 26.5735 ], [ 119.9332, 26.5718 ], [ 119.938000000000102, 26.5621 ], [ 119.9289, 26.5584 ], [ 119.9291, 26.5518 ], [ 119.9135, 26.5483 ], [ 119.902200000000107, 26.53840000100007 ], [ 119.8971, 26.5376 ], [ 119.895399999, 26.533899999000084 ], [ 119.8966, 26.5305 ], [ 119.891, 26.5262 ], [ 119.8886, 26.518 ], [ 119.884399999000038, 26.515099999000086 ], [ 119.881999999000072, 26.515000001000089 ], [ 119.8641, 26.5136 ], [ 119.8588, 26.518299999000078 ], [ 119.8482, 26.5181 ], [ 119.843800000000101, 26.5207 ], [ 119.8373, 26.5205 ], [ 119.8359, 26.522 ], [ 119.8394, 26.5274 ], [ 119.838700001, 26.5293 ], [ 119.832000000000107, 26.5302 ], [ 119.8306, 26.5327 ], [ 119.839300001000083, 26.5383 ], [ 119.83, 26.5442 ], [ 119.841, 26.5497 ], [ 119.842, 26.5529 ], [ 119.8408, 26.5552 ], [ 119.837100001000067, 26.556699999000045 ], [ 119.8365, 26.5598 ], [ 119.8386, 26.5631 ], [ 119.8453, 26.5652 ], [ 119.8539, 26.5584 ], [ 119.8559, 26.556699999000045 ], [ 119.862, 26.556500001000074 ], [ 119.851399999000023, 26.5699 ], [ 119.85079999900006, 26.576000001000068 ], [ 119.8575, 26.5753 ], [ 119.8562, 26.5799 ], [ 119.848300000000108, 26.5844 ], [ 119.8495, 26.5881 ], [ 119.855299999000067, 26.5925 ], [ 119.8759, 26.6007 ], [ 119.8829, 26.61 ], [ 119.8889, 26.6066 ], [ 119.893500001, 26.617 ], [ 119.9002, 26.6218 ], [ 119.9086, 26.616700001000083 ], [ 119.9104, 26.6156 ], [ 119.924399999, 26.6201 ], [ 119.9317, 26.61 ], [ 119.9447, 26.60909999900008 ], [ 119.9529, 26.614 ], [ 119.951400001000025, 26.6197 ], [ 119.9523, 26.62140000100004 ], [ 119.9588, 26.6232 ], [ 119.9634, 26.637100001000078 ], [ 119.9669, 26.6415 ], [ 119.9886, 26.6424 ], [ 119.985100000000102, 26.6474 ], [ 119.9778, 26.653500001000054 ], [ 119.978, 26.658499999000071 ], [ 119.9744, 26.6625 ], [ 119.9725, 26.6646 ], [ 119.9898, 26.6708 ], [ 119.9931, 26.6755 ], [ 119.990799999000046, 26.6793 ], [ 119.9815, 26.6813 ], [ 119.976, 26.6843 ], [ 119.976, 26.6876 ], [ 119.9807, 26.6936 ], [ 119.9812, 26.6993 ], [ 119.9827, 26.70130000100005 ], [ 119.9948, 26.7044 ], [ 120.0, 26.7033 ], [ 120.002, 26.7028 ], [ 120.0072, 26.7086 ], [ 120.024, 26.714799999000036 ], [ 120.028200001000073, 26.714099999000041 ], [ 120.0316, 26.710700001000077 ], [ 120.0337, 26.7105 ], [ 120.0364, 26.722 ], [ 120.0374, 26.7261 ], [ 120.0337, 26.7301 ], [ 120.0286, 26.7293 ], [ 120.023500001, 26.735199999000088 ], [ 120.0242, 26.7369 ], [ 120.0412, 26.7372 ], [ 120.0497, 26.7442 ], [ 120.0504, 26.7465 ], [ 120.0484, 26.752999999000053 ], [ 120.051699999000107, 26.758 ], [ 120.0706, 26.7682 ], [ 120.0836, 26.7813 ], [ 120.0848, 26.7842 ], [ 120.081, 26.801 ], [ 120.077300001000026, 26.804500001000065 ], [ 120.073600001000045, 26.8035 ], [ 120.067300001000035, 26.7988 ], [ 120.0575, 26.7978 ], [ 120.05109999900003, 26.791 ], [ 120.0341, 26.791599999000084 ], [ 120.022500001000026, 26.7898 ], [ 120.001, 26.7896 ], [ 120.0, 26.7894 ], [ 119.992399999000099, 26.7878 ], [ 119.9739, 26.780200001000082 ], [ 119.9702, 26.7813 ], [ 119.977299999000024, 26.7864 ], [ 119.978, 26.7908 ], [ 119.9675, 26.7949 ], [ 119.9664, 26.7953 ], [ 119.955200000000104, 26.7931 ], [ 119.9408, 26.7943 ], [ 119.9333, 26.7918 ], [ 119.9234, 26.781 ], [ 119.918699999000069, 26.7736 ], [ 119.9205, 26.7685 ], [ 119.9297, 26.7563 ], [ 119.9315, 26.7463 ], [ 119.930200001, 26.7407 ], [ 119.925300000000107, 26.7367 ], [ 119.9229, 26.7303 ], [ 119.9143, 26.7272 ], [ 119.9098, 26.7237 ], [ 119.9044, 26.7151 ], [ 119.8942, 26.6987 ], [ 119.894, 26.6944 ], [ 119.898700001000066, 26.6809 ], [ 119.8977000000001, 26.6759 ], [ 119.891900001000067, 26.6783 ], [ 119.889099999, 26.6775 ], [ 119.8882, 26.6739 ], [ 119.88880000100005, 26.6712 ], [ 119.8947, 26.6716 ], [ 119.8972, 26.6678 ], [ 119.9014, 26.666299999000046 ], [ 119.888000001000023, 26.658499999000071 ], [ 119.8824, 26.6522 ], [ 119.8731, 26.6523 ], [ 119.8645, 26.6499 ], [ 119.8633, 26.6543 ], [ 119.8653, 26.659099999000091 ], [ 119.8614, 26.6649 ], [ 119.862300001000108, 26.666 ], [ 119.869, 26.6672 ], [ 119.870700001000046, 26.6711 ], [ 119.8684, 26.6751 ], [ 119.851399999000023, 26.6909 ], [ 119.845800001000043, 26.6933 ], [ 119.8393, 26.693500001000075 ], [ 119.8421, 26.7 ], [ 119.8425, 26.7106 ], [ 119.845600000000104, 26.7171 ], [ 119.844200001000104, 26.7202 ], [ 119.8405, 26.720100001000048 ], [ 119.8323, 26.7134 ], [ 119.8274, 26.7126 ], [ 119.8236, 26.708300001000055 ], [ 119.8198000000001, 26.6979 ], [ 119.8147, 26.6987 ], [ 119.8072, 26.6931 ], [ 119.8069, 26.6922 ], [ 119.8057, 26.6883 ], [ 119.7947, 26.6983 ], [ 119.797, 26.7035 ], [ 119.795900001000064, 26.7051 ], [ 119.790499999000076, 26.7056 ], [ 119.789400001000104, 26.711 ], [ 119.790200001000017, 26.7142 ], [ 119.801299999000094, 26.713899999000091 ], [ 119.8016, 26.7183 ], [ 119.807, 26.7211 ], [ 119.8086, 26.7245 ], [ 119.808399999000017, 26.7291 ], [ 119.8043, 26.7345 ], [ 119.80229999900007, 26.7427 ], [ 119.7932, 26.74900000100007 ], [ 119.8092, 26.7671 ], [ 119.8135, 26.7773 ], [ 119.8433, 26.7748 ], [ 119.8519, 26.7772 ], [ 119.854499999000041, 26.782199999000056 ], [ 119.846, 26.7934 ], [ 119.850500001, 26.7998 ], [ 119.8522, 26.8086 ], [ 119.8511, 26.8123 ], [ 119.8476, 26.813200001000041 ], [ 119.8441, 26.813200001000041 ], [ 119.841, 26.8107 ], [ 119.834899999000072, 26.801 ], [ 119.8199, 26.7944 ], [ 119.803, 26.7935 ], [ 119.7953, 26.7931 ], [ 119.789199999000061, 26.79 ], [ 119.7871, 26.7911 ], [ 119.7906, 26.7984 ], [ 119.7877, 26.804699999000036 ], [ 119.7912, 26.8076 ], [ 119.7922, 26.8161 ], [ 119.8037, 26.8238 ], [ 119.8144, 26.824299999000061 ], [ 119.8315, 26.8326 ], [ 119.843400001000077, 26.8425 ], [ 119.855100000000107, 26.846999999000047 ], [ 119.8547, 26.851600001000065 ], [ 119.8517, 26.855400001000078 ], [ 119.8466, 26.8598 ], [ 119.8448, 26.8598 ], [ 119.841299999000057, 26.860100001000035 ], [ 119.8396, 26.8572 ], [ 119.843000001000064, 26.84939999900007 ], [ 119.8412, 26.8479 ], [ 119.8355, 26.846100001000082 ], [ 119.828799999000012, 26.8462 ], [ 119.8192, 26.8385 ], [ 119.813599999000076, 26.835800001000052 ], [ 119.807500001000108, 26.834599999000091 ], [ 119.8036, 26.8361 ], [ 119.801299999000094, 26.8464 ], [ 119.8034, 26.8495 ], [ 119.802800001000037, 26.8526 ], [ 119.7995, 26.8537 ], [ 119.7974, 26.8504 ], [ 119.7978, 26.8458 ], [ 119.7947, 26.8408 ], [ 119.7947, 26.8376 ], [ 119.791700000000105, 26.8345 ], [ 119.7816, 26.8365 ], [ 119.7758, 26.8348 ], [ 119.7741, 26.8309 ], [ 119.7797, 26.824999999000056 ], [ 119.7799, 26.82290000100005 ], [ 119.773999999000011, 26.8096 ], [ 119.762999999000044, 26.8094 ], [ 119.7623, 26.8034 ], [ 119.7592, 26.799399999000059 ], [ 119.758200001000091, 26.7884 ], [ 119.7605, 26.7834 ], [ 119.7623, 26.7794 ], [ 119.767600001, 26.7768 ], [ 119.7702, 26.772599999000079 ], [ 119.7678, 26.7695 ], [ 119.7636, 26.7687 ], [ 119.7615, 26.7666 ], [ 119.7631, 26.7582 ], [ 119.761399999000105, 26.7507 ], [ 119.7651, 26.7472 ], [ 119.756600001000038, 26.7374 ], [ 119.744, 26.7348 ], [ 119.7392, 26.7379 ], [ 119.7306, 26.7392 ], [ 119.730100000000107, 26.7409 ], [ 119.7327, 26.7447 ], [ 119.7367, 26.745100001000083 ], [ 119.740200001000062, 26.750500001000034 ], [ 119.7396, 26.7624 ], [ 119.7339, 26.7766 ], [ 119.726500000000101, 26.783599999000046 ], [ 119.7261, 26.7871 ], [ 119.7289, 26.7903 ], [ 119.728, 26.7926 ], [ 119.7245, 26.7945 ], [ 119.712000000000103, 26.8083 ], [ 119.7085, 26.8063 ], [ 119.70529999900009, 26.8073 ], [ 119.698600001000045, 26.8143 ], [ 119.687999999, 26.8091 ], [ 119.6931, 26.799900001000083 ], [ 119.6912, 26.7957 ], [ 119.6863, 26.7928 ], [ 119.685300001000087, 26.7899 ], [ 119.6867, 26.7855 ], [ 119.6796, 26.7724 ], [ 119.6807, 26.7661 ], [ 119.679, 26.7582 ], [ 119.6816, 26.7538 ], [ 119.691, 26.7443 ], [ 119.69870000100002, 26.742 ], [ 119.7063, 26.7315 ], [ 119.7198, 26.7351 ], [ 119.724, 26.7322 ], [ 119.7273, 26.7324 ], [ 119.7295, 26.7259 ], [ 119.7337, 26.724 ], [ 119.7339, 26.7233 ], [ 119.7344, 26.7217 ], [ 119.7288, 26.7165 ], [ 119.7282, 26.7062 ], [ 119.7237, 26.703099999000074 ], [ 119.7114, 26.7062 ], [ 119.6982, 26.7056 ], [ 119.6783, 26.7246 ], [ 119.673500000000104, 26.7273 ], [ 119.664900001000092, 26.7282 ], [ 119.664399999000011, 26.7353 ], [ 119.6587, 26.742899999000088 ], [ 119.6582, 26.745999999000048 ], [ 119.6609, 26.7539 ], [ 119.6553, 26.7636 ], [ 119.6546, 26.7626 ], [ 119.6506, 26.7569 ], [ 119.629, 26.7577 ], [ 119.6174, 26.7567 ], [ 119.6155, 26.758 ], [ 119.615299999000058, 26.7611 ], [ 119.6237, 26.767899999000065 ], [ 119.6256, 26.7752 ], [ 119.6232, 26.7972 ], [ 119.6083, 26.7939 ], [ 119.5975, 26.7848 ], [ 119.5903, 26.7842 ], [ 119.585200001000089, 26.789700001000085 ], [ 119.581100000000106, 26.791 ], [ 119.5736, 26.7933 ], [ 119.5722, 26.7906 ], [ 119.578900001000079, 26.78350000100005 ], [ 119.5807, 26.7774 ], [ 119.5786, 26.773 ], [ 119.5636, 26.7589 ], [ 119.5552, 26.7596 ], [ 119.5545, 26.7564 ], [ 119.5568, 26.751 ], [ 119.5628, 26.7441 ], [ 119.556300001000068, 26.7385 ], [ 119.5567, 26.732600001000037 ], [ 119.552, 26.727800001000048 ], [ 119.5499, 26.7228 ], [ 119.554899999000099, 26.7159 ], [ 119.5568, 26.710199999000054 ], [ 119.5614, 26.706 ], [ 119.5693, 26.7068 ], [ 119.574300000000108, 26.709199999000077 ], [ 119.5854, 26.7147 ], [ 119.5919, 26.7159 ], [ 119.5989, 26.71 ], [ 119.6016, 26.699500001000047 ], [ 119.6008, 26.6895 ], [ 119.60729999900002, 26.6801 ], [ 119.603800001000081, 26.6753 ], [ 119.603300000000104, 26.6719 ], [ 119.606700001000036, 26.6619 ], [ 119.601999998, 26.6498 ], [ 119.5969, 26.6536 ], [ 119.583600001000036, 26.6491 ], [ 119.5721, 26.6408 ], [ 119.568, 26.639 ], [ 119.5649, 26.637700001000042 ], [ 119.5614, 26.633100001000059 ], [ 119.5491, 26.6321 ], [ 119.5463, 26.629 ], [ 119.5541, 26.6175 ], [ 119.565700000000106, 26.6107 ], [ 119.5668, 26.602799999000069 ], [ 119.5686, 26.6023 ], [ 119.5719, 26.6048 ], [ 119.5756, 26.604 ], [ 119.5895, 26.596 ], [ 119.5918, 26.5882 ], [ 119.598, 26.5859 ], [ 119.6008, 26.5811 ], [ 119.6004, 26.564300001000049 ], [ 119.6081, 26.569099999000059 ], [ 119.6091, 26.569700001000058 ], [ 119.618000001000041, 26.5872 ], [ 119.6257, 26.593 ], [ 119.631300001, 26.594900001000042 ], [ 119.640900000000101, 26.605 ], [ 119.6598, 26.6099 ], [ 119.668, 26.6164 ], [ 119.6791, 26.6142 ], [ 119.675100001000033, 26.608200001000057 ], [ 119.676999999000031, 26.607499999000083 ], [ 119.6967, 26.6099 ], [ 119.7023, 26.605099999000061 ], [ 119.708999999000071, 26.6083 ], [ 119.7163, 26.6119 ], [ 119.723, 26.612 ], [ 119.7286, 26.6097 ], [ 119.7398, 26.6097 ], [ 119.741999999000086, 26.6025 ], [ 119.7485, 26.5966 ], [ 119.7487, 26.594299999000043 ], [ 119.742599999000049, 26.5923 ], [ 119.7407, 26.5881 ], [ 119.7421, 26.584700001000044 ], [ 119.7458, 26.5841 ], [ 119.750500000000102, 26.5864 ], [ 119.7554, 26.5924 ], [ 119.7626, 26.5927 ], [ 119.765900000000101, 26.5917 ], [ 119.7684, 26.5862 ], [ 119.7725, 26.5826 ], [ 119.7765, 26.5824 ], [ 119.783, 26.5851 ], [ 119.7841, 26.579000001000054 ], [ 119.788, 26.5779 ], [ 119.7885, 26.5754 ], [ 119.7854, 26.5695 ], [ 119.7953, 26.5568 ], [ 119.797399999000049, 26.5522 ], [ 119.7962, 26.5499 ], [ 119.7927, 26.5497 ], [ 119.7765, 26.5611 ], [ 119.7735, 26.559200001000079 ], [ 119.7655, 26.5482 ], [ 119.7662, 26.5461 ], [ 119.780299999000022, 26.539100001000065 ], [ 119.784000000000106, 26.5355 ], [ 119.780000001000076, 26.5329 ], [ 119.780000001000076, 26.5291 ], [ 119.7846, 26.5276 ], [ 119.7862, 26.5253 ], [ 119.774799999000038, 26.5178 ], [ 119.7768, 26.516400001000079 ], [ 119.7861, 26.5163 ], [ 119.79, 26.514 ], [ 119.7928, 26.509600001000081 ], [ 119.8009, 26.5091 ], [ 119.8016, 26.50259999900004 ], [ 119.8006, 26.4982 ], [ 119.7983, 26.49700000100006 ], [ 119.7925, 26.5018 ], [ 119.7881, 26.5012 ], [ 119.7815, 26.4944 ], [ 119.7836, 26.4919 ], [ 119.7896, 26.48990000100008 ], [ 119.7945, 26.4905 ], [ 119.7977, 26.486800001000063 ], [ 119.8035, 26.4888 ], [ 119.8079, 26.4783 ], [ 119.8039, 26.4735 ], [ 119.8038, 26.471 ], [ 119.811, 26.4697 ], [ 119.8136, 26.4728 ], [ 119.8164, 26.4714 ], [ 119.8182, 26.4657 ], [ 119.8117, 26.4635 ], [ 119.8086, 26.4574 ], [ 119.81, 26.4547 ], [ 119.8118, 26.4559 ], [ 119.82, 26.4615 ], [ 119.8195, 26.4569 ], [ 119.8209, 26.454000001000054 ], [ 119.819, 26.4477 ], [ 119.8259, 26.4479 ], [ 119.829900001000055, 26.4464 ], [ 119.831, 26.4445 ], [ 119.8289, 26.4418 ], [ 119.8252, 26.4416 ], [ 119.812299999000061, 26.4327 ], [ 119.808200001000046, 26.4369 ], [ 119.801200001000097, 26.4347 ], [ 119.7931, 26.440600001000064 ], [ 119.7901, 26.439999999000065 ], [ 119.7892, 26.4381 ], [ 119.790499999000076, 26.434599999000056 ], [ 119.7947, 26.4295 ], [ 119.801400001000047, 26.4272 ], [ 119.7937, 26.4214 ], [ 119.7897, 26.4158 ], [ 119.7929, 26.413 ], [ 119.786399999000082, 26.4102 ], [ 119.7848, 26.4095 ], [ 119.7708, 26.4098 ], [ 119.7694, 26.4071 ], [ 119.7717, 26.4027 ], [ 119.7652, 26.4028 ], [ 119.758299999000087, 26.412 ], [ 119.757499999000061, 26.4229 ], [ 119.7552, 26.4254 ], [ 119.748000001000037, 26.4292 ], [ 119.7341, 26.4337 ], [ 119.7261, 26.438399999000069 ], [ 119.722400000000107, 26.4453 ], [ 119.716099999000107, 26.4445 ], [ 119.7124, 26.447199999000077 ], [ 119.71059999900001, 26.4506 ], [ 119.711100000000101, 26.4544 ], [ 119.7158, 26.4614 ], [ 119.7142, 26.4623 ], [ 119.7063, 26.4598 ], [ 119.70529999900009, 26.4603 ], [ 119.699300000000108, 26.4632 ], [ 119.6954, 26.460499999000035 ], [ 119.6801, 26.464 ], [ 119.6746, 26.4721 ], [ 119.6802, 26.4784 ], [ 119.6788, 26.4794 ], [ 119.6697, 26.479099999000084 ], [ 119.6681, 26.4812 ], [ 119.6684, 26.484500001000072 ], [ 119.664900001000092, 26.4873 ], [ 119.664300001000015, 26.4952 ], [ 119.6566, 26.489 ], [ 119.648600001000091, 26.5034 ], [ 119.645500001000073, 26.500299999000049 ], [ 119.643399999000053, 26.493 ], [ 119.6361, 26.4887 ], [ 119.633799999000075, 26.4841 ], [ 119.6379, 26.4816 ], [ 119.638400001000036, 26.4801 ], [ 119.6388, 26.478900001000056 ], [ 119.6374, 26.4763 ], [ 119.629099999, 26.4737 ], [ 119.6209, 26.468900001000065 ], [ 119.6188, 26.4641 ], [ 119.6054, 26.4709 ], [ 119.6017, 26.4772 ], [ 119.5992, 26.478900001000056 ], [ 119.5901, 26.477699999000038 ], [ 119.5857, 26.4792 ], [ 119.5769, 26.4794 ], [ 119.573, 26.4828 ], [ 119.572500000000105, 26.4859 ], [ 119.577, 26.4928 ], [ 119.5747, 26.4987 ], [ 119.5705, 26.4989 ], [ 119.5696, 26.4972 ], [ 119.5642, 26.4866 ], [ 119.5641, 26.483700001000045 ], [ 119.5669, 26.4801 ], [ 119.5685, 26.474300001000074 ], [ 119.5733, 26.4694 ], [ 119.5816, 26.4696 ], [ 119.5882, 26.469799999000088 ], [ 119.5886, 26.4677 ], [ 119.5863, 26.4629 ], [ 119.5738, 26.464 ], [ 119.5721, 26.4613 ], [ 119.5744, 26.4546 ], [ 119.572899999000015, 26.445 ], [ 119.5777, 26.4347 ], [ 119.5809, 26.42110000100007 ], [ 119.58910000100002, 26.4271 ], [ 119.5914, 26.433 ], [ 119.594, 26.4342 ], [ 119.5984, 26.4306 ], [ 119.607600001000037, 26.4301 ], [ 119.6197, 26.4322 ], [ 119.625800001000016, 26.439900001000069 ], [ 119.6296, 26.4374 ], [ 119.6327, 26.4354 ], [ 119.63760000100001, 26.436000001000082 ], [ 119.6467, 26.4412 ], [ 119.6499, 26.4387 ], [ 119.6555, 26.4386 ], [ 119.6576, 26.4374 ], [ 119.6552, 26.4324 ], [ 119.6557, 26.429 ], [ 119.6639, 26.408699999000078 ], [ 119.659400001000108, 26.3956 ], [ 119.6616, 26.3863 ], [ 119.6604, 26.3757 ], [ 119.6682, 26.3729 ], [ 119.664300001000015, 26.3679 ], [ 119.6603, 26.3661 ], [ 119.6544, 26.3561 ], [ 119.657, 26.3538 ], [ 119.658000001, 26.3535 ], [ 119.668500000000108, 26.3504 ], [ 119.6692, 26.343 ], [ 119.6719, 26.338599999000053 ], [ 119.686100001, 26.3402 ], [ 119.6942, 26.3389 ], [ 119.699500001000047, 26.3397 ], [ 119.701099999, 26.337599999000076 ], [ 119.7002, 26.335700001000077 ], [ 119.6958, 26.3354 ], [ 119.693200001000037, 26.331 ], [ 119.6865, 26.333500001000061 ], [ 119.682499999000015, 26.3296 ], [ 119.682499999000015, 26.3262 ], [ 119.6852, 26.3202 ], [ 119.687999999, 26.3185 ], [ 119.6936, 26.318 ], [ 119.702600001000064, 26.3213 ], [ 119.7063, 26.320900001000041 ], [ 119.708199999000044, 26.3192 ], [ 119.71, 26.310199999000076 ], [ 119.7122, 26.3068 ], [ 119.720799999000064, 26.3064 ], [ 119.722, 26.3063 ], [ 119.730100000000107, 26.309 ], [ 119.7348, 26.314600001000088 ], [ 119.737400001000083, 26.314799999000059 ], [ 119.7443, 26.3212 ], [ 119.7502, 26.3214 ], [ 119.761800000000108, 26.3295 ], [ 119.763, 26.331100001000038 ], [ 119.7612, 26.3395 ], [ 119.7538, 26.3418 ], [ 119.7636, 26.3516 ], [ 119.7546, 26.356900001000042 ], [ 119.7493, 26.3553 ], [ 119.7484, 26.35709999900007 ], [ 119.7507, 26.364000001000079 ], [ 119.7545, 26.368 ], [ 119.7605, 26.3677 ], [ 119.7652, 26.3708 ], [ 119.768600000000106, 26.3702 ], [ 119.7691, 26.3683 ], [ 119.7661, 26.3643 ], [ 119.7642, 26.3616 ], [ 119.773700001000066, 26.3636 ], [ 119.7876, 26.3612 ], [ 119.7807, 26.371999999000082 ], [ 119.784199999000066, 26.3771 ], [ 119.791700000000105, 26.3779 ], [ 119.794900001000087, 26.3767 ], [ 119.795900001000064, 26.3785 ], [ 119.7892, 26.3884 ], [ 119.7895, 26.3917 ], [ 119.79969999900004, 26.394799999000043 ], [ 119.799, 26.396900001000063 ], [ 119.8007, 26.3994 ], [ 119.8069, 26.40000000100008 ], [ 119.814, 26.4066 ], [ 119.8117, 26.4089 ], [ 119.8196, 26.4189 ], [ 119.824300000000108, 26.4178 ], [ 119.8313, 26.420499999000072 ], [ 119.835, 26.42190000100004 ], [ 119.8373, 26.42110000100007 ], [ 119.833499999000082, 26.4096 ], [ 119.828799999000012, 26.4071 ], [ 119.83, 26.4052 ], [ 119.8348, 26.4052 ], [ 119.84, 26.408699999000078 ], [ 119.8448, 26.4059 ], [ 119.8455, 26.4018 ], [ 119.848, 26.4015 ], [ 119.848900001000061, 26.398400001000084 ], [ 119.8547, 26.3988 ], [ 119.856299999000043, 26.3939 ], [ 119.855100000000107, 26.391 ], [ 119.8444, 26.3848 ], [ 119.8427, 26.3801 ], [ 119.8442999990001, 26.3769 ], [ 119.848999999000057, 26.3762 ], [ 119.859900001000028, 26.3805 ], [ 119.862, 26.37739999900009 ], [ 119.8659, 26.3772 ], [ 119.8656, 26.3705 ], [ 119.870500000000106, 26.3713 ], [ 119.8737, 26.3689 ], [ 119.8706, 26.3658 ], [ 119.870199998000089, 26.364099999000075 ], [ 119.8695, 26.3612 ], [ 119.8634, 26.3596 ], [ 119.857600001000037, 26.3551 ], [ 119.8554, 26.3503 ], [ 119.8577, 26.3484 ], [ 119.878099999000028, 26.3474 ], [ 119.8879, 26.3509 ], [ 119.8953, 26.3458 ], [ 119.8962, 26.3408 ], [ 119.902200000000107, 26.3434 ], [ 119.916300001000081, 26.356900001000042 ], [ 119.919499999000095, 26.3567 ], [ 119.9248, 26.3533 ], [ 119.9304, 26.3591 ], [ 119.932899999000028, 26.355499999000074 ], [ 119.9355, 26.3599 ], [ 119.939200001000017, 26.360100001000035 ], [ 119.9393, 26.3626 ], [ 119.9421, 26.365 ], [ 119.943899999, 26.365400001000069 ], [ 119.9504, 26.3669 ], [ 119.9544, 26.372699999000076 ], [ 119.9581, 26.370100001000083 ], [ 119.946, 26.3585 ], [ 119.9443, 26.3529 ], [ 119.936799999000073, 26.3511 ], [ 119.9354, 26.346099999000046 ], [ 119.924199999000052, 26.343 ], [ 119.921700000000101, 26.341 ], [ 119.9225, 26.3368 ], [ 119.9142, 26.334100001000081 ], [ 119.9113, 26.327900001000046 ], [ 119.903700001000061, 26.32550000100008 ], [ 119.901300000000106, 26.3213 ], [ 119.9043, 26.3167 ], [ 119.90049999900009, 26.3123 ], [ 119.8866, 26.3105 ], [ 119.8849, 26.3175 ], [ 119.8846, 26.3187 ], [ 119.8823000000001, 26.319400001000076 ], [ 119.871799999000018, 26.3098 ], [ 119.8657, 26.3067 ], [ 119.8627, 26.311799999000073 ], [ 119.863699999, 26.3201 ], [ 119.8607, 26.322 ], [ 119.8559, 26.3217 ], [ 119.851899999000011, 26.3234 ], [ 119.8478, 26.328999999000075 ], [ 119.8427, 26.3289 ], [ 119.835, 26.3264 ], [ 119.8299, 26.3206 ], [ 119.8146, 26.3197 ], [ 119.7934, 26.3079 ], [ 119.7883, 26.304 ], [ 119.7859, 26.2988 ], [ 119.7873, 26.2957 ], [ 119.7877, 26.2948 ], [ 119.7923, 26.291 ], [ 119.810600001000012, 26.2884 ], [ 119.811499998000045, 26.2838 ], [ 119.7952, 26.2709 ], [ 119.7846, 26.2764 ], [ 119.7834, 26.278500001000054 ], [ 119.7856, 26.285799999000062 ], [ 119.7824, 26.2913 ], [ 119.773999999000011, 26.2934 ], [ 119.765900000000101, 26.2902 ], [ 119.7641, 26.2946 ], [ 119.761800000000108, 26.2952 ], [ 119.7562, 26.292899999000042 ], [ 119.7508, 26.2884 ], [ 119.7515, 26.2863 ], [ 119.7554, 26.2854 ], [ 119.7545, 26.2831 ], [ 119.74749999900007, 26.2805 ], [ 119.7467, 26.282 ], [ 119.7459, 26.2836 ], [ 119.7159, 26.272300001000076 ], [ 119.7009, 26.276 ], [ 119.6939, 26.2758 ], [ 119.6876, 26.2694 ], [ 119.6816, 26.273399999000048 ], [ 119.6772, 26.2736 ], [ 119.6732, 26.2651 ], [ 119.6619, 26.266999999000063 ], [ 119.6545, 26.265 ], [ 119.6466, 26.2659 ], [ 119.6417, 26.2647 ], [ 119.627699999000015, 26.253 ], [ 119.6307, 26.2503 ], [ 119.6349, 26.2528 ], [ 119.6405, 26.2525 ], [ 119.6488, 26.2452 ], [ 119.6545, 26.2439 ], [ 119.6556, 26.2387 ], [ 119.6607, 26.2338 ], [ 119.672, 26.2308 ], [ 119.6732, 26.2287 ], [ 119.6709, 26.2258 ], [ 119.6646, 26.2244 ], [ 119.653, 26.2188 ], [ 119.652, 26.2151 ], [ 119.6561, 26.2084 ], [ 119.654100001000074, 26.2039 ], [ 119.6524, 26.2002 ], [ 119.6473, 26.199 ], [ 119.638699999000096, 26.2039 ], [ 119.632900001000053, 26.201 ], [ 119.6228, 26.1804 ], [ 119.620500000000106, 26.1783 ], [ 119.60729999900002, 26.1748 ], [ 119.6017, 26.1711 ], [ 119.5968, 26.163799999000048 ], [ 119.5958, 26.1561 ], [ 119.5971, 26.1481 ], [ 119.6061, 26.1368 ], [ 119.591500001000099, 26.1312 ], [ 119.585200001000089, 26.1315 ], [ 119.586100000000101, 26.1254 ], [ 119.592800001, 26.1275 ], [ 119.60569999900008, 26.1193 ], [ 119.6233, 26.113600001000066 ], [ 119.6297, 26.1116 ], [ 119.6336, 26.0969 ], [ 119.6386000010001, 26.0896 ], [ 119.6438, 26.0762 ], [ 119.6516, 26.066100001000052 ], [ 119.648600001000091, 26.0632 ], [ 119.643999999000016, 26.062799999000049 ], [ 119.63, 26.057 ], [ 119.6217, 26.057100001000038 ], [ 119.5918, 26.073 ], [ 119.5819, 26.0738 ], [ 119.58029999900009, 26.068299999000089 ], [ 119.587300002, 26.068800001000056 ], [ 119.5996, 26.0637 ], [ 119.6023, 26.0608 ], [ 119.596499999, 26.0577 ], [ 119.5887, 26.0581 ], [ 119.5775000000001, 26.0517 ], [ 119.5749, 26.0434 ], [ 119.581800001000033, 26.0425 ], [ 119.595499999000026, 26.0456 ], [ 119.603800001000081, 26.042200001000083 ], [ 119.6066, 26.0401 ], [ 119.6116, 26.029 ], [ 119.619, 26.0262 ], [ 119.6294, 26.0255 ], [ 119.6623, 26.0069 ], [ 119.668500000000108, 26.0081 ], [ 119.680600001000016, 26.0166 ], [ 119.6892, 26.0166 ], [ 119.694, 26.018199999000046 ], [ 119.699799999000106, 26.020200001000035 ], [ 119.7065, 26.0137 ], [ 119.713699999000028, 26.012799999000038 ], [ 119.7209, 26.0005 ], [ 119.7148, 25.9894 ], [ 119.7116, 25.9623 ], [ 119.697900001000107, 25.950299999000038 ], [ 119.6934, 25.94009999900004 ], [ 119.6894, 25.9171 ], [ 119.688599999000076, 25.9127 ], [ 119.682100000000105, 25.9065 ], [ 119.6745, 25.9063 ], [ 119.671499999000048, 25.912 ], [ 119.6623, 25.91480000100006 ], [ 119.648600001000091, 25.9113 ], [ 119.6364, 25.9126 ], [ 119.630800001000011, 25.9087 ], [ 119.6189, 25.8883 ], [ 119.6111, 25.8599 ], [ 119.6069, 25.852200001000085 ], [ 119.6062, 25.8508 ], [ 119.6027, 25.8477 ], [ 119.5997, 25.85 ], [ 119.5972, 25.8573 ], [ 119.596, 25.8747 ], [ 119.588399999000103, 25.885800001000064 ], [ 119.583600001000036, 25.896700001000056 ], [ 119.582000001000097, 25.897500001000083 ], [ 119.5806, 25.8965 ], [ 119.579700001000106, 25.889 ], [ 119.5723, 25.8865 ], [ 119.565, 25.878000001000089 ], [ 119.5673, 25.875 ], [ 119.5715, 25.879400001000079 ], [ 119.5754, 25.88 ], [ 119.5794, 25.877900001000057 ], [ 119.5814, 25.8735 ], [ 119.581100000000106, 25.8573 ], [ 119.581, 25.8518 ], [ 119.586, 25.8279 ], [ 119.590999999000019, 25.8212 ], [ 119.595600000000104, 25.8181 ], [ 119.605100000000107, 25.822 ], [ 119.6088, 25.8215 ], [ 119.611000000000104, 25.8175 ], [ 119.6116, 25.805 ], [ 119.6193, 25.7853 ], [ 119.6149, 25.7814 ], [ 119.6108, 25.7814 ], [ 119.6098, 25.7783 ], [ 119.6123, 25.7722 ], [ 119.6174, 25.7674 ], [ 119.6247, 25.7665 ], [ 119.6261, 25.7663 ], [ 119.6316, 25.757 ], [ 119.630399999000019, 25.7543 ], [ 119.621900001000085, 25.7517 ], [ 119.6179, 25.7484 ], [ 119.6158, 25.7381 ], [ 119.607, 25.733200001000057 ], [ 119.6047, 25.7294 ], [ 119.603, 25.7198 ], [ 119.600199999000097, 25.718 ], [ 119.594, 25.717600001000051 ], [ 119.593000001000064, 25.7161 ], [ 119.601500000000101, 25.7106 ], [ 119.6047, 25.7064 ], [ 119.604200000000105, 25.7029 ], [ 119.59939999900007, 25.6998 ], [ 119.5977, 25.6919 ], [ 119.5862, 25.6884 ], [ 119.5806, 25.6897 ], [ 119.5779, 25.6926 ], [ 119.5752, 25.6921 ], [ 119.572600001000069, 25.6916 ], [ 119.5615, 25.6933 ], [ 119.561099999000021, 25.7 ], [ 119.550099999000054, 25.7063 ], [ 119.5425, 25.7145 ], [ 119.536499999000057, 25.711599999000043 ], [ 119.5292, 25.7125 ], [ 119.5275, 25.7075 ], [ 119.522599999000022, 25.7034 ], [ 119.518, 25.6936 ], [ 119.5138, 25.69 ], [ 119.488, 25.6925 ], [ 119.4808, 25.688799999000082 ], [ 119.478700001000107, 25.683999999000036 ], [ 119.4743, 25.6804 ], [ 119.4713, 25.6813 ], [ 119.4672, 25.676100001000066 ], [ 119.462000000000103, 25.665 ], [ 119.4606, 25.6548 ], [ 119.4617, 25.649 ], [ 119.4635, 25.6477 ], [ 119.4705, 25.6474 ], [ 119.4714, 25.6445 ], [ 119.464600001, 25.6356 ], [ 119.4628, 25.6304 ], [ 119.4639, 25.6262 ], [ 119.470100001000105, 25.620900001000052 ], [ 119.472400000000107, 25.621300001000066 ], [ 119.4775, 25.626299999000082 ], [ 119.4828, 25.6271 ], [ 119.4879, 25.63 ], [ 119.4904, 25.6227 ], [ 119.495000001000108, 25.620599999000035 ], [ 119.4956, 25.6191 ], [ 119.4875, 25.6089 ], [ 119.4861, 25.602500001000067 ], [ 119.4831, 25.5972 ], [ 119.481900001000099, 25.595 ], [ 119.481000000000108, 25.5879 ], [ 119.4837, 25.5782 ], [ 119.488200001, 25.5717 ], [ 119.502, 25.5621 ], [ 119.5169, 25.5536 ], [ 119.5202, 25.5603 ], [ 119.5278, 25.5644 ], [ 119.5271, 25.570499999000049 ], [ 119.532200000000103, 25.5778 ], [ 119.531299999, 25.582200001000047 ], [ 119.535, 25.5832 ], [ 119.536700001000099, 25.5865 ], [ 119.5413, 25.5867 ], [ 119.5484, 25.5829 ], [ 119.5579, 25.5847 ], [ 119.5594, 25.5833 ], [ 119.556699999000102, 25.5816 ], [ 119.5463, 25.5756 ], [ 119.544, 25.572700001000044 ], [ 119.549200001000031, 25.5702 ], [ 119.561, 25.5711 ], [ 119.5728, 25.5809 ], [ 119.5841, 25.585200001000089 ], [ 119.5869, 25.5904 ], [ 119.59540000100003, 25.5927 ], [ 119.5961, 25.5897 ], [ 119.5901, 25.583700001000068 ], [ 119.5914, 25.578499999000087 ], [ 119.590199999000106, 25.5756 ], [ 119.5806, 25.5758 ], [ 119.581, 25.5683 ], [ 119.5791, 25.564800001000037 ], [ 119.5708, 25.5581 ], [ 119.5702, 25.5522 ], [ 119.569100001000038, 25.541 ], [ 119.5697, 25.5383 ], [ 119.575, 25.5393 ], [ 119.5776, 25.537 ], [ 119.574300000000108, 25.5324 ], [ 119.5748, 25.5282 ], [ 119.579999999000052, 25.5217 ], [ 119.5881, 25.524 ], [ 119.594699999, 25.5229 ], [ 119.595600000000104, 25.5214 ], [ 119.5901, 25.5171 ], [ 119.5825, 25.5146 ], [ 119.5749, 25.517000001000042 ], [ 119.571000001000016, 25.516400001000079 ], [ 119.5615, 25.5085 ], [ 119.5551, 25.5073 ], [ 119.5536, 25.5041 ], [ 119.5557, 25.4991 ], [ 119.5598, 25.4941 ], [ 119.5632, 25.4943 ], [ 119.5672, 25.5001 ], [ 119.5708, 25.500600001000066 ], [ 119.5739, 25.5011 ], [ 119.5808, 25.5065 ], [ 119.5969, 25.5058 ], [ 119.6019999990001, 25.510100001000069 ], [ 119.6045, 25.5084 ], [ 119.605, 25.5057 ], [ 119.6026, 25.5013 ], [ 119.597799999000017, 25.496199999000055 ], [ 119.5881, 25.492 ], [ 119.588, 25.4797 ], [ 119.5917, 25.4803 ], [ 119.595600000000104, 25.486600001000056 ], [ 119.6122, 25.4908 ], [ 119.614699999000095, 25.4881 ], [ 119.6124, 25.4856 ], [ 119.604600001000108, 25.4821 ], [ 119.6032, 25.4788 ], [ 119.607499999000083, 25.4706 ], [ 119.6072, 25.4695 ], [ 119.6061, 25.465 ], [ 119.6072, 25.4637 ], [ 119.610900001, 25.4618 ], [ 119.6141, 25.4633 ], [ 119.621900001000085, 25.4618 ], [ 119.6263, 25.4634 ], [ 119.632299999, 25.4625 ], [ 119.6374, 25.4734 ], [ 119.639200001000063, 25.4685 ], [ 119.638899999000046, 25.4631 ], [ 119.6343, 25.45620000100007 ], [ 119.6354, 25.45 ], [ 119.6345, 25.4473 ], [ 119.6278, 25.449 ], [ 119.6253, 25.4465 ], [ 119.6262, 25.4425 ], [ 119.6215, 25.438999999000089 ], [ 119.613, 25.437 ], [ 119.610900001, 25.435299999000051 ], [ 119.609500001000015, 25.4297 ], [ 119.618, 25.4282 ], [ 119.6221, 25.4237 ], [ 119.6275, 25.428899999000066 ], [ 119.6284, 25.4298 ], [ 119.6353, 25.4293 ], [ 119.6382, 25.426400001000047 ], [ 119.6458, 25.427399999000045 ], [ 119.64789999900006, 25.4244 ], [ 119.6456, 25.4207 ], [ 119.646, 25.4186 ], [ 119.6488, 25.4198 ], [ 119.652, 25.419 ], [ 119.6554000000001, 25.4133 ], [ 119.657200000000103, 25.4133 ], [ 119.6593, 25.421799999000086 ], [ 119.6646, 25.421600001000058 ], [ 119.666700000000105, 25.4184 ], [ 119.6629, 25.403 ], [ 119.6565, 25.4091 ], [ 119.6496, 25.4023 ], [ 119.6506, 25.3927 ], [ 119.6554000000001, 25.3836 ], [ 119.6545, 25.3818 ], [ 119.648899999000037, 25.3828 ], [ 119.6488, 25.3766 ], [ 119.648600001000091, 25.3722 ], [ 119.6422, 25.3766 ], [ 119.629499999000018, 25.3621 ], [ 119.6201, 25.3611 ], [ 119.6237, 25.3559 ], [ 119.6405, 25.3566 ], [ 119.651300000000106, 25.3624 ], [ 119.6566, 25.3625 ], [ 119.6552, 25.351300001000084 ], [ 119.6462, 25.349899999000058 ], [ 119.6459, 25.34509999900007 ], [ 119.63600000100007, 25.3445 ], [ 119.627, 25.3393 ], [ 119.622, 25.339 ], [ 119.62, 25.3397 ], [ 119.60729999900002, 25.3445 ], [ 119.596699999000066, 25.3389 ], [ 119.593000001000064, 25.341 ], [ 119.5869, 25.3494 ], [ 119.5867, 25.3517 ], [ 119.5881, 25.3529 ], [ 119.5934, 25.3521 ], [ 119.6023, 25.3572 ], [ 119.6052, 25.3702 ], [ 119.5984, 25.3825 ], [ 119.598200001, 25.3921 ], [ 119.593600001000027, 25.3926 ], [ 119.5863, 25.400600001000043 ], [ 119.5882, 25.4045 ], [ 119.581800001000033, 25.4169 ], [ 119.581800001000033, 25.4176 ], [ 119.5819, 25.4209 ], [ 119.5858, 25.4263 ], [ 119.6005, 25.427399999000045 ], [ 119.6035, 25.431 ], [ 119.6008, 25.4347 ], [ 119.5967, 25.4364 ], [ 119.593000001000064, 25.4421 ], [ 119.5854, 25.4321 ], [ 119.5833, 25.430399999000088 ], [ 119.5796, 25.4313 ], [ 119.5785, 25.4347 ], [ 119.5829, 25.4421 ], [ 119.585299999000085, 25.4511 ], [ 119.5835, 25.4543 ], [ 119.5757, 25.4564 ], [ 119.5699, 25.4556 ], [ 119.566, 25.457299999000043 ], [ 119.5607, 25.4569 ], [ 119.5558, 25.4532 ], [ 119.5507, 25.443 ], [ 119.5486, 25.443699999000046 ], [ 119.54690000100004, 25.4532 ], [ 119.5434, 25.45549999900004 ], [ 119.5395, 25.4424 ], [ 119.53, 25.4316 ], [ 119.5341, 25.4253 ], [ 119.53430000100002, 25.4211 ], [ 119.5213, 25.4091 ], [ 119.5208, 25.4072 ], [ 119.5231, 25.4032 ], [ 119.5213, 25.3995 ], [ 119.5219, 25.3968 ], [ 119.530400001000089, 25.3955 ], [ 119.536700001000099, 25.4017 ], [ 119.5394, 25.4019 ], [ 119.5385, 25.3933 ], [ 119.54, 25.3923 ], [ 119.5486, 25.3943 ], [ 119.5504, 25.3958 ], [ 119.5486, 25.3995 ], [ 119.5482, 25.4004 ], [ 119.551200000000108, 25.4047 ], [ 119.5606, 25.408699999000078 ], [ 119.568, 25.4088 ], [ 119.5684, 25.403999999000064 ], [ 119.5709, 25.4002 ], [ 119.561899999000048, 25.3967 ], [ 119.561899999000048, 25.3919 ], [ 119.556100001, 25.388 ], [ 119.5552, 25.3815 ], [ 119.5531, 25.38030000100008 ], [ 119.547799999000063, 25.3828 ], [ 119.5451, 25.3818 ], [ 119.5427, 25.3778 ], [ 119.543599999000094, 25.374700001000065 ], [ 119.537, 25.3758 ], [ 119.534000000000106, 25.3737 ], [ 119.5294, 25.3788 ], [ 119.5117, 25.3782 ], [ 119.497600001000023, 25.369900001000076 ], [ 119.4957, 25.3681 ], [ 119.48950000100001, 25.362300001000051 ], [ 119.482700001000012, 25.3667 ], [ 119.4905, 25.3758 ], [ 119.510900000000106, 25.3899 ], [ 119.508200000000102, 25.402 ], [ 119.4988, 25.4146 ], [ 119.5094, 25.4125 ], [ 119.511500001000059, 25.413900001000059 ], [ 119.5136, 25.4237 ], [ 119.5049, 25.4284 ], [ 119.5017, 25.4347 ], [ 119.4941, 25.436999999000079 ], [ 119.491399999, 25.4366 ], [ 119.4888, 25.4362 ], [ 119.4884, 25.4397 ], [ 119.4988, 25.451599999000052 ], [ 119.4993, 25.4543 ], [ 119.4954, 25.4564 ], [ 119.488200001, 25.45620000100007 ], [ 119.4753, 25.453 ], [ 119.4604, 25.4587 ], [ 119.457000000000107, 25.455400001000044 ], [ 119.4535, 25.443699999000046 ], [ 119.4452, 25.4412 ], [ 119.4357000010001, 25.4344 ], [ 119.4359, 25.4375 ], [ 119.449199999000029, 25.4583 ], [ 119.449, 25.4604 ], [ 119.4487, 25.4629 ], [ 119.443, 25.4715 ], [ 119.4453, 25.47499999900009 ], [ 119.4557, 25.4796 ], [ 119.4597, 25.494 ], [ 119.458599999000057, 25.500899999000069 ], [ 119.464700000000107, 25.5142 ], [ 119.4605, 25.515500001000078 ], [ 119.4533, 25.5099 ], [ 119.449, 25.5091 ], [ 119.4432, 25.513300001000061 ], [ 119.438900001000093, 25.5139 ], [ 119.4345, 25.507099999000047 ], [ 119.4296, 25.5067 ], [ 119.4209, 25.5102 ], [ 119.4129, 25.5122 ], [ 119.404599999000084, 25.5139 ], [ 119.3961, 25.523500001000059 ], [ 119.3922, 25.5242 ], [ 119.3885, 25.5229 ], [ 119.3823000000001, 25.526699999000073 ], [ 119.38, 25.5251 ], [ 119.3694, 25.5251 ], [ 119.366000001000089, 25.5268 ], [ 119.3591, 25.5339 ], [ 119.3571, 25.540600001000087 ], [ 119.3594, 25.549 ], [ 119.368, 25.5575 ], [ 119.3733, 25.5752 ], [ 119.379400001000022, 25.584 ], [ 119.3785, 25.5873 ], [ 119.376200001000029, 25.5892 ], [ 119.3697, 25.585300001000064 ], [ 119.366000001000089, 25.5803 ], [ 119.3618, 25.5788 ], [ 119.3589, 25.5801 ], [ 119.3582, 25.5836 ], [ 119.3603, 25.5874 ], [ 119.367699999000024, 25.5907 ], [ 119.369, 25.593900001000065 ], [ 119.3698, 25.5959 ], [ 119.3689, 25.6074 ], [ 119.361000000000104, 25.5953 ], [ 119.3585, 25.596399999000084 ], [ 119.3557, 25.6012 ], [ 119.3509, 25.604999999000086 ], [ 119.351, 25.6156 ], [ 119.3494, 25.6179 ], [ 119.3441, 25.6148 ], [ 119.335099999000022, 25.6165 ], [ 119.3337, 25.6132 ], [ 119.3187, 25.6139 ], [ 119.314800001000094, 25.6112 ], [ 119.3141, 25.6095 ], [ 119.316600000000108, 25.607 ], [ 119.3251, 25.6092 ], [ 119.3334, 25.6046 ], [ 119.335699999000099, 25.5942 ], [ 119.33799999900009, 25.5902 ], [ 119.334000001000049, 25.5825 ], [ 119.3291, 25.5771 ], [ 119.3181, 25.5742 ], [ 119.3072, 25.5644 ], [ 119.3058, 25.5652 ], [ 119.3047, 25.5786 ], [ 119.2999, 25.5732 ], [ 119.2914, 25.5801 ], [ 119.2865, 25.568 ], [ 119.283399999000039, 25.56509999900004 ], [ 119.2803, 25.562 ], [ 119.284799999000029, 25.5559 ], [ 119.2853, 25.5524 ], [ 119.2825, 25.545300001000044 ], [ 119.2873, 25.538 ], [ 119.2868, 25.5346 ], [ 119.282200000000103, 25.5294 ], [ 119.2723, 25.5249 ], [ 119.2704, 25.5219 ], [ 119.272, 25.5173 ], [ 119.2612, 25.5007 ], [ 119.2549, 25.4955 ], [ 119.2383, 25.4888 ], [ 119.2296, 25.4795 ], [ 119.2273, 25.4736 ], [ 119.2243, 25.4724 ], [ 119.2226, 25.4731 ], [ 119.2194, 25.4745 ], [ 119.2137, 25.4801 ], [ 119.2121, 25.4885 ], [ 119.205200000000104, 25.493700001000036 ], [ 119.203200001000027, 25.4929 ], [ 119.2082, 25.487699999000085 ], [ 119.2068, 25.476799999000036 ], [ 119.2082, 25.4737 ], [ 119.2031, 25.4683 ], [ 119.1962, 25.465600001000041 ], [ 119.1874, 25.467100001000063 ], [ 119.1637, 25.4563 ], [ 119.16, 25.4483 ], [ 119.152200000000107, 25.4419 ], [ 119.148, 25.434 ], [ 119.1425, 25.4313 ], [ 119.1355, 25.4135 ], [ 119.1337, 25.4125 ], [ 119.1302, 25.4146 ], [ 119.129299999000068, 25.4159 ], [ 119.1247, 25.4227 ], [ 119.1174, 25.428000001000044 ], [ 119.1135, 25.4282 ], [ 119.1077, 25.4236 ], [ 119.1153, 25.4249 ], [ 119.1199, 25.4157 ], [ 119.1215, 25.4079 ], [ 119.1286, 25.401599999000041 ], [ 119.135000000000105, 25.392 ], [ 119.135000000000105, 25.3876 ], [ 119.1373, 25.3847 ], [ 119.1442, 25.3853 ], [ 119.1508, 25.3792 ], [ 119.1593, 25.3755 ], [ 119.166700000000105, 25.3807 ], [ 119.1669, 25.3731 ], [ 119.1612, 25.3679 ], [ 119.1687, 25.3602 ], [ 119.168, 25.3573 ], [ 119.1699, 25.35430000100007 ], [ 119.1802, 25.3547 ], [ 119.1846, 25.3549 ], [ 119.1864, 25.353 ], [ 119.186100001, 25.3413 ], [ 119.1896, 25.339 ], [ 119.1981, 25.3438 ], [ 119.204299999, 25.3494 ], [ 119.205200000000104, 25.3538 ], [ 119.2025000000001, 25.3632 ], [ 119.206, 25.3668 ], [ 119.2094, 25.362200001000076 ], [ 119.2149, 25.3607 ], [ 119.2167, 25.357500001000062 ], [ 119.2144, 25.3502 ], [ 119.2167, 25.3458 ], [ 119.2217, 25.3414 ], [ 119.225200001000076, 25.3343 ], [ 119.2251, 25.3258 ], [ 119.229700001000083, 25.3228 ], [ 119.227400000000102, 25.317600001000073 ], [ 119.2281, 25.312999999000056 ], [ 119.2314, 25.3116 ], [ 119.2331, 25.3109 ], [ 119.226899999000011, 25.3076 ], [ 119.22, 25.3072 ], [ 119.2058, 25.3014 ], [ 119.1968, 25.3008 ], [ 119.193299999000033, 25.2989 ], [ 119.1924, 25.2922 ], [ 119.197, 25.2858 ], [ 119.2023, 25.2851 ], [ 119.2027, 25.2774 ], [ 119.2105, 25.2673 ], [ 119.2169, 25.26440000100007 ], [ 119.2231, 25.26440000100007 ], [ 119.229, 25.2619 ], [ 119.2337, 25.2721 ], [ 119.2321, 25.278300001000048 ], [ 119.233899999000073, 25.2819 ], [ 119.2397, 25.2862 ], [ 119.2459, 25.2908 ], [ 119.2526, 25.2925 ], [ 119.2567, 25.2956 ], [ 119.257200002000104, 25.3004 ], [ 119.252799999000104, 25.301900001000035 ], [ 119.2524, 25.3033 ], [ 119.2574, 25.3075 ], [ 119.257, 25.3113 ], [ 119.2531, 25.3161 ], [ 119.2561, 25.3213 ], [ 119.253200000000106, 25.3257 ], [ 119.2552, 25.3278 ], [ 119.261, 25.325 ], [ 119.263, 25.319 ], [ 119.274, 25.3141 ], [ 119.2807, 25.3133 ], [ 119.2901, 25.3155 ], [ 119.2901, 25.3249 ], [ 119.2931, 25.3276 ], [ 119.2986, 25.3228 ], [ 119.302099999, 25.3265 ], [ 119.3051, 25.3265 ], [ 119.3058, 25.3256 ], [ 119.3064, 25.3249 ], [ 119.301800001000061, 25.3213 ], [ 119.3014, 25.3184 ], [ 119.3064, 25.3142 ], [ 119.3032, 25.3096 ], [ 119.3061, 25.299799999000072 ], [ 119.317799999000044, 25.2922 ], [ 119.3352000000001, 25.2861 ], [ 119.336100000000101, 25.284000001000038 ], [ 119.3338, 25.2799 ], [ 119.337000000000103, 25.2763 ], [ 119.3563, 25.2706 ], [ 119.3622, 25.266999999000063 ], [ 119.3737, 25.2665 ], [ 119.3744, 25.2649 ], [ 119.3672, 25.2565 ], [ 119.366299999000034, 25.2534 ], [ 119.3683, 25.2517 ], [ 119.372300001000099, 25.2482 ], [ 119.3702, 25.2459 ], [ 119.359900001000028, 25.249 ], [ 119.3518, 25.2434 ], [ 119.3422, 25.2433 ], [ 119.335699999000099, 25.2352 ], [ 119.3306, 25.2343 ], [ 119.3196, 25.2396 ], [ 119.3047, 25.2349 ], [ 119.3022, 25.2418 ], [ 119.2995, 25.2428 ], [ 119.2928, 25.2401 ], [ 119.2875, 25.236 ], [ 119.286599999000032, 25.2337 ], [ 119.2877, 25.232 ], [ 119.293, 25.22990000100009 ], [ 119.292, 25.2217 ], [ 119.2959, 25.214399999000079 ], [ 119.2961, 25.2135 ], [ 119.2986, 25.2042 ], [ 119.3039, 25.1964 ], [ 119.31, 25.192 ], [ 119.3052, 25.186200001000088 ], [ 119.2921, 25.181 ], [ 119.2859, 25.1763 ], [ 119.283100001000093, 25.1681 ], [ 119.2794, 25.1648 ], [ 119.276, 25.1696 ], [ 119.274599999000088, 25.1771 ], [ 119.2719, 25.1788 ], [ 119.2533, 25.1803 ], [ 119.243, 25.186800001000051 ], [ 119.2357, 25.1875 ], [ 119.2272, 25.1857 ], [ 119.221500000000106, 25.1846 ], [ 119.221500000000106, 25.1865 ], [ 119.229199999, 25.1881 ], [ 119.235, 25.191500001000065 ], [ 119.2311, 25.194000001000063 ], [ 119.224899999000058, 25.1936 ], [ 119.214499999000054, 25.1857 ], [ 119.209500001000038, 25.1851 ], [ 119.2028, 25.180899999000076 ], [ 119.186999999000022, 25.1797 ], [ 119.1739, 25.1858 ], [ 119.167599999, 25.1977 ], [ 119.155399999, 25.2063 ], [ 119.154999999000097, 25.2132 ], [ 119.1567999990001, 25.2168 ], [ 119.1653, 25.2201 ], [ 119.1656, 25.2222 ], [ 119.170400001000075, 25.2255 ], [ 119.1766, 25.226100001000077 ], [ 119.1782, 25.2278 ], [ 119.176799999000082, 25.2294 ], [ 119.166700000000105, 25.2278 ], [ 119.169699999000045, 25.232 ], [ 119.1688, 25.2363 ], [ 119.1624, 25.2353 ], [ 119.1585, 25.241 ], [ 119.16540000100008, 25.2491 ], [ 119.1629, 25.2514 ], [ 119.1537, 25.2458 ], [ 119.1489, 25.2468 ], [ 119.1528, 25.2523 ], [ 119.1468, 25.2615 ], [ 119.143, 25.264 ], [ 119.1365, 25.2586 ], [ 119.129, 25.2717 ], [ 119.1284, 25.2648 ], [ 119.128, 25.2607 ], [ 119.1248, 25.2592 ], [ 119.1246000000001, 25.2569 ], [ 119.1349, 25.2506 ], [ 119.134599999000102, 25.2469 ], [ 119.1289, 25.2398 ], [ 119.1222, 25.235 ], [ 119.121999999000082, 25.2321 ], [ 119.1233, 25.2296 ], [ 119.129299999000068, 25.2258 ], [ 119.116, 25.2152 ], [ 119.1144, 25.212099999000088 ], [ 119.114800001000049, 25.2091 ], [ 119.110900001, 25.2016 ], [ 119.098, 25.2 ], [ 119.0946, 25.1975 ], [ 119.0937, 25.1912 ], [ 119.0895, 25.1864 ], [ 119.0939, 25.1791 ], [ 119.0981, 25.1757 ], [ 119.1, 25.1741 ], [ 119.106200001000047, 25.173 ], [ 119.1085, 25.1707 ], [ 119.114, 25.1707 ], [ 119.1152, 25.177 ], [ 119.124300001000051, 25.1696 ], [ 119.1333, 25.17050000100005 ], [ 119.137, 25.1679 ], [ 119.1434, 25.1686 ], [ 119.144500000000107, 25.166 ], [ 119.134599999000102, 25.1515 ], [ 119.1358, 25.1492 ], [ 119.1426, 25.1464 ], [ 119.1465, 25.1422 ], [ 119.1488, 25.1429 ], [ 119.1543, 25.1504 ], [ 119.1585, 25.1522 ], [ 119.164000000000101, 25.1501 ], [ 119.166500001000031, 25.1464 ], [ 119.166700000000105, 25.1426 ], [ 119.161800001000074, 25.133 ], [ 119.1609, 25.1313 ], [ 119.160200001000021, 25.1259 ], [ 119.1545, 25.1263 ], [ 119.1518, 25.1324 ], [ 119.1465, 25.132 ], [ 119.143999999000016, 25.13680000100004 ], [ 119.1417, 25.1379 ], [ 119.1373, 25.136999999000068 ], [ 119.1231, 25.1293 ], [ 119.1192, 25.1323 ], [ 119.1139, 25.1329 ], [ 119.1123, 25.1344 ], [ 119.1112, 25.1473 ], [ 119.1089, 25.1486 ], [ 119.1036, 25.1438 ], [ 119.1022, 25.135 ], [ 119.099, 25.1317 ], [ 119.112799999, 25.1227 ], [ 119.114100001, 25.1189 ], [ 119.1121, 25.1143 ], [ 119.1084, 25.112 ], [ 119.107000001000074, 25.111 ], [ 119.104, 25.1139 ], [ 119.1004, 25.1231 ], [ 119.085299999000085, 25.1286 ], [ 119.0807, 25.132 ], [ 119.079799999000102, 25.1388 ], [ 119.0846, 25.136999999000068 ], [ 119.0919, 25.1424 ], [ 119.0926, 25.1459 ], [ 119.090600000000109, 25.157000001000085 ], [ 119.0885, 25.158899999000084 ], [ 119.0805, 25.156000001000052 ], [ 119.0601, 25.155 ], [ 119.0543, 25.1533 ], [ 119.0530000010001, 25.150200001000087 ], [ 119.0591, 25.1403 ], [ 119.0582, 25.1358 ], [ 119.0566, 25.1358 ], [ 119.0518, 25.136 ], [ 119.0509, 25.1341 ], [ 119.0612, 25.1228 ], [ 119.0618, 25.11989999900004 ], [ 119.0593, 25.1174 ], [ 119.0563, 25.1172 ], [ 119.0495, 25.122199999000088 ], [ 119.042600000000107, 25.122199999000088 ], [ 119.0383, 25.131599999000059 ], [ 119.034399999000016, 25.1352 ], [ 119.0394, 25.1362 ], [ 119.0419, 25.139100001000088 ], [ 119.0456, 25.1397 ], [ 119.0452, 25.145 ], [ 119.041700000000105, 25.1514 ], [ 119.031, 25.159 ], [ 119.0303, 25.1617 ], [ 119.0381, 25.1725 ], [ 119.0445, 25.1671 ], [ 119.05109999900003, 25.166 ], [ 119.064000001000068, 25.163699999000073 ], [ 119.073, 25.1718 ], [ 119.0757, 25.1831 ], [ 119.0817, 25.1904 ], [ 119.0778, 25.196300001000054 ], [ 119.0813, 25.208 ], [ 119.088399999000103, 25.214 ], [ 119.091, 25.2209 ], [ 119.0903, 25.224 ], [ 119.0864, 25.2263 ], [ 119.0839, 25.230099999000061 ], [ 119.0827, 25.2347 ], [ 119.0848, 25.2389 ], [ 119.0844, 25.2414 ], [ 119.0807, 25.2468 ], [ 119.0862, 25.255999999000039 ], [ 119.0846, 25.2623 ], [ 119.0844, 25.2629 ], [ 119.0821, 25.2633 ], [ 119.0722, 25.2454 ], [ 119.066, 25.239499999000088 ], [ 119.06, 25.2374 ], [ 119.0568, 25.2385 ], [ 119.0554, 25.24 ], [ 119.0554, 25.245600001000071 ], [ 119.0527, 25.2452 ], [ 119.038, 25.2329 ], [ 119.0309, 25.2327 ], [ 119.0219, 25.2386 ], [ 119.0175, 25.234600001000047 ], [ 119.0116, 25.2331 ], [ 119.014999999, 25.2279 ], [ 119.0127, 25.2248 ], [ 119.0083, 25.2238 ], [ 119.0001, 25.226100001000077 ], [ 118.990899999000021, 25.2245 ], [ 118.981199999000069, 25.223 ], [ 118.9764, 25.228 ], [ 118.979, 25.23069999900008 ], [ 118.9799, 25.2351 ], [ 118.9877, 25.2401 ], [ 118.994600000000105, 25.239 ], [ 118.9973, 25.2405 ], [ 118.9905, 25.2541 ], [ 118.9909, 25.2572 ], [ 118.9953, 25.261200001000077 ], [ 118.991, 25.2647 ], [ 118.994600000000105, 25.266999999000063 ], [ 119.0054, 25.2572 ], [ 119.0086, 25.2513 ], [ 119.014999999, 25.2534 ], [ 119.0215, 25.2513 ], [ 119.024199999000075, 25.2528 ], [ 119.028800001000036, 25.2613 ], [ 119.0347, 25.2579 ], [ 119.041, 25.2542 ], [ 119.0458, 25.2533 ], [ 119.057999999, 25.2615 ], [ 119.062400001000015, 25.2673 ], [ 119.0649, 25.2765 ], [ 119.070700000000102, 25.279 ], [ 119.071800001000042, 25.2811 ], [ 119.0709, 25.284000001000038 ], [ 119.067900001, 25.2848 ], [ 119.0566, 25.2742 ], [ 119.0530000010001, 25.2763 ], [ 119.0551, 25.2828 ], [ 119.0546, 25.289900001000035 ], [ 119.049800001000108, 25.2959 ], [ 119.0479, 25.2953 ], [ 119.038, 25.2784 ], [ 119.0348, 25.2797 ], [ 119.0321, 25.2855 ], [ 119.023600000000101, 25.2906 ], [ 119.0188, 25.291 ], [ 119.0135, 25.2839 ], [ 119.0011, 25.2929 ], [ 118.984800001000053, 25.2948 ], [ 118.9781, 25.2854 ], [ 118.969399998000085, 25.2837 ], [ 118.9542, 25.283800001000088 ], [ 118.934, 25.276100001000088 ], [ 118.9274, 25.2711 ], [ 118.919800001, 25.2679 ], [ 118.9129, 25.2682 ], [ 118.9074, 25.268399999000053 ], [ 118.8858, 25.2554 ], [ 118.879100000000108, 25.2546 ], [ 118.8754, 25.2479 ], [ 118.871500001000072, 25.2471 ], [ 118.869, 25.2446 ], [ 118.8748, 25.2385 ], [ 118.8711, 25.2327 ], [ 118.8745, 25.2287 ], [ 118.8833, 25.232200001000081 ], [ 118.8892, 25.2287 ], [ 118.8917, 25.22990000100009 ], [ 118.8979, 25.24 ], [ 118.9057, 25.244299999000077 ], [ 118.9147, 25.237899999000035 ], [ 118.9181, 25.233299999000053 ], [ 118.9221, 25.2328 ], [ 118.9237, 25.2326 ], [ 118.9259, 25.231 ], [ 118.9191, 25.226 ], [ 118.9204, 25.2245 ], [ 118.9234, 25.2237 ], [ 118.9356, 25.2272 ], [ 118.936500001000013, 25.2243 ], [ 118.9347, 25.2218 ], [ 118.920600001000025, 25.2159 ], [ 118.916700000000105, 25.2013 ], [ 118.9096, 25.1948 ], [ 118.910600001000034, 25.1923 ], [ 118.9181, 25.185400001000062 ], [ 118.920600001000025, 25.1861 ], [ 118.9234, 25.1965 ], [ 118.9285, 25.2013 ], [ 118.934, 25.2032 ], [ 118.937399999000036, 25.2096 ], [ 118.942899999000019, 25.2053 ], [ 118.9451, 25.206 ], [ 118.9519, 25.2082 ], [ 118.949999999000056, 25.2046 ], [ 118.9548, 25.2 ], [ 118.9581, 25.2 ], [ 118.9622, 25.204 ], [ 118.9658, 25.2 ], [ 118.9668, 25.1967 ], [ 118.966299999000057, 25.1925 ], [ 118.9626, 25.1877 ], [ 118.9645, 25.1866 ], [ 118.9704, 25.188500001000079 ], [ 118.9778, 25.1981 ], [ 118.979200000000105, 25.1977 ], [ 118.9794, 25.1952 ], [ 118.9743, 25.186999999000079 ], [ 118.9725, 25.1802 ], [ 118.9743, 25.174300001000063 ], [ 118.978, 25.1712 ], [ 118.977799999000013, 25.1674 ], [ 118.9677, 25.1687 ], [ 118.95919999900002, 25.1649 ], [ 118.9566, 25.1624 ], [ 118.9559, 25.1583 ], [ 118.9533, 25.1571 ], [ 118.9477, 25.1545 ], [ 118.9438, 25.1478 ], [ 118.9378, 25.1424 ], [ 118.9415, 25.1353 ], [ 118.949300000000108, 25.1269 ], [ 118.955200000000104, 25.1261 ], [ 118.9621, 25.12759999900004 ], [ 118.964600001, 25.1265 ], [ 118.966, 25.1188 ], [ 118.9506, 25.1121 ], [ 118.944200001000013, 25.1061 ], [ 118.9414, 25.1065 ], [ 118.936599999, 25.1126 ], [ 118.9336, 25.114 ], [ 118.9197, 25.1099 ], [ 118.9084, 25.1111 ], [ 118.908100000000104, 25.107700001000069 ], [ 118.908, 25.1065 ], [ 118.905399999, 25.1046 ], [ 118.8972, 25.1059 ], [ 118.8947, 25.1143 ], [ 118.8917, 25.114899999000045 ], [ 118.8885, 25.1088 ], [ 118.88, 25.1143 ], [ 118.876299999000025, 25.1136 ], [ 118.876800001000106, 25.108 ], [ 118.8749, 25.1061 ], [ 118.8697, 25.1074 ], [ 118.8672, 25.1034 ], [ 118.8562, 25.0986 ], [ 118.8552, 25.0932 ], [ 118.8463, 25.0819 ], [ 118.843800000000101, 25.0834 ], [ 118.8339, 25.0823 ], [ 118.8319, 25.08 ], [ 118.8394, 25.0769 ], [ 118.8486, 25.078800001000047 ], [ 118.855000001, 25.0838 ], [ 118.863700000000108, 25.0802 ], [ 118.8667, 25.0754 ], [ 118.8729, 25.056399999000064 ], [ 118.8727, 25.0489 ], [ 118.8814, 25.0468 ], [ 118.8871, 25.0431 ], [ 118.8911, 25.0368 ], [ 118.895799999000019, 25.0295 ], [ 118.902200000000107, 25.0266 ], [ 118.920800001000089, 25.0217 ], [ 118.941600000000108, 25.0261 ], [ 118.943, 25.0253 ], [ 118.9297, 25.015500001000078 ], [ 118.9414, 25.0061 ], [ 118.9464, 25.004 ], [ 118.9519, 25.0033 ], [ 118.9695, 25.0052 ], [ 118.975699999000085, 25.0077 ], [ 118.9778, 25.017900001000044 ], [ 118.9854, 25.0212 ], [ 118.9902, 25.032099999000081 ], [ 118.9897, 25.034399999000073 ], [ 118.9845, 25.0373 ], [ 118.9838, 25.039199999000061 ], [ 118.9916, 25.0436 ], [ 119.0001, 25.0509 ], [ 119.0065, 25.0536 ], [ 119.0129, 25.05380000100007 ], [ 119.0145, 25.0521 ], [ 119.0152, 25.047699999000088 ], [ 119.011500001000059, 25.038100001000089 ], [ 119.0033, 25.03270000100008 ], [ 119.0003, 25.0289 ], [ 118.999299999000073, 25.0219 ], [ 119.000500000000102, 25.0133 ], [ 118.997699999000019, 25.0089 ], [ 118.9989, 25.0054 ], [ 118.9943, 25.0029 ], [ 118.988700000000108, 25.0049 ], [ 118.986000000000104, 25.0058 ], [ 118.9831, 25.0 ], [ 118.978, 24.9899 ], [ 118.9835, 24.9705 ], [ 118.9912, 24.9638 ], [ 119.0004, 24.9613 ], [ 119.006800002000091, 24.9554 ], [ 119.010900000000106, 24.955 ], [ 119.023100001000103, 24.960800001000052 ], [ 119.026300000000106, 24.959 ], [ 119.028600001000086, 24.9598 ], [ 119.0295, 24.957699999000056 ], [ 119.0217, 24.9542 ], [ 119.0166, 24.9498 ], [ 119.0125, 24.9435 ], [ 119.007000001000051, 24.9461 ], [ 118.9987, 24.9442 ], [ 118.9951, 24.9434 ], [ 118.9898, 24.94 ], [ 118.9873, 24.940400001000057 ], [ 118.987800000000107, 24.9459 ], [ 118.9821, 24.9459 ], [ 118.9791, 24.9501 ], [ 118.9807, 24.9557 ], [ 118.9777, 24.9605 ], [ 118.973399999000094, 24.9632 ], [ 118.972, 24.9605 ], [ 118.9523, 24.962 ], [ 118.948, 24.956199999000091 ], [ 118.9354, 24.9568 ], [ 118.931200000000104, 24.9595 ], [ 118.9221, 24.956999999000061 ], [ 118.914500001000079, 24.9574 ], [ 118.9097, 24.947 ], [ 118.903100000000109, 24.9428 ], [ 118.9002, 24.939500001000056 ], [ 118.8951, 24.9399 ], [ 118.8857, 24.944300001000045 ], [ 118.8848, 24.942 ], [ 118.8886000010001, 24.9389 ], [ 118.8898, 24.9339 ], [ 118.8989, 24.9324 ], [ 118.9019, 24.9337 ], [ 118.905399999, 24.9401 ], [ 118.9093, 24.941 ], [ 118.9109, 24.9399 ], [ 118.907200000000103, 24.9341 ], [ 118.9083, 24.9301 ], [ 118.906700001000104, 24.9238 ], [ 118.9085, 24.9144 ], [ 118.910800000000108, 24.9117 ], [ 118.914999999000088, 24.910700001000066 ], [ 118.923, 24.9111 ], [ 118.9243, 24.9048 ], [ 118.9301, 24.8969 ], [ 118.9365, 24.8983 ], [ 118.9404, 24.895199999000056 ], [ 118.9445, 24.8889 ], [ 118.9456, 24.887299999000049 ], [ 118.9525000000001, 24.8831 ], [ 118.9596, 24.8822 ], [ 118.963000001000069, 24.891800001000036 ], [ 118.9669, 24.895199999000056 ], [ 118.975600001000089, 24.8956 ], [ 118.9847, 24.8889 ], [ 118.9829, 24.8872 ], [ 118.9767, 24.887 ], [ 118.974000001000036, 24.8839 ], [ 118.9788, 24.880299999000044 ], [ 118.9834, 24.8837 ], [ 118.9895, 24.882599999000035 ], [ 118.991399999, 24.8797 ], [ 118.9891, 24.8757 ], [ 118.9845, 24.8745 ], [ 118.9786, 24.8751 ], [ 118.9708, 24.8778 ], [ 118.9614, 24.8735 ], [ 118.9477, 24.8768 ], [ 118.931600001000106, 24.8687 ], [ 118.9277, 24.876 ], [ 118.924799999000015, 24.877700001000051 ], [ 118.9076, 24.8756 ], [ 118.900099999000076, 24.8787 ], [ 118.8969, 24.887299999000049 ], [ 118.8873, 24.889799999000047 ], [ 118.8818, 24.888999999000077 ], [ 118.876299999000025, 24.8915 ], [ 118.870799999000042, 24.8915 ], [ 118.8584, 24.8875 ], [ 118.85, 24.8827 ], [ 118.8479, 24.877299999000059 ], [ 118.8424, 24.8748 ], [ 118.8332, 24.876200001000086 ], [ 118.8326, 24.8763 ], [ 118.829399999000088, 24.8784 ], [ 118.8319, 24.883200001000091 ], [ 118.827500001000089, 24.8894 ], [ 118.8285, 24.8955 ], [ 118.8271, 24.8986 ], [ 118.8159, 24.8976 ], [ 118.8117, 24.899 ], [ 118.805799999000101, 24.8982 ], [ 118.782000001000029, 24.8786 ], [ 118.7815, 24.8775 ], [ 118.795, 24.871500001000072 ], [ 118.7987, 24.8713 ], [ 118.806500001000018, 24.8759 ], [ 118.8108, 24.8763 ], [ 118.812899999000024, 24.8736 ], [ 118.8133, 24.8709 ], [ 118.798500000000104, 24.8675 ], [ 118.7884, 24.8567 ], [ 118.779299999000045, 24.8554 ], [ 118.7703, 24.8504 ], [ 118.7671, 24.8502 ], [ 118.763500002, 24.8556 ], [ 118.755699999000058, 24.8562 ], [ 118.7488, 24.8529 ], [ 118.7413, 24.8462 ], [ 118.737899999000092, 24.8468 ], [ 118.7408, 24.8516 ], [ 118.737899999000092, 24.8529 ], [ 118.7326, 24.8489 ], [ 118.725800001000039, 24.849500001000081 ], [ 118.7279, 24.8469 ], [ 118.7275, 24.845 ], [ 118.7228, 24.8462 ], [ 118.714299999000104, 24.8454 ], [ 118.709500001000038, 24.8493 ], [ 118.7026, 24.8468 ], [ 118.6981, 24.851 ], [ 118.6981, 24.8516 ], [ 118.6987, 24.855999999000062 ], [ 118.7047, 24.8696 ], [ 118.714000001000045, 24.8756 ], [ 118.708799999, 24.8808 ], [ 118.7012, 24.8831 ], [ 118.703299999000023, 24.8854 ], [ 118.7099, 24.8854 ], [ 118.715899999000044, 24.8875 ], [ 118.7243, 24.8844 ], [ 118.7381, 24.8869 ], [ 118.7429, 24.892600001000062 ], [ 118.7463, 24.8938 ], [ 118.7474, 24.8994 ], [ 118.7465, 24.905299999000079 ], [ 118.743999999000039, 24.9074 ], [ 118.7408, 24.906700001000047 ], [ 118.7392, 24.9122 ], [ 118.7314, 24.9155 ], [ 118.7312, 24.9109 ], [ 118.7257, 24.9034 ], [ 118.7213, 24.902100001000065 ], [ 118.7165, 24.904 ], [ 118.7161, 24.908 ], [ 118.7243, 24.9199 ], [ 118.7252, 24.9324 ], [ 118.7275, 24.9372 ], [ 118.7266, 24.939500001000056 ], [ 118.7211, 24.940400001000057 ], [ 118.71669999900007, 24.937 ], [ 118.7179000000001, 24.9297 ], [ 118.7149, 24.913 ], [ 118.7122, 24.909 ], [ 118.7097, 24.9099 ], [ 118.7055, 24.9165 ], [ 118.703000001000078, 24.9126 ], [ 118.7035, 24.907600001000048 ], [ 118.7065, 24.9032 ], [ 118.7013, 24.899799999000038 ], [ 118.69850000100007, 24.898 ], [ 118.6923, 24.8963 ], [ 118.688399999000012, 24.8986 ], [ 118.687, 24.9023 ], [ 118.6925, 24.9111 ], [ 118.6893, 24.9132 ], [ 118.6973, 24.9263 ], [ 118.7055, 24.9287 ], [ 118.7078, 24.9322 ], [ 118.7069, 24.9341 ], [ 118.6998, 24.9362 ], [ 118.695700000000102, 24.9399 ], [ 118.697700001000044, 24.9458 ], [ 118.6959, 24.9479 ], [ 118.6924, 24.9493 ], [ 118.6872, 24.9549 ], [ 118.6778, 24.959900001000051 ], [ 118.6709, 24.9698 ], [ 118.659400001000108, 24.977 ], [ 118.656, 24.971 ], [ 118.6622, 24.96390000100007 ], [ 118.6606, 24.9595 ], [ 118.6622, 24.95680000100009 ], [ 118.6691, 24.9547 ], [ 118.6714, 24.951 ], [ 118.6689, 24.933400001000052 ], [ 118.6661, 24.933 ], [ 118.659900000000107, 24.937 ], [ 118.6577, 24.932600001000083 ], [ 118.650800001000107, 24.9332 ], [ 118.6455, 24.9292 ], [ 118.6441, 24.9273 ], [ 118.6416, 24.9238 ], [ 118.6439, 24.9213 ], [ 118.652200000000107, 24.9173 ], [ 118.6533, 24.915 ], [ 118.6451, 24.904 ], [ 118.6575, 24.8988 ], [ 118.664999999000088, 24.8988 ], [ 118.671700000000101, 24.8942 ], [ 118.669600001000049, 24.8894 ], [ 118.6731, 24.887299999000049 ], [ 118.6774, 24.8881 ], [ 118.6799, 24.886 ], [ 118.669400001000099, 24.864699999000038 ], [ 118.6635, 24.8639 ], [ 118.6589, 24.8574 ], [ 118.6496, 24.853 ], [ 118.6459, 24.857 ], [ 118.634, 24.849 ], [ 118.6342, 24.8424 ], [ 118.629899999000031, 24.843 ], [ 118.6265, 24.834 ], [ 118.6215, 24.8296 ], [ 118.622799998, 24.8273 ], [ 118.6286, 24.8242 ], [ 118.6293, 24.8161 ], [ 118.627200001, 24.8125 ], [ 118.6201, 24.8146 ], [ 118.6188, 24.8125 ], [ 118.6213, 24.806 ], [ 118.6245, 24.8048 ], [ 118.6304, 24.8056 ], [ 118.6334, 24.8029 ], [ 118.6339, 24.8008 ], [ 118.6277, 24.7895 ], [ 118.627699999000015, 24.785599999000056 ], [ 118.631900001000076, 24.7804 ], [ 118.6323000000001, 24.7772 ], [ 118.6348, 24.7766 ], [ 118.6419, 24.7795 ], [ 118.650800001000107, 24.7871 ], [ 118.652200001000097, 24.787 ], [ 118.6561, 24.7866 ], [ 118.6565, 24.7818 ], [ 118.658399999000039, 24.7806 ], [ 118.6687, 24.7812 ], [ 118.6723, 24.7794 ], [ 118.675300000000107, 24.7804 ], [ 118.681200001000093, 24.7894 ], [ 118.6819, 24.7954 ], [ 118.6853, 24.7967 ], [ 118.6945, 24.7944 ], [ 118.705699999000103, 24.794999999000083 ], [ 118.7093, 24.7984 ], [ 118.707900001000098, 24.804 ], [ 118.7105, 24.8067 ], [ 118.7162, 24.8092 ], [ 118.725800001000039, 24.808200001000046 ], [ 118.726500000000101, 24.8063 ], [ 118.7185, 24.8028 ], [ 118.716, 24.799 ], [ 118.7176, 24.795699999000078 ], [ 118.721, 24.793399999000087 ], [ 118.7183, 24.7871 ], [ 118.720300001000055, 24.7845 ], [ 118.727, 24.7761 ], [ 118.7338, 24.7702 ], [ 118.74070000100005, 24.7679 ], [ 118.743900001000043, 24.7744 ], [ 118.7485, 24.7771 ], [ 118.7528, 24.7777 ], [ 118.761, 24.7694 ], [ 118.7642, 24.7688 ], [ 118.768800001000045, 24.7744 ], [ 118.772700001000089, 24.7742 ], [ 118.7747, 24.7717 ], [ 118.780899999000098, 24.7717 ], [ 118.7823, 24.7694 ], [ 118.7764, 24.7621 ], [ 118.7759, 24.7479 ], [ 118.7608, 24.740800001000082 ], [ 118.7595, 24.736200001000043 ], [ 118.762500001000035, 24.732499999000083 ], [ 118.764300001000038, 24.7304 ], [ 118.7586, 24.729299999000091 ], [ 118.7535, 24.7301 ], [ 118.748699999, 24.7266 ], [ 118.742300002000093, 24.7274 ], [ 118.7343, 24.7201 ], [ 118.7355, 24.7111 ], [ 118.7307, 24.7063 ], [ 118.7318, 24.704 ], [ 118.7355, 24.702799999000035 ], [ 118.7357, 24.7007 ], [ 118.7337, 24.6976 ], [ 118.7289, 24.6951 ], [ 118.7259, 24.6896 ], [ 118.7191, 24.689 ], [ 118.7172, 24.6875 ], [ 118.719500001000029, 24.6825 ], [ 118.717, 24.679 ], [ 118.7118, 24.6784 ], [ 118.7086, 24.673799999000039 ], [ 118.702400001, 24.6769 ], [ 118.6963, 24.6667 ], [ 118.689100001000043, 24.6674 ], [ 118.682100000000105, 24.668100001000084 ], [ 118.6759, 24.6742 ], [ 118.6741, 24.687899999000081 ], [ 118.6681, 24.690199999000072 ], [ 118.662, 24.6865 ], [ 118.656499999000062, 24.6871 ], [ 118.653100001000098, 24.685200001000055 ], [ 118.648, 24.6773 ], [ 118.6465, 24.6635 ], [ 118.6428, 24.653900001000068 ], [ 118.644, 24.6462 ], [ 118.6502, 24.6316 ], [ 118.658, 24.6217 ], [ 118.6616, 24.6201 ], [ 118.665500001000055, 24.6209 ], [ 118.672600000000102, 24.6291 ], [ 118.6774, 24.6301 ], [ 118.679400000000101, 24.6218 ], [ 118.6826, 24.6166 ], [ 118.6792, 24.6036 ], [ 118.6742, 24.6009 ], [ 118.667600000000107, 24.5786 ], [ 118.6631, 24.5754 ], [ 118.6569, 24.5777 ], [ 118.655500001000064, 24.5721 ], [ 118.6505, 24.5689 ], [ 118.648, 24.565400001000057 ], [ 118.653700001000061, 24.560199999000076 ], [ 118.6542, 24.556399999000064 ], [ 118.6528, 24.5545 ], [ 118.648, 24.5581 ], [ 118.638200001000087, 24.5581 ], [ 118.6371, 24.5581 ], [ 118.633200000000102, 24.5554 ], [ 118.6303, 24.5478 ], [ 118.621999999000082, 24.5455 ], [ 118.6168, 24.5384 ], [ 118.6095, 24.5351 ], [ 118.6068, 24.5294 ], [ 118.5988, 24.5261 ], [ 118.5943, 24.5294 ], [ 118.5874, 24.5302 ], [ 118.584200001, 24.528799999000057 ], [ 118.5742, 24.520200001000035 ], [ 118.572900001000107, 24.5141 ], [ 118.5697, 24.512300001000085 ], [ 118.5674, 24.515599999000074 ], [ 118.5678, 24.5252 ], [ 118.566, 24.5306 ], [ 118.5703, 24.5392 ], [ 118.5693, 24.5427 ], [ 118.565, 24.546000001000039 ], [ 118.5598, 24.5498 ], [ 118.5588, 24.5521 ], [ 118.5698000000001, 24.5494 ], [ 118.573200001000032, 24.5498 ], [ 118.5848, 24.5607 ], [ 118.5837, 24.5691 ], [ 118.588, 24.5732 ], [ 118.5807, 24.5801 ], [ 118.5777, 24.58120000100007 ], [ 118.573400000000106, 24.58049999900004 ], [ 118.5702, 24.5818 ], [ 118.5679, 24.579500001000042 ], [ 118.556, 24.5903 ], [ 118.5457, 24.5936 ], [ 118.5432, 24.596100001000082 ], [ 118.5414, 24.6043 ], [ 118.5391, 24.606100001000073 ], [ 118.528600001000086, 24.6088 ], [ 118.5267, 24.61 ], [ 118.5249, 24.6111 ], [ 118.5112, 24.6102 ], [ 118.508200001000091, 24.6148 ], [ 118.5018, 24.6179 ], [ 118.4986, 24.6232 ], [ 118.491999999000086, 24.6271 ], [ 118.4689, 24.6321 ], [ 118.4509, 24.6291 ], [ 118.4445, 24.6295 ], [ 118.4438, 24.6312 ], [ 118.4533, 24.6398 ], [ 118.4615999990001, 24.64 ], [ 118.4625, 24.6412 ], [ 118.458100001000048, 24.6464 ], [ 118.4549, 24.6479 ], [ 118.450799999000083, 24.642 ], [ 118.4485, 24.6412 ], [ 118.4463, 24.6404 ], [ 118.4421, 24.646800001000088 ], [ 118.4414, 24.6508 ], [ 118.44710000200007, 24.6617 ], [ 118.458300001, 24.675900001000059 ], [ 118.4587, 24.6805 ], [ 118.456099999, 24.6901 ], [ 118.457000000000107, 24.6926 ], [ 118.4643, 24.6984 ], [ 118.456099999, 24.7003 ], [ 118.4602000000001, 24.7061 ], [ 118.4595, 24.707200001000047 ], [ 118.447900001000107, 24.7084 ], [ 118.445099999000035, 24.718200001000071 ], [ 118.4428, 24.721100001000082 ], [ 118.4382, 24.7217 ], [ 118.4366, 24.7199 ], [ 118.434299999000018, 24.7102 ], [ 118.431699999000102, 24.6992 ], [ 118.4328, 24.695 ], [ 118.4283, 24.679999999000074 ], [ 118.4173, 24.68239999900004 ], [ 118.4208, 24.677 ], [ 118.4174, 24.6712 ], [ 118.4169, 24.6662 ], [ 118.426, 24.6416 ], [ 118.4246, 24.632800001000078 ], [ 118.432400001000019, 24.6247 ], [ 118.4274, 24.6151 ], [ 118.424, 24.6132 ], [ 118.419, 24.606100001000073 ], [ 118.4117, 24.6054 ], [ 118.4008, 24.6008 ], [ 118.393, 24.601 ], [ 118.3866, 24.5978 ], [ 118.380099999000095, 24.5926 ], [ 118.3641, 24.579799999000045 ], [ 118.350900001000014, 24.5816 ], [ 118.3429000000001, 24.5795 ], [ 118.3353, 24.5843 ], [ 118.3301, 24.5849 ], [ 118.316600000000108, 24.583 ], [ 118.3146, 24.5861 ], [ 118.3098, 24.5867 ], [ 118.299, 24.594 ], [ 118.278, 24.5968 ], [ 118.269899999000017, 24.6076 ], [ 118.2667, 24.6076 ], [ 118.264, 24.604099999000084 ], [ 118.2645, 24.6031 ], [ 118.2656, 24.6009 ], [ 118.2716, 24.5974 ], [ 118.2783, 24.5893 ], [ 118.2865, 24.5895 ], [ 118.2879, 24.5797 ], [ 118.2852, 24.572600001000069 ], [ 118.2749, 24.5667 ], [ 118.269699999000068, 24.5661 ], [ 118.2626, 24.5677 ], [ 118.2595, 24.5615 ], [ 118.2533, 24.5569 ], [ 118.2474, 24.5466 ], [ 118.2343, 24.5357 ], [ 118.2193, 24.5468 ], [ 118.2178, 24.5479 ], [ 118.2178, 24.5494 ], [ 118.220700001000068, 24.550700001000052 ], [ 118.2276, 24.548399999000083 ], [ 118.2323, 24.5555 ], [ 118.2312, 24.5572 ], [ 118.2248, 24.5544 ], [ 118.2205, 24.558 ], [ 118.212000000000103, 24.559 ], [ 118.2095, 24.564 ], [ 118.2072, 24.5656 ], [ 118.1999, 24.566900001000079 ], [ 118.1964, 24.5714 ], [ 118.1989, 24.576 ], [ 118.2023, 24.578800001000047 ], [ 118.203000001000078, 24.5817 ], [ 118.2016, 24.585 ], [ 118.194699999000022, 24.585 ], [ 118.1968, 24.5881 ], [ 118.1965, 24.5925 ], [ 118.1935, 24.6017 ], [ 118.1948000000001, 24.606300001000079 ], [ 118.1999, 24.606300001000079 ], [ 118.2136, 24.611799999000084 ], [ 118.214700000000107, 24.6122 ], [ 118.2229, 24.6079 ], [ 118.2289, 24.6027 ], [ 118.2323, 24.606 ], [ 118.229500001000019, 24.6112 ], [ 118.229500001000019, 24.6229 ], [ 118.2276, 24.6231 ], [ 118.225800001000039, 24.6206 ], [ 118.2135, 24.6203 ], [ 118.2126, 24.6216 ], [ 118.2198, 24.6285 ], [ 118.2171, 24.6325 ], [ 118.2098, 24.6266 ], [ 118.20409999900005, 24.6299 ], [ 118.2023, 24.6286 ], [ 118.2025000000001, 24.6234 ], [ 118.1945, 24.621299999000087 ], [ 118.1893, 24.6232 ], [ 118.1806, 24.6227 ], [ 118.1806, 24.630400001000055 ], [ 118.185200001, 24.6303 ], [ 118.186500001000013, 24.6302 ], [ 118.1913, 24.634 ], [ 118.197, 24.6347 ], [ 118.2015, 24.641 ], [ 118.2067, 24.6449 ], [ 118.2063, 24.6481 ], [ 118.2099, 24.6523 ], [ 118.2133, 24.6535 ], [ 118.2119, 24.6567 ], [ 118.200999999000032, 24.6547 ], [ 118.1902, 24.6576 ], [ 118.1886, 24.6601 ], [ 118.1895, 24.6626 ], [ 118.1943, 24.6635 ], [ 118.19220000100006, 24.6735 ], [ 118.192800001000023, 24.6777 ], [ 118.1967, 24.6814 ], [ 118.1958, 24.684300001000054 ], [ 118.1912, 24.6804 ], [ 118.1878, 24.6835 ], [ 118.1798, 24.6841 ], [ 118.1793, 24.687799999000049 ], [ 118.176599999000018, 24.6888 ], [ 118.169, 24.6851 ], [ 118.1652, 24.6832 ], [ 118.1632, 24.6756 ], [ 118.169, 24.66 ], [ 118.166700000000105, 24.6581 ], [ 118.1615, 24.6571 ], [ 118.154500001000088, 24.665799999000058 ], [ 118.1525, 24.6647 ], [ 118.1505, 24.656599999000036 ], [ 118.148200001000077, 24.6553 ], [ 118.138200001000087, 24.6582 ], [ 118.1363, 24.6565 ], [ 118.137300001000085, 24.6546 ], [ 118.1457, 24.6499 ], [ 118.1496, 24.6505 ], [ 118.149800001000017, 24.649499999000057 ], [ 118.1503, 24.6464 ], [ 118.1449, 24.6386 ], [ 118.142700001000094, 24.6294 ], [ 118.137200001, 24.6221 ], [ 118.131900001000076, 24.6066 ], [ 118.1253, 24.603 ], [ 118.1185, 24.5923 ], [ 118.105100001000096, 24.58 ], [ 118.1031, 24.5678 ], [ 118.096500000000106, 24.56720000100006 ], [ 118.0924, 24.5718 ], [ 118.0932, 24.589899999000068 ], [ 118.0924, 24.597600001000046 ], [ 118.086299999000062, 24.5957 ], [ 118.0828, 24.6015 ], [ 118.079599999000038, 24.602399999000056 ], [ 118.0762, 24.6011 ], [ 118.074300000000108, 24.6107 ], [ 118.0723, 24.6107 ], [ 118.0695, 24.60709999900007 ], [ 118.0634, 24.6081 ], [ 118.054400000000101, 24.6168 ], [ 118.0505, 24.6168 ], [ 118.0478, 24.6158 ], [ 118.044900001000087, 24.611799999000084 ], [ 118.0501, 24.6099 ], [ 118.059100001000047, 24.598300001000041 ], [ 118.061400001000038, 24.5929 ], [ 118.0608, 24.590799999000069 ], [ 118.0546, 24.5924 ], [ 118.053, 24.5893 ], [ 118.0613, 24.5755 ], [ 118.0615, 24.5733 ], [ 118.0618, 24.5703 ], [ 118.0596, 24.5628 ], [ 118.0548, 24.558 ], [ 118.0514, 24.5557 ], [ 118.0471, 24.5567 ], [ 118.042899999000042, 24.561699999000041 ], [ 118.04, 24.561699999000041 ], [ 118.0372, 24.5644 ], [ 118.035799999, 24.5633 ], [ 118.033900001, 24.5529 ], [ 118.024700001000042, 24.5528 ], [ 118.0174, 24.5594 ], [ 118.0114, 24.5732 ], [ 118.0081, 24.575700001000087 ], [ 118.0042, 24.5598 ], [ 118.0003, 24.556399999000064 ], [ 117.9803, 24.5579 ], [ 117.976299999000048, 24.5582 ], [ 117.9718, 24.5554 ], [ 117.973, 24.5529 ], [ 117.9908, 24.5428 ], [ 117.9931, 24.5397 ], [ 118.0016, 24.5397 ], [ 118.0066, 24.537 ], [ 118.0207, 24.5407 ], [ 118.0267, 24.5407 ], [ 118.0308, 24.5384 ], [ 118.0377, 24.531 ], [ 118.0404, 24.5304 ], [ 118.046300001000077, 24.53270000100008 ], [ 118.0491, 24.5319 ], [ 118.056200000000104, 24.5254 ], [ 118.0615, 24.5182 ], [ 118.059, 24.5135 ], [ 118.0604, 24.5119 ], [ 118.069300001000101, 24.508 ], [ 118.058399999000017, 24.4962 ], [ 118.0455, 24.493600001000061 ], [ 118.0444, 24.488 ], [ 118.0419, 24.4872 ], [ 118.0403, 24.4826 ], [ 118.0365, 24.4805 ], [ 118.0364, 24.4859 ], [ 118.0348, 24.488199999000074 ], [ 118.0321, 24.4877 ], [ 118.0225, 24.47930000100007 ], [ 118.0169, 24.477 ], [ 118.0135, 24.471099999000046 ], [ 118.0083, 24.4667 ], [ 118.010600001000057, 24.4642 ], [ 118.0163, 24.4649 ], [ 118.020400000000109, 24.4624 ], [ 118.024500001000092, 24.464699999000061 ], [ 118.027199999, 24.4637 ], [ 118.0316, 24.4541 ], [ 118.042099999000015, 24.4558 ], [ 118.0439, 24.454599999000038 ], [ 118.0404, 24.4439 ], [ 118.0365, 24.4429 ], [ 118.0267, 24.4437 ], [ 118.0235, 24.448200001000089 ], [ 117.9981, 24.4502 ], [ 117.9938, 24.456000001000064 ], [ 117.986499999000102, 24.4589 ], [ 117.9803, 24.4586 ], [ 117.9659, 24.4644 ], [ 117.9511, 24.4662 ], [ 117.9412, 24.4713 ], [ 117.9273, 24.4735 ], [ 117.9216, 24.477 ], [ 117.92, 24.4722 ], [ 117.9271, 24.466 ], [ 117.9281, 24.4629 ], [ 117.9265, 24.4612 ], [ 117.9196, 24.464699999000061 ], [ 117.9134, 24.4701 ], [ 117.9107, 24.4726 ], [ 117.9179, 24.4737 ], [ 117.917500001, 24.4778 ], [ 117.912899999000047, 24.4776 ], [ 117.909600001000058, 24.4799 ], [ 117.9054000000001, 24.460899999000048 ], [ 117.9085, 24.4582 ], [ 117.9122, 24.4528 ], [ 117.9115, 24.4498 ], [ 117.9077, 24.44899999900008 ], [ 117.9017, 24.45 ], [ 117.893600000000106, 24.4447 ], [ 117.8877, 24.444 ], [ 117.8833, 24.443799999000078 ], [ 117.8788, 24.4425 ], [ 117.8781, 24.4404 ], [ 117.8811, 24.4352 ], [ 117.8786, 24.4338 ], [ 117.8736, 24.4339 ], [ 117.8754, 24.4304 ], [ 117.8787, 24.4281 ], [ 117.8889, 24.4251 ], [ 117.8913, 24.4203 ], [ 117.8906, 24.417799999000067 ], [ 117.8824, 24.416000001000043 ], [ 117.879299999000068, 24.41 ], [ 117.8878, 24.4052 ], [ 117.901899999000079, 24.4026 ], [ 117.9026, 24.397 ], [ 117.904900001000101, 24.3943 ], [ 117.9181, 24.3944 ], [ 117.935, 24.3976 ], [ 117.941200001000084, 24.3931 ], [ 117.9453, 24.3922 ], [ 117.9575, 24.3973 ], [ 117.9696, 24.3993 ], [ 117.9789, 24.3989 ], [ 117.9839, 24.4019 ], [ 117.9883, 24.3975 ], [ 117.9942, 24.3992 ], [ 117.998299999000096, 24.3968 ], [ 118.0022, 24.3974 ], [ 118.00490000100001, 24.4028 ], [ 118.0299, 24.4095 ], [ 118.0368, 24.4057 ], [ 118.0493, 24.4094 ], [ 118.0673, 24.4067 ], [ 118.066600000000108, 24.4001 ], [ 118.0605, 24.391700001000061 ], [ 118.0547, 24.386399999000048 ], [ 118.053099999000096, 24.3814 ], [ 118.0564, 24.3687 ], [ 118.0533, 24.3618 ], [ 118.041700000000105, 24.355099999000061 ], [ 118.0381, 24.3511 ], [ 118.0308, 24.3514 ], [ 118.028699999000082, 24.3483 ], [ 118.0338, 24.3467 ], [ 118.0361, 24.3436 ], [ 118.0325, 24.3428 ], [ 118.0242, 24.340999999000076 ], [ 118.0188, 24.337 ], [ 118.018600000000106, 24.328 ], [ 118.0155, 24.3244 ], [ 118.016, 24.3232 ], [ 118.0219, 24.323 ], [ 118.03410000100007, 24.3329 ], [ 118.04180000100007, 24.3348 ], [ 118.0493, 24.343399999000042 ], [ 118.0557, 24.344100001000072 ], [ 118.0574, 24.357 ], [ 118.0681, 24.3577 ], [ 118.0711, 24.3502 ], [ 118.0786, 24.3503 ], [ 118.0827, 24.3482 ], [ 118.0853, 24.3422 ], [ 118.0885, 24.3415 ], [ 118.0893, 24.3422 ], [ 118.09030000100006, 24.343 ], [ 118.0875, 24.348 ], [ 118.0911, 24.3564 ], [ 118.103199999000026, 24.3546 ], [ 118.1043, 24.3496 ], [ 118.1082, 24.3467 ], [ 118.1083, 24.3396 ], [ 118.110100001000092, 24.3371 ], [ 118.1197, 24.3359 ], [ 118.1204, 24.33169999900008 ], [ 118.1166, 24.315800001000071 ], [ 118.1201, 24.3131 ], [ 118.1292, 24.3132 ], [ 118.133300001000066, 24.310300001000087 ], [ 118.134, 24.3069 ], [ 118.129100000000108, 24.2913 ], [ 118.133200000000102, 24.2831 ], [ 118.1367, 24.2808 ], [ 118.1392, 24.27919999900007 ], [ 118.1433, 24.268 ], [ 118.1411, 24.2646 ], [ 118.1309, 24.2648 ], [ 118.1236, 24.267400001000055 ], [ 118.1183, 24.2668 ], [ 118.1054, 24.2575 ], [ 118.1036, 24.254 ], [ 118.1041, 24.2461 ], [ 118.1026, 24.2412 ], [ 118.0999, 24.2392 ], [ 118.0973, 24.24 ], [ 118.0948, 24.2489 ], [ 118.087000000000103, 24.254299999000068 ], [ 118.0745, 24.2501 ], [ 118.064800000000105, 24.2444 ], [ 118.0601, 24.2383 ], [ 118.0596, 24.2377 ], [ 118.0525, 24.2364 ], [ 118.0487, 24.232 ], [ 118.0431, 24.215700001000073 ], [ 118.0397, 24.2123 ], [ 118.0372, 24.2173 ], [ 118.0352, 24.2175 ], [ 118.028600001000086, 24.206 ], [ 118.0244, 24.202 ], [ 118.021600001000024, 24.2026 ], [ 118.0202, 24.2133 ], [ 118.0165, 24.217200001000037 ], [ 118.0163, 24.2205 ], [ 118.0187, 24.2247 ], [ 118.0178, 24.2287 ], [ 118.0148, 24.2312 ], [ 118.0112, 24.2299 ], [ 118.0015, 24.2225 ], [ 118.0031, 24.2167 ], [ 117.99749999900007, 24.2092 ], [ 117.998299999000096, 24.208799999000064 ], [ 118.0045, 24.2065 ], [ 118.0134, 24.2095 ], [ 118.0173, 24.2074 ], [ 118.013700001000075, 24.2036 ], [ 118.0066, 24.2007 ], [ 118.004200001000072, 24.1967 ], [ 118.0033, 24.1894 ], [ 117.991999999000086, 24.182 ], [ 117.988099999000042, 24.1814 ], [ 117.9852, 24.1763 ], [ 117.9848, 24.1711 ], [ 117.9874, 24.159400001000051 ], [ 117.986499999000102, 24.1571 ], [ 117.973400001000073, 24.1514 ], [ 117.9711, 24.15220000100004 ], [ 117.9704, 24.1572 ], [ 117.9721, 24.164100001000065 ], [ 117.970700001000068, 24.172700001000067 ], [ 117.9743, 24.1766 ], [ 117.9775, 24.179799999000068 ], [ 117.985699999000076, 24.1957 ], [ 117.985699999000076, 24.2022 ], [ 117.980700001000059, 24.2045 ], [ 117.9757, 24.2046 ], [ 117.9664, 24.2019 ], [ 117.9627, 24.2025 ], [ 117.9672, 24.2131 ], [ 117.9665, 24.2202 ], [ 117.9571, 24.2214 ], [ 117.9537, 24.2187 ], [ 117.94870000100002, 24.2205 ], [ 117.9428, 24.2182 ], [ 117.9399, 24.2151 ], [ 117.943499999000096, 24.2124 ], [ 117.942, 24.2094 ], [ 117.9336, 24.2048 ], [ 117.9366, 24.2013 ], [ 117.9348, 24.1932 ], [ 117.9346, 24.1921 ], [ 117.9292, 24.1912 ], [ 117.924, 24.1862 ], [ 117.9165, 24.1869 ], [ 117.9147, 24.184400001000085 ], [ 117.9195, 24.1799 ], [ 117.9263, 24.179700001000072 ], [ 117.9293, 24.177 ], [ 117.929, 24.1749 ], [ 117.9224, 24.176099999000087 ], [ 117.92, 24.1744 ], [ 117.920400001000075, 24.1724 ], [ 117.923899999000014, 24.1713 ], [ 117.9271, 24.1634 ], [ 117.9301, 24.1614 ], [ 117.932100000000105, 24.1672 ], [ 117.9359, 24.1691 ], [ 117.9391, 24.1739 ], [ 117.9434, 24.1723 ], [ 117.94870000100002, 24.1636 ], [ 117.9555, 24.1632 ], [ 117.9571, 24.1607 ], [ 117.9463, 24.1496 ], [ 117.9447, 24.145900001000086 ], [ 117.941600001000097, 24.1387 ], [ 117.9331, 24.130499999000051 ], [ 117.9302, 24.120900001000052 ], [ 117.920699999000021, 24.1171 ], [ 117.9139, 24.1099 ], [ 117.9092, 24.0995 ], [ 117.9054000000001, 24.0982 ], [ 117.9029, 24.0936 ], [ 117.9012, 24.059200001000079 ], [ 117.901899999000079, 24.0489 ], [ 117.9034, 24.0394 ], [ 117.9051, 24.036400001000061 ], [ 117.9078, 24.031899999000075 ], [ 117.9069, 24.030399999000053 ], [ 117.9016, 24.0293 ], [ 117.8987, 24.0239 ], [ 117.891, 24.0259 ], [ 117.8882, 24.0288 ], [ 117.8778, 24.0285 ], [ 117.876, 24.0329 ], [ 117.8718, 24.035799999000062 ], [ 117.8747, 24.043500001000041 ], [ 117.8717, 24.0519 ], [ 117.87, 24.066 ], [ 117.864300001000061, 24.060999999000046 ], [ 117.8632, 24.0577 ], [ 117.8686, 24.0466 ], [ 117.867800000000102, 24.0306 ], [ 117.8594, 24.0288 ], [ 117.855100000000107, 24.028 ], [ 117.8476, 24.0233 ], [ 117.8433, 24.0223 ], [ 117.8375, 24.0174 ], [ 117.8303, 24.0071 ], [ 117.807, 23.999999999000067 ], [ 117.7987, 23.986499999000046 ], [ 117.7902, 23.9678 ], [ 117.7875, 23.9664 ], [ 117.777, 23.9679 ], [ 117.773300001000052, 23.9649 ], [ 117.7692, 23.9571 ], [ 117.7643, 23.9304 ], [ 117.7669, 23.9192 ], [ 117.7638, 23.9202 ], [ 117.7584, 23.9221 ], [ 117.7507, 23.9199 ], [ 117.7458, 23.9114 ], [ 117.7364, 23.9118 ], [ 117.7333, 23.9138 ], [ 117.7332, 23.9234 ], [ 117.7294, 23.9252 ], [ 117.7296, 23.9305 ], [ 117.721, 23.9398 ], [ 117.732199999000045, 23.941999999000075 ], [ 117.7389, 23.948 ], [ 117.7488, 23.9511 ], [ 117.751, 23.9555 ], [ 117.7567, 23.957599999000081 ], [ 117.76100000100007, 23.9671 ], [ 117.760200001000044, 23.9714 ], [ 117.763300001000061, 23.9774 ], [ 117.7636, 23.9781 ], [ 117.7853, 23.9962 ], [ 117.7886, 23.999999999000067 ], [ 117.797600000000102, 24.0088 ], [ 117.7942, 24.0282 ], [ 117.7924, 24.029 ], [ 117.782200000000103, 24.0233 ], [ 117.774500000000103, 24.0211 ], [ 117.7711, 24.0174 ], [ 117.7676, 24.01380000100005 ], [ 117.7635, 24.0144 ], [ 117.7614, 24.0173 ], [ 117.761800000000108, 24.02 ], [ 117.7722, 24.0297 ], [ 117.7782, 24.047 ], [ 117.777200000000107, 24.0524 ], [ 117.7646, 24.066300001000059 ], [ 117.760499999000103, 24.0673 ], [ 117.7608, 24.0623 ], [ 117.7692, 24.0547 ], [ 117.7711, 24.0509 ], [ 117.7707, 24.0465 ], [ 117.7644, 24.0392 ], [ 117.7608, 24.0312 ], [ 117.751400000000103, 24.027399999000068 ], [ 117.74840000100005, 24.0261 ], [ 117.7434, 24.0257 ], [ 117.7361, 24.0273 ], [ 117.7365, 24.031 ], [ 117.734, 24.0323 ], [ 117.7229, 24.0313 ], [ 117.7186, 24.0324 ], [ 117.710100001, 24.0417 ], [ 117.7041, 24.0437 ], [ 117.6982, 24.0483 ], [ 117.6948000000001, 24.0486 ], [ 117.690700000000106, 24.0453 ], [ 117.68730000100004, 24.046099999000091 ], [ 117.6791, 24.0508 ], [ 117.670099999000058, 24.0653 ], [ 117.656, 24.0646 ], [ 117.6533, 24.0671 ], [ 117.6505, 24.0746 ], [ 117.645900001000086, 24.0735 ], [ 117.6478, 24.0693 ], [ 117.6431, 24.0634 ], [ 117.6442, 24.0607 ], [ 117.6479, 24.0585 ], [ 117.6645, 24.059200001000079 ], [ 117.667199999000104, 24.0574 ], [ 117.669800001, 24.049700001000076 ], [ 117.6723, 24.0476 ], [ 117.679400000000101, 24.0454 ], [ 117.6853, 24.0415 ], [ 117.691399999000055, 24.042800001000046 ], [ 117.697, 24.038000001000057 ], [ 117.703000001000078, 24.0402 ], [ 117.708300001, 24.0379 ], [ 117.711100000000101, 24.0342 ], [ 117.713, 24.0261 ], [ 117.7121, 24.0165 ], [ 117.698300001, 24.0128 ], [ 117.6948000000001, 24.0097 ], [ 117.689799999, 23.999999999000067 ], [ 117.6849, 23.9932 ], [ 117.6857, 23.9873 ], [ 117.7025000000001, 23.9634 ], [ 117.7023, 23.9563 ], [ 117.6816, 23.9478 ], [ 117.6728, 23.944299999000066 ], [ 117.6602, 23.9377 ], [ 117.6518, 23.93 ], [ 117.6384, 23.9115 ], [ 117.6251, 23.8843 ], [ 117.6197, 23.8615 ], [ 117.6189, 23.8446 ], [ 117.619, 23.8439 ], [ 117.6201, 23.831300001000045 ], [ 117.6248, 23.8148 ], [ 117.6371, 23.7927 ], [ 117.621400000000108, 23.777400001000046 ], [ 117.6165, 23.765 ], [ 117.6111, 23.763499999000089 ], [ 117.6066, 23.7506 ], [ 117.602100001000053, 23.7494 ], [ 117.596899999000016, 23.7427 ], [ 117.5932, 23.7424 ], [ 117.5923, 23.739999999000077 ], [ 117.5853, 23.7217 ], [ 117.5794, 23.7205 ], [ 117.5771, 23.7239 ], [ 117.578700001000016, 23.7326 ], [ 117.5877, 23.7435 ], [ 117.5898, 23.753399999000067 ], [ 117.5885, 23.7598 ], [ 117.5776, 23.7723 ], [ 117.587000000000103, 23.7738 ], [ 117.5898, 23.7869 ], [ 117.595800001000043, 23.789 ], [ 117.5972, 23.7945 ], [ 117.6028, 23.801 ], [ 117.606000002000087, 23.8047 ], [ 117.6074, 23.8119 ], [ 117.605299999000067, 23.8348 ], [ 117.599700001000087, 23.8485 ], [ 117.600300001000051, 23.853300001000036 ], [ 117.596500000000106, 23.8626 ], [ 117.5976, 23.871599999000068 ], [ 117.5917, 23.8811 ], [ 117.5921, 23.888699999000039 ], [ 117.5803, 23.8957 ], [ 117.5775000000001, 23.8995 ], [ 117.5789, 23.9064 ], [ 117.5705, 23.912999999000078 ], [ 117.5665, 23.9157 ], [ 117.5563, 23.9139 ], [ 117.552099999, 23.9148 ], [ 117.5463, 23.9189 ], [ 117.5333, 23.920799999000053 ], [ 117.5223, 23.9206 ], [ 117.5038, 23.9273 ], [ 117.49700000100006, 23.9281 ], [ 117.4866, 23.9257 ], [ 117.4723, 23.9282 ], [ 117.4624, 23.9281 ], [ 117.449500001000047, 23.9357 ], [ 117.443000001000087, 23.941199999000048 ], [ 117.4357, 23.9473 ], [ 117.4328, 23.9516 ], [ 117.427799999000058, 23.9513 ], [ 117.422000001000015, 23.956700001000058 ], [ 117.4171, 23.9534 ], [ 117.41209999900002, 23.954 ], [ 117.4089, 23.9503 ], [ 117.4095, 23.946 ], [ 117.4111, 23.9378 ], [ 117.4124, 23.9357 ], [ 117.41209999900002, 23.9334 ], [ 117.411299999000107, 23.9256 ], [ 117.4177, 23.9174 ], [ 117.4255, 23.9109 ], [ 117.4323, 23.907300001000067 ], [ 117.4383, 23.9065 ], [ 117.447700001000044, 23.9103 ], [ 117.4596, 23.912 ], [ 117.4761, 23.9093 ], [ 117.4817, 23.9052 ], [ 117.4868, 23.8952 ], [ 117.482399999000108, 23.8885 ], [ 117.4885, 23.8831 ], [ 117.494600000000105, 23.8733 ], [ 117.4992, 23.8697 ], [ 117.49330000100008, 23.8643 ], [ 117.4938, 23.8611 ], [ 117.4921, 23.8579 ], [ 117.486900000000105, 23.8578 ], [ 117.484200000000101, 23.855700001000059 ], [ 117.487000001000069, 23.85090000100007 ], [ 117.4865, 23.8482 ], [ 117.479, 23.849 ], [ 117.4786, 23.8446 ], [ 117.4856, 23.842 ], [ 117.4892, 23.838599999000053 ], [ 117.489, 23.8317 ], [ 117.481000000000108, 23.8325 ], [ 117.4742, 23.8253 ], [ 117.4615, 23.8206 ], [ 117.4586, 23.8148 ], [ 117.458900001000075, 23.8116 ], [ 117.462199999000063, 23.8077 ], [ 117.471, 23.8026 ], [ 117.4624, 23.7988 ], [ 117.4612, 23.796300001000077 ], [ 117.4602000000001, 23.7942 ], [ 117.4526, 23.7881 ], [ 117.4421, 23.786199999000075 ], [ 117.440199999000015, 23.7825 ], [ 117.4415, 23.7797 ], [ 117.447500000000105, 23.7764 ], [ 117.4384, 23.7701 ], [ 117.4364, 23.767 ], [ 117.439, 23.7607 ], [ 117.4351, 23.760200001000044 ], [ 117.4177, 23.7737 ], [ 117.404100001000074, 23.7804 ], [ 117.398, 23.7911 ], [ 117.396399999000096, 23.7917 ], [ 117.389299999000059, 23.7875 ], [ 117.382900001000053, 23.7957 ], [ 117.3813, 23.7874 ], [ 117.3789, 23.7849 ], [ 117.3692, 23.782 ], [ 117.3616, 23.774499999000057 ], [ 117.3607, 23.7695 ], [ 117.3503, 23.762 ], [ 117.336000001, 23.7568 ], [ 117.3288, 23.7557 ], [ 117.319799999, 23.7577 ], [ 117.3112, 23.7628 ], [ 117.3058, 23.7616 ], [ 117.3108, 23.7592 ], [ 117.3126, 23.7564 ], [ 117.3108, 23.7552 ], [ 117.3072, 23.7527 ], [ 117.2916, 23.7454 ], [ 117.271023838000019, 23.740426614000057 ], [ 117.270499999000094, 23.7403 ], [ 117.2679, 23.735399999000037 ], [ 117.2653, 23.7221 ], [ 117.274500000000103, 23.6935 ], [ 117.2756, 23.685299999000051 ], [ 117.273, 23.6802 ], [ 117.2656, 23.6769 ], [ 117.263900001000025, 23.6732 ], [ 117.2621, 23.6629 ], [ 117.2621, 23.6619 ], [ 117.2625, 23.653 ], [ 117.2651, 23.6473 ], [ 117.276500001000045, 23.6351 ], [ 117.2723, 23.6307 ], [ 117.2557, 23.6268 ], [ 117.2528, 23.624399999000048 ], [ 117.2487, 23.61630000100007 ], [ 117.2443, 23.6126 ], [ 117.24210000100004, 23.607500001000062 ], [ 117.2317, 23.6074 ], [ 117.2282, 23.6025 ], [ 117.2263, 23.602299999000081 ], [ 117.2252, 23.6093 ], [ 117.226499999, 23.6314 ], [ 117.2287, 23.634 ], [ 117.229200000000105, 23.6346 ], [ 117.236400001000106, 23.6359 ], [ 117.2435, 23.641300001000047 ], [ 117.2512, 23.6432 ], [ 117.2534, 23.6464 ], [ 117.2506, 23.6489 ], [ 117.2368, 23.6414 ], [ 117.233599999000035, 23.6423 ], [ 117.2381, 23.6508 ], [ 117.2453, 23.6518 ], [ 117.248499999000046, 23.6556 ], [ 117.2462, 23.6608 ], [ 117.247600001000023, 23.6654 ], [ 117.2457, 23.6725 ], [ 117.2399, 23.68 ], [ 117.2403, 23.685199999000076 ], [ 117.237800000000107, 23.687 ], [ 117.238, 23.6909 ], [ 117.2362, 23.6934 ], [ 117.2208, 23.6909 ], [ 117.228299999, 23.686 ], [ 117.230900001, 23.678900001000045 ], [ 117.2211, 23.6728 ], [ 117.211100000000101, 23.6621 ], [ 117.2068, 23.6634 ], [ 117.194200001000013, 23.6566 ], [ 117.196099999000012, 23.6509 ], [ 117.1995, 23.6537 ], [ 117.2073, 23.6499 ], [ 117.2082, 23.6543 ], [ 117.21, 23.6548 ], [ 117.217000001000088, 23.649399999000082 ], [ 117.2172, 23.637 ], [ 117.2196, 23.6272 ], [ 117.2182, 23.6235 ], [ 117.2104, 23.6259 ], [ 117.2028, 23.624399999000048 ], [ 117.199999999000056, 23.6239 ], [ 117.18, 23.6179 ], [ 117.1548, 23.6063 ], [ 117.1462, 23.6011 ], [ 117.139339685000095, 23.595185936000064 ], [ 117.099617522000017, 23.704206247000059 ], [ 116.951877193000087, 23.837467257000071 ], [ 116.860564163000049, 24.129774008000084 ], [ 116.762809021000066, 24.439448132000052 ], [ 116.627752987, 24.674653431000081 ], [ 116.497824756, 24.791182804000073 ], [ 116.344507904000011, 24.831345458000044 ], [ 116.106838912000057, 24.888094734000049 ], [ 115.905992333000086, 24.972360114000082 ], [ 115.790489010000101, 25.073052668000059 ], [ 115.759477494000066, 25.236614746000043 ], [ 115.911428112000067, 25.44903062800006 ], [ 116.003681429000039, 25.611547970000061 ], [ 115.992908194000051, 25.727281530000084 ], [ 116.112072255000044, 25.918976916000076 ], [ 116.273929188000011, 26.05190384000008 ], [ 116.300453908, 26.138265897000053 ], [ 116.330436596000027, 26.271604167000078 ], [ 116.47950774200001, 26.444135608000067 ], [ 116.532329612000012, 26.583444142000076 ], [ 116.508268770000086, 26.681992040000068 ], [ 116.48162646000003, 26.852056050000044 ], [ 116.514671107000026, 26.942015680000054 ], [ 116.713705361000052, 27.059274863000041 ], [ 116.863363659000015, 27.112564657000064 ], [ 117.007684702, 27.247141160000069 ], [ 116.964910108000026, 27.495492664000039 ], [ 116.91974412400009, 27.677672760000064 ], [ 117.037437934000081, 27.863549933000058 ], [ 116.801243926000097, 28.149949785000047 ], [ 116.422409938000101, 28.625685735000047 ], [ 116.372566096000014, 28.783970491000048 ], [ 116.343010580000055, 28.903003863000038 ], [ 116.336095403000058, 29.048944414000061 ], [ 116.316565488000037, 29.256993192000039 ], [ 116.318135268000105, 29.410654305000037 ], [ 116.344928246000109, 29.494329226000048 ], [ 116.433590235, 29.605369177000057 ], [ 116.540223611000101, 29.698691832000065 ], [ 116.725542180000048, 29.901204533000055 ], [ 116.788212941000097, 30.036876641000049 ], [ 116.715210648000038, 30.20208546200007 ], [ 116.780411429000083, 30.274824857000056 ], [ 116.86664943400001, 30.505110758000058 ], [ 117.079778360000091, 30.624753424000062 ], [ 117.383820444000094, 30.747329254000078 ], [ 117.506143337000026, 30.854683776000059 ], [ 117.600479687000075, 31.016385543000069 ], [ 117.685483976, 31.179426971000055 ], [ 117.901466802000073, 31.205333300000063 ], [ 118.256501428000092, 31.374134032000086 ], [ 118.331012421000082, 31.551721672000042 ], [ 118.39039235100006, 31.774066530000084 ], [ 118.473822103000089, 31.905795721000061 ], [ 118.611194059000013, 32.027110568000069 ], [ 118.709408074000066, 32.098516880000034 ], [ 118.839389916000073, 32.164834333000044 ], [ 119.018884364000087, 32.211551859000053 ], [ 119.192491236000023, 32.212632537000047 ], [ 119.351318308000032, 32.181095443000061 ], [ 119.407261764000054, 32.160380693000036 ], [ 119.501040244000023, 32.185531205000075 ], [ 119.649958214000094, 32.261204580000083 ], [ 119.746993062, 32.264929220000056 ], [ 119.787015893000103, 32.213729676000071 ] ] ] ] } },
{ "type": "Feature", "properties": { "Name": "江西行省" }, "geometry": { "type": "MultiPolygon", "coordinates": [ [ [ [ 112.1819, 21.5567 ], [ 112.1843, 21.5494 ], [ 112.1979, 21.5515 ], [ 112.1989, 21.5492 ], [ 112.1769, 21.544 ], [ 112.1736, 21.5457 ], [ 112.1734, 21.5521 ], [ 112.175, 21.555 ], [ 112.1788, 21.5567 ], [ 112.1819, 21.5567 ] ] ], [ [ [ 112.8033, 21.5656 ], [ 112.8, 21.5649 ], [ 112.7905, 21.5666 ], [ 112.7924, 21.5688 ], [ 112.7962, 21.5698 ], [ 112.8138, 21.5815 ], [ 112.8145, 21.5765 ], [ 112.8132, 21.572 ], [ 112.8033, 21.5656 ] ] ], [ [ [ 112.5782, 21.6023 ], [ 112.5836, 21.6001 ], [ 112.5866, 21.6013 ], [ 112.596500000000106, 21.6002 ], [ 112.5982, 21.5989 ], [ 112.5853, 21.5889 ], [ 112.5832, 21.5931 ], [ 112.5773, 21.5934 ], [ 112.5782, 21.6023 ] ] ], [ [ [ 112.6587, 21.5991 ], [ 112.6552, 21.599 ], [ 112.652200000000107, 21.6028 ], [ 112.6535, 21.6078 ], [ 112.664000000000101, 21.6112 ], [ 112.667, 21.6097 ], [ 112.667, 21.6078 ], [ 112.6616, 21.6057 ], [ 112.6587, 21.5991 ] ] ], [ [ [ 112.8971, 21.6027 ], [ 112.8958, 21.597 ], [ 112.8926, 21.595 ], [ 112.8875, 21.5945 ], [ 112.8819, 21.6003 ], [ 112.8775, 21.6 ], [ 112.8721, 21.5958 ], [ 112.8679, 21.5953 ], [ 112.8666, 21.5972 ], [ 112.8719, 21.603 ], [ 112.8713, 21.6049 ], [ 112.8667, 21.6069 ], [ 112.8813, 21.6133 ], [ 112.8888, 21.6139 ], [ 112.903, 21.61 ], [ 112.905, 21.6075 ], [ 112.8971, 21.6027 ] ] ], [ [ [ 112.143, 21.6051 ], [ 112.1396, 21.604 ], [ 112.1324, 21.6052 ], [ 112.1318, 21.6067 ], [ 112.1358, 21.6103 ], [ 112.1364, 21.6167 ], [ 112.143, 21.6051 ] ] ], [ [ [ 112.119, 21.6411 ], [ 112.1154, 21.6395 ], [ 112.1117, 21.6404 ], [ 112.1129, 21.6453 ], [ 112.1148, 21.6482 ], [ 112.1185, 21.6485 ], [ 112.1206, 21.6526 ], [ 112.1242, 21.6476 ], [ 112.119, 21.6411 ] ] ], [ [ [ 111.934, 21.648 ], [ 111.9385, 21.6442 ], [ 111.9418, 21.6448 ], [ 111.9435, 21.6501 ], [ 111.9458, 21.6515 ], [ 111.9526, 21.6487 ], [ 111.9528, 21.6573 ], [ 111.9546, 21.6614 ], [ 111.9579, 21.6605 ], [ 111.9665, 21.649 ], [ 111.9711, 21.6482 ], [ 111.974, 21.6498 ], [ 111.9762, 21.6568 ], [ 111.9782, 21.6578 ], [ 111.9844, 21.6587 ], [ 111.9912, 21.6575 ], [ 111.9953, 21.6535 ], [ 112.0029, 21.6543 ], [ 112.0045, 21.6502 ], [ 112.0133, 21.6473 ], [ 112.0142, 21.6406 ], [ 112.018, 21.6405 ], [ 112.018600000000106, 21.6385 ], [ 112.0098, 21.6318 ], [ 112.0056, 21.6226 ], [ 112.0013, 21.619 ], [ 111.9948, 21.6252 ], [ 111.9902, 21.6253 ], [ 111.9751, 21.6159 ], [ 111.97, 21.6144 ], [ 111.9628, 21.6077 ], [ 111.9313, 21.6138 ], [ 111.9284, 21.6118 ], [ 111.922, 21.6117 ], [ 111.9183, 21.6104 ], [ 111.9108, 21.6078 ], [ 111.902, 21.6066 ], [ 111.8947, 21.6003 ], [ 111.8851, 21.597 ], [ 111.8775, 21.5906 ], [ 111.8684, 21.5815 ], [ 111.8639, 21.569 ], [ 111.8583, 21.5662 ], [ 111.8524, 21.5676 ], [ 111.8485, 21.5728 ], [ 111.8448, 21.5733 ], [ 111.8269, 21.564 ], [ 111.8187, 21.565 ], [ 111.8111, 21.5613 ], [ 111.8093, 21.5614 ], [ 111.8019, 21.5621 ], [ 111.8055, 21.5746 ], [ 111.8078, 21.5762 ], [ 111.8141, 21.574 ], [ 111.8177, 21.5775 ], [ 111.8264, 21.5795 ], [ 111.8282, 21.583 ], [ 111.8272, 21.5868 ], [ 111.8201, 21.5921 ], [ 111.8252, 21.5949 ], [ 111.8278, 21.5998 ], [ 111.8354, 21.6056 ], [ 111.8455, 21.6097 ], [ 111.8509, 21.6135 ], [ 111.8523, 21.6185 ], [ 111.8499, 21.6278 ], [ 111.8438, 21.6401 ], [ 111.841, 21.6407 ], [ 111.8337, 21.642 ], [ 111.832, 21.6456 ], [ 111.8388, 21.6595 ], [ 111.8439, 21.6602 ], [ 111.851, 21.6538 ], [ 111.8605, 21.6528 ], [ 111.8709, 21.6457 ], [ 111.8753, 21.6456 ], [ 111.8781, 21.6481 ], [ 111.8895, 21.648 ], [ 111.8997, 21.6575 ], [ 111.9075, 21.6613 ], [ 111.9162, 21.6695 ], [ 111.9282, 21.6662 ], [ 111.9284, 21.6643 ], [ 111.9291, 21.6577 ], [ 111.934, 21.648 ] ] ], [ [ [ 112.450200000000109, 21.6521 ], [ 112.4433, 21.6519 ], [ 112.4393, 21.6524 ], [ 112.4377, 21.6566 ], [ 112.432, 21.6578 ], [ 112.430300000000102, 21.6605 ], [ 112.431, 21.664 ], [ 112.4346, 21.6656 ], [ 112.4379, 21.6707 ], [ 112.442500000000109, 21.672 ], [ 112.4434, 21.6771 ], [ 112.4492, 21.6807 ], [ 112.4506, 21.6831 ], [ 112.4488, 21.689 ], [ 112.4504, 21.6912 ], [ 112.4544, 21.6907 ], [ 112.4565, 21.6871 ], [ 112.4559, 21.6842 ], [ 112.4592, 21.6807 ], [ 112.4565, 21.6745 ], [ 112.4604, 21.6701 ], [ 112.4556, 21.6665 ], [ 112.4531, 21.6539 ], [ 112.450200000000109, 21.6521 ] ] ], [ [ [ 111.7976, 21.6926 ], [ 111.7887, 21.6738 ], [ 111.786, 21.6788 ], [ 111.7858, 21.6972 ], [ 111.7897, 21.7029 ], [ 111.7926, 21.7033 ], [ 111.7973, 21.6974 ], [ 111.8017, 21.6971 ], [ 111.8021, 21.6948 ], [ 111.7976, 21.6926 ] ] ], [ [ [ 112.6829, 21.7019 ], [ 112.676, 21.7016 ], [ 112.6739, 21.7042 ], [ 112.674, 21.7075 ], [ 112.676200000000108, 21.7085 ], [ 112.6813, 21.7162 ], [ 112.6826, 21.7139 ], [ 112.6818, 21.7102 ], [ 112.684800000000109, 21.7093 ], [ 112.685600001000012, 21.7043 ], [ 112.6829, 21.7019 ] ] ], [ [ [ 112.6623, 21.7179 ], [ 112.659000000000106, 21.7106 ], [ 112.6637, 21.6989 ], [ 112.6635, 21.6894 ], [ 112.6603, 21.6866 ], [ 112.637, 21.6773 ], [ 112.6322, 21.6716 ], [ 112.6356, 21.6599 ], [ 112.6326, 21.6542 ], [ 112.636800000000108, 21.6534 ], [ 112.6387, 21.653 ], [ 112.6411, 21.6505 ], [ 112.6404, 21.6441 ], [ 112.6448, 21.6438 ], [ 112.6505, 21.6465 ], [ 112.6532, 21.6435 ], [ 112.6588, 21.6457 ], [ 112.6612, 21.6429 ], [ 112.6577, 21.637 ], [ 112.6537, 21.6355 ], [ 112.6309, 21.6359 ], [ 112.629100000000108, 21.6349 ], [ 112.6271, 21.6264 ], [ 112.6236, 21.622 ], [ 112.6158, 21.6189 ], [ 112.6186, 21.6149 ], [ 112.613700000000108, 21.6084 ], [ 112.6068, 21.615 ], [ 112.6004, 21.6145 ], [ 112.5992, 21.6088 ], [ 112.5976, 21.6094 ], [ 112.595, 21.6105 ], [ 112.5895, 21.6177 ], [ 112.5846, 21.6185 ], [ 112.578400000000101, 21.6172 ], [ 112.5751, 21.6181 ], [ 112.570200001000103, 21.6226 ], [ 112.5586, 21.6198 ], [ 112.5386, 21.6102 ], [ 112.5361, 21.6065 ], [ 112.5375, 21.6027 ], [ 112.541, 21.6004 ], [ 112.5539, 21.5961 ], [ 112.5554, 21.5948 ], [ 112.5536, 21.5928 ], [ 112.5481, 21.593 ], [ 112.5432, 21.5906 ], [ 112.5372, 21.5976 ], [ 112.5294, 21.5889 ], [ 112.5239, 21.5892 ], [ 112.5207, 21.5928 ], [ 112.5214, 21.5965 ], [ 112.5278, 21.6028 ], [ 112.5275, 21.6051 ], [ 112.524, 21.607 ], [ 112.5238, 21.6085 ], [ 112.5321, 21.6132 ], [ 112.5267, 21.6183 ], [ 112.5273, 21.6218 ], [ 112.5387, 21.6408 ], [ 112.5418, 21.6425 ], [ 112.5456, 21.6362 ], [ 112.5491, 21.6364 ], [ 112.5537, 21.6412 ], [ 112.5567, 21.6384 ], [ 112.5627, 21.6461 ], [ 112.5688, 21.6501 ], [ 112.577, 21.6511 ], [ 112.579300000000103, 21.6533 ], [ 112.5777, 21.6563 ], [ 112.5659, 21.6568 ], [ 112.5586, 21.6659 ], [ 112.5592, 21.6698 ], [ 112.5654, 21.6688 ], [ 112.5683, 21.6706 ], [ 112.5695, 21.6751 ], [ 112.5795, 21.6761 ], [ 112.5878, 21.6796 ], [ 112.5889, 21.6814 ], [ 112.5882, 21.6852 ], [ 112.5843, 21.6906 ], [ 112.5862, 21.6937 ], [ 112.6001, 21.7008 ], [ 112.6174, 21.7075 ], [ 112.6234, 21.7014 ], [ 112.6283, 21.7097 ], [ 112.6304, 21.7104 ], [ 112.6352, 21.7118 ], [ 112.6435, 21.7182 ], [ 112.6526, 21.7114 ], [ 112.656300000000101, 21.7171 ], [ 112.659900000000107, 21.719 ], [ 112.6623, 21.7179 ] ] ], [ [ [ 112.001, 21.7763 ], [ 111.9954, 21.775 ], [ 111.9903, 21.7753 ], [ 111.9895, 21.7774 ], [ 112.0015, 21.7809 ], [ 112.0028, 21.7788 ], [ 112.001, 21.7763 ] ] ], [ [ [ 112.8439, 21.7818 ], [ 112.8493, 21.7765 ], [ 112.8541, 21.7768 ], [ 112.8576, 21.7755 ], [ 112.8605, 21.7743 ], [ 112.8668, 21.7775 ], [ 112.8753, 21.7756 ], [ 112.8725, 21.7707 ], [ 112.8758, 21.7619 ], [ 112.8711, 21.7544 ], [ 112.8654, 21.7486 ], [ 112.8614, 21.7474 ], [ 112.8537, 21.7417 ], [ 112.8478, 21.7431 ], [ 112.8286, 21.7378 ], [ 112.8163, 21.7191 ], [ 112.816600001000097, 21.7144 ], [ 112.8127, 21.7116 ], [ 112.8092, 21.7041 ], [ 112.8052, 21.6952 ], [ 112.8025, 21.687 ], [ 112.804400000000101, 21.6795 ], [ 112.8174, 21.6562 ], [ 112.8169, 21.6536 ], [ 112.808000000000106, 21.644099999000048 ], [ 112.8002, 21.6294 ], [ 112.7936, 21.6226 ], [ 112.7957, 21.6188 ], [ 112.796700000000101, 21.6097 ], [ 112.801200000000108, 21.6056 ], [ 112.7983, 21.6036 ], [ 112.8009, 21.5934 ], [ 112.8032, 21.5971 ], [ 112.8068, 21.5986 ], [ 112.8077, 21.593 ], [ 112.8122, 21.5894 ], [ 112.8043, 21.5817 ], [ 112.7953, 21.577 ], [ 112.7844, 21.5742 ], [ 112.7786, 21.5697 ], [ 112.7758, 21.5674 ], [ 112.769500000000107, 21.5666 ], [ 112.7665, 21.5739 ], [ 112.762, 21.5728 ], [ 112.760900000000106, 21.574 ], [ 112.7676, 21.5819 ], [ 112.77, 21.5876 ], [ 112.769, 21.5912 ], [ 112.7578, 21.5874 ], [ 112.7515, 21.5832 ], [ 112.7503, 21.5861 ], [ 112.7527, 21.5921 ], [ 112.753100001, 21.5982 ], [ 112.757, 21.6031 ], [ 112.7551, 21.6069 ], [ 112.7574, 21.6089 ], [ 112.7653, 21.6093 ], [ 112.7676, 21.6109 ], [ 112.7644, 21.6147 ], [ 112.760900000000106, 21.615 ], [ 112.7563, 21.618 ], [ 112.7475, 21.6085 ], [ 112.7451, 21.6059 ], [ 112.74, 21.6054 ], [ 112.7332, 21.6066 ], [ 112.7297, 21.614 ], [ 112.7293, 21.6177 ], [ 112.7354, 21.6277 ], [ 112.73580000100003, 21.6345 ], [ 112.743, 21.6362 ], [ 112.7476, 21.6437 ], [ 112.7496000000001, 21.6511 ], [ 112.7528, 21.6535 ], [ 112.757600001000014, 21.6523 ], [ 112.7636, 21.6532 ], [ 112.7645, 21.6469 ], [ 112.766, 21.6457 ], [ 112.7706, 21.6505 ], [ 112.7758, 21.6487 ], [ 112.777, 21.6501 ], [ 112.7786, 21.665 ], [ 112.7828, 21.6679 ], [ 112.783100000000104, 21.6706 ], [ 112.7841, 21.6785 ], [ 112.7826, 21.6814 ], [ 112.7792, 21.6844 ], [ 112.7613, 21.6873 ], [ 112.7547, 21.6865 ], [ 112.7495, 21.6831 ], [ 112.7444, 21.6762 ], [ 112.7372, 21.6729 ], [ 112.7313, 21.6727 ], [ 112.7261, 21.6782 ], [ 112.7183, 21.6829 ], [ 112.7131, 21.6773 ], [ 112.7108, 21.6819 ], [ 112.7072, 21.681 ], [ 112.7047, 21.6862 ], [ 112.7078, 21.6878 ], [ 112.7113, 21.693 ], [ 112.7151, 21.6944 ], [ 112.7097, 21.7017 ], [ 112.7045, 21.7003 ], [ 112.7039, 21.7023 ], [ 112.7092, 21.7094 ], [ 112.7142, 21.7089 ], [ 112.7199, 21.712 ], [ 112.7235, 21.7165 ], [ 112.720600000000104, 21.7224 ], [ 112.7271, 21.7238 ], [ 112.7354, 21.7288 ], [ 112.7443, 21.7287 ], [ 112.7472, 21.732 ], [ 112.7496000000001, 21.7307 ], [ 112.755000000000109, 21.7322 ], [ 112.7565, 21.7301 ], [ 112.7558, 21.7235 ], [ 112.7614, 21.7179 ], [ 112.7628, 21.7214 ], [ 112.7689, 21.7252 ], [ 112.7701, 21.728 ], [ 112.7683, 21.7331 ], [ 112.7729, 21.7335 ], [ 112.7797, 21.7373 ], [ 112.7814, 21.7416 ], [ 112.7811, 21.7461 ], [ 112.7747, 21.7536 ], [ 112.777200000000107, 21.7578 ], [ 112.7764, 21.7651 ], [ 112.7778, 21.7692 ], [ 112.7803, 21.7701 ], [ 112.7811, 21.7691 ], [ 112.781, 21.7648 ], [ 112.7825, 21.7624 ], [ 112.7877, 21.7596 ], [ 112.7941, 21.7586 ], [ 112.797, 21.7608 ], [ 112.8013, 21.7706 ], [ 112.8121000000001, 21.7685 ], [ 112.8384, 21.7816 ], [ 112.8439, 21.7818 ] ] ], [ [ [ 113.1665, 21.8681 ], [ 113.1761, 21.8656 ], [ 113.1867, 21.8766 ], [ 113.1918, 21.8763 ], [ 113.1946, 21.8741 ], [ 113.196, 21.8714 ], [ 113.1948000000001, 21.8685 ], [ 113.189, 21.8613 ], [ 113.1826, 21.8615 ], [ 113.181, 21.8603 ], [ 113.1825, 21.8569 ], [ 113.1804, 21.8549 ], [ 113.1758, 21.8544 ], [ 113.1702, 21.8606 ], [ 113.1669, 21.8613 ], [ 113.1575, 21.8574 ], [ 113.1443, 21.8465 ], [ 113.1378, 21.8369 ], [ 113.1333, 21.8422 ], [ 113.1297, 21.868 ], [ 113.1306, 21.8737 ], [ 113.1343, 21.878 ], [ 113.148, 21.8664 ], [ 113.1518, 21.8667 ], [ 113.154, 21.871 ], [ 113.1576, 21.8738 ], [ 113.1577, 21.8777 ], [ 113.16, 21.8785 ], [ 113.1618, 21.8777 ], [ 113.1648, 21.8765 ], [ 113.1665, 21.8681 ] ] ], [ [ [ 114.0115, 21.8811 ], [ 114.0064, 21.8738 ], [ 114.0, 21.875 ], [ 114.0, 21.8792 ], [ 114.0052, 21.8779 ], [ 114.0092, 21.8822 ], [ 114.0115, 21.8811 ] ] ], [ [ [ 113.039000000000101, 21.8818 ], [ 113.0433, 21.8707 ], [ 113.0436, 21.8665 ], [ 113.0416, 21.8612 ], [ 113.0377, 21.8576 ], [ 113.0274, 21.8589 ], [ 113.0231, 21.8572 ], [ 113.01659999900005, 21.8475 ], [ 113.0148, 21.8473 ], [ 113.0113, 21.8598 ], [ 113.0112, 21.866 ], [ 113.0016, 21.8706 ], [ 113.0029, 21.8739 ], [ 113.0099, 21.8787 ], [ 113.0134, 21.8775 ], [ 113.0197, 21.8815 ], [ 113.0241, 21.8808 ], [ 113.0311, 21.8843 ], [ 113.039000000000101, 21.8818 ] ] ], [ [ [ 114.0492, 21.9069 ], [ 114.0529, 21.9064 ], [ 114.0619, 21.9101 ], [ 114.0629, 21.9087 ], [ 114.0568, 21.9021 ], [ 114.05, 21.8994 ], [ 114.040800000000104, 21.9021 ], [ 114.0354, 21.901 ], [ 114.0325, 21.8993 ], [ 114.03, 21.893 ], [ 114.0242, 21.8912 ], [ 114.0217, 21.8929 ], [ 114.0225, 21.896900001000063 ], [ 114.0344, 21.9067 ], [ 114.0444, 21.91 ], [ 114.0479, 21.9165 ], [ 114.0492, 21.9069 ] ] ], [ [ [ 113.1224, 21.9006 ], [ 113.1197, 21.8999 ], [ 113.1184, 21.9018 ], [ 113.119, 21.9065 ], [ 113.1216, 21.9116 ], [ 113.129100000000108, 21.9157 ], [ 113.1342, 21.9222 ], [ 113.1319, 21.9283 ], [ 113.1403, 21.939 ], [ 113.145400000000109, 21.9384 ], [ 113.1501, 21.9339 ], [ 113.1526, 21.9285 ], [ 113.1509, 21.9242 ], [ 113.1458, 21.919 ], [ 113.1391, 21.9159 ], [ 113.1224, 21.9006 ] ] ], [ [ [ 112.4806, 21.9454 ], [ 112.4646, 21.9365 ], [ 112.4588, 21.9368 ], [ 112.4549, 21.9388 ], [ 112.46, 21.9448 ], [ 112.465600000000109, 21.9484 ], [ 112.4744, 21.9486 ], [ 112.4806, 21.9454 ] ] ], [ [ [ 113.2722, 21.9487 ], [ 113.2728, 21.9363 ], [ 113.2795, 21.9367 ], [ 113.2803, 21.9288 ], [ 113.294, 21.9197 ], [ 113.2928, 21.9177 ], [ 113.2798, 21.9197 ], [ 113.2778, 21.9186 ], [ 113.2805, 21.9135 ], [ 113.2731, 21.9127 ], [ 113.272, 21.9113 ], [ 113.2732, 21.909 ], [ 113.2845, 21.9028 ], [ 113.2852, 21.9024 ], [ 113.2804000000001, 21.8995 ], [ 113.2711, 21.8991 ], [ 113.2697, 21.8967 ], [ 113.2724, 21.8912 ], [ 113.267, 21.8885 ], [ 113.2633, 21.8841 ], [ 113.2602, 21.8837 ], [ 113.254100000000108, 21.8881 ], [ 113.253200000000106, 21.893 ], [ 113.2497, 21.8936 ], [ 113.2429, 21.8884 ], [ 113.2374, 21.8906 ], [ 113.235, 21.9052 ], [ 113.2327, 21.9081 ], [ 113.230100000000107, 21.909 ], [ 113.2193, 21.9063 ], [ 113.2179000000001, 21.9086 ], [ 113.2255, 21.9325 ], [ 113.2328, 21.9385 ], [ 113.2329, 21.9412 ], [ 113.230100000000107, 21.9429 ], [ 113.2304, 21.9444 ], [ 113.238700000000108, 21.9493 ], [ 113.2431, 21.9488 ], [ 113.244, 21.9467 ], [ 113.2422, 21.9411 ], [ 113.247300000000109, 21.9406 ], [ 113.2509, 21.9429 ], [ 113.2519, 21.9458 ], [ 113.2507, 21.9487 ], [ 113.253200000000106, 21.9511 ], [ 113.2613, 21.9536 ], [ 113.2661, 21.9534 ], [ 113.2722, 21.9487 ] ] ], [ [ [ 113.7241, 21.9569 ], [ 113.7312, 21.9511 ], [ 113.7405, 21.9516 ], [ 113.7417, 21.948 ], [ 113.7459, 21.9481 ], [ 113.7474, 21.9462 ], [ 113.7353, 21.9313 ], [ 113.728, 21.9321 ], [ 113.7196, 21.9254 ], [ 113.7145, 21.9262 ], [ 113.7178, 21.9321 ], [ 113.721500000000106, 21.9348 ], [ 113.7211, 21.9371 ], [ 113.7151, 21.9357 ], [ 113.7153, 21.9483 ], [ 113.711, 21.9505 ], [ 113.7158, 21.9551 ], [ 113.7199, 21.957 ], [ 113.7241, 21.9569 ] ] ], [ [ [ 113.1679, 21.945 ], [ 113.1655, 21.9447 ], [ 113.162699999000097, 21.9466 ], [ 113.1602, 21.9512 ], [ 113.1624, 21.9574 ], [ 113.1701, 21.9561 ], [ 113.1682, 21.9531 ], [ 113.1679, 21.945 ] ] ], [ [ [ 113.6905, 21.947 ], [ 113.6884, 21.9438 ], [ 113.6844, 21.9439 ], [ 113.6819, 21.9421 ], [ 113.6793, 21.9435 ], [ 113.6825, 21.9475 ], [ 113.6819, 21.9545 ], [ 113.6861, 21.9604 ], [ 113.6956, 21.9661 ], [ 113.7042, 21.9584 ], [ 113.7027, 21.9543 ], [ 113.7049, 21.9486 ], [ 113.6905, 21.947 ] ] ], [ [ [ 114.1347, 21.9724 ], [ 114.1231, 21.9668 ], [ 114.1191, 21.9673 ], [ 114.1283, 21.9743 ], [ 114.1334, 21.9751 ], [ 114.1354, 21.974 ], [ 114.1347, 21.9724 ] ] ], [ [ [ 112.831100000000106, 21.967 ], [ 112.828400000000101, 21.9654 ], [ 112.8249, 21.9668 ], [ 112.8226, 21.9722 ], [ 112.8268, 21.9785 ], [ 112.832900000000109, 21.9804 ], [ 112.835, 21.9783 ], [ 112.831100000000106, 21.967 ] ] ], [ [ [ 114.1493, 21.9988 ], [ 114.1525, 21.9982 ], [ 114.1591, 22.001 ], [ 114.1659, 22.0014 ], [ 114.1677, 21.9992 ], [ 114.1612, 21.9953 ], [ 114.1573, 21.9871 ], [ 114.144500000000107, 21.9817 ], [ 114.135900000000106, 21.9878 ], [ 114.1298, 21.9858 ], [ 114.1233, 21.9874 ], [ 114.1172, 21.9868 ], [ 114.1164, 21.9888 ], [ 114.1305, 21.9943 ], [ 114.1355, 21.992 ], [ 114.1446, 21.9925 ], [ 114.1467, 21.9946 ], [ 114.1446, 21.9991 ], [ 114.1452, 22.0022 ], [ 114.1493, 21.9988 ] ] ], [ [ [ 113.7724, 21.9983 ], [ 113.7742, 21.9937 ], [ 113.7719, 21.9911 ], [ 113.7744, 21.986 ], [ 113.7694, 21.9781 ], [ 113.7656, 21.9762 ], [ 113.7637, 21.9686 ], [ 113.7617, 21.9668 ], [ 113.7581, 21.9667 ], [ 113.7528, 21.9781 ], [ 113.7494, 21.9771 ], [ 113.746399999, 21.9783 ], [ 113.7473, 21.9847 ], [ 113.744199999000102, 21.9868 ], [ 113.7401, 21.9938 ], [ 113.743, 21.996 ], [ 113.7431, 22.0028 ], [ 113.7517, 21.9971 ], [ 113.7536, 21.9998 ], [ 113.761, 21.9977 ], [ 113.7621, 22.003 ], [ 113.7709, 22.0004 ], [ 113.7724, 21.9983 ] ] ], [ [ [ 113.8291, 21.9942 ], [ 113.8233, 21.9927 ], [ 113.8203, 22.0054 ], [ 113.8217, 22.0083 ], [ 113.8266, 22.0036 ], [ 113.8322, 22.0034 ], [ 113.8347, 22.001 ], [ 113.8335, 21.9971 ], [ 113.8291, 21.9942 ] ] ], [ [ [ 113.8136, 22.0056 ], [ 113.8098, 22.0033 ], [ 113.8036, 22.0039 ], [ 113.7997, 22.0075 ], [ 113.8005, 22.0098 ], [ 113.8124, 22.0073 ], [ 113.8136, 22.0056 ] ] ], [ [ [ 114.2191, 21.9967 ], [ 114.2174, 21.995 ], [ 114.2083, 21.9945 ], [ 114.1977, 21.9962 ], [ 114.1828, 21.9919 ], [ 114.1764, 21.993 ], [ 114.1728, 21.9959 ], [ 114.1766, 21.9999 ], [ 114.174, 22.0024 ], [ 114.1764, 22.0133 ], [ 114.1816, 22.0113 ], [ 114.2107, 22.0109 ], [ 114.218, 22.0054 ], [ 114.217, 21.9998 ], [ 114.2191, 21.9967 ] ] ], [ [ [ 113.7095, 22.0227 ], [ 113.7125, 22.0222 ], [ 113.7213, 22.0252 ], [ 113.7236, 22.0227 ], [ 113.7149, 22.0132 ], [ 113.6995, 22.0104 ], [ 113.6971, 22.0123 ], [ 113.7018, 22.0184 ], [ 113.7005, 22.0203 ], [ 113.6919, 22.0214 ], [ 113.6919, 22.0268 ], [ 113.6953, 22.0298 ], [ 113.7022, 22.03 ], [ 113.7072, 22.0333 ], [ 113.7136, 22.0337 ], [ 113.7171, 22.0315 ], [ 113.7172, 22.0289 ], [ 113.7095, 22.0227 ] ] ], [ [ [ 113.6711, 22.0341 ], [ 113.6653, 22.0258 ], [ 113.6635, 22.0275 ], [ 113.6673, 22.0338 ], [ 113.663, 22.0376 ], [ 113.6668, 22.0439 ], [ 113.6711, 22.0341 ] ] ], [ [ [ 113.2512, 22.0368 ], [ 113.2381, 22.0271 ], [ 113.2436, 22.0205 ], [ 113.2487, 22.0207 ], [ 113.2492, 22.0166 ], [ 113.2539, 22.0115 ], [ 113.252300000000105, 22.0089 ], [ 113.247, 22.0094 ], [ 113.2409, 22.0059 ], [ 113.2232, 22.0079 ], [ 113.2213, 21.9982 ], [ 113.2191, 21.9968 ], [ 113.2173, 21.9977 ], [ 113.2125, 21.9999 ], [ 113.2088, 21.9996 ], [ 113.2021, 21.992 ], [ 113.2004, 21.9877 ], [ 113.199199999000029, 21.9796 ], [ 113.2024, 21.9754 ], [ 113.2032, 21.9677 ], [ 113.1902, 21.9615 ], [ 113.1814, 21.9647 ], [ 113.1804, 21.9672 ], [ 113.1912, 21.9985 ], [ 113.1875, 22.0058 ], [ 113.1892, 22.0219 ], [ 113.1911, 22.0351 ], [ 113.1951, 22.0397 ], [ 113.2005, 22.0427 ], [ 113.204, 22.0423 ], [ 113.2086, 22.0393 ], [ 113.218800000000101, 22.0364 ], [ 113.2237, 22.0349 ], [ 113.2335, 22.0371 ], [ 113.2457, 22.0438 ], [ 113.2515, 22.0446 ], [ 113.2525, 22.0423 ], [ 113.2512, 22.0368 ] ] ], [ [ [ 113.9213, 22.0498 ], [ 113.9234, 22.0481 ], [ 113.9289, 22.0481 ], [ 113.9306, 22.0443 ], [ 113.929400000000101, 22.0425 ], [ 113.9166, 22.0388 ], [ 113.914900000000102, 22.0455 ], [ 113.9196, 22.0538 ], [ 113.9213, 22.0498 ] ] ], [ [ [ 113.9995, 22.0498 ], [ 113.9963, 22.0427 ], [ 113.9926, 22.0435 ], [ 113.9952, 22.0485 ], [ 113.9889, 22.0521 ], [ 113.9895, 22.0539 ], [ 113.993700000000104, 22.0548 ], [ 113.9983, 22.0528 ], [ 113.9995, 22.0498 ] ] ], [ [ [ 114.308000000000106, 22.053 ], [ 114.3032, 22.0496 ], [ 114.3038, 22.0459 ], [ 114.2941, 22.0411 ], [ 114.2919, 22.035 ], [ 114.2887, 22.0342 ], [ 114.2802, 22.0369 ], [ 114.276300000000106, 22.0364 ], [ 114.272, 22.033 ], [ 114.2683, 22.0334 ], [ 114.2635, 22.0305 ], [ 114.251500001000068, 22.0282 ], [ 114.243700000000104, 22.0248 ], [ 114.2346, 22.0243 ], [ 114.223, 22.0182 ], [ 114.219, 22.0187 ], [ 114.2165, 22.0216 ], [ 114.2173, 22.026 ], [ 114.2297, 22.0363 ], [ 114.2412, 22.0387 ], [ 114.2467, 22.043 ], [ 114.2502, 22.0438 ], [ 114.2601, 22.0425 ], [ 114.260900000000106, 22.0462 ], [ 114.2684, 22.0517 ], [ 114.282500001000017, 22.049 ], [ 114.286700001000099, 22.0493 ], [ 114.2905, 22.0529 ], [ 114.2952, 22.0526 ], [ 114.2966, 22.0542 ], [ 114.2955, 22.0579 ], [ 114.297600000000102, 22.0621 ], [ 114.301, 22.0638 ], [ 114.3065, 22.0667 ], [ 114.3141, 22.0674 ], [ 114.3164, 22.0654 ], [ 114.3096, 22.0572 ], [ 114.308000000000106, 22.053 ] ] ], [ [ [ 113.4454, 22.0613 ], [ 113.4413, 22.0608 ], [ 113.4375, 22.064 ], [ 113.4356, 22.0682 ], [ 113.4364, 22.0706 ], [ 113.452, 22.0799 ], [ 113.456, 22.0802 ], [ 113.457900000000109, 22.0789 ], [ 113.4507, 22.0737 ], [ 113.448400000000106, 22.0653 ], [ 113.4454, 22.0613 ] ] ], [ [ [ 113.8021, 22.0753 ], [ 113.7992, 22.0748 ], [ 113.7971, 22.0779 ], [ 113.797600000000102, 22.0812 ], [ 113.8006, 22.0836 ], [ 113.8066, 22.0836 ], [ 113.8076, 22.0815 ], [ 113.8064, 22.0791 ], [ 113.8021, 22.0753 ] ] ], [ [ [ 113.4332, 22.0745 ], [ 113.4292, 22.0742 ], [ 113.4275, 22.0765 ], [ 113.4287, 22.0792 ], [ 113.438000000000102, 22.0861 ], [ 113.4393, 22.084 ], [ 113.4374, 22.0799 ], [ 113.4332, 22.0745 ] ] ], [ [ [ 113.3837, 22.0797 ], [ 113.3842, 22.0745 ], [ 113.385900000000106, 22.0726 ], [ 113.3912, 22.0708 ], [ 113.398, 22.0712 ], [ 113.4016, 22.0777 ], [ 113.4045, 22.078 ], [ 113.4104, 22.0818 ], [ 113.4143, 22.0726 ], [ 113.4095, 22.0698 ], [ 113.3971, 22.0582 ], [ 113.3941, 22.0531 ], [ 113.3999, 22.0478 ], [ 113.4014, 22.0415 ], [ 113.3901, 22.0293 ], [ 113.3895, 22.0239 ], [ 113.3925, 22.0209 ], [ 113.4018, 22.0213 ], [ 113.4062, 22.0182 ], [ 113.4069, 22.0141 ], [ 113.4061, 22.0112 ], [ 113.3982, 22.0137 ], [ 113.396, 22.0132 ], [ 113.3789, 22.0048 ], [ 113.3684, 21.9962 ], [ 113.3659, 21.9957 ], [ 113.3631, 21.9983 ], [ 113.3632, 22.0009 ], [ 113.3634, 22.0053 ], [ 113.3606, 22.0074 ], [ 113.3537, 22.0066 ], [ 113.3472, 22.0114 ], [ 113.3415, 22.0078 ], [ 113.3351, 22.0082 ], [ 113.3297, 22.0115 ], [ 113.326, 22.012 ], [ 113.319, 22.0089 ], [ 113.3106, 22.0096 ], [ 113.3067, 22.0132 ], [ 113.304400000000101, 22.0226 ], [ 113.3083, 22.0322 ], [ 113.3065, 22.0397 ], [ 113.3116, 22.0515 ], [ 113.3153, 22.056 ], [ 113.3202, 22.0566 ], [ 113.3231, 22.0588 ], [ 113.3258, 22.0666 ], [ 113.3271, 22.0703 ], [ 113.344, 22.0776 ], [ 113.3614, 22.0752 ], [ 113.3661, 22.0769 ], [ 113.3751, 22.0866 ], [ 113.383200000000102, 22.0903 ], [ 113.3854, 22.089 ], [ 113.3837, 22.0797 ] ] ], [ [ [ 113.7035, 22.1013 ], [ 113.706, 22.096 ], [ 113.7, 22.0976 ], [ 113.6965, 22.0971 ], [ 113.6952, 22.0995 ], [ 113.6967, 22.1021 ], [ 113.7009, 22.1032 ], [ 113.7035, 22.1013 ] ] ], [ [ [ 114.0285, 22.1071 ], [ 114.0307, 22.1058 ], [ 114.033200001000068, 22.1064 ], [ 114.0381, 22.0992 ], [ 114.042, 22.1004 ], [ 114.0441, 22.0984 ], [ 114.0428, 22.0945 ], [ 114.0443, 22.0851 ], [ 114.0414, 22.0843 ], [ 114.0364, 22.0867 ], [ 114.0255, 22.0882 ], [ 114.0173, 22.095 ], [ 114.0198, 22.1009 ], [ 114.0259, 22.1024 ], [ 114.0285, 22.1071 ] ] ], [ [ [ 113.8776, 22.1147 ], [ 113.87, 22.1119 ], [ 113.8661, 22.1145 ], [ 113.8725, 22.1203 ], [ 113.8776, 22.1147 ] ] ], [ [ [ 113.5391, 22.1266 ], [ 113.5427, 22.1238 ], [ 113.5446, 22.1152 ], [ 113.544, 22.1109 ], [ 113.5406, 22.1081 ], [ 113.5334, 22.1067 ], [ 113.532200000000103, 22.1026 ], [ 113.5343, 22.0949 ], [ 113.54, 22.0986 ], [ 113.5413, 22.0978 ], [ 113.5395, 22.0912 ], [ 113.5423, 22.0886 ], [ 113.5496, 22.0878 ], [ 113.5492, 22.0839 ], [ 113.5518, 22.0803 ], [ 113.5501, 22.0776 ], [ 113.5444, 22.0782 ], [ 113.5365, 22.0826 ], [ 113.5334, 22.0819 ], [ 113.518799999000066, 22.0836 ], [ 113.5139, 22.0819 ], [ 113.5077, 22.0763 ], [ 113.5025, 22.0738 ], [ 113.4975, 22.0754 ], [ 113.4961, 22.0799 ], [ 113.4952, 22.0804 ], [ 113.483, 22.0864 ], [ 113.479200000000105, 22.0902 ], [ 113.4819, 22.0969 ], [ 113.4786, 22.0999 ], [ 113.4673, 22.098 ], [ 113.465600000000109, 22.1005 ], [ 113.4666, 22.1034 ], [ 113.4701, 22.1037 ], [ 113.4726, 22.1119 ], [ 113.4862, 22.12 ], [ 113.496, 22.1194 ], [ 113.5138, 22.1278 ], [ 113.5325, 22.1251 ], [ 113.5369, 22.1283 ], [ 113.5391, 22.1266 ] ] ], [ [ [ 113.8976, 22.1199 ], [ 113.8838, 22.1133 ], [ 113.882100001000026, 22.1158 ], [ 113.8863, 22.1205 ], [ 113.8871, 22.126 ], [ 113.8917, 22.1296 ], [ 113.8946, 22.1297 ], [ 113.8978, 22.1273 ], [ 113.8976, 22.1199 ] ] ], [ [ [ 113.572, 22.1133 ], [ 113.5513, 22.1107 ], [ 113.5495, 22.1161 ], [ 113.5519, 22.1208 ], [ 113.5561, 22.1254 ], [ 113.5722, 22.1375 ], [ 113.5764, 22.1378 ], [ 113.5832, 22.133 ], [ 113.5896, 22.1326 ], [ 113.591, 22.1305 ], [ 113.5905, 22.1278 ], [ 113.5739, 22.1217 ], [ 113.572, 22.1133 ] ] ], [ [ [ 113.7168, 22.1424 ], [ 113.7066, 22.1373 ], [ 113.7029, 22.1385 ], [ 113.7046, 22.1424 ], [ 113.7168, 22.1424 ] ] ], [ [ [ 113.822500000000105, 22.1234 ], [ 113.8198000000001, 22.1225 ], [ 113.8147, 22.1274 ], [ 113.8161, 22.1304 ], [ 113.8115, 22.1366 ], [ 113.817, 22.137 ], [ 113.8215, 22.1449 ], [ 113.8256, 22.1473 ], [ 113.8276, 22.1464 ], [ 113.8285, 22.1412 ], [ 113.8319, 22.1361 ], [ 113.822500000000105, 22.1234 ] ] ], [ [ [ 113.5171, 22.1392 ], [ 113.4905, 22.1287 ], [ 113.4775, 22.1299 ], [ 113.4686, 22.1288 ], [ 113.4653, 22.1299 ], [ 113.4703, 22.1343 ], [ 113.4866, 22.1442 ], [ 113.487800000000107, 22.1449 ], [ 113.4993, 22.1495 ], [ 113.5218, 22.153 ], [ 113.5315, 22.158 ], [ 113.5332, 22.1511 ], [ 113.5371, 22.1487 ], [ 113.5354, 22.1443 ], [ 113.5309, 22.1417 ], [ 113.5171, 22.1392 ] ] ], [ [ [ 113.82, 22.1504 ], [ 113.817500000000109, 22.1496 ], [ 113.8133, 22.1555 ], [ 113.8138, 22.1576 ], [ 113.8203, 22.159 ], [ 113.8233, 22.1558 ], [ 113.82, 22.1504 ] ] ], [ [ [ 113.3586, 22.1411 ], [ 113.343, 22.1273 ], [ 113.3325, 22.0988 ], [ 113.3212, 22.0793 ], [ 113.3169, 22.077 ], [ 113.316600000000108, 22.0761 ], [ 113.3134, 22.0659 ], [ 113.299400000000105, 22.0573 ], [ 113.295, 22.0586 ], [ 113.2862, 22.0678 ], [ 113.2818, 22.0679 ], [ 113.2794, 22.0694 ], [ 113.2764, 22.0782 ], [ 113.2656, 22.0953 ], [ 113.2611, 22.0996 ], [ 113.2605, 22.1068 ], [ 113.2634, 22.1146 ], [ 113.2848, 22.1313 ], [ 113.3016, 22.1411 ], [ 113.3077, 22.1509 ], [ 113.3159, 22.1583 ], [ 113.319, 22.1565 ], [ 113.325200000000109, 22.1381 ], [ 113.3274, 22.1362 ], [ 113.335, 22.1397 ], [ 113.3308, 22.1469 ], [ 113.3291, 22.1552 ], [ 113.3299, 22.1587 ], [ 113.3324, 22.1607 ], [ 113.3408, 22.1577 ], [ 113.3614, 22.1573 ], [ 113.3629, 22.1563 ], [ 113.3639, 22.1535 ], [ 113.3586, 22.1411 ] ] ], [ [ [ 113.5514, 22.1634 ], [ 113.5542, 22.1612 ], [ 113.5605, 22.1619 ], [ 113.5756, 22.1568 ], [ 113.5775000000001, 22.1545 ], [ 113.5594, 22.1501 ], [ 113.5535, 22.1538 ], [ 113.5465, 22.1553 ], [ 113.5452, 22.1572 ], [ 113.5483, 22.1629 ], [ 113.5514, 22.1634 ] ] ], [ [ [ 113.9067, 22.1572 ], [ 113.9023, 22.1565 ], [ 113.899500000000103, 22.1599 ], [ 113.9016, 22.1619 ], [ 113.9092, 22.1633 ], [ 113.908, 22.1673 ], [ 113.910800000000108, 22.1705 ], [ 113.9139, 22.171 ], [ 113.9169, 22.1682 ], [ 113.914900000000102, 22.1615 ], [ 113.9067, 22.1572 ] ] ], [ [ [ 113.8048, 22.1715 ], [ 113.8083, 22.1644 ], [ 113.8072, 22.163 ], [ 113.8038, 22.1637 ], [ 113.8005, 22.1678 ], [ 113.7947, 22.1675 ], [ 113.794, 22.1731 ], [ 113.7952, 22.1754 ], [ 113.7999, 22.176 ], [ 113.8006, 22.1729 ], [ 113.8048, 22.1715 ] ] ], [ [ [ 114.2687, 22.1657 ], [ 114.2714, 22.1594 ], [ 114.2648, 22.1589 ], [ 114.2595, 22.1609 ], [ 114.2544, 22.1538 ], [ 114.2512, 22.1532 ], [ 114.2478, 22.1587 ], [ 114.2494, 22.1617 ], [ 114.2461, 22.1646 ], [ 114.2465, 22.1673 ], [ 114.2535, 22.1705 ], [ 114.2616, 22.1786 ], [ 114.2703, 22.1699 ], [ 114.2687, 22.1657 ] ] ], [ [ [ 113.9156, 22.179 ], [ 113.9045, 22.179 ], [ 113.9052, 22.1866 ], [ 113.9093, 22.1832 ], [ 113.9165, 22.181 ], [ 113.9156, 22.179 ] ] ], [ [ [ 114.2517, 22.1799 ], [ 114.2427, 22.1764 ], [ 114.2393, 22.1765 ], [ 114.2401, 22.186 ], [ 114.2512, 22.1866 ], [ 114.2545, 22.1851 ], [ 114.2517, 22.1799 ] ] ], [ [ [ 113.3276, 22.1763 ], [ 113.3258, 22.1751 ], [ 113.3227, 22.1758 ], [ 113.3174, 22.1816 ], [ 113.3167, 22.1868 ], [ 113.3192, 22.1888 ], [ 113.325, 22.1826 ], [ 113.3276, 22.1763 ] ] ], [ [ [ 113.9926, 22.1911 ], [ 113.9904, 22.1876 ], [ 113.986900000000105, 22.1882 ], [ 113.9814, 22.1937 ], [ 113.9809, 22.1983 ], [ 113.9846, 22.2021 ], [ 113.9883, 22.201 ], [ 113.9914, 22.1953 ], [ 113.9926, 22.1911 ] ] ], [ [ [ 113.4069, 22.1964 ], [ 113.4033, 22.1953 ], [ 113.3994, 22.1979 ], [ 113.3906, 22.2145 ], [ 113.392700000000104, 22.2163 ], [ 113.4029, 22.204 ], [ 113.4069, 22.1964 ] ] ], [ [ [ 114.0337, 22.199 ], [ 114.0323, 22.1978 ], [ 114.0238, 22.1984 ], [ 114.0206, 22.1942 ], [ 114.0151, 22.1938 ], [ 114.013, 22.1969 ], [ 114.0156, 22.2014 ], [ 114.0205, 22.202 ], [ 114.0217, 22.2039 ], [ 114.019, 22.21 ], [ 114.0207, 22.2163 ], [ 114.0283, 22.2183 ], [ 114.0298, 22.2168 ], [ 114.0261, 22.2098 ], [ 114.0267, 22.207 ], [ 114.0337, 22.199 ] ] ], [ [ [ 113.5136, 22.1784 ], [ 113.5096, 22.1728 ], [ 113.5062, 22.1706 ], [ 113.488, 22.1759 ], [ 113.4787, 22.1758 ], [ 113.4739, 22.172 ], [ 113.4658, 22.1698 ], [ 113.4603, 22.1654 ], [ 113.4568, 22.1651 ], [ 113.4542, 22.1673 ], [ 113.4549, 22.1697 ], [ 113.457900000000109, 22.1711 ], [ 113.4618, 22.1763 ], [ 113.463, 22.1835 ], [ 113.4588, 22.2041 ], [ 113.4598, 22.2184 ], [ 113.4625, 22.2205 ], [ 113.4865, 22.2276 ], [ 113.5067, 22.2306 ], [ 113.5099, 22.231 ], [ 113.514, 22.2276 ], [ 113.5256, 22.2029 ], [ 113.5266, 22.1937 ], [ 113.5222, 22.1827 ], [ 113.5183, 22.1795 ], [ 113.5136, 22.1784 ] ] ], [ [ [ 114.1183, 22.2329 ], [ 114.1192, 22.2229 ], [ 114.1239, 22.215 ], [ 114.1276, 22.2146 ], [ 114.1296, 22.2197 ], [ 114.1316, 22.2203 ], [ 114.1327, 22.2157 ], [ 114.1313, 22.2092 ], [ 114.1249, 22.207 ], [ 114.1227, 22.2011 ], [ 114.1249, 22.1998 ], [ 114.1293, 22.2032 ], [ 114.1352, 22.2031 ], [ 114.1441, 22.208 ], [ 114.15, 22.2082 ], [ 114.1571, 22.2041 ], [ 114.1542, 22.2012 ], [ 114.1461, 22.201 ], [ 114.1425, 22.1983 ], [ 114.1369, 22.1968 ], [ 114.1358, 22.1937 ], [ 114.1458, 22.1814 ], [ 114.145, 22.1786 ], [ 114.1432, 22.1788 ], [ 114.1317, 22.1899 ], [ 114.1306, 22.186 ], [ 114.1333, 22.1803 ], [ 114.1324, 22.178 ], [ 114.1274, 22.1806 ], [ 114.1231, 22.1763 ], [ 114.1203, 22.1779 ], [ 114.1129, 22.1785 ], [ 114.1088, 22.1814 ], [ 114.1129, 22.1853 ], [ 114.1148, 22.1871 ], [ 114.116900000000101, 22.1977 ], [ 114.1151, 22.2124 ], [ 114.1125, 22.216 ], [ 114.1093, 22.2166 ], [ 114.1005, 22.214 ], [ 114.1011, 22.217 ], [ 114.1059, 22.2211 ], [ 114.1034, 22.223 ], [ 114.1047, 22.2258 ], [ 114.1027, 22.2283 ], [ 114.1041, 22.2309 ], [ 114.1102, 22.2308 ], [ 114.1183, 22.2329 ] ] ], [ [ [ 114.157200000000103, 22.2353 ], [ 114.1585, 22.2264 ], [ 114.148600000000101, 22.2339 ], [ 114.144500000000107, 22.2415 ], [ 114.1546, 22.2387 ], [ 114.157200000000103, 22.2353 ] ] ], [ [ [ 113.3982, 22.1882 ], [ 113.392, 22.1762 ], [ 113.386800000000108, 22.1755 ], [ 113.3794, 22.1795 ], [ 113.3742, 22.1753 ], [ 113.3718, 22.1634 ], [ 113.3691, 22.1622 ], [ 113.3522, 22.1799 ], [ 113.3418, 22.1945 ], [ 113.329300000000103, 22.217 ], [ 113.3275000000001, 22.223 ], [ 113.330200000000104, 22.23 ], [ 113.3372, 22.2343 ], [ 113.3488, 22.2428 ], [ 113.3692, 22.23 ], [ 113.3771, 22.2213 ], [ 113.3827, 22.2102 ], [ 113.3957, 22.1937 ], [ 113.3982, 22.1882 ] ] ], [ [ [ 114.2937, 22.2396 ], [ 114.2916, 22.2372 ], [ 114.2886, 22.2378 ], [ 114.2853, 22.2345 ], [ 114.2774, 22.2423 ], [ 114.2788, 22.2497 ], [ 114.2871, 22.2522 ], [ 114.2916, 22.2517 ], [ 114.298, 22.2455 ], [ 114.2929, 22.2425 ], [ 114.2937, 22.2396 ] ] ], [ [ [ 114.04, 22.2479 ], [ 114.0392, 22.2364 ], [ 114.0362, 22.2367 ], [ 114.029, 22.2469 ], [ 114.0232, 22.2501 ], [ 114.024, 22.2529 ], [ 114.026300000000106, 22.2534 ], [ 114.0382, 22.2499 ], [ 114.04, 22.2479 ] ] ], [ [ [ 113.36, 22.2444 ], [ 113.359200000000101, 22.2427 ], [ 113.3467, 22.2526 ], [ 113.3323, 22.2729 ], [ 113.3328, 22.275 ], [ 113.3413, 22.271 ], [ 113.3512, 22.2614 ], [ 113.36, 22.2444 ] ] ], [ [ [ 114.0409, 22.2776 ], [ 114.0346, 22.2758 ], [ 114.0316, 22.2823 ], [ 114.0339, 22.2856 ], [ 114.0369, 22.2855 ], [ 114.0404, 22.2835 ], [ 114.0393, 22.2796 ], [ 114.0409, 22.2776 ] ] ], [ [ [ 114.2177, 22.282 ], [ 114.2214, 22.2762 ], [ 114.2249, 22.2747 ], [ 114.228, 22.2782 ], [ 114.233100001000025, 22.2788 ], [ 114.236900000000105, 22.2773 ], [ 114.2336, 22.2731 ], [ 114.2382, 22.271 ], [ 114.2348, 22.2658 ], [ 114.2352, 22.2617 ], [ 114.2421, 22.261 ], [ 114.2527, 22.2555 ], [ 114.2524, 22.2445 ], [ 114.2509, 22.2428 ], [ 114.2467, 22.2432 ], [ 114.2441, 22.2399 ], [ 114.2485, 22.2357 ], [ 114.2484, 22.2313 ], [ 114.2531, 22.2294 ], [ 114.2535, 22.2275 ], [ 114.2476, 22.2255 ], [ 114.2467, 22.222 ], [ 114.2517, 22.2153 ], [ 114.2524, 22.2093 ], [ 114.2562, 22.2065 ], [ 114.251400000000103, 22.2036 ], [ 114.238, 22.2043 ], [ 114.2372, 22.2119 ], [ 114.2314, 22.2165 ], [ 114.228, 22.2419 ], [ 114.2244, 22.2475 ], [ 114.2229, 22.2466 ], [ 114.221, 22.2385 ], [ 114.2253, 22.2294 ], [ 114.2246, 22.2271 ], [ 114.2187, 22.2269 ], [ 114.2142, 22.2217 ], [ 114.211, 22.2212 ], [ 114.2096, 22.2186 ], [ 114.2115, 22.215 ], [ 114.217, 22.2112 ], [ 114.2174, 22.2087 ], [ 114.2151, 22.2038 ], [ 114.2193, 22.1977 ], [ 114.2169, 22.1938 ], [ 114.2091, 22.1926 ], [ 114.2053, 22.1959 ], [ 114.2083, 22.2004 ], [ 114.207000000000107, 22.2061 ], [ 114.2089, 22.2105 ], [ 114.2071, 22.2137 ], [ 114.2026, 22.2156 ], [ 114.2011, 22.2094 ], [ 114.1937, 22.2075 ], [ 114.1927, 22.2084 ], [ 114.196, 22.2136 ], [ 114.1895, 22.2209 ], [ 114.1942, 22.2227 ], [ 114.1927, 22.2305 ], [ 114.1904, 22.2327 ], [ 114.183900000000108, 22.2339 ], [ 114.1807, 22.2404 ], [ 114.175, 22.2398 ], [ 114.169, 22.2286 ], [ 114.1651, 22.2278 ], [ 114.1615, 22.2384 ], [ 114.1595, 22.2402 ], [ 114.159900000000107, 22.2432 ], [ 114.1566, 22.245 ], [ 114.1439, 22.2423 ], [ 114.1376, 22.245 ], [ 114.1339, 22.2442 ], [ 114.1271, 22.2553 ], [ 114.1243, 22.2566 ], [ 114.115, 22.2685 ], [ 114.1146, 22.2721 ], [ 114.117, 22.2754 ], [ 114.1284, 22.2808 ], [ 114.1336999990001, 22.2833 ], [ 114.1426, 22.2849 ], [ 114.1497, 22.2847 ], [ 114.1694, 22.2787 ], [ 114.1795, 22.2792 ], [ 114.1847, 22.281 ], [ 114.1911, 22.2881 ], [ 114.2003, 22.2909 ], [ 114.204300000000103, 22.2906 ], [ 114.2112, 22.2832 ], [ 114.2177, 22.282 ] ] ], [ [ [ 113.3512, 22.2916 ], [ 113.3432, 22.2744 ], [ 113.3322, 22.2897 ], [ 113.3356, 22.3106 ], [ 113.3478, 22.2983 ], [ 113.3512, 22.2916 ] ] ], [ [ [ 114.3686, 22.3083 ], [ 114.3636, 22.3012 ], [ 114.3568, 22.3137 ], [ 114.3588, 22.3181 ], [ 114.3608, 22.3175 ], [ 114.3686, 22.3083 ] ] ], [ [ [ 114.3468, 22.3104 ], [ 114.3419, 22.3088 ], [ 114.341, 22.3118 ], [ 114.344700000000103, 22.3197 ], [ 114.3513, 22.3211 ], [ 114.3538, 22.32 ], [ 114.3468, 22.3104 ] ] ], [ [ [ 113.3317, 22.3052 ], [ 113.328400000000101, 22.2939 ], [ 113.3256, 22.2963 ], [ 113.3214, 22.3049 ], [ 113.3197, 22.3126 ], [ 113.3208, 22.3193 ], [ 113.323400000000106, 22.324 ], [ 113.33, 22.3143 ], [ 113.3317, 22.3052 ] ] ], [ [ [ 113.9548, 22.3219 ], [ 113.9548, 22.3201 ], [ 113.9673, 22.3241 ], [ 113.9687, 22.3219 ], [ 113.9586, 22.313 ], [ 113.9567, 22.3072 ], [ 113.9562, 22.3041 ], [ 113.9529, 22.3023 ], [ 113.949, 22.3019 ], [ 113.9495, 22.3001 ], [ 113.9495, 22.2957 ], [ 113.9447, 22.2921 ], [ 113.9399, 22.2903 ], [ 113.9349, 22.2902 ], [ 113.9284, 22.2912 ], [ 113.921700000000101, 22.2939 ], [ 113.914900000000102, 22.2957 ], [ 113.9116, 22.2961 ], [ 113.9043, 22.2948 ], [ 113.8991, 22.2948 ], [ 113.8967, 22.2992 ], [ 113.899500000000103, 22.3046 ], [ 113.9048, 22.3063 ], [ 113.9116, 22.3081 ], [ 113.9135, 22.3112 ], [ 113.9125, 22.3135 ], [ 113.9116, 22.3166 ], [ 113.9144, 22.321 ], [ 113.9202, 22.3228 ], [ 113.9298, 22.325 ], [ 113.9394, 22.3263 ], [ 113.9476, 22.3281 ], [ 113.9514, 22.3281 ], [ 113.9548, 22.3219 ] ] ], [ [ [ 114.3287, 22.3259 ], [ 114.3269, 22.3212 ], [ 114.3187, 22.3224 ], [ 114.3167, 22.3239 ], [ 114.3178, 22.3269 ], [ 114.3144, 22.333 ], [ 114.3168, 22.3349 ], [ 114.3245, 22.334 ], [ 114.3287, 22.3259 ] ] ], [ [ [ 114.0507, 22.3261 ], [ 114.0528, 22.3223 ], [ 114.0508, 22.3176 ], [ 114.0519, 22.314 ], [ 114.0502, 22.3116 ], [ 114.0384, 22.3113 ], [ 114.032200000000103, 22.3187 ], [ 114.0305, 22.3191 ], [ 114.0293, 22.3167 ], [ 114.033100000000104, 22.309 ], [ 114.031, 22.3044 ], [ 114.0271, 22.3045 ], [ 114.0222, 22.308 ], [ 114.0178, 22.3074 ], [ 114.0154, 22.3052 ], [ 114.0123, 22.3024 ], [ 114.0123, 22.2978 ], [ 114.0087, 22.294 ], [ 114.010000000000105, 22.2924 ], [ 114.012700000000109, 22.2923 ], [ 114.017, 22.2952 ], [ 114.019500000000107, 22.2946 ], [ 114.0216, 22.2914 ], [ 114.019500000000107, 22.2872 ], [ 114.0133, 22.2836 ], [ 114.0126, 22.2813 ], [ 114.0163, 22.2765 ], [ 114.0188, 22.2677 ], [ 114.017700000000104, 22.2633 ], [ 114.0146, 22.2611 ], [ 114.0059, 22.2617 ], [ 114.0, 22.2643 ], [ 113.996, 22.267 ], [ 113.9908, 22.2643 ], [ 113.9886, 22.2603 ], [ 113.9923, 22.2585 ], [ 114.0, 22.2524 ], [ 114.003200000000106, 22.2502 ], [ 114.0042, 22.2495 ], [ 114.005000000000109, 22.2468 ], [ 114.0024, 22.243 ], [ 114.0, 22.2416 ], [ 113.998, 22.2447 ], [ 113.9943, 22.2406 ], [ 114.0, 22.2277 ], [ 114.0025, 22.2288 ], [ 114.0058, 22.225 ], [ 114.011, 22.2251 ], [ 114.0121, 22.2229 ], [ 114.0026, 22.2122 ], [ 114.0, 22.2117 ], [ 113.9947, 22.2169 ], [ 113.9893, 22.2133 ], [ 113.986900000000105, 22.2117 ], [ 113.9804, 22.2159 ], [ 113.979200000000105, 22.2236 ], [ 113.9743, 22.2293 ], [ 113.9769, 22.234 ], [ 113.9766, 22.2371 ], [ 113.9738, 22.2384 ], [ 113.9673, 22.237 ], [ 113.9582, 22.2317 ], [ 113.9473, 22.2323 ], [ 113.9372, 22.2289 ], [ 113.9281, 22.2228 ], [ 113.9203, 22.2221 ], [ 113.9183, 22.2159 ], [ 113.9274, 22.2167 ], [ 113.9272, 22.21 ], [ 113.9204, 22.2072 ], [ 113.916700000000105, 22.2094 ], [ 113.9136, 22.2083 ], [ 113.9113, 22.2075 ], [ 113.9078, 22.2078 ], [ 113.9015, 22.2105 ], [ 113.8961, 22.2152 ], [ 113.8933, 22.2221 ], [ 113.8797, 22.2154 ], [ 113.8768, 22.2088 ], [ 113.8712, 22.2082 ], [ 113.867, 22.2023 ], [ 113.8613, 22.204 ], [ 113.8537, 22.2015 ], [ 113.8514, 22.196 ], [ 113.8453, 22.1969 ], [ 113.8469, 22.1999 ], [ 113.8464, 22.2026 ], [ 113.8415, 22.2075 ], [ 113.8423, 22.2129 ], [ 113.8377, 22.2269 ], [ 113.8436, 22.2333 ], [ 113.8501, 22.2302 ], [ 113.8519, 22.2328 ], [ 113.8506, 22.2393 ], [ 113.8519, 22.2425 ], [ 113.8598, 22.2456 ], [ 113.860100000000102, 22.2485 ], [ 113.8576, 22.2529 ], [ 113.8514, 22.2529 ], [ 113.8583, 22.2599 ], [ 113.8629, 22.2591 ], [ 113.8653, 22.2626 ], [ 113.8796, 22.2704 ], [ 113.8842, 22.2692 ], [ 113.8831, 22.276 ], [ 113.896, 22.2822 ], [ 113.9034, 22.29 ], [ 113.9089, 22.289 ], [ 113.9134, 22.2907 ], [ 113.9183, 22.2903 ], [ 113.9195, 22.289 ], [ 113.925300000000107, 22.2825 ], [ 113.9275, 22.2818 ], [ 113.9295, 22.2871 ], [ 113.9326, 22.2882 ], [ 113.9423, 22.2858 ], [ 113.9551, 22.2939 ], [ 113.9649, 22.2966 ], [ 113.9759, 22.294 ], [ 113.978, 22.295 ], [ 113.9798, 22.3017 ], [ 113.9834, 22.3045 ], [ 113.9881, 22.3043 ], [ 113.9913, 22.3061 ], [ 113.9972, 22.3162 ], [ 114.0, 22.3164 ], [ 114.007, 22.3197 ], [ 114.0162, 22.3305 ], [ 114.0187, 22.3308 ], [ 114.0198, 22.3272 ], [ 114.0175, 22.3235 ], [ 114.020400000000109, 22.3233 ], [ 114.0271, 22.3293 ], [ 114.035800000000108, 22.3337 ], [ 114.0392, 22.3435 ], [ 114.0427, 22.3422 ], [ 114.0529, 22.3336 ], [ 114.0537, 22.3306 ], [ 114.0507, 22.3261 ] ] ], [ [ [ 114.0593, 22.34 ], [ 114.0557, 22.3364 ], [ 114.0534, 22.3393 ], [ 114.0497, 22.3408 ], [ 114.0525, 22.3446 ], [ 114.0526, 22.3489 ], [ 114.056200000000104, 22.3498 ], [ 114.0582, 22.3489 ], [ 114.0574, 22.345 ], [ 114.0593, 22.34 ] ] ], [ [ [ 114.1045, 22.3527 ], [ 114.1022, 22.3485 ], [ 114.1069, 22.3415 ], [ 114.1009, 22.3225 ], [ 114.0948, 22.3229 ], [ 114.0892, 22.32 ], [ 114.0869, 22.3232 ], [ 114.0896, 22.3294 ], [ 114.086, 22.3316 ], [ 114.087900000000104, 22.3358 ], [ 114.0814, 22.3379 ], [ 114.0798, 22.3466 ], [ 114.0747, 22.3508 ], [ 114.0813, 22.3528 ], [ 114.0882, 22.3524 ], [ 114.096, 22.3563 ], [ 114.1027, 22.3547 ], [ 114.1045, 22.3527 ] ] ], [ [ [ 114.3485, 22.3672 ], [ 114.3549, 22.3605 ], [ 114.3707, 22.3541 ], [ 114.375, 22.351 ], [ 114.3657, 22.3477 ], [ 114.3617, 22.343 ], [ 114.3559, 22.3453 ], [ 114.3547, 22.3437 ], [ 114.3569, 22.3385 ], [ 114.3537, 22.3324 ], [ 114.351, 22.3309 ], [ 114.3494, 22.3325 ], [ 114.3501, 22.3362 ], [ 114.346500000000106, 22.3386 ], [ 114.3488, 22.3433 ], [ 114.3475, 22.3456 ], [ 114.3451, 22.3496 ], [ 114.3426, 22.3454 ], [ 114.3362, 22.3434 ], [ 114.3337, 22.346 ], [ 114.3346, 22.3534 ], [ 114.3286, 22.3576 ], [ 114.3289, 22.3611 ], [ 114.3321, 22.3616 ], [ 114.335, 22.3649 ], [ 114.3394, 22.3646 ], [ 114.344, 22.3675 ], [ 114.3485, 22.3672 ] ] ], [ [ [ 114.2945, 22.3513 ], [ 114.2923, 22.351 ], [ 114.2847, 22.3629 ], [ 114.2853, 22.3664 ], [ 114.2889, 22.3692 ], [ 114.2925, 22.3659 ], [ 114.2955, 22.3568 ], [ 114.2945, 22.3513 ] ] ], [ [ [ 114.3018, 22.3749 ], [ 114.3041, 22.3722 ], [ 114.3134, 22.3734 ], [ 114.323, 22.3694 ], [ 114.3286, 22.3645 ], [ 114.3267, 22.3626 ], [ 114.3183, 22.3674 ], [ 114.3159, 22.3664 ], [ 114.3187, 22.3628 ], [ 114.3202, 22.3564 ], [ 114.3267, 22.3479 ], [ 114.3223, 22.3386 ], [ 114.3178, 22.3405 ], [ 114.3167, 22.3404 ], [ 114.3085, 22.3395 ], [ 114.3034, 22.3428 ], [ 114.2997, 22.3491 ], [ 114.3022, 22.3556 ], [ 114.296, 22.3704 ], [ 114.297600000000102, 22.3741 ], [ 114.3018, 22.3749 ] ] ], [ [ [ 113.067, 22.399 ], [ 113.0656, 22.3963 ], [ 113.0591, 22.4147 ], [ 113.061, 22.4163 ], [ 113.0652, 22.4106 ], [ 113.0668, 22.4044 ], [ 113.067, 22.399 ] ] ], [ [ [ 113.7949, 22.4201 ], [ 113.7979, 22.4171 ], [ 113.8033, 22.4186 ], [ 113.8152, 22.4046 ], [ 113.816600000000108, 22.4006 ], [ 113.8114, 22.3981 ], [ 113.8054, 22.3985 ], [ 113.7991, 22.4016 ], [ 113.7885, 22.4108 ], [ 113.7821, 22.4123 ], [ 113.78, 22.4155 ], [ 113.7804000000001, 22.4185 ], [ 113.7885, 22.4164 ], [ 113.7905, 22.417 ], [ 113.792, 22.4204 ], [ 113.7949, 22.4201 ] ] ], [ [ [ 113.6479, 22.4363 ], [ 113.647, 22.4293 ], [ 113.6487, 22.4282 ], [ 113.6564, 22.4308 ], [ 113.659900000000107, 22.4303 ], [ 113.661, 22.4282 ], [ 113.6598, 22.4266 ], [ 113.6541, 22.4233 ], [ 113.657, 22.4178 ], [ 113.656300000000101, 22.4151 ], [ 113.6514, 22.4105 ], [ 113.6406, 22.4072 ], [ 113.6363, 22.4036 ], [ 113.6400000000001, 22.401 ], [ 113.6412, 22.3976 ], [ 113.639499999, 22.3944 ], [ 113.6274, 22.3925 ], [ 113.6217, 22.3875 ], [ 113.6179, 22.387 ], [ 113.6136, 22.3898 ], [ 113.611900000000105, 22.399 ], [ 113.6167, 22.4069 ], [ 113.621399999, 22.4216 ], [ 113.6251, 22.4226 ], [ 113.6284, 22.4235 ], [ 113.6329, 22.433 ], [ 113.6367, 22.4337 ], [ 113.6426, 22.4315 ], [ 113.6455, 22.4361 ], [ 113.6479, 22.4363 ] ] ], [ [ [ 114.6400000000001, 22.4286 ], [ 114.636800000000108, 22.4283 ], [ 114.6352, 22.4315 ], [ 114.6423, 22.4413 ], [ 114.6457, 22.4449 ], [ 114.6527, 22.4412 ], [ 114.6472, 22.4371 ], [ 114.6468, 22.4325 ], [ 114.6400000000001, 22.4286 ] ] ], [ [ [ 114.2502, 22.4558 ], [ 114.2517, 22.4476 ], [ 114.2488, 22.4484 ], [ 114.2424, 22.4452 ], [ 114.2421, 22.4487 ], [ 114.2502, 22.4558 ] ] ], [ [ [ 114.628, 22.4699 ], [ 114.6304, 22.4663 ], [ 114.6333, 22.4668 ], [ 114.6384, 22.464 ], [ 114.645, 22.4639 ], [ 114.6466, 22.4615 ], [ 114.6422, 22.4537 ], [ 114.6389, 22.4543 ], [ 114.6348, 22.4519 ], [ 114.6293, 22.4529 ], [ 114.6236, 22.4479 ], [ 114.62109999900008, 22.4485 ], [ 114.6171, 22.4578 ], [ 114.612800000000107, 22.4586 ], [ 114.6129, 22.4637 ], [ 114.6146, 22.466 ], [ 114.623, 22.4665 ], [ 114.628, 22.4699 ] ] ], [ [ [ 114.3443, 22.458 ], [ 114.3428, 22.4573 ], [ 114.3368, 22.4605 ], [ 114.3354, 22.4651 ], [ 114.3381, 22.473 ], [ 114.3404, 22.4691 ], [ 114.3407, 22.4625 ], [ 114.3442, 22.4601 ], [ 114.3443, 22.458 ] ] ], [ [ [ 114.362800000000107, 22.4645 ], [ 114.357, 22.4623 ], [ 114.3566, 22.4667 ], [ 114.3535, 22.4698 ], [ 114.3534, 22.4741 ], [ 114.35, 22.4779 ], [ 114.3573, 22.4811 ], [ 114.3603, 22.481 ], [ 114.3631, 22.4783 ], [ 114.3622, 22.4756 ], [ 114.3654, 22.4694 ], [ 114.362800000000107, 22.4645 ] ] ], [ [ [ 113.0102, 22.4467 ], [ 113.0071, 22.4464 ], [ 113.0027, 22.4471 ], [ 112.9987, 22.4499 ], [ 112.9975, 22.4533 ], [ 112.9932, 22.4652 ], [ 112.984200000000101, 22.4801 ], [ 112.985400001000016, 22.4894 ], [ 112.9831, 22.4967 ], [ 112.9837, 22.5001 ], [ 112.987800000000107, 22.5023 ], [ 112.9949, 22.5013 ], [ 113.0001, 22.4986 ], [ 113.0074, 22.4916 ], [ 113.0112, 22.4851 ], [ 113.012700000000109, 22.4772 ], [ 113.0106, 22.4601 ], [ 113.0128, 22.4518 ], [ 113.0102, 22.4467 ] ] ], [ [ [ 113.8527, 22.5032 ], [ 113.847300001, 22.5027 ], [ 113.8417, 22.5068 ], [ 113.839, 22.5111 ], [ 113.84, 22.5145 ], [ 113.8527, 22.5032 ] ] ], [ [ [ 114.3177, 22.5107 ], [ 114.3078, 22.5042 ], [ 114.2978, 22.5012 ], [ 114.2943, 22.5024 ], [ 114.2906, 22.5094 ], [ 114.2995, 22.5088 ], [ 114.3058, 22.5117 ], [ 114.3066, 22.518 ], [ 114.3184, 22.5133 ], [ 114.3177, 22.5107 ] ] ], [ [ [ 114.8429000000001, 22.5116 ], [ 114.8413, 22.5088 ], [ 114.8358, 22.51 ], [ 114.8278, 22.5045 ], [ 114.8282, 22.5134 ], [ 114.8306, 22.5181 ], [ 114.8411, 22.515 ], [ 114.8429000000001, 22.5116 ] ] ], [ [ [ 114.3177, 22.5312 ], [ 114.3167, 22.5199 ], [ 114.3152, 22.5189 ], [ 114.3092, 22.5215 ], [ 114.3051, 22.526 ], [ 114.3057, 22.5285 ], [ 114.3079, 22.529 ], [ 114.3129, 22.5269 ], [ 114.3147, 22.5322 ], [ 114.3167, 22.533 ], [ 114.3177, 22.5312 ] ] ], [ [ [ 114.4348, 22.5356 ], [ 114.4329, 22.533 ], [ 114.4233, 22.5376 ], [ 114.4222, 22.5412 ], [ 114.423500000000104, 22.5459 ], [ 114.4255, 22.5466 ], [ 114.4301, 22.541 ], [ 114.4348, 22.5356 ] ] ], [ [ [ 114.3121000000001, 22.5425 ], [ 114.2991, 22.5396 ], [ 114.2959, 22.5413 ], [ 114.2942, 22.5389 ], [ 114.3007, 22.5297 ], [ 114.2986, 22.5283 ], [ 114.293, 22.5311 ], [ 114.2857, 22.529 ], [ 114.2837, 22.5301 ], [ 114.2879, 22.5351 ], [ 114.2845, 22.5419 ], [ 114.2873, 22.5454 ], [ 114.2874, 22.5495 ], [ 114.290800000000104, 22.5503 ], [ 114.2942, 22.5474 ], [ 114.3135, 22.5464 ], [ 114.315, 22.5451 ], [ 114.3121000000001, 22.5425 ] ] ], [ [ [ 113.575200000000109, 22.556 ], [ 113.5721, 22.5559 ], [ 113.5597, 22.5711 ], [ 113.5538, 22.5732 ], [ 113.5579, 22.5764 ], [ 113.5679, 22.5765 ], [ 113.5804, 22.5699 ], [ 113.5825, 22.5663 ], [ 113.5816, 22.5614 ], [ 113.575200000000109, 22.556 ] ] ], [ [ [ 114.6552, 22.5658 ], [ 114.652200000000107, 22.5597 ], [ 114.649500000000103, 22.561 ], [ 114.6419, 22.5725 ], [ 114.632499999000061, 22.5741 ], [ 114.6313, 22.5782 ], [ 114.6331, 22.5853 ], [ 114.6348, 22.5858 ], [ 114.6394, 22.5825 ], [ 114.6402, 22.5793 ], [ 114.6499, 22.5716 ], [ 114.6556, 22.5708 ], [ 114.657699999000101, 22.5663 ], [ 114.6552, 22.5658 ] ] ], [ [ [ 113.5739, 22.5994 ], [ 113.5727, 22.5974 ], [ 113.5676, 22.5984 ], [ 113.5612, 22.6046 ], [ 113.551, 22.6187 ], [ 113.5619, 22.6124 ], [ 113.5722, 22.6026 ], [ 113.5739, 22.5994 ] ] ], [ [ [ 114.6088, 22.6678 ], [ 114.6046, 22.6612 ], [ 114.5979, 22.6615 ], [ 114.6025, 22.6694 ], [ 114.6088, 22.6678 ] ] ], [ [ [ 113.5845, 22.6045 ], [ 113.5807, 22.6025 ], [ 113.5773, 22.6036 ], [ 113.5605, 22.6178 ], [ 113.5507, 22.6231 ], [ 113.5431, 22.6349 ], [ 113.540800000000104, 22.6382 ], [ 113.5311, 22.6522 ], [ 113.5029, 22.6789 ], [ 113.5008, 22.6833 ], [ 113.5022, 22.686 ], [ 113.5183, 22.6733 ], [ 113.5304000000001, 22.6586 ], [ 113.5475, 22.6517 ], [ 113.5533, 22.6445 ], [ 113.562200001000065, 22.6335 ], [ 113.5747, 22.6223 ], [ 113.5845, 22.6045 ] ] ], [ [ [ 114.5943, 22.694 ], [ 114.588000001000069, 22.6915 ], [ 114.5822, 22.6923 ], [ 114.5826, 22.6941 ], [ 114.588800000000106, 22.6965 ], [ 114.5946, 22.6967 ], [ 114.5943, 22.694 ] ] ], [ [ [ 113.5569, 22.7272 ], [ 113.5676, 22.7203 ], [ 113.569, 22.7157 ], [ 113.566600000000108, 22.7123 ], [ 113.565700000000106, 22.7111 ], [ 113.5691, 22.7062 ], [ 113.5827, 22.6903 ], [ 113.589700000000107, 22.6847 ], [ 113.5966, 22.6789 ], [ 113.5999, 22.6738 ], [ 113.605800001000034, 22.6567 ], [ 113.6061, 22.647 ], [ 113.6041, 22.6404 ], [ 113.5996, 22.6344 ], [ 113.5913, 22.6321 ], [ 113.5871, 22.6343 ], [ 113.586, 22.6333 ], [ 113.5759, 22.6357 ], [ 113.5564, 22.6508 ], [ 113.5392, 22.6685 ], [ 113.5077, 22.6893 ], [ 113.4893, 22.7023 ], [ 113.475, 22.7155 ], [ 113.4597, 22.7235 ], [ 113.4598, 22.7261 ], [ 113.4669, 22.7247 ], [ 113.4752, 22.7253 ], [ 113.496400000000108, 22.7351 ], [ 113.5136, 22.7416 ], [ 113.5255, 22.7439 ], [ 113.5428, 22.7428 ], [ 113.5468, 22.7377 ], [ 113.5569, 22.7272 ] ] ], [ [ [ 113.4939, 22.7381 ], [ 113.474, 22.7294 ], [ 113.4631, 22.7302 ], [ 113.453400000000101, 22.7336 ], [ 113.4495, 22.7366 ], [ 113.4489, 22.7383 ], [ 113.4825, 22.7573 ], [ 113.5042, 22.7603 ], [ 113.5138, 22.7598 ], [ 113.530500001000064, 22.7545 ], [ 113.540800000000104, 22.7486 ], [ 113.5227000000001, 22.7475 ], [ 113.5088, 22.7445 ], [ 113.4939, 22.7381 ] ] ], [ [ [ 115.1043, 22.776 ], [ 115.1004, 22.7727 ], [ 115.099, 22.7764 ], [ 115.101, 22.7842 ], [ 115.103, 22.7859 ], [ 115.1065, 22.7848 ], [ 115.108, 22.7826 ], [ 115.1043, 22.776 ] ] ], [ [ [ 113.5867, 22.8187 ], [ 113.586, 22.8166 ], [ 113.5705, 22.8248 ], [ 113.578, 22.8293 ], [ 113.5836, 22.8239 ], [ 113.5867, 22.8187 ] ] ], [ [ [ 113.6605, 22.8023 ], [ 113.658, 22.7881 ], [ 113.6552, 22.784 ], [ 113.652, 22.7829 ], [ 113.6373, 22.7875 ], [ 113.635900000000106, 22.7887 ], [ 113.629100000000108, 22.7948 ], [ 113.6197, 22.7943 ], [ 113.615, 22.7988 ], [ 113.613, 22.8048 ], [ 113.6138, 22.8089 ], [ 113.6236, 22.8206 ], [ 113.6293, 22.8307 ], [ 113.6325, 22.828 ], [ 113.6463, 22.8219 ], [ 113.6557, 22.8152 ], [ 113.6593, 22.8108 ], [ 113.6605, 22.8023 ] ] ], [ [ [ 113.5527, 22.8315 ], [ 113.548, 22.8304 ], [ 113.5413, 22.8321 ], [ 113.531300000000101, 22.8371 ], [ 113.5353, 22.8378 ], [ 113.5516, 22.8332 ], [ 113.5527, 22.8315 ] ] ], [ [ [ 113.5607, 22.8385 ], [ 113.558900000000108, 22.8369 ], [ 113.5484, 22.8374 ], [ 113.525600001000043, 22.8464 ], [ 113.5246, 22.8485 ], [ 113.5271, 22.8573 ], [ 113.5303, 22.8597 ], [ 113.545, 22.846 ], [ 113.5592, 22.8402 ], [ 113.5607, 22.8385 ] ] ], [ [ [ 113.5547, 22.8498 ], [ 113.5546, 22.8467 ], [ 113.5469, 22.8491 ], [ 113.5363, 22.8599 ], [ 113.532, 22.8681 ], [ 113.5347, 22.8701 ], [ 113.5378, 22.8692 ], [ 113.5509, 22.8559 ], [ 113.5547, 22.8498 ] ] ], [ [ [ 113.525, 22.8656 ], [ 113.521, 22.8559 ], [ 113.5189, 22.8716 ], [ 113.5197, 22.8743 ], [ 113.5219, 22.8744 ], [ 113.524500000000103, 22.871 ], [ 113.525, 22.8656 ] ] ], [ [ [ 113.5959, 22.8442 ], [ 113.5945, 22.842 ], [ 113.5905, 22.8423 ], [ 113.5866, 22.8447 ], [ 113.58, 22.853 ], [ 113.5731, 22.8676 ], [ 113.5729, 22.8718 ], [ 113.5756, 22.8744 ], [ 113.5783, 22.8739 ], [ 113.588800000000106, 22.8628 ], [ 113.593, 22.8554 ], [ 113.5959, 22.8442 ] ] ], [ [ [ 113.548, 22.8755 ], [ 113.5466, 22.8722 ], [ 113.5395, 22.8735 ], [ 113.5317, 22.8789 ], [ 113.5144, 22.9001 ], [ 113.5083, 22.9112 ], [ 113.5073000000001, 22.9197 ], [ 113.512, 22.932 ], [ 113.5222, 22.9488 ], [ 113.5306, 22.9363 ], [ 113.5301, 22.9347 ], [ 113.5336, 22.9319 ], [ 113.539900000000102, 22.9212 ], [ 113.5479, 22.9011 ], [ 113.5499, 22.8909 ], [ 113.5466, 22.8846 ], [ 113.5454, 22.8817 ], [ 113.548, 22.8755 ] ] ], [ [ [ 113.5072, 22.9302 ], [ 113.5038, 22.9279 ], [ 113.501400000000103, 22.9296 ], [ 113.4974, 22.9489 ], [ 113.507, 22.9598 ], [ 113.5092, 22.9678 ], [ 113.514, 22.9765 ], [ 113.5175, 22.9739 ], [ 113.52, 22.9693 ], [ 113.5213, 22.9616 ], [ 113.5189, 22.9505 ], [ 113.5123, 22.9421 ], [ 113.5072, 22.9302 ] ] ], [ [ [ 113.4862, 23.072 ], [ 113.4853, 23.0702 ], [ 113.4826, 23.0706 ], [ 113.4768, 23.076 ], [ 113.4753, 23.0793 ], [ 113.4763, 23.0816 ], [ 113.479200000000105, 23.0811 ], [ 113.4839, 23.0768 ], [ 113.4862, 23.072 ] ] ], [ [ [ 116.8615, 23.4196 ], [ 116.8584, 23.4165 ], [ 116.8548, 23.4197 ], [ 116.8471, 23.42 ], [ 116.843800000000101, 23.4257 ], [ 116.8442, 23.4282 ], [ 116.8532, 23.4277 ], [ 116.8602, 23.4221 ], [ 116.8615, 23.4196 ] ] ], [ [ [ 117.1233, 23.4874 ], [ 117.1244, 23.4783 ], [ 117.1292, 23.4756 ], [ 117.1305, 23.4715 ], [ 117.1296, 23.4678 ], [ 117.1247, 23.4652 ], [ 117.1247, 23.4636 ], [ 117.1272, 23.4627 ], [ 117.1326, 23.4651 ], [ 117.1356, 23.4642 ], [ 117.136800000000108, 23.4555 ], [ 117.1453, 23.4511 ], [ 117.1404, 23.4443 ], [ 117.134100000000103, 23.4493 ], [ 117.1308, 23.4433 ], [ 117.1321, 23.4394 ], [ 117.1303, 23.4295 ], [ 117.134100000000103, 23.4243 ], [ 117.138, 23.4219 ], [ 117.1386, 23.4188 ], [ 117.1329, 23.4043 ], [ 117.1297, 23.4045 ], [ 117.128300001000071, 23.4013 ], [ 117.1235, 23.4016 ], [ 117.1189, 23.3979 ], [ 117.1166, 23.3993 ], [ 117.114, 23.404 ], [ 117.1106, 23.4051 ], [ 117.1044, 23.4032 ], [ 117.0975, 23.398 ], [ 117.095, 23.3992 ], [ 117.094700000000103, 23.4008 ], [ 117.0967, 23.4019 ], [ 117.0961, 23.4056 ], [ 117.102, 23.4056 ], [ 117.102, 23.4075 ], [ 117.0982, 23.4088 ], [ 117.0911, 23.4113 ], [ 117.0692, 23.4128 ], [ 117.0457, 23.4032 ], [ 117.0327, 23.4099 ], [ 117.0241, 23.418 ], [ 117.0196, 23.42 ], [ 117.0062, 23.4184 ], [ 116.9984, 23.4206 ], [ 116.9892, 23.4207 ], [ 116.9823, 23.4188 ], [ 116.9709, 23.4202 ], [ 116.9644, 23.4189 ], [ 116.9414, 23.4255 ], [ 116.9387, 23.4284 ], [ 116.9386, 23.4323 ], [ 116.9434, 23.4402 ], [ 116.9531, 23.4506 ], [ 116.9768, 23.4639 ], [ 116.983, 23.4635 ], [ 116.9863, 23.4594 ], [ 116.994, 23.4586 ], [ 116.9975, 23.4564 ], [ 117.0007, 23.4479 ], [ 117.006, 23.4448 ], [ 117.0088, 23.4407 ], [ 117.0116, 23.436 ], [ 117.0141, 23.4332 ], [ 117.0176, 23.434 ], [ 117.0209, 23.4418 ], [ 117.0226, 23.4431 ], [ 117.0251, 23.4451 ], [ 117.03, 23.4463 ], [ 117.0352, 23.4524 ], [ 117.035300002000099, 23.4565 ], [ 117.0407, 23.4614 ], [ 117.0423, 23.4669 ], [ 117.0451, 23.4684 ], [ 117.0472, 23.473 ], [ 117.0541, 23.477 ], [ 117.0605, 23.4794 ], [ 117.067, 23.4786 ], [ 117.0804, 23.4641 ], [ 117.0917, 23.4597 ], [ 117.0957, 23.46 ], [ 117.0976, 23.4632 ], [ 117.0979, 23.4721 ], [ 117.1021, 23.4777 ], [ 117.1037, 23.4849 ], [ 117.1094, 23.4856 ], [ 117.1102, 23.4838 ], [ 117.1129, 23.4852 ], [ 117.1145, 23.491 ], [ 117.1185, 23.492 ], [ 117.1233, 23.4874 ] ] ], [ [ [ 117.0139, 23.5681 ], [ 117.0172, 23.5661 ], [ 117.0183, 23.5597 ], [ 117.0174, 23.5544 ], [ 117.0114, 23.5552 ], [ 117.0048, 23.5489 ], [ 116.9999, 23.5463 ], [ 116.9967, 23.5419 ], [ 116.9942, 23.5304 ], [ 116.9933, 23.513 ], [ 116.989, 23.5127 ], [ 116.9825, 23.5165 ], [ 116.9651, 23.5153 ], [ 116.9628, 23.5163 ], [ 116.9551, 23.5197 ], [ 116.9446, 23.5209 ], [ 116.9368, 23.5275 ], [ 116.934, 23.5331 ], [ 116.929400000000101, 23.5372 ], [ 116.9301, 23.538799999000048 ], [ 116.9361, 23.5398 ], [ 116.9385, 23.5449 ], [ 116.9419, 23.5459 ], [ 116.949, 23.5405 ], [ 116.9547, 23.5413 ], [ 116.9626, 23.546 ], [ 116.9754, 23.5636 ], [ 116.9789, 23.5651 ], [ 116.9805, 23.5637 ], [ 116.9855, 23.5598 ], [ 116.9874, 23.5611 ], [ 116.9923, 23.5641 ], [ 116.9957, 23.5678 ], [ 117.0045, 23.5675 ], [ 117.0081, 23.5728 ], [ 117.0116, 23.5722 ], [ 117.0139, 23.5681 ] ] ], [ [ [ 117.0778, 23.5698 ], [ 117.073400000000106, 23.5665 ], [ 117.0659, 23.5687 ], [ 117.0599, 23.5681 ], [ 117.0551, 23.5738 ], [ 117.058199999000067, 23.578 ], [ 117.065700000000106, 23.5795 ], [ 117.0717, 23.5761 ], [ 117.0778, 23.5698 ] ] ], [ [ [ 117.0206, 23.5834 ], [ 117.0279, 23.58 ], [ 117.0335, 23.5826 ], [ 117.0384, 23.5756 ], [ 117.0323, 23.567 ], [ 117.0286, 23.5672 ], [ 117.0273, 23.5697 ], [ 117.023, 23.5712 ], [ 117.0215, 23.5742 ], [ 117.0147, 23.5791 ], [ 117.0154, 23.5812 ], [ 117.0206, 23.5834 ] ] ], [ [ [ 116.9586, 23.548 ], [ 116.9548, 23.5472 ], [ 116.9265, 23.5479 ], [ 116.9179, 23.5517 ], [ 116.9165, 23.5604 ], [ 116.92, 23.5637 ], [ 116.9304, 23.5664 ], [ 116.940500001000032, 23.569 ], [ 116.9452, 23.5721 ], [ 116.949, 23.5781 ], [ 116.9481, 23.5887 ], [ 116.951, 23.5928 ], [ 116.9625, 23.6026 ], [ 116.969, 23.6032 ], [ 116.9748, 23.596 ], [ 116.9707, 23.5929 ], [ 116.9676, 23.5841 ], [ 116.9602000000001, 23.5788 ], [ 116.9587, 23.5689 ], [ 116.9631, 23.5554 ], [ 116.9612, 23.5503 ], [ 116.9586, 23.548 ] ] ], [ [ [ 116.725542180000048, 29.901204533000055 ], [ 116.540223611000101, 29.698691832000065 ], [ 116.433590235, 29.605369177000057 ], [ 116.344928246000109, 29.494329226000048 ], [ 116.318135268000105, 29.410654305000037 ], [ 116.316565488000037, 29.256993192000039 ], [ 116.336095403000058, 29.048944414000061 ], [ 116.343010580000055, 28.903003863000038 ], [ 116.372566096000014, 28.783970491000048 ], [ 116.422409938000101, 28.625685735000047 ], [ 116.801243926000097, 28.149949785000047 ], [ 117.037437934000081, 27.863549933000058 ], [ 116.91974412400009, 27.677672760000064 ], [ 116.964910108000026, 27.495492664000039 ], [ 117.007684702, 27.247141160000069 ], [ 116.863363659000015, 27.112564657000064 ], [ 116.713705361000052, 27.059274863000041 ], [ 116.514671107000026, 26.942015680000054 ], [ 116.48162646000003, 26.852056050000044 ], [ 116.508268770000086, 26.681992040000068 ], [ 116.532329612000012, 26.583444142000076 ], [ 116.47950774200001, 26.444135608000067 ], [ 116.330436596000027, 26.271604167000078 ], [ 116.300453908, 26.138265897000053 ], [ 116.273929188000011, 26.05190384000008 ], [ 116.112072255000044, 25.918976916000076 ], [ 115.992908194000051, 25.727281530000084 ], [ 116.003681429000039, 25.611547970000061 ], [ 115.911428112000067, 25.44903062800006 ], [ 115.759477494000066, 25.236614746000043 ], [ 115.790489010000101, 25.073052668000059 ], [ 115.905992333000086, 24.972360114000082 ], [ 116.106838912000057, 24.888094734000049 ], [ 116.344507904000011, 24.831345458000044 ], [ 116.497824756, 24.791182804000073 ], [ 116.627752987, 24.674653431000081 ], [ 116.762809021000066, 24.439448132000052 ], [ 116.860564163000049, 24.129774008000084 ], [ 116.951877193000087, 23.837467257000071 ], [ 117.099617522000017, 23.704206247000059 ], [ 117.139339685000095, 23.595185936000064 ], [ 117.1346, 23.5911 ], [ 117.129100000000108, 23.583400001000086 ], [ 117.1197, 23.5635 ], [ 117.1149, 23.5681 ], [ 117.1067, 23.5666 ], [ 117.101900001000104, 23.569 ], [ 117.0987, 23.569 ], [ 117.098, 23.568 ], [ 117.0851, 23.5502 ], [ 117.0782, 23.548 ], [ 117.0768, 23.55369999900006 ], [ 117.0711, 23.554499999000086 ], [ 117.072500000000105, 23.5589 ], [ 117.075, 23.562399999000036 ], [ 117.0843, 23.5683 ], [ 117.087000000000103, 23.5722 ], [ 117.0814, 23.5898 ], [ 117.069900001000065, 23.605200001000071 ], [ 117.069, 23.6174 ], [ 117.069999999000061, 23.6311 ], [ 117.064699999000027, 23.6469 ], [ 117.0549, 23.654500001000088 ], [ 117.047399999000049, 23.6567 ], [ 117.042600000000107, 23.6619 ], [ 117.038799999000048, 23.6632 ], [ 117.0275, 23.655499999000085 ], [ 117.0287, 23.644699999000068 ], [ 117.0267, 23.6445 ], [ 117.019, 23.6593 ], [ 117.0169, 23.6606 ], [ 117.0150000000001, 23.658 ], [ 117.020400000000109, 23.646199999000089 ], [ 117.0299, 23.6317 ], [ 117.0271, 23.6236 ], [ 117.030899999000098, 23.6188 ], [ 117.0237, 23.6183 ], [ 117.0205, 23.6141 ], [ 117.016999999000063, 23.6143 ], [ 117.0121, 23.624100001000045 ], [ 117.010000000000105, 23.6341 ], [ 117.0069, 23.6384 ], [ 117.001400000000103, 23.6374 ], [ 116.9977, 23.6406 ], [ 116.9929, 23.6414 ], [ 116.9896, 23.646 ], [ 116.9849, 23.6408 ], [ 116.980700001000059, 23.641 ], [ 116.9742, 23.6434 ], [ 116.9689, 23.6486 ], [ 116.9654, 23.649199999000075 ], [ 116.965000001000021, 23.644 ], [ 116.968800000000101, 23.6388 ], [ 116.9694, 23.6344 ], [ 116.9598, 23.6129 ], [ 116.956100000000106, 23.6124 ], [ 116.9549, 23.6135 ], [ 116.947500000000105, 23.6201 ], [ 116.943000001000087, 23.6216 ], [ 116.9318, 23.6219 ], [ 116.925999999000055, 23.625699999000062 ], [ 116.922899999000037, 23.63 ], [ 116.9224, 23.6341 ], [ 116.9243, 23.6387 ], [ 116.9304, 23.6441 ], [ 116.938000000000102, 23.6479 ], [ 116.9459, 23.6547 ], [ 116.9555, 23.6583 ], [ 116.9542, 23.6598 ], [ 116.9448000000001, 23.658599999000046 ], [ 116.9408, 23.6606 ], [ 116.9326, 23.6588 ], [ 116.921299999000098, 23.6628 ], [ 116.9178, 23.6618 ], [ 116.9114, 23.655499999000085 ], [ 116.911000001000048, 23.655 ], [ 116.9089, 23.6502 ], [ 116.9096, 23.6376 ], [ 116.904500001000088, 23.6286 ], [ 116.8997, 23.623200001000043 ], [ 116.889000001, 23.6198 ], [ 116.8825, 23.6108 ], [ 116.8746000000001, 23.6081 ], [ 116.8726, 23.6051 ], [ 116.873, 23.6001 ], [ 116.8804, 23.5919 ], [ 116.8794, 23.5898 ], [ 116.87, 23.5874 ], [ 116.8668, 23.583400001000086 ], [ 116.883500001000016, 23.5853 ], [ 116.885000000000105, 23.5826 ], [ 116.8837, 23.575 ], [ 116.8864, 23.5744 ], [ 116.8877, 23.5714 ], [ 116.886800000000108, 23.5684 ], [ 116.8896, 23.5645 ], [ 116.8869, 23.5595 ], [ 116.8801, 23.5527 ], [ 116.8842, 23.5484 ], [ 116.8847, 23.545 ], [ 116.871999999000082, 23.5338 ], [ 116.867000001000065, 23.5344 ], [ 116.8666, 23.5311 ], [ 116.868099999000037, 23.5282 ], [ 116.8643, 23.5233 ], [ 116.8556, 23.521999999000059 ], [ 116.8622, 23.5157 ], [ 116.8583, 23.5113 ], [ 116.8569, 23.5048 ], [ 116.8529, 23.5057 ], [ 116.844, 23.5032 ], [ 116.852300001, 23.4986 ], [ 116.8575, 23.498 ], [ 116.860100000000102, 23.4948 ], [ 116.8502, 23.4937 ], [ 116.861700001000031, 23.487900001000071 ], [ 116.858600001000013, 23.4808 ], [ 116.8519, 23.4825 ], [ 116.8614, 23.466800001000081 ], [ 116.8646, 23.4673 ], [ 116.8709, 23.475 ], [ 116.8737, 23.4732 ], [ 116.8747, 23.4691 ], [ 116.8724, 23.4631 ], [ 116.8674, 23.461 ], [ 116.853, 23.4644 ], [ 116.845, 23.4645 ], [ 116.8446, 23.4571 ], [ 116.8464, 23.455099999000083 ], [ 116.85150000100009, 23.4515 ], [ 116.8458, 23.4473 ], [ 116.8249, 23.4217 ], [ 116.819, 23.4076 ], [ 116.8158, 23.3954 ], [ 116.814099999000064, 23.394 ], [ 116.811, 23.3995 ], [ 116.8048, 23.3945 ], [ 116.8034, 23.3915 ], [ 116.8066, 23.382 ], [ 116.8059, 23.3801 ], [ 116.79670000100009, 23.3795 ], [ 116.7918, 23.3771 ], [ 116.7872, 23.3709 ], [ 116.7698, 23.3561 ], [ 116.762499999000056, 23.3523 ], [ 116.7479, 23.3449 ], [ 116.7367, 23.3473 ], [ 116.7349, 23.3502 ], [ 116.7354, 23.3523 ], [ 116.743500001000029, 23.3563 ], [ 116.7457, 23.3601 ], [ 116.744599999, 23.363 ], [ 116.7279, 23.3682 ], [ 116.7175, 23.3667 ], [ 116.7103, 23.364 ], [ 116.6919, 23.3518 ], [ 116.6652, 23.3487 ], [ 116.661400001000061, 23.3483 ], [ 116.6589, 23.3519 ], [ 116.6605, 23.3554 ], [ 116.6657, 23.3601 ], [ 116.664900000000102, 23.3626 ], [ 116.6594, 23.3609 ], [ 116.655199999000047, 23.358999999000048 ], [ 116.651299999, 23.3582 ], [ 116.646500001000049, 23.3606 ], [ 116.6371, 23.3701 ], [ 116.6329, 23.3719 ], [ 116.6133, 23.369 ], [ 116.6073, 23.3703 ], [ 116.603500001000043, 23.3725 ], [ 116.5903, 23.3885 ], [ 116.586499999000011, 23.391 ], [ 116.5803, 23.3923 ], [ 116.5671, 23.3911 ], [ 116.5633, 23.3929 ], [ 116.549400000000105, 23.4151 ], [ 116.5466, 23.4194 ], [ 116.5395, 23.4262 ], [ 116.5327, 23.420799999000053 ], [ 116.5328, 23.4148 ], [ 116.5292, 23.3994 ], [ 116.5279, 23.3897 ], [ 116.533000001, 23.3721 ], [ 116.5373, 23.3555 ], [ 116.5402, 23.3491 ], [ 116.5465, 23.343 ], [ 116.5619, 23.3327 ], [ 116.5656, 23.3326 ], [ 116.572500000000105, 23.3364 ], [ 116.576000001000011, 23.3358 ], [ 116.5816, 23.3281 ], [ 116.5892, 23.3231 ], [ 116.591799999000045, 23.3037 ], [ 116.5941, 23.3012 ], [ 116.600399999000047, 23.3105 ], [ 116.6061, 23.3108 ], [ 116.6094, 23.3164 ], [ 116.6131, 23.3169 ], [ 116.6266, 23.3146 ], [ 116.6322, 23.3175 ], [ 116.6393, 23.3146 ], [ 116.6435, 23.323400001000039 ], [ 116.648, 23.326500001000056 ], [ 116.6545, 23.335100001000058 ], [ 116.6663, 23.3422 ], [ 116.67, 23.3425 ], [ 116.678500001000089, 23.3392 ], [ 116.6833, 23.3347 ], [ 116.6842, 23.3257 ], [ 116.6908, 23.3217 ], [ 116.7062, 23.3201 ], [ 116.72, 23.313499999000044 ], [ 116.7245, 23.313300001000073 ], [ 116.7266, 23.317300001000035 ], [ 116.727400000000102, 23.3269 ], [ 116.7326, 23.3275 ], [ 116.734200000000101, 23.326700001000063 ], [ 116.748900001000038, 23.32 ], [ 116.754, 23.315499999000053 ], [ 116.754500001, 23.3129 ], [ 116.7522, 23.3079 ], [ 116.760800001, 23.2981 ], [ 116.7658, 23.2849 ], [ 116.7669, 23.253 ], [ 116.774100001000079, 23.2378 ], [ 116.778199999000094, 23.235999999000057 ], [ 116.782099999000025, 23.237 ], [ 116.7877, 23.2417 ], [ 116.79, 23.2419 ], [ 116.7911, 23.2452 ], [ 116.7921, 23.2453 ], [ 116.7941, 23.2457 ], [ 116.8004, 23.2403 ], [ 116.8015, 23.2366 ], [ 116.7966, 23.2301 ], [ 116.7932, 23.2163 ], [ 116.790000001000067, 23.2137 ], [ 116.7811, 23.2106 ], [ 116.776, 23.2172 ], [ 116.7737, 23.2247 ], [ 116.7709, 23.226699999000061 ], [ 116.760899999, 23.2284 ], [ 116.752999999000053, 23.2278 ], [ 116.7479, 23.235999999000057 ], [ 116.7413, 23.2411 ], [ 116.7395, 23.246800001000054 ], [ 116.736700001000031, 23.2482 ], [ 116.7305, 23.247099999000056 ], [ 116.7248, 23.2466 ], [ 116.7132, 23.2425 ], [ 116.7031, 23.2402 ], [ 116.6932, 23.2369 ], [ 116.6837, 23.2277 ], [ 116.6766, 23.2239 ], [ 116.6756, 23.2231 ], [ 116.668599999000094, 23.2169 ], [ 116.660800000000108, 23.2062 ], [ 116.655199999000047, 23.1898 ], [ 116.648600000000101, 23.1858 ], [ 116.6455, 23.178700001000038 ], [ 116.6424, 23.175799999000049 ], [ 116.6423, 23.1683 ], [ 116.639400001000013, 23.164799999000081 ], [ 116.6349, 23.1638 ], [ 116.6297, 23.1658 ], [ 116.6231, 23.1718 ], [ 116.623700001000088, 23.1767 ], [ 116.6212, 23.1798 ], [ 116.6019999990001, 23.185199999000076 ], [ 116.5999, 23.1893 ], [ 116.6013, 23.1953 ], [ 116.597, 23.1971 ], [ 116.5953, 23.1947 ], [ 116.5794, 23.1871 ], [ 116.572500000000105, 23.1813 ], [ 116.544099999000082, 23.1523 ], [ 116.5319, 23.131000001000075 ], [ 116.5286, 23.1116 ], [ 116.52939999900002, 23.1077 ], [ 116.532499999000038, 23.1041 ], [ 116.538599998000109, 23.1004 ], [ 116.5423, 23.0956 ], [ 116.544099999000082, 23.094 ], [ 116.5497, 23.0893 ], [ 116.55, 23.0865 ], [ 116.544800001, 23.083 ], [ 116.5403, 23.0611 ], [ 116.5423, 23.0488 ], [ 116.5497, 23.0395 ], [ 116.552400001000024, 23.028699999000082 ], [ 116.5567, 23.0235 ], [ 116.561, 23.0218 ], [ 116.561499999000034, 23.0195 ], [ 116.547600000000102, 23.011 ], [ 116.540800001000093, 23.0024 ], [ 116.5376, 23.0014 ], [ 116.5343, 23.004300001000047 ], [ 116.5274, 23.0053 ], [ 116.523, 23.004300001000047 ], [ 116.5169, 22.9999 ], [ 116.513, 22.994 ], [ 116.5099, 22.9786 ], [ 116.5046, 22.9698 ], [ 116.503900001000034, 22.9585 ], [ 116.501, 22.953400001000091 ], [ 116.5004, 22.9463 ], [ 116.4888, 22.9426 ], [ 116.4832, 22.937700001000053 ], [ 116.4803, 22.9381 ], [ 116.4752, 22.9445 ], [ 116.4704, 22.9471 ], [ 116.4525000000001, 22.9502 ], [ 116.4444, 22.9457 ], [ 116.440999999000041, 22.9413 ], [ 116.4348, 22.9414 ], [ 116.4267, 22.9383 ], [ 116.4203, 22.9375 ], [ 116.4184, 22.9381 ], [ 116.4131, 22.9399 ], [ 116.4049, 22.9399 ], [ 116.3934, 22.933099999000035 ], [ 116.3887, 22.9348 ], [ 116.3808, 22.931 ], [ 116.3776, 22.9311 ], [ 116.3586, 22.939 ], [ 116.347699999000042, 22.9398 ], [ 116.3261, 22.9526 ], [ 116.322, 22.9595 ], [ 116.317399999000031, 22.963500001000057 ], [ 116.3122, 22.9648 ], [ 116.3045, 22.9637 ], [ 116.3009, 22.968499999000073 ], [ 116.298, 22.9661 ], [ 116.2986, 22.9624 ], [ 116.288199999000085, 22.9599 ], [ 116.261, 22.9495 ], [ 116.2492, 22.9436 ], [ 116.2338, 22.9329 ], [ 116.2122, 22.9146 ], [ 116.2023, 22.9061 ], [ 116.187199999000086, 22.882900001000053 ], [ 116.1806, 22.879999999000063 ], [ 116.1661, 22.864100001000054 ], [ 116.1444, 22.8473 ], [ 116.1373, 22.8465 ], [ 116.1295, 22.8399 ], [ 116.1212, 22.8365 ], [ 116.1125, 22.836099999000055 ], [ 116.1082, 22.8319 ], [ 116.0994, 22.828 ], [ 116.0945, 22.8218 ], [ 116.089900001000046, 22.8205 ], [ 116.0883, 22.8253 ], [ 116.0822, 22.8291 ], [ 116.075200001000098, 22.8519 ], [ 116.0712, 22.8536 ], [ 116.068100001000062, 22.8513 ], [ 116.026300000000106, 22.847899999000049 ], [ 116.0142, 22.8414 ], [ 116.0016, 22.834699999000065 ], [ 115.987600001000033, 22.8326 ], [ 115.978299999, 22.8278 ], [ 115.9623, 22.8121 ], [ 115.9527, 22.7999 ], [ 115.947, 22.8016 ], [ 115.945499999000049, 22.8035 ], [ 115.9459, 22.8058 ], [ 115.9527, 22.810499999000058 ], [ 115.967299999000033, 22.8317 ], [ 115.9655, 22.8342 ], [ 115.9585, 22.8363 ], [ 115.945000001000039, 22.8406 ], [ 115.9454, 22.8365 ], [ 115.952200001000051, 22.8311 ], [ 115.9545, 22.8275 ], [ 115.9496, 22.8159 ], [ 115.9485, 22.8157 ], [ 115.9464, 22.8152 ], [ 115.9428, 22.8114 ], [ 115.9354, 22.8113 ], [ 115.927300001000049, 22.8088 ], [ 115.917, 22.8035 ], [ 115.9049, 22.7911 ], [ 115.9015, 22.7903 ], [ 115.8897, 22.7963 ], [ 115.881, 22.796999999000036 ], [ 115.854599999000015, 22.7843 ], [ 115.8453, 22.7781 ], [ 115.8374, 22.7651 ], [ 115.831100000000106, 22.7548 ], [ 115.8228, 22.7503 ], [ 115.8156, 22.7402 ], [ 115.8121000000001, 22.7408 ], [ 115.807300001000044, 22.7462 ], [ 115.798999999000102, 22.7497 ], [ 115.7939, 22.757600001000071 ], [ 115.7943, 22.7606 ], [ 115.7982, 22.7639 ], [ 115.7957, 22.7843 ], [ 115.8002, 22.789899999000056 ], [ 115.7948, 22.7979 ], [ 115.7927, 22.803999999000041 ], [ 115.793699999000069, 22.81090000100005 ], [ 115.7909, 22.8175 ], [ 115.7883, 22.8214 ], [ 115.7853, 22.821100001000048 ], [ 115.7734, 22.831399999000041 ], [ 115.7652, 22.840799999000069 ], [ 115.753200000000106, 22.846299999000053 ], [ 115.7527, 22.8465 ], [ 115.7275, 22.8533 ], [ 115.697299999000052, 22.8521 ], [ 115.6953, 22.8555 ], [ 115.6982, 22.8664 ], [ 115.697500000000105, 22.872099999000056 ], [ 115.6929, 22.878 ], [ 115.6872, 22.8804 ], [ 115.677, 22.8808 ], [ 115.659199999000066, 22.8777 ], [ 115.6449, 22.8771 ], [ 115.6405, 22.874 ], [ 115.6374, 22.871900001000085 ], [ 115.6265, 22.87049999900006 ], [ 115.623500001000025, 22.8713 ], [ 115.6215, 22.8706 ], [ 115.6107, 22.8669 ], [ 115.5864, 22.8505 ], [ 115.56509999900004, 22.8318 ], [ 115.558700001000034, 22.8243 ], [ 115.5563, 22.8197 ], [ 115.5561, 22.81 ], [ 115.553299999000046, 22.8042 ], [ 115.5397, 22.7933 ], [ 115.5353, 22.7822 ], [ 115.534000000000106, 22.7817 ], [ 115.5297, 22.78 ], [ 115.5256, 22.775799999000071 ], [ 115.5132, 22.7571 ], [ 115.5114, 22.751599999000064 ], [ 115.5148, 22.7459 ], [ 115.5183, 22.7432 ], [ 115.521299999, 22.741 ], [ 115.5242, 22.736 ], [ 115.5423, 22.716 ], [ 115.5489, 22.7114 ], [ 115.552599999000108, 22.7112 ], [ 115.56509999900004, 22.7248 ], [ 115.5677, 22.7309 ], [ 115.5622, 22.7397 ], [ 115.5537, 22.744499999000084 ], [ 115.5516, 22.7473 ], [ 115.5534, 22.7546 ], [ 115.557900001, 22.7527 ], [ 115.5619, 22.754 ], [ 115.5638, 22.7547 ], [ 115.5692, 22.7481 ], [ 115.5737, 22.7452 ], [ 115.5807, 22.7443 ], [ 115.5945, 22.7551 ], [ 115.596500000000106, 22.7524 ], [ 115.5969, 22.7403 ], [ 115.5701, 22.7231 ], [ 115.5627, 22.7151 ], [ 115.558500001000084, 22.7056 ], [ 115.5564, 22.692299999000056 ], [ 115.558900000000108, 22.6849 ], [ 115.5593, 22.6838 ], [ 115.5685, 22.6746 ], [ 115.5747, 22.672 ], [ 115.575000001000035, 22.67019999900009 ], [ 115.5679, 22.668400001000066 ], [ 115.566699999000093, 22.6652 ], [ 115.5713, 22.6602 ], [ 115.5681, 22.6528 ], [ 115.5599, 22.6611 ], [ 115.5575, 22.6594 ], [ 115.5536, 22.667600001000039 ], [ 115.548599999000089, 22.67 ], [ 115.541400001000056, 22.6705 ], [ 115.532800001000055, 22.6678 ], [ 115.5247, 22.6743 ], [ 115.5137, 22.679500001000065 ], [ 115.5113, 22.6857 ], [ 115.502300000000105, 22.6864 ], [ 115.490699999000071, 22.6852 ], [ 115.465, 22.7018 ], [ 115.450200000000109, 22.7028 ], [ 115.4419, 22.698900001000084 ], [ 115.4322, 22.6994 ], [ 115.428999999000098, 22.6979 ], [ 115.4219, 22.6888 ], [ 115.4189, 22.6878 ], [ 115.4074, 22.692600001000073 ], [ 115.401200001, 22.6922 ], [ 115.3946, 22.689 ], [ 115.392899999000065, 22.688900001000036 ], [ 115.382, 22.6883 ], [ 115.3768, 22.6893 ], [ 115.3721, 22.6974 ], [ 115.365200001000062, 22.699099999000055 ], [ 115.3552, 22.7087 ], [ 115.3498, 22.7086 ], [ 115.3442, 22.7128 ], [ 115.3426, 22.7187 ], [ 115.336400001000015, 22.7271 ], [ 115.3362, 22.7321 ], [ 115.340399999000056, 22.741 ], [ 115.3415, 22.7479 ], [ 115.3352000000001, 22.7672 ], [ 115.336400001000015, 22.7707 ], [ 115.342700001000026, 22.7647 ], [ 115.3478, 22.7687 ], [ 115.3418, 22.7791 ], [ 115.320700001000091, 22.791 ], [ 115.3192, 22.7919 ], [ 115.30970000100001, 22.7935 ], [ 115.2946, 22.794699999000045 ], [ 115.2765, 22.794 ], [ 115.260699999000053, 22.792200001000083 ], [ 115.2227, 22.7816 ], [ 115.2216, 22.7839 ], [ 115.223300000000108, 22.7869 ], [ 115.230099999, 22.7901 ], [ 115.2242, 22.7973 ], [ 115.2263, 22.801500001000079 ], [ 115.2315, 22.806 ], [ 115.232300001, 22.8067 ], [ 115.2367, 22.8079 ], [ 115.249699999000086, 22.8067 ], [ 115.266, 22.8144 ], [ 115.2689, 22.8175 ], [ 115.2681, 22.8195 ], [ 115.2587, 22.8202 ], [ 115.2574, 22.822 ], [ 115.262700000000109, 22.827400001000058 ], [ 115.2654, 22.8282 ], [ 115.2718, 22.8265 ], [ 115.2764, 22.8312 ], [ 115.2834, 22.8302 ], [ 115.2929, 22.836 ], [ 115.3016, 22.8346 ], [ 115.311, 22.8424 ], [ 115.3229, 22.8427 ], [ 115.3258, 22.84600000100005 ], [ 115.333300001, 22.850299999000072 ], [ 115.3339, 22.854 ], [ 115.3296, 22.8583 ], [ 115.3305, 22.862 ], [ 115.3289, 22.8658 ], [ 115.33, 22.8693 ], [ 115.329, 22.8718 ], [ 115.3174, 22.877 ], [ 115.3149, 22.8797 ], [ 115.3186, 22.8881 ], [ 115.3168, 22.8917 ], [ 115.3174, 22.897 ], [ 115.324, 22.9162 ], [ 115.3208, 22.9138 ], [ 115.3128, 22.9081 ], [ 115.3072, 22.9068 ], [ 115.302399999000045, 22.908800001000088 ], [ 115.3004, 22.9067 ], [ 115.3032, 22.898 ], [ 115.298900001000106, 22.893999999000073 ], [ 115.2889, 22.8859 ], [ 115.2775, 22.8783 ], [ 115.269, 22.8724 ], [ 115.259899999000027, 22.8634 ], [ 115.2578, 22.8567 ], [ 115.260699999000053, 22.8437 ], [ 115.2563, 22.8417 ], [ 115.25350000100002, 22.8371 ], [ 115.2567, 22.83 ], [ 115.2547, 22.828399999000055 ], [ 115.235500001000105, 22.832900001000041 ], [ 115.2132, 22.8342 ], [ 115.1991, 22.8334 ], [ 115.186299999000084, 22.8296 ], [ 115.1739, 22.822600001000069 ], [ 115.169999999000083, 22.8202 ], [ 115.1683, 22.8128 ], [ 115.162200001000087, 22.809 ], [ 115.1603, 22.8046 ], [ 115.1672, 22.7919 ], [ 115.1699, 22.7908 ], [ 115.1733, 22.7935 ], [ 115.1795, 22.792 ], [ 115.185499999000058, 22.7821 ], [ 115.182100000000105, 22.7806 ], [ 115.179999999000074, 22.775700001000075 ], [ 115.1761, 22.7745 ], [ 115.1718, 22.7773 ], [ 115.1696, 22.7771 ], [ 115.168500000000108, 22.7793 ], [ 115.169700001000024, 22.7816 ], [ 115.1654, 22.7859 ], [ 115.1607, 22.785100001000046 ], [ 115.1523, 22.792900001000078 ], [ 115.147999999000035, 22.7949 ], [ 115.151899999000079, 22.7984 ], [ 115.1478, 22.8029 ], [ 115.1498, 22.8054 ], [ 115.1506, 22.806399999000064 ], [ 115.1476, 22.8098 ], [ 115.1371, 22.8104 ], [ 115.1285, 22.8093 ], [ 115.1118, 22.8036 ], [ 115.1019, 22.798 ], [ 115.0764, 22.7971 ], [ 115.0566, 22.788300001000039 ], [ 115.0518, 22.7829 ], [ 115.04830000100003, 22.7838 ], [ 115.0452, 22.788300001000039 ], [ 115.043099999000106, 22.785 ], [ 115.0443, 22.7788 ], [ 115.0393, 22.7711 ], [ 115.0334, 22.7769 ], [ 115.0323, 22.7824 ], [ 115.0298, 22.781200001000059 ], [ 115.028900001000011, 22.778 ], [ 115.0311, 22.7723 ], [ 115.0354, 22.76799999900004 ], [ 115.042299999000079, 22.7687 ], [ 115.0405, 22.7631 ], [ 115.0398, 22.7479 ], [ 115.0351, 22.7471 ], [ 115.028, 22.742999999000062 ], [ 115.0241, 22.7432 ], [ 115.0156, 22.7356 ], [ 115.0134, 22.7298 ], [ 115.0144, 22.7266 ], [ 115.020000001000085, 22.7219 ], [ 115.0251, 22.7198 ], [ 115.027200000000107, 22.715 ], [ 115.030499999000085, 22.711600001000079 ], [ 115.0303, 22.709800001000076 ], [ 115.025899999000103, 22.7088 ], [ 115.023400001000027, 22.7027 ], [ 115.014700001000051, 22.7027 ], [ 115.0074, 22.6993 ], [ 115.000899999000012, 22.7007 ], [ 115.0, 22.7004 ], [ 114.996, 22.6988 ], [ 114.9784, 22.6831 ], [ 114.9723, 22.6827 ], [ 114.968, 22.684700001000067 ], [ 114.9654, 22.679599999000061 ], [ 114.9588, 22.6693 ], [ 114.9429, 22.6553 ], [ 114.9404, 22.6493 ], [ 114.9318, 22.641 ], [ 114.928500001000089, 22.6354 ], [ 114.921699999, 22.6297 ], [ 114.9179, 22.6186 ], [ 114.91, 22.61060000100008 ], [ 114.9048, 22.6 ], [ 114.9032, 22.5968 ], [ 114.9011, 22.5782 ], [ 114.9125, 22.5631 ], [ 114.913800001000027, 22.559 ], [ 114.9125, 22.5546 ], [ 114.901300000000106, 22.5472 ], [ 114.8943, 22.5493 ], [ 114.8907, 22.5473 ], [ 114.8845, 22.5481 ], [ 114.8777, 22.5424 ], [ 114.878200000000106, 22.552 ], [ 114.8842, 22.5573 ], [ 114.8844, 22.559799999000063 ], [ 114.881, 22.5652 ], [ 114.8831, 22.5671 ], [ 114.8928, 22.567799999000044 ], [ 114.893, 22.569000001000063 ], [ 114.889, 22.57690000100007 ], [ 114.886599999000055, 22.5768 ], [ 114.8822, 22.5827 ], [ 114.8761, 22.5873 ], [ 114.862800000000107, 22.5939 ], [ 114.856000000000108, 22.5955 ], [ 114.846400001, 22.5964 ], [ 114.8353, 22.5938 ], [ 114.825400001000048, 22.594200001000047 ], [ 114.8213, 22.5927 ], [ 114.8211, 22.5909 ], [ 114.813000000000102, 22.5888 ], [ 114.8093, 22.586399999000037 ], [ 114.803400001, 22.5876 ], [ 114.798, 22.5859 ], [ 114.794800001, 22.592 ], [ 114.7928, 22.592600001000051 ], [ 114.786900001000049, 22.592 ], [ 114.7829, 22.594 ], [ 114.7743, 22.5928 ], [ 114.7672, 22.591199999000082 ], [ 114.7611, 22.586 ], [ 114.75730000100009, 22.5891 ], [ 114.7529, 22.5814 ], [ 114.748699999, 22.579399999000088 ], [ 114.7421, 22.5799 ], [ 114.741, 22.5824 ], [ 114.7477, 22.5884 ], [ 114.739499999000031, 22.5976 ], [ 114.7368, 22.6028 ], [ 114.7382, 22.6058 ], [ 114.7415, 22.613 ], [ 114.739499999000031, 22.6205 ], [ 114.7407, 22.635699999000053 ], [ 114.733, 22.6433 ], [ 114.722400000000107, 22.650599999000065 ], [ 114.7272, 22.6565 ], [ 114.7318, 22.6665 ], [ 114.743100001000016, 22.6773 ], [ 114.7449, 22.682 ], [ 114.7443, 22.6863 ], [ 114.7334, 22.7092 ], [ 114.735599999000101, 22.713800001000038 ], [ 114.7368, 22.716399999000089 ], [ 114.7355, 22.7265 ], [ 114.7393, 22.731199999000069 ], [ 114.7436, 22.7433 ], [ 114.7522, 22.753899999000055 ], [ 114.755899999, 22.7553 ], [ 114.770400001000098, 22.7562 ], [ 114.7756, 22.758400001000041 ], [ 114.7882, 22.7732 ], [ 114.7907, 22.7738 ], [ 114.8027, 22.7697 ], [ 114.8134, 22.7762 ], [ 114.8198000000001, 22.7822 ], [ 114.821599999, 22.7875 ], [ 114.784000000000106, 22.8279 ], [ 114.776100001000032, 22.8333 ], [ 114.7765, 22.8223 ], [ 114.770600001000048, 22.8265 ], [ 114.7666, 22.8273 ], [ 114.764, 22.82350000100007 ], [ 114.7719, 22.8095 ], [ 114.7708, 22.798 ], [ 114.7666, 22.7889 ], [ 114.7619, 22.784 ], [ 114.7476, 22.7799 ], [ 114.7352, 22.773599999000055 ], [ 114.7315, 22.7739 ], [ 114.7261, 22.7798 ], [ 114.7186, 22.783 ], [ 114.719700000000103, 22.7869 ], [ 114.71829999900001, 22.789899999000056 ], [ 114.7152, 22.7913 ], [ 114.7121, 22.7927 ], [ 114.708299999000019, 22.7926 ], [ 114.707499999000106, 22.7868 ], [ 114.7008, 22.78980000100006 ], [ 114.6938, 22.7906 ], [ 114.6832, 22.788 ], [ 114.6796, 22.785100001000046 ], [ 114.6835, 22.7815 ], [ 114.6843, 22.7783 ], [ 114.6834, 22.7749 ], [ 114.679999999000074, 22.7734 ], [ 114.6709, 22.773599999000055 ], [ 114.6683, 22.7689 ], [ 114.660800000000108, 22.771 ], [ 114.649, 22.7684 ], [ 114.640900000000101, 22.7647 ], [ 114.6321, 22.7546 ], [ 114.622099999000056, 22.758400001000041 ], [ 114.6164, 22.758 ], [ 114.6153, 22.7571 ], [ 114.600000001000012, 22.744 ], [ 114.5894, 22.7432 ], [ 114.5824, 22.7384 ], [ 114.5785, 22.738299999000049 ], [ 114.5757, 22.740500001000044 ], [ 114.5719, 22.7407 ], [ 114.5697, 22.7342 ], [ 114.558300001000021, 22.7262 ], [ 114.553600001000063, 22.7263 ], [ 114.5461, 22.7291 ], [ 114.5424, 22.7283 ], [ 114.543, 22.7267 ], [ 114.549, 22.7237 ], [ 114.5449, 22.7217 ], [ 114.5432, 22.718500001000052 ], [ 114.5459, 22.7146 ], [ 114.5561, 22.7113 ], [ 114.5628, 22.711699999000075 ], [ 114.5634, 22.7087 ], [ 114.5607, 22.7061 ], [ 114.555499999000062, 22.706 ], [ 114.5559, 22.7037 ], [ 114.5612, 22.7008 ], [ 114.5658, 22.7012 ], [ 114.5679, 22.6987 ], [ 114.5651, 22.6947 ], [ 114.5529, 22.6967 ], [ 114.5396, 22.703 ], [ 114.5341, 22.7099 ], [ 114.5319, 22.7108 ], [ 114.5256, 22.7065 ], [ 114.5189, 22.7058 ], [ 114.5142, 22.6992 ], [ 114.5199, 22.698 ], [ 114.5317, 22.7011 ], [ 114.534499999000104, 22.700099999000088 ], [ 114.5353, 22.6971 ], [ 114.527200000000107, 22.6964 ], [ 114.525, 22.693099999000083 ], [ 114.5328, 22.6922 ], [ 114.5356, 22.6898 ], [ 114.535899999000094, 22.685899999000071 ], [ 114.532899999000051, 22.681899999000052 ], [ 114.5194, 22.6776 ], [ 114.5111, 22.681899999000052 ], [ 114.5074, 22.6807 ], [ 114.505000000000109, 22.6776 ], [ 114.5092, 22.6711 ], [ 114.5058, 22.6618 ], [ 114.491, 22.647300001000076 ], [ 114.490400001000012, 22.6439 ], [ 114.4918, 22.6417 ], [ 114.4922, 22.641199999000037 ], [ 114.502299999, 22.641 ], [ 114.506900001000076, 22.645000001000085 ], [ 114.515300001000014, 22.6457 ], [ 114.517199999000013, 22.6481 ], [ 114.5253, 22.6488 ], [ 114.5328, 22.646 ], [ 114.5446, 22.6478 ], [ 114.5556, 22.645800001000055 ], [ 114.5669, 22.6491 ], [ 114.5699, 22.6549 ], [ 114.5731, 22.6543 ], [ 114.575899999000058, 22.6517 ], [ 114.581599999000105, 22.6534 ], [ 114.5898, 22.650699999000039 ], [ 114.5909, 22.6482 ], [ 114.584400001000063, 22.6354 ], [ 114.5785, 22.6331 ], [ 114.576800001000038, 22.6313 ], [ 114.5745, 22.6289 ], [ 114.5744, 22.616 ], [ 114.57279999900004, 22.6121 ], [ 114.5647, 22.61 ], [ 114.558300001000021, 22.602899999000044 ], [ 114.5519, 22.6004 ], [ 114.5443, 22.591899999000077 ], [ 114.539199999000061, 22.5895 ], [ 114.533100000000104, 22.5888 ], [ 114.528999999, 22.584800001000076 ], [ 114.526300001000095, 22.5845 ], [ 114.5203, 22.5871 ], [ 114.5124, 22.5857 ], [ 114.5055, 22.59030000100006 ], [ 114.500399999000024, 22.5835 ], [ 114.4981, 22.5777 ], [ 114.4965, 22.5615 ], [ 114.4925, 22.5605 ], [ 114.489600001000099, 22.557499999000072 ], [ 114.4994, 22.5465 ], [ 114.5044, 22.5439 ], [ 114.5096, 22.5438 ], [ 114.513, 22.5462 ], [ 114.516300001000104, 22.5521 ], [ 114.520400000000109, 22.5533 ], [ 114.5232, 22.5573 ], [ 114.5226, 22.5614 ], [ 114.5308, 22.5601 ], [ 114.533699999000078, 22.5615 ], [ 114.5361, 22.5657 ], [ 114.5393, 22.5665 ], [ 114.5477, 22.564 ], [ 114.5498, 22.5611 ], [ 114.548500000000104, 22.5571 ], [ 114.5632, 22.5454 ], [ 114.5797, 22.5395 ], [ 114.5809, 22.5392 ], [ 114.5924, 22.536800001000074 ], [ 114.602300001, 22.5383 ], [ 114.6038, 22.5353 ], [ 114.6018, 22.5298 ], [ 114.6062, 22.5241 ], [ 114.6154, 22.5166 ], [ 114.619, 22.5117 ], [ 114.619600001000094, 22.5078 ], [ 114.6118, 22.497 ], [ 114.592999999000085, 22.491099999000085 ], [ 114.5896, 22.4883 ], [ 114.5795, 22.4878 ], [ 114.578299999000023, 22.4859 ], [ 114.576699999000084, 22.4826 ], [ 114.573, 22.4827 ], [ 114.5681, 22.4803 ], [ 114.5605, 22.4789 ], [ 114.5543, 22.472600001000046 ], [ 114.5511, 22.4731 ], [ 114.546000001000039, 22.4769 ], [ 114.5415, 22.4777 ], [ 114.533, 22.474 ], [ 114.5277, 22.4697 ], [ 114.5247, 22.4646 ], [ 114.5258, 22.4593 ], [ 114.50610000100005, 22.4445 ], [ 114.5016, 22.4448 ], [ 114.501, 22.4452 ], [ 114.4976, 22.4477 ], [ 114.4942, 22.4529 ], [ 114.4921, 22.4625 ], [ 114.4901, 22.464200001000052 ], [ 114.4831, 22.4649 ], [ 114.480100000000107, 22.4672 ], [ 114.4807, 22.4798 ], [ 114.4763, 22.4907 ], [ 114.4771, 22.4976 ], [ 114.4756, 22.5038 ], [ 114.479699999000104, 22.5127 ], [ 114.4809, 22.515399999000067 ], [ 114.4822, 22.5279 ], [ 114.4787, 22.5365 ], [ 114.4756, 22.5412 ], [ 114.4672, 22.5469 ], [ 114.456099999, 22.5602 ], [ 114.4504, 22.5632 ], [ 114.4381, 22.5661 ], [ 114.4345, 22.5705 ], [ 114.4311, 22.5835 ], [ 114.4261, 22.5916 ], [ 114.4195, 22.5983 ], [ 114.406300000000101, 22.6058 ], [ 114.4016, 22.6058 ], [ 114.391899999000088, 22.6092 ], [ 114.3803, 22.6091 ], [ 114.376100001000054, 22.6077 ], [ 114.3453, 22.5972 ], [ 114.337000001000092, 22.589 ], [ 114.3313, 22.594999999000038 ], [ 114.3253, 22.5969 ], [ 114.320799999000087, 22.597 ], [ 114.315299999000104, 22.5929 ], [ 114.3083, 22.595199999000044 ], [ 114.3037, 22.5928 ], [ 114.293200001000059, 22.581899999000086 ], [ 114.288, 22.5812 ], [ 114.2815, 22.5838 ], [ 114.272800001000064, 22.5845 ], [ 114.262899999000069, 22.5782 ], [ 114.2606, 22.5764 ], [ 114.2383, 22.559700001000067 ], [ 114.235399999000037, 22.5564 ], [ 114.234800001000053, 22.5558 ], [ 114.2334, 22.5541 ], [ 114.226100001000077, 22.5414 ], [ 114.222100001000058, 22.537200001000087 ], [ 114.209000001000049, 22.5299 ], [ 114.2069, 22.5273 ], [ 114.207900000000109, 22.525500001000069 ], [ 114.2165, 22.5276 ], [ 114.224500001000024, 22.525300001000062 ], [ 114.227400001000092, 22.5275 ], [ 114.230600001000084, 22.5276 ], [ 114.238200001, 22.542 ], [ 114.2462, 22.5404 ], [ 114.253, 22.5431 ], [ 114.2538, 22.543400001000066 ], [ 114.256, 22.543 ], [ 114.2566, 22.5408 ], [ 114.25470000100006, 22.538000001000057 ], [ 114.257, 22.5346 ], [ 114.2646, 22.5318 ], [ 114.2664, 22.5287 ], [ 114.2601, 22.525 ], [ 114.2588, 22.5202 ], [ 114.2633, 22.5187 ], [ 114.2702, 22.5201 ], [ 114.2737, 22.5245 ], [ 114.2765, 22.5237 ], [ 114.2836, 22.516800001000036 ], [ 114.276700001000108, 22.5092 ], [ 114.27, 22.51040000100005 ], [ 114.269100001000083, 22.5079 ], [ 114.271500001000049, 22.5045 ], [ 114.282600001000105, 22.5039 ], [ 114.2891, 22.5011 ], [ 114.2937, 22.497100001000035 ], [ 114.3015, 22.494800001000044 ], [ 114.31, 22.4977 ], [ 114.333, 22.5054 ], [ 114.3346, 22.503 ], [ 114.3235, 22.4951 ], [ 114.314200001000017, 22.4847 ], [ 114.307699999000079, 22.4849 ], [ 114.3004, 22.4753 ], [ 114.2959, 22.47220000100009 ], [ 114.271400001000075, 22.46590000100008 ], [ 114.269500000000107, 22.4615 ], [ 114.258200000000102, 22.454200001000061 ], [ 114.254400001000022, 22.4624 ], [ 114.2554, 22.4632 ], [ 114.264, 22.4702 ], [ 114.275400001000094, 22.471500001000038 ], [ 114.2792, 22.4739 ], [ 114.2828, 22.477700001000073 ], [ 114.279300001000024, 22.4794 ], [ 114.279300001000024, 22.485 ], [ 114.276100001000032, 22.486000001000036 ], [ 114.2593, 22.47930000100007 ], [ 114.251800001000106, 22.47930000100007 ], [ 114.2423, 22.4845 ], [ 114.2398, 22.4837 ], [ 114.241000001000089, 22.4792 ], [ 114.234800001000053, 22.4712 ], [ 114.2319, 22.4647 ], [ 114.2244, 22.4651 ], [ 114.216400001000011, 22.462800001000062 ], [ 114.2055, 22.4633 ], [ 114.205200000000104, 22.4569 ], [ 114.209000001000049, 22.4545 ], [ 114.2142, 22.4538 ], [ 114.2153, 22.4513 ], [ 114.21270000100003, 22.4482 ], [ 114.2165, 22.445300001000078 ], [ 114.211, 22.4419 ], [ 114.2087, 22.4421 ], [ 114.209000001000049, 22.4474 ], [ 114.1989, 22.452600001000064 ], [ 114.191800001000047, 22.4515 ], [ 114.186200001000088, 22.4557 ], [ 114.1825, 22.4558 ], [ 114.1757, 22.4521 ], [ 114.1613, 22.449400001000072 ], [ 114.1601, 22.4466 ], [ 114.173400001, 22.4403 ], [ 114.176000001000034, 22.4372 ], [ 114.1832, 22.4365 ], [ 114.1928, 22.4321 ], [ 114.1935, 22.4318 ], [ 114.197500000000105, 22.4241 ], [ 114.209800001000076, 22.418300001000091 ], [ 114.2077, 22.4083 ], [ 114.2094, 22.4035 ], [ 114.2076, 22.398700001000066 ], [ 114.1881, 22.3769 ], [ 114.1892, 22.3724 ], [ 114.1919, 22.37340000100005 ], [ 114.1945, 22.377600001000076 ], [ 114.1987, 22.376800001000049 ], [ 114.207400001, 22.382100001000083 ], [ 114.2086, 22.3906 ], [ 114.22, 22.4018 ], [ 114.222900001000085, 22.4067 ], [ 114.2275, 22.4147 ], [ 114.235100000000102, 22.423400001000061 ], [ 114.2372, 22.4322 ], [ 114.2412, 22.4332 ], [ 114.246400000000108, 22.4249 ], [ 114.2663, 22.4271 ], [ 114.2684, 22.424 ], [ 114.267300001000081, 22.4216 ], [ 114.2631, 22.4194 ], [ 114.270400001000098, 22.4084 ], [ 114.2729, 22.408000001000062 ], [ 114.2798, 22.416300001000081 ], [ 114.284900000000107, 22.4194 ], [ 114.284800001, 22.4224 ], [ 114.2796, 22.42820000100005 ], [ 114.279100001000074, 22.437600001000078 ], [ 114.276200001, 22.4388 ], [ 114.274500000000103, 22.4396 ], [ 114.2742, 22.4412 ], [ 114.281200001, 22.4469 ], [ 114.2884, 22.445500001000084 ], [ 114.2884, 22.4538 ], [ 114.292400001000033, 22.4502 ], [ 114.2971, 22.4513 ], [ 114.3006, 22.45 ], [ 114.3009, 22.461300001000041 ], [ 114.3128, 22.4688 ], [ 114.3177, 22.476 ], [ 114.321, 22.4748 ], [ 114.322, 22.4677 ], [ 114.329400001000067, 22.4679 ], [ 114.3299, 22.4652 ], [ 114.3281, 22.461 ], [ 114.335, 22.4552 ], [ 114.3395, 22.4397 ], [ 114.3391, 22.4372 ], [ 114.3384, 22.4365 ], [ 114.3348, 22.433100001000071 ], [ 114.3346, 22.4301 ], [ 114.337000001000092, 22.4265 ], [ 114.3395, 22.4262 ], [ 114.342800001, 22.4302 ], [ 114.3477, 22.41740000100009 ], [ 114.351, 22.4162 ], [ 114.35430000100007, 22.4202 ], [ 114.3513, 22.43390000100004 ], [ 114.351500000000101, 22.4412 ], [ 114.357500001000062, 22.4469 ], [ 114.3568, 22.454300001000036 ], [ 114.364300001000061, 22.452 ], [ 114.36710000100004, 22.4472 ], [ 114.364700001000074, 22.4407 ], [ 114.3683, 22.4346 ], [ 114.3829, 22.4335 ], [ 114.3883, 22.4371 ], [ 114.390000001000089, 22.4359 ], [ 114.3931, 22.4338 ], [ 114.398300001000052, 22.4332 ], [ 114.398900001000015, 22.4305 ], [ 114.394200001000058, 22.4239 ], [ 114.395, 22.420300001000044 ], [ 114.4032, 22.411600001000068 ], [ 114.4034, 22.4074 ], [ 114.398900001000015, 22.40770000100008 ], [ 114.3906, 22.4137 ], [ 114.3856, 22.4133 ], [ 114.379400001000022, 22.409 ], [ 114.370000001000108, 22.3949 ], [ 114.3788, 22.391300001000047 ], [ 114.3822, 22.3845 ], [ 114.386800000000108, 22.381 ], [ 114.387700000000109, 22.3743 ], [ 114.3862, 22.3699 ], [ 114.3899, 22.3621 ], [ 114.3883, 22.3589 ], [ 114.3807, 22.3702 ], [ 114.373900001000038, 22.3677 ], [ 114.373700001000088, 22.3652 ], [ 114.377900001000057, 22.360200001000067 ], [ 114.377900001000057, 22.3589 ], [ 114.374500001, 22.3583 ], [ 114.3652, 22.3628 ], [ 114.358200001, 22.3707 ], [ 114.3526, 22.369600001000038 ], [ 114.3431, 22.3737 ], [ 114.3409, 22.3784 ], [ 114.3384, 22.379900001000067 ], [ 114.3363, 22.3769 ], [ 114.3384, 22.3724 ], [ 114.3363, 22.3702 ], [ 114.331000001, 22.372800001000087 ], [ 114.326800001000038, 22.37200000100006 ], [ 114.3203, 22.3759 ], [ 114.3143, 22.377600001000076 ], [ 114.309900001000074, 22.3825 ], [ 114.3069, 22.3831 ], [ 114.306600001000106, 22.3785 ], [ 114.3046, 22.3788 ], [ 114.2937, 22.3802 ], [ 114.2883, 22.386900001000072 ], [ 114.2845, 22.3886 ], [ 114.2806, 22.386200001000077 ], [ 114.2768, 22.388400001000036 ], [ 114.2747, 22.379600001000085 ], [ 114.2701, 22.375600001000066 ], [ 114.2684, 22.368200001000048 ], [ 114.276100001000032, 22.3479 ], [ 114.274, 22.344 ], [ 114.267599999000026, 22.350200001000076 ], [ 114.262700000000109, 22.3496 ], [ 114.266000001000066, 22.3591 ], [ 114.2639, 22.3627 ], [ 114.256300001, 22.3538 ], [ 114.248900001000038, 22.3551 ], [ 114.2486, 22.3541 ], [ 114.248, 22.35170000100004 ], [ 114.24960000100009, 22.3494 ], [ 114.2595, 22.3483 ], [ 114.2645, 22.3457 ], [ 114.266700001, 22.3405 ], [ 114.2647, 22.3338 ], [ 114.2705, 22.3241 ], [ 114.2697, 22.319 ], [ 114.271500001000049, 22.3161 ], [ 114.285800000000108, 22.3168 ], [ 114.2902, 22.3038 ], [ 114.293200001000059, 22.3023 ], [ 114.2986, 22.3059 ], [ 114.303, 22.3056 ], [ 114.3059, 22.3004 ], [ 114.3109, 22.2971 ], [ 114.311300001000063, 22.294600001000049 ], [ 114.3064, 22.285200001000078 ], [ 114.297600000000102, 22.2807 ], [ 114.297, 22.2803 ], [ 114.2904, 22.2854 ], [ 114.288700001000052, 22.2854 ], [ 114.2863, 22.2757 ], [ 114.2884, 22.2707 ], [ 114.2931, 22.271 ], [ 114.2969, 22.2748 ], [ 114.299700001000019, 22.273300001000052 ], [ 114.297700001000067, 22.2661 ], [ 114.3033, 22.2619 ], [ 114.301200000000108, 22.260000001000037 ], [ 114.297700001000067, 22.2597 ], [ 114.2957, 22.2534 ], [ 114.292700001000071, 22.25610000100005 ], [ 114.2913, 22.260000001000037 ], [ 114.2855, 22.2632 ], [ 114.277700001000085, 22.2614 ], [ 114.2737, 22.267900001000044 ], [ 114.2766, 22.2723 ], [ 114.273000001000014, 22.2747 ], [ 114.2703, 22.2713 ], [ 114.266000001000066, 22.266200001000072 ], [ 114.2631, 22.2674 ], [ 114.2616, 22.2678 ], [ 114.262700000000109, 22.2698 ], [ 114.2631, 22.272700001000089 ], [ 114.268600000000106, 22.2777 ], [ 114.2692, 22.2806 ], [ 114.267300001000081, 22.2806 ], [ 114.2635, 22.2802 ], [ 114.260900000000106, 22.2822 ], [ 114.262700000000109, 22.2877 ], [ 114.2605, 22.2928 ], [ 114.258900001000029, 22.2944 ], [ 114.2522, 22.2964 ], [ 114.250400001, 22.2911 ], [ 114.2405, 22.28 ], [ 114.2362, 22.282600001000048 ], [ 114.2313, 22.2889 ], [ 114.2299, 22.2934 ], [ 114.220600001000093, 22.2982 ], [ 114.215900001000023, 22.3033 ], [ 114.214300001000083, 22.3063 ], [ 114.2107, 22.3128 ], [ 114.2022, 22.3204 ], [ 114.199300000000108, 22.321 ], [ 114.1991, 22.317700001000048 ], [ 114.2076, 22.3091 ], [ 114.20780000100001, 22.3038 ], [ 114.203500001000066, 22.3052 ], [ 114.194100001000038, 22.3137 ], [ 114.190900001000045, 22.3131 ], [ 114.1874, 22.3084 ], [ 114.1895, 22.2972 ], [ 114.188000000000102, 22.29670000100009 ], [ 114.180700001000105, 22.3004 ], [ 114.177600001000087, 22.2918 ], [ 114.1732, 22.291 ], [ 114.1694, 22.2879 ], [ 114.1669, 22.2882 ], [ 114.1645, 22.294 ], [ 114.162700001000076, 22.2931 ], [ 114.1583, 22.2929 ], [ 114.156, 22.2944 ], [ 114.156400001000065, 22.29750000100006 ], [ 114.158100001000093, 22.3021 ], [ 114.158, 22.308500001000084 ], [ 114.1574, 22.3123 ], [ 114.1561, 22.314100001000043 ], [ 114.15770000100008, 22.3181 ], [ 114.155000001000076, 22.3216 ], [ 114.147700001000089, 22.3265 ], [ 114.1374, 22.32550000100008 ], [ 114.133800001000054, 22.3243 ], [ 114.1301, 22.3238 ], [ 114.1281, 22.3206 ], [ 114.1295, 22.3174 ], [ 114.1429, 22.3151 ], [ 114.1379, 22.3096 ], [ 114.135100001000069, 22.3123 ], [ 114.1289, 22.3137 ], [ 114.1266, 22.311600001000045 ], [ 114.1248, 22.3109 ], [ 114.119600001000094, 22.3135 ], [ 114.1154, 22.3185 ], [ 114.1136, 22.3195 ], [ 114.111900000000105, 22.322000001000049 ], [ 114.112600001000033, 22.3238 ], [ 114.114900001000024, 22.3243 ], [ 114.1179, 22.32550000100008 ], [ 114.118900001000043, 22.3275 ], [ 114.118900001000043, 22.3291 ], [ 114.1171, 22.3319 ], [ 114.1174, 22.3335 ], [ 114.119400001000031, 22.3347 ], [ 114.121400000000108, 22.33830000100005 ], [ 114.120500000000106, 22.3417 ], [ 114.1258, 22.3515 ], [ 114.125, 22.353100001000087 ], [ 114.123, 22.3528 ], [ 114.112600001000033, 22.3412 ], [ 114.110200001000067, 22.345300001000055 ], [ 114.111800001, 22.3488 ], [ 114.10940000100004, 22.353300001000036 ], [ 114.1099, 22.3597 ], [ 114.107100001000049, 22.3636 ], [ 114.10310000100003, 22.364300001000061 ], [ 114.097400001000096, 22.362500001000058 ], [ 114.091600001000074, 22.3608 ], [ 114.0761, 22.359300001000065 ], [ 114.066400001000034, 22.3567 ], [ 114.0557, 22.357100001000049 ], [ 114.049400000000105, 22.3541 ], [ 114.0403, 22.3534 ], [ 114.032100001, 22.349200001000042 ], [ 114.0182, 22.3494 ], [ 114.0139, 22.3514 ], [ 114.0128, 22.355 ], [ 114.005000000000109, 22.3541 ], [ 114.002400001000069, 22.3577 ], [ 114.000000001000103, 22.357 ], [ 113.9939, 22.3632 ], [ 113.991599999000073, 22.3654 ], [ 113.9926, 22.3683 ], [ 113.9913, 22.369700001000069 ], [ 113.9816, 22.3713 ], [ 113.9766, 22.374 ], [ 113.9754, 22.383500001000073 ], [ 113.972, 22.3863 ], [ 113.968600001000027, 22.3866 ], [ 113.963700001, 22.3839 ], [ 113.961700001000054, 22.3743 ], [ 113.9437, 22.362300001000051 ], [ 113.941300001000059, 22.362300001000051 ], [ 113.932700001000057, 22.3659 ], [ 113.9261, 22.3668 ], [ 113.918600001000073, 22.372800001000087 ], [ 113.916000001000043, 22.3762 ], [ 113.919900001000087, 22.3777 ], [ 113.9206, 22.379600001000085 ], [ 113.92, 22.3825 ], [ 113.9197, 22.3839 ], [ 113.9135, 22.3922 ], [ 113.9133, 22.3974 ], [ 113.910700001, 22.400200001000087 ], [ 113.9011, 22.403 ], [ 113.901800001000083, 22.404800001000069 ], [ 113.917600000000107, 22.415600001000087 ], [ 113.9332, 22.4176 ], [ 113.936400001000038, 22.4202 ], [ 113.932700001000057, 22.4232 ], [ 113.9431, 22.428 ], [ 113.9461, 22.4356 ], [ 113.958, 22.4443 ], [ 113.969700000000103, 22.4482 ], [ 113.974700001000087, 22.452 ], [ 113.9759, 22.4544 ], [ 113.978600001000018, 22.4603 ], [ 113.984200000000101, 22.467500001000076 ], [ 113.9927, 22.4733 ], [ 113.993600001, 22.4796 ], [ 114.000000001000103, 22.477500001000067 ], [ 114.000800001000016, 22.4707 ], [ 114.0033, 22.4716 ], [ 114.0068, 22.4773 ], [ 114.008500001000016, 22.477600001000042 ], [ 114.009100000000103, 22.4679 ], [ 114.019, 22.468300001000046 ], [ 114.0207, 22.456600001000083 ], [ 114.0253, 22.451 ], [ 114.0201, 22.445500001000084 ], [ 114.021600001000024, 22.444900001000065 ], [ 114.0311, 22.4482 ], [ 114.0393, 22.448000001000082 ], [ 114.0402, 22.4492 ], [ 114.039100001000065, 22.4512 ], [ 114.0302, 22.4528 ], [ 114.027100001, 22.4554 ], [ 114.0253, 22.4597 ], [ 114.0244, 22.462000001000035 ], [ 114.0235, 22.4672 ], [ 114.024800001000017, 22.4703 ], [ 114.03, 22.4707 ], [ 114.025800001000107, 22.4781 ], [ 114.0253, 22.483200001000057 ], [ 114.0283, 22.489 ], [ 114.037900001000025, 22.490000001000055 ], [ 114.037, 22.4959 ], [ 114.0461, 22.4969 ], [ 114.049100001000056, 22.5001 ], [ 114.04, 22.502000001000056 ], [ 114.037600001000101, 22.5037 ], [ 114.0369, 22.504200001000072 ], [ 114.0369, 22.505 ], [ 114.037, 22.5143 ], [ 114.0348, 22.515399999000067 ], [ 114.029799999000033, 22.508299999000087 ], [ 114.026100001000032, 22.5085 ], [ 114.0179, 22.5167 ], [ 114.0111, 22.51919999900008 ], [ 114.0025, 22.5196 ], [ 114.0, 22.5189 ], [ 113.9698, 22.5317 ], [ 113.9659, 22.5289 ], [ 113.9606, 22.5287 ], [ 113.9525000000001, 22.525 ], [ 113.9471, 22.5256 ], [ 113.940200001000107, 22.5302 ], [ 113.935699999, 22.5299 ], [ 113.931200000000104, 22.5274 ], [ 113.9267, 22.5214 ], [ 113.9237, 22.5115 ], [ 113.9234, 22.504499999000075 ], [ 113.9281, 22.4885 ], [ 113.9278, 22.4843 ], [ 113.9259, 22.4827 ], [ 113.912800001000051, 22.483999999000048 ], [ 113.897900001000039, 22.47 ], [ 113.887700000000109, 22.4667 ], [ 113.8846, 22.467 ], [ 113.883499999000037, 22.4711 ], [ 113.880000001000099, 22.4744 ], [ 113.8737, 22.4721 ], [ 113.869600000000105, 22.491 ], [ 113.8708, 22.4937 ], [ 113.8739, 22.495 ], [ 113.8882, 22.4954 ], [ 113.891600001000029, 22.498 ], [ 113.8929, 22.5076 ], [ 113.8969, 22.5089 ], [ 113.9002, 22.513 ], [ 113.908100001000093, 22.51579999900008 ], [ 113.9091, 22.5203 ], [ 113.9067, 22.5329 ], [ 113.90650000100004, 22.5336 ], [ 113.8913, 22.5483 ], [ 113.881600001000038, 22.5547 ], [ 113.8733, 22.5581 ], [ 113.8689, 22.5599 ], [ 113.8661, 22.564699999000084 ], [ 113.8658, 22.5641 ], [ 113.860400001000016, 22.555000001000053 ], [ 113.8561, 22.5587 ], [ 113.852, 22.5681 ], [ 113.8343, 22.5805 ], [ 113.8282, 22.591800001000081 ], [ 113.8255, 22.6062 ], [ 113.806400001000043, 22.6384 ], [ 113.795699999000021, 22.6504 ], [ 113.787, 22.6601 ], [ 113.7683, 22.695 ], [ 113.768999999000016, 22.7202 ], [ 113.763699999000096, 22.7198 ], [ 113.7607, 22.7308 ], [ 113.761800001000097, 22.7362 ], [ 113.7766, 22.7448 ], [ 113.7842, 22.7507 ], [ 113.7838, 22.7528 ], [ 113.7727000000001, 22.746999999000082 ], [ 113.7662, 22.7453 ], [ 113.762699999, 22.7467 ], [ 113.760200001000044, 22.7515 ], [ 113.7567, 22.753099999000085 ], [ 113.752, 22.758400001000041 ], [ 113.7304, 22.7653 ], [ 113.7251, 22.7653 ], [ 113.719, 22.7698 ], [ 113.7131, 22.7673 ], [ 113.711700001000054, 22.7603 ], [ 113.706100000000106, 22.7589 ], [ 113.700200000000109, 22.7545 ], [ 113.6799, 22.7475 ], [ 113.6693, 22.7443 ], [ 113.662200001000087, 22.7456 ], [ 113.66, 22.7519 ], [ 113.6555, 22.7578 ], [ 113.6587, 22.7633 ], [ 113.659900000000107, 22.772099999000091 ], [ 113.6639, 22.7782 ], [ 113.6642, 22.7873 ], [ 113.6672, 22.8006 ], [ 113.6668, 22.8081 ], [ 113.661699999, 22.8165 ], [ 113.649399999000025, 22.831300001000045 ], [ 113.6461, 22.8288 ], [ 113.637300001000085, 22.8301 ], [ 113.6334, 22.8327 ], [ 113.6262, 22.8434 ], [ 113.624100001000102, 22.834400001000063 ], [ 113.621, 22.8248 ], [ 113.6173, 22.8206 ], [ 113.6144, 22.8194 ], [ 113.6083, 22.834699999000065 ], [ 113.6002, 22.8465 ], [ 113.5988, 22.8561 ], [ 113.601500000000101, 22.8756 ], [ 113.600099999, 22.8792 ], [ 113.6012, 22.8847 ], [ 113.603799999000103, 22.888 ], [ 113.618, 22.8958 ], [ 113.6184, 22.8991 ], [ 113.6154, 22.9076 ], [ 113.613999999000043, 22.9114 ], [ 113.613, 22.90419999900007 ], [ 113.6097, 22.898699999000087 ], [ 113.5977, 22.8881 ], [ 113.5955, 22.8808 ], [ 113.5967, 22.8706 ], [ 113.5958, 22.8655 ], [ 113.5934, 22.866 ], [ 113.5869, 22.872199999000088 ], [ 113.582799999000031, 22.8814 ], [ 113.5845, 22.891 ], [ 113.594599999000025, 22.911 ], [ 113.5887, 22.9159 ], [ 113.585, 22.9065 ], [ 113.5794, 22.8984 ], [ 113.5751, 22.8957 ], [ 113.5712, 22.9003 ], [ 113.567899999000019, 22.918 ], [ 113.5687, 22.9242 ], [ 113.561500001000013, 22.9273 ], [ 113.5566, 22.9343 ], [ 113.5484, 22.953699999000037 ], [ 113.5499, 22.9589 ], [ 113.555299999, 22.9657 ], [ 113.552100001000099, 22.9689 ], [ 113.5493, 22.966700001000049 ], [ 113.5469, 22.9676 ], [ 113.5221, 23.0343 ], [ 113.519500000000107, 23.0412 ], [ 113.5205, 23.0447 ], [ 113.531300000000101, 23.052600001000087 ], [ 113.5268, 23.0575 ], [ 113.516800000000103, 23.0469 ], [ 113.5097, 23.0539 ], [ 113.502899999000078, 23.057400001000076 ], [ 113.496400000000108, 23.0634 ], [ 113.4906, 23.0756 ], [ 113.4861, 23.0802 ], [ 113.4758, 23.0861 ], [ 113.4652, 23.09 ], [ 113.4328, 23.0933 ], [ 113.4361, 23.0865 ], [ 113.4399, 23.0877 ], [ 113.4462, 23.0869 ], [ 113.450200000000109, 23.0869 ], [ 113.4541, 23.085 ], [ 113.4581, 23.084199999000077 ], [ 113.458200001000023, 23.081700001000058 ], [ 113.4531, 23.0821 ], [ 113.4486, 23.081799999000054 ], [ 113.438099999000087, 23.0811 ], [ 113.4408, 23.0736 ], [ 113.4459, 23.0743 ], [ 113.471, 23.0648 ], [ 113.4871, 23.0577 ], [ 113.496500001000072, 23.0479 ], [ 113.502099999000052, 23.0405 ], [ 113.5048, 23.0227 ], [ 113.5108, 23.010699999000053 ], [ 113.5102, 22.9936 ], [ 113.4943, 22.961 ], [ 113.4925, 22.947399999000083 ], [ 113.4923, 22.935499999000058 ], [ 113.496400000000108, 22.919 ], [ 113.508, 22.8908 ], [ 113.510900000000106, 22.8824 ], [ 113.5133, 22.862699999000085 ], [ 113.519500000000107, 22.8437 ], [ 113.52169999900002, 22.841300001000036 ], [ 113.5302, 22.832 ], [ 113.5367, 22.8281 ], [ 113.543400001, 22.8271 ], [ 113.5543, 22.8218 ], [ 113.559900001000074, 22.822 ], [ 113.565400001000057, 22.8202 ], [ 113.5815, 22.8095 ], [ 113.582500001000085, 22.8062 ], [ 113.5806, 22.7976 ], [ 113.5915, 22.783 ], [ 113.5939, 22.7759 ], [ 113.5971, 22.7718 ], [ 113.6126, 22.7643 ], [ 113.613199999000017, 22.7629 ], [ 113.6165, 22.7549 ], [ 113.610000001, 22.7487 ], [ 113.6123, 22.743500001000086 ], [ 113.6104, 22.7415 ], [ 113.574300000000108, 22.7391 ], [ 113.56629999900008, 22.741 ], [ 113.5574, 22.7467 ], [ 113.5264, 22.7751 ], [ 113.5213, 22.7779 ], [ 113.5176, 22.7781 ], [ 113.5111, 22.7779 ], [ 113.5025, 22.7806 ], [ 113.491000001000089, 22.788 ], [ 113.4849, 22.7938 ], [ 113.4832, 22.8 ], [ 113.4875, 22.8137 ], [ 113.485500001000105, 22.821 ], [ 113.4825, 22.8246 ], [ 113.477, 22.813 ], [ 113.476, 22.7998 ], [ 113.4603, 22.8088 ], [ 113.465600000000109, 22.8006 ], [ 113.4516, 22.801 ], [ 113.4355, 22.8048 ], [ 113.426299999000094, 22.8092 ], [ 113.4209, 22.8137 ], [ 113.4125, 22.829700001000049 ], [ 113.4093, 22.8331 ], [ 113.4084, 22.8279 ], [ 113.41, 22.821100001000048 ], [ 113.4146, 22.8139 ], [ 113.425200001, 22.803900001000045 ], [ 113.4532, 22.796 ], [ 113.479, 22.7888 ], [ 113.4917, 22.782 ], [ 113.5053, 22.7718 ], [ 113.513099999000019, 22.7718 ], [ 113.5164, 22.77 ], [ 113.523299999000074, 22.763200001000087 ], [ 113.5064, 22.7654 ], [ 113.495700001000046, 22.7637 ], [ 113.486599999000077, 22.7642 ], [ 113.474700001000087, 22.7699 ], [ 113.4699, 22.7709 ], [ 113.468, 22.7676 ], [ 113.4606, 22.7652 ], [ 113.4596, 22.7633 ], [ 113.470600000000104, 22.7638 ], [ 113.4743, 22.7639 ], [ 113.4778, 22.7628 ], [ 113.4541, 22.7472 ], [ 113.434800000000109, 22.7412 ], [ 113.4257, 22.7423 ], [ 113.3819, 22.7637 ], [ 113.3754, 22.7686 ], [ 113.376, 22.7798 ], [ 113.3462, 22.8046 ], [ 113.343199999000035, 22.7983 ], [ 113.348400001000073, 22.7936 ], [ 113.3547, 22.774800001000074 ], [ 113.3572, 22.7692 ], [ 113.360499999000012, 22.7684 ], [ 113.3648, 22.7634 ], [ 113.3758, 22.7548 ], [ 113.3777, 22.7514 ], [ 113.3824, 22.753099999000085 ], [ 113.385300001000019, 22.7524 ], [ 113.4094, 22.735800001000086 ], [ 113.4166, 22.732600001000037 ], [ 113.4286, 22.7317 ], [ 113.435, 22.7292 ], [ 113.453500001000066, 22.7166 ], [ 113.479, 22.702399999000079 ], [ 113.4922, 22.6925 ], [ 113.4967, 22.6816 ], [ 113.5025, 22.6736 ], [ 113.5253, 22.6538 ], [ 113.5326, 22.6404 ], [ 113.5386, 22.6328 ], [ 113.5378, 22.6297 ], [ 113.538, 22.6278 ], [ 113.547, 22.6182 ], [ 113.5499, 22.612800001000039 ], [ 113.5486, 22.6074 ], [ 113.5667, 22.5914 ], [ 113.5684, 22.5888 ], [ 113.5642, 22.5844 ], [ 113.54, 22.5804 ], [ 113.5062, 22.5788 ], [ 113.486699999000052, 22.5743 ], [ 113.479099999000027, 22.5745 ], [ 113.4615, 22.5847 ], [ 113.4522, 22.5931 ], [ 113.4461, 22.5892 ], [ 113.4658, 22.574699999000075 ], [ 113.4576, 22.5745 ], [ 113.457900000000109, 22.5718 ], [ 113.4763, 22.5696 ], [ 113.5202, 22.5732 ], [ 113.5376, 22.5731 ], [ 113.5541, 22.5695 ], [ 113.564699999000027, 22.5619 ], [ 113.5672, 22.557499999000072 ], [ 113.5683, 22.551 ], [ 113.5625, 22.530800001000046 ], [ 113.5656, 22.5249 ], [ 113.57019999900001, 22.5169 ], [ 113.5705, 22.5044 ], [ 113.570700001000091, 22.493299999000044 ], [ 113.568, 22.4878 ], [ 113.5572, 22.478 ], [ 113.555299999, 22.4739 ], [ 113.5583, 22.4629 ], [ 113.543500000000108, 22.437099999000054 ], [ 113.5346, 22.411600001000068 ], [ 113.5336, 22.4019 ], [ 113.534800001, 22.3975 ], [ 113.5382, 22.3928 ], [ 113.5416, 22.3922 ], [ 113.543200001000059, 22.3919 ], [ 113.5424, 22.3877 ], [ 113.5437, 22.3858 ], [ 113.5585, 22.3775 ], [ 113.5609, 22.377200001000062 ], [ 113.5649, 22.3819 ], [ 113.5719, 22.374 ], [ 113.597400001000096, 22.3674 ], [ 113.6052, 22.3674 ], [ 113.613700001000097, 22.369600001000038 ], [ 113.61450000100001, 22.3737 ], [ 113.6225, 22.3732 ], [ 113.6231, 22.3718 ], [ 113.616300001000013, 22.3662 ], [ 113.6076, 22.352599999000063 ], [ 113.600699999000085, 22.3532 ], [ 113.5963, 22.3557 ], [ 113.5948, 22.354899999000054 ], [ 113.5875, 22.339000001000045 ], [ 113.589099999000041, 22.3331 ], [ 113.5966, 22.32490000100006 ], [ 113.5984, 22.3192 ], [ 113.6031, 22.31489999900009 ], [ 113.597400001000096, 22.3124 ], [ 113.587000000000103, 22.3117 ], [ 113.5827, 22.3098 ], [ 113.5755, 22.303000001000044 ], [ 113.570100001000014, 22.2926 ], [ 113.5698000000001, 22.2904 ], [ 113.575, 22.2803 ], [ 113.5797, 22.263 ], [ 113.5808, 22.2627 ], [ 113.5869, 22.2613 ], [ 113.588800001000095, 22.2589 ], [ 113.5892, 22.2507 ], [ 113.5871, 22.2429 ], [ 113.5816, 22.2422 ], [ 113.574300000000108, 22.2367 ], [ 113.5633, 22.2329 ], [ 113.558900001000097, 22.229699999000047 ], [ 113.55440000100009, 22.2211 ], [ 113.5509, 22.21450000100009 ], [ 113.5501, 22.213 ], [ 113.5524, 22.2082 ], [ 113.551200000000108, 22.205400001000044 ], [ 113.5545, 22.2005 ], [ 113.5583, 22.2 ], [ 113.563900001000093, 22.196700001000067 ], [ 113.5658, 22.1937 ], [ 113.565700001000096, 22.189 ], [ 113.5495, 22.1833 ], [ 113.5469, 22.1859 ], [ 113.546000001000039, 22.1861 ], [ 113.5377, 22.188 ], [ 113.530300001, 22.1804 ], [ 113.5293, 22.1843 ], [ 113.5343, 22.192 ], [ 113.535200001000021, 22.2003 ], [ 113.539000000000101, 22.20620000100007 ], [ 113.532200000000103, 22.2079 ], [ 113.5317, 22.208 ], [ 113.529, 22.2136 ], [ 113.5266, 22.2183 ], [ 113.5179, 22.230399999000042 ], [ 113.512700000000109, 22.2351 ], [ 113.5077, 22.2355 ], [ 113.493700000000104, 22.2309 ], [ 113.4818, 22.231099999000037 ], [ 113.471500000000106, 22.2356 ], [ 113.453400000000101, 22.2392 ], [ 113.449300000000108, 22.236500001000081 ], [ 113.4476, 22.2322 ], [ 113.448800001000109, 22.2282 ], [ 113.4518, 22.2258 ], [ 113.453400000000101, 22.231600001000061 ], [ 113.457200001000047, 22.2331 ], [ 113.4652, 22.23349999900006 ], [ 113.4731, 22.231800001000067 ], [ 113.4772, 22.2284 ], [ 113.454300001000092, 22.2204 ], [ 113.453500001000066, 22.2171 ], [ 113.455800001000057, 22.1972 ], [ 113.457400001, 22.182699999000079 ], [ 113.455200000000104, 22.1765 ], [ 113.4515, 22.1735 ], [ 113.4477, 22.1728 ], [ 113.429400000000101, 22.1808 ], [ 113.423600001000068, 22.1858 ], [ 113.4196, 22.1917 ], [ 113.415299999000013, 22.2032 ], [ 113.4144, 22.2212 ], [ 113.4209, 22.2425 ], [ 113.4288, 22.251400001000036 ], [ 113.424, 22.2494 ], [ 113.4195, 22.2465 ], [ 113.414800001, 22.2377 ], [ 113.4084, 22.2071 ], [ 113.404200001000049, 22.2087 ], [ 113.393, 22.2237 ], [ 113.392499999000052, 22.2242 ], [ 113.371499999000093, 22.2494 ], [ 113.353100002000019, 22.2652 ], [ 113.3508, 22.275 ], [ 113.3561, 22.2935 ], [ 113.3545, 22.2987 ], [ 113.3362, 22.315 ], [ 113.3309, 22.3269 ], [ 113.3287, 22.3338 ], [ 113.3097, 22.3631 ], [ 113.307299999000065, 22.3718 ], [ 113.3075, 22.383 ], [ 113.30460000100004, 22.3754 ], [ 113.3036, 22.372 ], [ 113.307, 22.3613 ], [ 113.3236, 22.3346 ], [ 113.322199999000077, 22.333 ], [ 113.3184, 22.3327 ], [ 113.312799999000049, 22.3372 ], [ 113.3039, 22.3509 ], [ 113.2779, 22.3762 ], [ 113.2749, 22.3728 ], [ 113.294600001000049, 22.3495 ], [ 113.307100000000105, 22.325099999000088 ], [ 113.3151, 22.30089999900008 ], [ 113.3248, 22.2791 ], [ 113.339, 22.2529 ], [ 113.3427, 22.247 ], [ 113.3411, 22.243500001000086 ], [ 113.333799999, 22.237499999000079 ], [ 113.3263, 22.2284 ], [ 113.3246, 22.2155 ], [ 113.3359, 22.1978 ], [ 113.3367, 22.1938 ], [ 113.3328, 22.1915 ], [ 113.3322, 22.1859 ], [ 113.309300001, 22.1975 ], [ 113.3043, 22.2018 ], [ 113.2952, 22.2195 ], [ 113.2904, 22.2163 ], [ 113.301999999000031, 22.1971 ], [ 113.3067, 22.1927 ], [ 113.310399999000083, 22.1832 ], [ 113.3108, 22.1781 ], [ 113.309599999000056, 22.175599999000042 ], [ 113.304000001000077, 22.1719 ], [ 113.3036, 22.1555 ], [ 113.3008, 22.1556 ], [ 113.2984, 22.146 ], [ 113.2914, 22.14 ], [ 113.2783, 22.1332 ], [ 113.2673, 22.1248 ], [ 113.256399999, 22.111300001000075 ], [ 113.2549, 22.103699999000071 ], [ 113.256900001000076, 22.0976 ], [ 113.257199999000022, 22.0883 ], [ 113.2689, 22.0789 ], [ 113.2661, 22.0576 ], [ 113.2625, 22.0544 ], [ 113.2554, 22.054 ], [ 113.252300000000105, 22.048099999000044 ], [ 113.22579999900006, 22.0392 ], [ 113.2198, 22.03840000100007 ], [ 113.2146, 22.0408 ], [ 113.208400001000086, 22.047399999000049 ], [ 113.2075, 22.0528 ], [ 113.2119, 22.0673 ], [ 113.2117, 22.0737 ], [ 113.2058, 22.0809 ], [ 113.2018, 22.0817 ], [ 113.2019, 22.0794 ], [ 113.207899999, 22.073 ], [ 113.208699999000032, 22.0693 ], [ 113.2058, 22.063 ], [ 113.2039, 22.0613 ], [ 113.198499999000092, 22.0568 ], [ 113.186699999000098, 22.0532 ], [ 113.1687, 22.0531 ], [ 113.132899999000074, 22.070699999000055 ], [ 113.1151, 22.075100001000067 ], [ 113.111900000000105, 22.0775 ], [ 113.1104, 22.0807 ], [ 113.1111, 22.086200001000066 ], [ 113.1163, 22.0962 ], [ 113.1195, 22.1081 ], [ 113.1215, 22.1142 ], [ 113.1351, 22.1368 ], [ 113.1315, 22.1483 ], [ 113.1314, 22.1571 ], [ 113.1258, 22.1635 ], [ 113.11690000100009, 22.1954 ], [ 113.116399999, 22.2014 ], [ 113.1249, 22.215599999000062 ], [ 113.1435, 22.2227 ], [ 113.1546, 22.228600001000075 ], [ 113.1506, 22.233300001000089 ], [ 113.1306, 22.2258 ], [ 113.1176, 22.216 ], [ 113.1079, 22.2105 ], [ 113.1034, 22.2098 ], [ 113.0891, 22.2256 ], [ 113.0846, 22.2575 ], [ 113.0767, 22.2789 ], [ 113.075200000000109, 22.282799999000076 ], [ 113.0737, 22.2917 ], [ 113.0775000000001, 22.3065 ], [ 113.0785, 22.33 ], [ 113.0757, 22.3504 ], [ 113.0763, 22.404099999000039 ], [ 113.0703, 22.4249 ], [ 113.080200000000104, 22.461999999000057 ], [ 113.08, 22.4685 ], [ 113.077800001000014, 22.4696 ], [ 113.0695, 22.4404 ], [ 113.0669, 22.4337 ], [ 113.0642, 22.434 ], [ 113.0537, 22.4395 ], [ 113.0524, 22.4399 ], [ 113.023800001000041, 22.4496 ], [ 113.0173, 22.454299999000057 ], [ 113.0163, 22.462600001000055 ], [ 113.0174, 22.484699999000043 ], [ 113.0135, 22.4923 ], [ 113.0007, 22.502600001000076 ], [ 112.984799999000074, 22.5071 ], [ 112.9632, 22.5047 ], [ 112.9645, 22.4976 ], [ 112.9714, 22.4984 ], [ 112.979, 22.4935 ], [ 112.9804, 22.4876 ], [ 112.979200001000095, 22.4844 ], [ 112.971, 22.484799999000074 ], [ 112.969099999000036, 22.483 ], [ 112.976100001000077, 22.4791 ], [ 112.9843, 22.4702 ], [ 112.9914, 22.451 ], [ 112.9971, 22.4458 ], [ 113.0052, 22.442300001000035 ], [ 113.022, 22.440199999000072 ], [ 113.038500001000102, 22.4349 ], [ 113.0433, 22.4319 ], [ 113.0482, 22.4254 ], [ 113.0532, 22.4114 ], [ 113.0552, 22.4007 ], [ 113.0591, 22.378999999000087 ], [ 113.0626, 22.366 ], [ 113.062999999, 22.3295 ], [ 113.065, 22.3027 ], [ 113.0628, 22.2916 ], [ 113.065200001000107, 22.2752 ], [ 113.0712, 22.2543 ], [ 113.0759, 22.2377 ], [ 113.083300001, 22.225099999000065 ], [ 113.087000001000092, 22.2089 ], [ 113.0871, 22.2008 ], [ 113.0845, 22.195099999000035 ], [ 113.0735, 22.1905 ], [ 113.0411, 22.1635 ], [ 113.0337, 22.1535 ], [ 113.0086, 22.1198 ], [ 112.994900001000019, 22.0848 ], [ 112.9951, 22.0796 ], [ 112.9968, 22.0692 ], [ 113.0001, 22.0597 ], [ 113.005700001000037, 22.0436 ], [ 113.0113, 22.0366 ], [ 113.012000001000047, 22.0326 ], [ 113.0049, 22.0198 ], [ 113.0031, 22.0116 ], [ 113.0083, 21.9856 ], [ 113.013699999000096, 21.9774 ], [ 113.0149, 21.9662 ], [ 113.0181, 21.9628 ], [ 113.0279, 21.9619 ], [ 113.0298, 21.9589 ], [ 113.029, 21.9493 ], [ 113.0255, 21.944 ], [ 113.019399999000029, 21.9419 ], [ 113.0157, 21.9362 ], [ 113.005700001000037, 21.9354 ], [ 113.0001, 21.9321 ], [ 112.994100001000106, 21.9261 ], [ 112.989499999000031, 21.925 ], [ 112.9833, 21.9189 ], [ 112.981600001000061, 21.9146 ], [ 112.9821, 21.9105 ], [ 112.9859, 21.903999999000064 ], [ 112.9859, 21.8916 ], [ 112.9846, 21.889899999000079 ], [ 112.9759, 21.889 ], [ 112.9628, 21.880599999000083 ], [ 112.9586, 21.873499999000046 ], [ 112.9529, 21.87 ], [ 112.9505, 21.8698 ], [ 112.9403, 21.8693 ], [ 112.9251, 21.8645 ], [ 112.9199, 21.854600001000051 ], [ 112.915800001000093, 21.8528 ], [ 112.9029, 21.8552 ], [ 112.8951, 21.861500001000081 ], [ 112.8938, 21.8675 ], [ 112.8908, 21.8715 ], [ 112.8928, 21.8857 ], [ 112.8891, 21.888499999000089 ], [ 112.875, 21.889899999000079 ], [ 112.869, 21.8965 ], [ 112.875100001000078, 21.8996 ], [ 112.876400000000103, 21.9059 ], [ 112.8774, 21.910999999000069 ], [ 112.875999999000101, 21.9162 ], [ 112.876700001000017, 21.9223 ], [ 112.8737, 21.9255 ], [ 112.8727, 21.9309 ], [ 112.8638, 21.9357 ], [ 112.8535, 21.959 ], [ 112.8488, 21.9645 ], [ 112.839700000000107, 21.9703 ], [ 112.8389, 21.974 ], [ 112.8431, 21.9826 ], [ 112.8435, 21.987099999000066 ], [ 112.8383, 22.0067 ], [ 112.8331, 22.015099999000086 ], [ 112.8303, 22.0191 ], [ 112.813900000000103, 22.024300001000086 ], [ 112.8033, 22.025100001000055 ], [ 112.8056, 22.02229999900004 ], [ 112.813300001000016, 22.0217 ], [ 112.826400001000025, 22.0157 ], [ 112.8334, 22.01 ], [ 112.8348, 22.006 ], [ 112.838200001000018, 21.9879 ], [ 112.837400001000105, 21.9866 ], [ 112.836800001000029, 21.9857 ], [ 112.823799999000016, 21.9815 ], [ 112.8178, 21.9715 ], [ 112.819599999000047, 21.9653 ], [ 112.825899999000058, 21.956 ], [ 112.8232, 21.9544 ], [ 112.816600000000108, 21.9567 ], [ 112.8122, 21.956399999000041 ], [ 112.7984, 21.947899999000072 ], [ 112.7946, 21.9469 ], [ 112.7854, 21.9497 ], [ 112.7744, 21.9454 ], [ 112.757999999000049, 21.931399999000064 ], [ 112.752499999000065, 21.9231 ], [ 112.7508, 21.9182 ], [ 112.746199999000055, 21.9144 ], [ 112.7495, 21.90559999900006 ], [ 112.7476, 21.9013 ], [ 112.7501, 21.8981 ], [ 112.7507, 21.8946 ], [ 112.7483, 21.8909 ], [ 112.7472, 21.8893 ], [ 112.739899999000045, 21.8881 ], [ 112.7353, 21.8896 ], [ 112.728300000000104, 21.8991 ], [ 112.7256, 21.9 ], [ 112.7209, 21.8983 ], [ 112.698400000000106, 21.8786 ], [ 112.6956, 21.8727 ], [ 112.691, 21.852399999000056 ], [ 112.6881, 21.8514 ], [ 112.6841, 21.8534 ], [ 112.6802, 21.8531 ], [ 112.6739, 21.8504 ], [ 112.663600001000077, 21.8537 ], [ 112.6585, 21.8537 ], [ 112.6527, 21.8515 ], [ 112.652200000000107, 21.851300001000084 ], [ 112.652000001000033, 21.84369999900008 ], [ 112.6543, 21.840500001000066 ], [ 112.6596, 21.8392 ], [ 112.664000000000101, 21.8299 ], [ 112.6525, 21.82339999900006 ], [ 112.648900001000015, 21.8088 ], [ 112.6514, 21.8024 ], [ 112.6508, 21.79040000100008 ], [ 112.6479, 21.7882 ], [ 112.640900000000101, 21.7911 ], [ 112.6306, 21.7884 ], [ 112.627, 21.7848 ], [ 112.6296, 21.777699999000049 ], [ 112.626399999, 21.77429999900005 ], [ 112.6171, 21.774099999000043 ], [ 112.6121, 21.7697 ], [ 112.6126, 21.768500001000064 ], [ 112.6094, 21.7657 ], [ 112.60430000100007, 21.7656 ], [ 112.5882, 21.7602 ], [ 112.567, 21.7618 ], [ 112.5618, 21.7574 ], [ 112.5579, 21.7589 ], [ 112.557699999000079, 21.7672 ], [ 112.551199999, 21.7744 ], [ 112.546400001000052, 21.7758 ], [ 112.540399999000101, 21.7813 ], [ 112.52549999900009, 21.7885 ], [ 112.502699999000015, 21.8028 ], [ 112.4996000000001, 21.8035 ], [ 112.495500001000096, 21.804599999000061 ], [ 112.4513, 21.8291 ], [ 112.438900000000103, 21.83 ], [ 112.4287, 21.8355 ], [ 112.4207, 21.8417 ], [ 112.4186, 21.846 ], [ 112.4155, 21.8831 ], [ 112.4145, 21.89510000100006 ], [ 112.415099999000063, 21.9038 ], [ 112.421, 21.91400000100009 ], [ 112.4311, 21.9255 ], [ 112.449, 21.9333 ], [ 112.465999999000019, 21.9327 ], [ 112.484200000000101, 21.940899999000067 ], [ 112.5013, 21.941300001000059 ], [ 112.505500001000087, 21.9435 ], [ 112.5083, 21.9482 ], [ 112.501099999000076, 21.9576 ], [ 112.4969, 21.957999999000037 ], [ 112.4939, 21.9626 ], [ 112.4899, 21.9623 ], [ 112.4895, 21.9724 ], [ 112.4826, 21.9639 ], [ 112.486100001000068, 21.9603 ], [ 112.4983, 21.953800001000047 ], [ 112.502, 21.9504 ], [ 112.501800001000106, 21.945 ], [ 112.4985, 21.946100001000048 ], [ 112.4936, 21.9444 ], [ 112.4719, 21.9528 ], [ 112.463300001000107, 21.9532 ], [ 112.4562, 21.951799999000059 ], [ 112.4528, 21.9438 ], [ 112.4481, 21.9396 ], [ 112.4386, 21.9382 ], [ 112.4345, 21.937600001000078 ], [ 112.4157, 21.9319 ], [ 112.4109, 21.932 ], [ 112.3923, 21.949200001000065 ], [ 112.3815, 21.9661 ], [ 112.3808, 21.9727 ], [ 112.382299999, 21.979099999000084 ], [ 112.3746000000001, 21.9894 ], [ 112.3699, 21.9934 ], [ 112.3676, 21.999499999000079 ], [ 112.3693, 22.0058 ], [ 112.378, 22.0129 ], [ 112.3758, 22.0154 ], [ 112.3948, 22.0375 ], [ 112.398599999, 22.051199999000062 ], [ 112.4075, 22.0539 ], [ 112.4139, 22.0541 ], [ 112.407, 22.0603 ], [ 112.4037, 22.0593 ], [ 112.399500000000103, 22.0549 ], [ 112.3971, 22.055 ], [ 112.3944, 22.061200001000088 ], [ 112.3952, 22.0732 ], [ 112.3917, 22.077 ], [ 112.3897, 22.0758 ], [ 112.3921, 22.0665 ], [ 112.3908, 22.0597 ], [ 112.3933, 22.054200001000083 ], [ 112.390900000000101, 22.0485 ], [ 112.3913, 22.0444 ], [ 112.3896, 22.0417 ], [ 112.3857, 22.0422 ], [ 112.3795, 22.037600001000044 ], [ 112.3763, 22.0392 ], [ 112.3742, 22.028300001000048 ], [ 112.3685, 22.023799999000062 ], [ 112.3694, 22.0154 ], [ 112.3651, 22.0059 ], [ 112.3626, 21.994600001000038 ], [ 112.3636, 21.9901 ], [ 112.3685, 21.9846 ], [ 112.37129999900003, 21.9804 ], [ 112.3715, 21.9663 ], [ 112.3796, 21.9554 ], [ 112.3808, 21.9493 ], [ 112.3801, 21.9392 ], [ 112.3821, 21.9354 ], [ 112.391400001000079, 21.918099999000049 ], [ 112.394899999000017, 21.9064 ], [ 112.3948, 21.889899999000079 ], [ 112.3991, 21.8782 ], [ 112.4102, 21.8233 ], [ 112.4065, 21.8139 ], [ 112.4052, 21.8104 ], [ 112.405699999000035, 21.804799999000068 ], [ 112.411199999000019, 21.7962 ], [ 112.4046, 21.79 ], [ 112.405600001000039, 21.786799999000038 ], [ 112.414299999000036, 21.781000001000052 ], [ 112.4157, 21.776399999000091 ], [ 112.41400000100009, 21.772400001000051 ], [ 112.408100000000104, 21.7661 ], [ 112.409000000000106, 21.759700001000056 ], [ 112.4051, 21.754 ], [ 112.4038, 21.7464 ], [ 112.4047, 21.742 ], [ 112.4015, 21.7367 ], [ 112.3787, 21.7274 ], [ 112.3652, 21.7271 ], [ 112.3507, 21.7229 ], [ 112.3468, 21.7195 ], [ 112.3435, 21.7111 ], [ 112.3384, 21.717 ], [ 112.3262, 21.7169 ], [ 112.3213, 21.7083 ], [ 112.315600001, 21.7095 ], [ 112.307899999000028, 21.7041 ], [ 112.2987, 21.705199999000058 ], [ 112.293500000000108, 21.702199999000072 ], [ 112.2846, 21.7005 ], [ 112.2601, 21.7005 ], [ 112.2509, 21.703799999000069 ], [ 112.244399999000052, 21.7026 ], [ 112.235700001000055, 21.7061 ], [ 112.239600001000099, 21.7132 ], [ 112.237599999000054, 21.7205 ], [ 112.2398, 21.7277 ], [ 112.236000000000104, 21.731899999000063 ], [ 112.2251, 21.738000001000046 ], [ 112.2108, 21.735 ], [ 112.2084, 21.7357 ], [ 112.2069, 21.738800001000072 ], [ 112.207699999000056, 21.7411 ], [ 112.206, 21.745299999000054 ], [ 112.2018, 21.745999999000048 ], [ 112.1951, 21.7424 ], [ 112.1918, 21.74270000100006 ], [ 112.1921, 21.7448 ], [ 112.1969, 21.74960000100009 ], [ 112.191900001000022, 21.7541 ], [ 112.191100001000109, 21.758399999000062 ], [ 112.1949, 21.7668 ], [ 112.1952, 21.7716 ], [ 112.1926, 21.7815 ], [ 112.1946, 21.788900001000059 ], [ 112.2084, 21.800799999000049 ], [ 112.2091, 21.8074 ], [ 112.207400001, 21.8199 ], [ 112.1985, 21.8375 ], [ 112.198, 21.8387 ], [ 112.1989, 21.8414 ], [ 112.204599999000038, 21.8456 ], [ 112.2053, 21.8491 ], [ 112.199, 21.8459 ], [ 112.1941, 21.8425 ], [ 112.1913, 21.8384 ], [ 112.2033, 21.816 ], [ 112.204599999000038, 21.8081 ], [ 112.202700001000039, 21.8024 ], [ 112.1996, 21.8 ], [ 112.196600001000093, 21.8058 ], [ 112.1945, 21.815599999000085 ], [ 112.189, 21.8193 ], [ 112.1736, 21.82 ], [ 112.1677, 21.817899999000076 ], [ 112.1683, 21.815599999000085 ], [ 112.1783, 21.8161 ], [ 112.185600001000012, 21.8164 ], [ 112.191100001000109, 21.8126 ], [ 112.1951, 21.7974 ], [ 112.194300001000101, 21.7949 ], [ 112.190900001000045, 21.7923 ], [ 112.188299999000037, 21.792999999000074 ], [ 112.1832, 21.800600001000078 ], [ 112.1716, 21.805399999000088 ], [ 112.1501, 21.8055 ], [ 112.1313, 21.8024 ], [ 112.1012, 21.793699999000069 ], [ 112.076600002000077, 21.7847 ], [ 112.058299999000042, 21.7891 ], [ 112.0431, 21.788800001000084 ], [ 112.033899999000027, 21.7927 ], [ 112.018499999000028, 21.7954 ], [ 112.0216, 21.804599999000061 ], [ 112.0199, 21.8146 ], [ 112.0169, 21.8196 ], [ 112.0012, 21.8335 ], [ 111.9994, 21.8351 ], [ 111.9982, 21.8326 ], [ 112.0025, 21.826499999000077 ], [ 111.9996, 21.8194 ], [ 111.995599999000035, 21.8166 ], [ 111.9778, 21.8145 ], [ 111.967800001000057, 21.8199 ], [ 111.9664, 21.817199999000081 ], [ 111.9794, 21.8074 ], [ 111.9874, 21.8083 ], [ 112.0051, 21.817199999000081 ], [ 112.0093, 21.8167 ], [ 112.0111, 21.815500001000089 ], [ 112.0141, 21.8137 ], [ 112.0157, 21.8085 ], [ 112.0154, 21.804500001000065 ], [ 112.0112, 21.7974 ], [ 112.012899999000069, 21.7936 ], [ 112.0054, 21.786799999000038 ], [ 111.9954, 21.7823 ], [ 111.9911, 21.7824 ], [ 111.9859, 21.7835 ], [ 111.979600001000051, 21.787599999000065 ], [ 111.9792, 21.790499999000076 ], [ 111.9837, 21.7933 ], [ 111.9833, 21.7956 ], [ 111.975100001000044, 21.7945 ], [ 111.96250000100008, 21.80309999900004 ], [ 111.9465, 21.809 ], [ 111.9405, 21.815599999000085 ], [ 111.941500001000065, 21.8232 ], [ 111.9374, 21.816 ], [ 111.941599999000061, 21.8081 ], [ 111.961699999000075, 21.7983 ], [ 111.9706, 21.7932 ], [ 111.9723, 21.7906 ], [ 111.9681, 21.7891 ], [ 111.957800001000066, 21.791 ], [ 111.9506, 21.7872 ], [ 111.9439, 21.7875 ], [ 111.9399, 21.7898 ], [ 111.9391, 21.7976 ], [ 111.9362, 21.799800001000051 ], [ 111.9326, 21.7988 ], [ 111.929700001000072, 21.7989 ], [ 111.9208, 21.807500001000051 ], [ 111.9174, 21.80939999900005 ], [ 111.9155, 21.8112 ], [ 111.9152, 21.817199999000081 ], [ 111.91469999900005, 21.8221 ], [ 111.911799999000038, 21.8222 ], [ 111.9126, 21.8102 ], [ 111.9138, 21.8073 ], [ 111.917499999000029, 21.8055 ], [ 111.924800001000051, 21.7971 ], [ 111.9307, 21.796 ], [ 111.9342, 21.795100001000037 ], [ 111.9365, 21.788 ], [ 111.9388, 21.7865 ], [ 111.9433, 21.7854 ], [ 111.9478, 21.7834 ], [ 111.9604, 21.784000001000038 ], [ 111.9667, 21.7844 ], [ 111.9698, 21.786 ], [ 111.975100001000044, 21.7854 ], [ 111.978800001000025, 21.7835 ], [ 111.986199999000064, 21.7723 ], [ 111.9911, 21.770000001000085 ], [ 111.9986, 21.770000001000085 ], [ 112.001899999000102, 21.7716 ], [ 112.0064, 21.7754 ], [ 112.010000000000105, 21.7844 ], [ 112.0163, 21.788 ], [ 112.0298, 21.7794 ], [ 112.0364, 21.7772 ], [ 112.048500000000104, 21.7773 ], [ 112.040199999000038, 21.7727 ], [ 112.0241, 21.7728 ], [ 112.021, 21.7728 ], [ 112.024400001, 21.7679 ], [ 112.0212, 21.7651 ], [ 111.9915, 21.7549 ], [ 111.9551, 21.7317 ], [ 111.9537, 21.7369 ], [ 111.9355, 21.715 ], [ 111.9343, 21.7198 ], [ 111.9294, 21.7213 ], [ 111.9307, 21.7178 ], [ 111.9187, 21.7017 ], [ 111.907, 21.692500001000042 ], [ 111.904099999000039, 21.6808 ], [ 111.8985, 21.6778 ], [ 111.8842, 21.673099999000044 ], [ 111.874200001000077, 21.6721 ], [ 111.8706, 21.668900001000054 ], [ 111.855599999000049, 21.6692 ], [ 111.8494, 21.6704 ], [ 111.8458, 21.673199999000076 ], [ 111.8405, 21.6838 ], [ 111.8359, 21.6844 ], [ 111.8314, 21.6842 ], [ 111.8222, 21.6935 ], [ 111.8207, 21.697499999000058 ], [ 111.824399999000036, 21.7032 ], [ 111.82399999900008, 21.7053 ], [ 111.81709999900005, 21.703600001000041 ], [ 111.8104, 21.7172 ], [ 111.8113, 21.7196 ], [ 111.818899999000053, 21.7242 ], [ 111.817000001000054, 21.725699999000085 ], [ 111.8116, 21.7233 ], [ 111.8108, 21.726300001000084 ], [ 111.8149, 21.731899999000063 ], [ 111.8254, 21.735 ], [ 111.8166, 21.736499999000046 ], [ 111.8185, 21.7406 ], [ 111.8277, 21.7461 ], [ 111.8321, 21.7463 ], [ 111.8371, 21.7441 ], [ 111.8346, 21.7487 ], [ 111.8385, 21.7533 ], [ 111.835, 21.755499999000051 ], [ 111.8251, 21.7483 ], [ 111.8236, 21.752000001000056 ], [ 111.820999999000037, 21.7525 ], [ 111.8135, 21.7465 ], [ 111.8093, 21.7449 ], [ 111.8048, 21.7493 ], [ 111.803100001000075, 21.7459 ], [ 111.808400001000052, 21.7379 ], [ 111.8, 21.7352 ], [ 111.7968, 21.7315 ], [ 111.7976, 21.729400001000045 ], [ 111.801599999000075, 21.7275 ], [ 111.7991, 21.7261 ], [ 111.7952, 21.7276 ], [ 111.7931, 21.7343 ], [ 111.795000001000062, 21.7396 ], [ 111.7945, 21.745999999000048 ], [ 111.7973, 21.752000001000056 ], [ 111.7945, 21.7547 ], [ 111.7894, 21.7457 ], [ 111.7879, 21.751300001000061 ], [ 111.7876, 21.7524 ], [ 111.789, 21.7737 ], [ 111.7838, 21.768 ], [ 111.7811, 21.7674 ], [ 111.7792, 21.7706 ], [ 111.7799, 21.774099999000043 ], [ 111.7774, 21.778 ], [ 111.7798, 21.787300001000062 ], [ 111.7731, 21.785199999000042 ], [ 111.772200001000044, 21.781899999000075 ], [ 111.7726, 21.7734 ], [ 111.7755, 21.7659 ], [ 111.7823, 21.7618 ], [ 111.783400001000075, 21.7438 ], [ 111.7824, 21.7409 ], [ 111.7806, 21.7406 ], [ 111.777700001000028, 21.7466 ], [ 111.7755, 21.7481 ], [ 111.775899999000046, 21.7553 ], [ 111.7738, 21.76009999900009 ], [ 111.76859999900006, 21.7549 ], [ 111.769399999000029, 21.751300001000061 ], [ 111.7665, 21.7502 ], [ 111.7632, 21.7517 ], [ 111.7541, 21.7655 ], [ 111.754499999000075, 21.758300001000066 ], [ 111.7534, 21.7562 ], [ 111.7514, 21.7557 ], [ 111.7503, 21.758399999000062 ], [ 111.748, 21.76380000100005 ], [ 111.7454, 21.756 ], [ 111.7383, 21.7621 ], [ 111.7365, 21.7618 ], [ 111.7367, 21.7595 ], [ 111.7412, 21.7548 ], [ 111.729499999000041, 21.756999999000072 ], [ 111.7197, 21.7625 ], [ 111.7142, 21.7625 ], [ 111.7062, 21.771699999000077 ], [ 111.706, 21.7814 ], [ 111.705, 21.7833 ], [ 111.703, 21.783 ], [ 111.7003, 21.7754 ], [ 111.6961, 21.7738 ], [ 111.68809999900003, 21.7736 ], [ 111.6816, 21.7774 ], [ 111.6786, 21.781800001000079 ], [ 111.6776, 21.7936 ], [ 111.675200001000064, 21.7957 ], [ 111.6732, 21.7875 ], [ 111.664499999000043, 21.7832 ], [ 111.6624, 21.780499999000085 ], [ 111.6639, 21.7786 ], [ 111.6713, 21.7809 ], [ 111.6757, 21.772400001000051 ], [ 111.6806, 21.7723 ], [ 111.690900001000045, 21.7617 ], [ 111.6976, 21.7618 ], [ 111.7002, 21.7588 ], [ 111.699, 21.7572 ], [ 111.6957, 21.75670000100007 ], [ 111.6914, 21.751200001000086 ], [ 111.691999999000075, 21.7497 ], [ 111.699, 21.7489 ], [ 111.7089, 21.7454 ], [ 111.7187, 21.7392 ], [ 111.7198, 21.7371 ], [ 111.7148, 21.734100001000058 ], [ 111.717, 21.732 ], [ 111.724700001000031, 21.7327 ], [ 111.7293, 21.7295 ], [ 111.7299, 21.7268 ], [ 111.7277, 21.719399999000075 ], [ 111.7199, 21.7156 ], [ 111.721899999000073, 21.7139 ], [ 111.7265, 21.7151 ], [ 111.727399999000056, 21.714 ], [ 111.7308, 21.7102 ], [ 111.7343, 21.7275 ], [ 111.7362, 21.7308 ], [ 111.7452, 21.7291 ], [ 111.7656, 21.720199999000044 ], [ 111.7805, 21.7155 ], [ 111.7815, 21.7141 ], [ 111.7826, 21.7029 ], [ 111.7813, 21.6847 ], [ 111.778799999000057, 21.6817 ], [ 111.77090000100003, 21.6783 ], [ 111.7668, 21.6722 ], [ 111.7681, 21.67159999900008 ], [ 111.771699999000077, 21.673800001000075 ], [ 111.7744, 21.6756 ], [ 111.779300001000081, 21.6761 ], [ 111.78119999900008, 21.6746 ], [ 111.78139999900003, 21.664499999000043 ], [ 111.784200001000045, 21.659600001000058 ], [ 111.7824, 21.6574 ], [ 111.7853, 21.6532 ], [ 111.7826, 21.6475 ], [ 111.7792, 21.6449 ], [ 111.7783, 21.6366 ], [ 111.7761, 21.6346 ], [ 111.7734, 21.6353 ], [ 111.758399999000062, 21.6461 ], [ 111.754, 21.6467 ], [ 111.751, 21.640900001000091 ], [ 111.748100001000068, 21.6387 ], [ 111.740499999000065, 21.6366 ], [ 111.7411, 21.6349 ], [ 111.7453, 21.6334 ], [ 111.7502, 21.6335 ], [ 111.7576, 21.63959999900004 ], [ 111.759100001000036, 21.6389 ], [ 111.7624, 21.6313 ], [ 111.763099999000076, 21.6297 ], [ 111.7813, 21.6235 ], [ 111.7861, 21.6189 ], [ 111.742899999000031, 21.6177 ], [ 111.731, 21.61570000100005 ], [ 111.7171, 21.6107 ], [ 111.691999999000075, 21.5955 ], [ 111.6874, 21.5906 ], [ 111.6698, 21.5718 ], [ 111.6684, 21.5664 ], [ 111.669199999000057, 21.5561 ], [ 111.664499999000043, 21.5506 ], [ 111.6656, 21.542499999000086 ], [ 111.6684, 21.5387 ], [ 111.6648, 21.5365 ], [ 111.6591, 21.5296 ], [ 111.643, 21.5225 ], [ 111.64, 21.5155 ], [ 111.6374, 21.517 ], [ 111.6373, 21.5239 ], [ 111.634099999000057, 21.5268 ], [ 111.634099999000057, 21.5363 ], [ 111.631699999000034, 21.53840000100007 ], [ 111.6298, 21.5396 ], [ 111.626, 21.5417 ], [ 111.6154, 21.542499999000086 ], [ 111.6078, 21.5474 ], [ 111.5993, 21.550100001000089 ], [ 111.5978, 21.553399999000078 ], [ 111.601299999000048, 21.5606 ], [ 111.5969, 21.5636 ], [ 111.598, 21.5698 ], [ 111.5961, 21.5748 ], [ 111.589200001000052, 21.5722 ], [ 111.58, 21.5736 ], [ 111.5799, 21.5718 ], [ 111.5851, 21.5686 ], [ 111.5864, 21.565000001000044 ], [ 111.5847, 21.5589 ], [ 111.5786, 21.5542 ], [ 111.5757, 21.5504 ], [ 111.5763, 21.5491 ], [ 111.588, 21.5472 ], [ 111.5954, 21.5427 ], [ 111.5962, 21.5426 ], [ 111.6092, 21.5404 ], [ 111.6137, 21.5359 ], [ 111.618399999000076, 21.535399999000049 ], [ 111.6253, 21.5313 ], [ 111.6299, 21.5267 ], [ 111.6258, 21.5233 ], [ 111.6234, 21.5242 ], [ 111.6252, 21.527 ], [ 111.6227, 21.5293 ], [ 111.6156, 21.532200001000035 ], [ 111.600200001000076, 21.53210000100006 ], [ 111.5726, 21.525 ], [ 111.5632, 21.5182 ], [ 111.5511, 21.512 ], [ 111.5482, 21.5113 ], [ 111.5452, 21.5107 ], [ 111.5428, 21.5068 ], [ 111.5395, 21.5062 ], [ 111.5359, 21.5109 ], [ 111.5368, 21.5144 ], [ 111.54, 21.5176 ], [ 111.546200001000045, 21.51950000100004 ], [ 111.5457, 21.5241 ], [ 111.531599999000036, 21.5378 ], [ 111.5243, 21.5351 ], [ 111.538, 21.5255 ], [ 111.5395, 21.523 ], [ 111.5383, 21.521200001000068 ], [ 111.5277, 21.5286 ], [ 111.520599999000069, 21.5279 ], [ 111.5006, 21.521100001000036 ], [ 111.4962, 21.5184 ], [ 111.4932, 21.516500001000054 ], [ 111.485900001000061, 21.507800001000078 ], [ 111.4799, 21.5052 ], [ 111.4739, 21.505500001000087 ], [ 111.4582, 21.5213 ], [ 111.4591, 21.5248 ], [ 111.4614, 21.526 ], [ 111.474100001000068, 21.522700001000089 ], [ 111.4845, 21.5233 ], [ 111.4868, 21.5261 ], [ 111.484, 21.5289 ], [ 111.4681, 21.5304 ], [ 111.4672, 21.53210000100006 ], [ 111.4708, 21.5347 ], [ 111.4746, 21.535300001000053 ], [ 111.483, 21.5436 ], [ 111.477599999000063, 21.5482 ], [ 111.47519999900004, 21.5504 ], [ 111.4691, 21.5461 ], [ 111.4661, 21.5383 ], [ 111.4625, 21.537 ], [ 111.4596, 21.5453 ], [ 111.4542, 21.550999999000055 ], [ 111.447, 21.5739 ], [ 111.4424, 21.5748 ], [ 111.4383, 21.579199999000082 ], [ 111.4383, 21.582300001000078 ], [ 111.4418, 21.5868 ], [ 111.4412, 21.5924 ], [ 111.4439, 21.5954 ], [ 111.44, 21.5974 ], [ 111.4367, 21.5968 ], [ 111.4334, 21.5865 ], [ 111.4262, 21.5941 ], [ 111.421199999000066, 21.5948 ], [ 111.4187, 21.5937 ], [ 111.4274, 21.586 ], [ 111.4329, 21.5772 ], [ 111.4293, 21.5742 ], [ 111.42669999900005, 21.575100001000067 ], [ 111.4261, 21.579 ], [ 111.422799999000063, 21.5781 ], [ 111.4216, 21.572700001000044 ], [ 111.4223, 21.5663 ], [ 111.4194, 21.5655 ], [ 111.4125, 21.571 ], [ 111.4125, 21.563 ], [ 111.4218, 21.5514 ], [ 111.4336, 21.5473 ], [ 111.4331, 21.5437 ], [ 111.4352, 21.5394 ], [ 111.4463, 21.5329 ], [ 111.4411, 21.5293 ], [ 111.4346, 21.527400001000046 ], [ 111.4287, 21.5256 ], [ 111.4229, 21.525299999000083 ], [ 111.4179, 21.5273 ], [ 111.4145, 21.5319 ], [ 111.4087, 21.5304 ], [ 111.394464393000078, 21.536242359000084 ], [ 111.390594130000068, 21.554625781000084 ], [ 111.238532233000058, 21.952599208000038 ], [ 111.18100671600007, 22.339550703000043 ], [ 111.080641606000029, 22.369920738000076 ], [ 110.882044885000028, 22.390783948000092 ], [ 110.744878916000062, 22.463958819000084 ], [ 110.697444080000025, 22.534343050000075 ], [ 110.702642026000035, 22.579671630000064 ], [ 110.894702061000032, 22.677809765000063 ], [ 111.007690637000053, 22.75117184700008 ], [ 111.174335321000058, 22.805627949000041 ], [ 111.245618997000065, 22.876613175000045 ], [ 111.261299548000068, 23.00586671700006 ], [ 111.280173778000062, 23.160890751000068 ], [ 111.30622894000004, 23.373907357000064 ], [ 111.338543432000051, 23.579574979000085 ], [ 111.497884267000074, 23.73798282000007 ], [ 111.698525363000044, 23.796392940000089 ], [ 111.833410368000045, 23.70122636900004 ], [ 111.976619194000079, 23.583469158000071 ], [ 112.069510939, 23.58902568700006 ], [ 112.156606037000074, 23.659437167000078 ], [ 112.227135073, 23.734357446000047 ], [ 112.293494491000047, 23.841826382000079 ], [ 112.466122472000052, 23.96363914300008 ], [ 112.417525445000024, 24.20200503500007 ], [ 112.352205751000042, 24.383279716000061 ], [ 112.28565534400002, 24.406939527000077 ], [ 112.20453076900003, 24.344051131000072 ], [ 112.083547103, 24.264221601000088 ], [ 112.037032839000062, 24.285481362000041 ], [ 111.997607544000061, 24.316610724000043 ], [ 111.944759607000037, 24.466710195000076 ], [ 111.905951231000074, 24.56977541100008 ], [ 111.882217069000035, 24.655116456000087 ], [ 111.88500121800007, 24.74284470300006 ], [ 111.920582928000044, 24.81360529400007 ], [ 111.998188953000067, 24.914357787000085 ], [ 112.033501777000083, 25.003750733000061 ], [ 112.03869794700006, 25.064478874000088 ], [ 112.015310287000034, 25.152342735000047 ], [ 112.0353737370001, 25.192750691000072 ], [ 112.132759561000057, 25.219224758000053 ], [ 112.24935327500009, 25.235461364000059 ], [ 112.407103095000025, 25.166932872000075 ], [ 112.500513235000085, 25.142892505000077 ], [ 112.647559069000067, 25.104526960000044 ], [ 112.748647814000037, 25.052683313000045 ], [ 112.887553897000089, 25.020248252000044 ], [ 112.974465704000067, 25.033893989000035 ], [ 113.008956600000033, 25.069788171000084 ], [ 113.002365952000105, 25.105266282000059 ], [ 112.949305973000037, 25.204975549000039 ], [ 112.891601643000058, 25.273170263000054 ], [ 112.814702819000104, 25.351567800000055 ], [ 112.800089201000105, 25.393265521000046 ], [ 112.859178238000027, 25.415623785000037 ], [ 113.015059010000073, 25.455756192000081 ], [ 113.143143407000025, 25.530020419000039 ], [ 113.231703523000078, 25.444950992000088 ], [ 113.362325251000016, 25.38895169400007 ], [ 113.606640746000039, 25.37585983200006 ], [ 113.720606113000031, 25.418808252000076 ], [ 113.879649557000107, 25.547515514000054 ], [ 113.923827904000063, 25.627746577000039 ], [ 113.919218382000054, 25.719895810000082 ], [ 113.915477686000031, 25.817628442000057 ], [ 113.975764851, 25.958656580000081 ], [ 114.026445793000107, 26.077978705000078 ], [ 114.030835747000083, 26.186020514000063 ], [ 113.976248757, 26.284386217000076 ], [ 113.919772331000104, 26.37149872100008 ], [ 113.933116449000067, 26.415501702000086 ], [ 114.027926832000048, 26.529125709000084 ], [ 113.987516191000054, 26.597039313000039 ], [ 113.89490119300001, 26.70000643700007 ], [ 113.806603738000035, 26.790896838000037 ], [ 113.811392189, 26.984175156000049 ], [ 113.845929952, 27.202158904000044 ], [ 113.716984841, 27.366151587000047 ], [ 113.61907197000005, 27.400880518000065 ], [ 113.519434697000065, 27.549536097000043 ], [ 113.614722073000053, 27.703016559000048 ], [ 113.684851952000031, 27.859456271000056 ], [ 113.78996991300005, 27.988812665000069 ], [ 114.016773214000068, 28.142849672000068 ], [ 114.116357688000107, 28.352180725000039 ], [ 114.120975152000028, 28.459580986000049 ], [ 114.123848152000051, 28.754597382000043 ], [ 113.9912263760001, 28.94689302200004 ], [ 113.933710332000032, 29.158140250000088 ], [ 113.983521534000033, 29.220140330000049 ], [ 114.147207654, 29.290841888000045 ], [ 114.245347723, 29.324095944000078 ], [ 114.486455926000076, 29.418778886000041 ], [ 114.553409482, 29.461391186000071 ], [ 114.775125771000035, 29.592027650000034 ], [ 114.895909166000024, 29.599185132000059 ], [ 115.044118231000084, 29.648047912000038 ], [ 115.193500038000025, 29.702260598000066 ], [ 115.251511798000024, 29.728668087000074 ], [ 115.428820678000079, 29.824330162000081 ], [ 115.461405705000061, 29.884137445000079 ], [ 115.798531723, 29.735006893000048 ], [ 116.501136944, 29.963260228000081 ], [ 116.715210648000038, 30.20208546200007 ], [ 116.788212941000097, 30.036876641000049 ], [ 116.725542180000048, 29.901204533000055 ] ] ] ] } },
{ "type": "Feature", "properties": { "Name": "湖广行省" }, "geometry": { "type": "MultiPolygon", "coordinates": [ [ [ [ 109.4202, 18.2133 ], [ 109.4167, 18.2111 ], [ 109.4141, 18.2124 ], [ 109.4134, 18.2223 ], [ 109.4153, 18.2225 ], [ 109.4215, 18.216 ], [ 109.4202, 18.2133 ] ] ], [ [ [ 109.3747, 18.2274 ], [ 109.3725, 18.2272 ], [ 109.3697, 18.2291 ], [ 109.3685, 18.2326 ], [ 109.3698, 18.2369 ], [ 109.372, 18.2373 ], [ 109.3754, 18.2363 ], [ 109.3778, 18.2333 ], [ 109.3747, 18.2274 ] ] ], [ [ [ 109.7644, 18.3069 ], [ 109.7626, 18.3055 ], [ 109.7554, 18.3136 ], [ 109.7558, 18.3161 ], [ 109.76, 18.3184 ], [ 109.7665, 18.3175 ], [ 109.7686, 18.3141 ], [ 109.7653, 18.3123 ], [ 109.7644, 18.3069 ] ] ], [ [ [ 108.8885, 18.4263 ], [ 108.8818, 18.4248 ], [ 108.8762, 18.4276 ], [ 108.8697, 18.4284 ], [ 108.8665, 18.4307 ], [ 108.866, 18.4328 ], [ 108.8836, 18.4288 ], [ 108.8885, 18.4263 ] ] ], [ [ [ 110.491, 18.6661 ], [ 110.4783, 18.6593 ], [ 110.4764, 18.6626 ], [ 110.4781, 18.6735 ], [ 110.4725, 18.6877 ], [ 110.4739, 18.6924 ], [ 110.4788, 18.6899 ], [ 110.4813, 18.6807 ], [ 110.4909, 18.6725 ], [ 110.4919, 18.669 ], [ 110.491, 18.6661 ] ] ], [ [ [ 110.5246, 19.1341 ], [ 110.5216, 19.1333 ], [ 110.5132, 19.138 ], [ 110.513, 19.1417 ], [ 110.5154, 19.1437 ], [ 110.5247, 19.1413 ], [ 110.5277, 19.1377 ], [ 110.5246, 19.1341 ] ] ], [ [ [ 110.5688, 19.1348 ], [ 110.5659, 19.1338 ], [ 110.5612, 19.135 ], [ 110.5567, 19.1392 ], [ 110.5529, 19.1479 ], [ 110.5543, 19.1508 ], [ 110.5562, 19.1512 ], [ 110.5717, 19.1422 ], [ 110.5719, 19.1385 ], [ 110.5688, 19.1348 ] ] ], [ [ [ 108.6302, 19.2605 ], [ 108.6291, 19.2572 ], [ 108.6265, 19.2591 ], [ 108.6239, 19.2678 ], [ 108.6244, 19.2713 ], [ 108.631, 19.2829 ], [ 108.6363, 19.2983 ], [ 108.6387, 19.2985 ], [ 108.6395, 19.2973 ], [ 108.636, 19.2853 ], [ 108.6276, 19.2684 ], [ 108.6302, 19.2605 ] ] ], [ [ [ 110.0207, 19.9372 ], [ 110.0156, 19.9335 ], [ 110.0043, 19.9321 ], [ 110.0021, 19.9334 ], [ 110.0009, 19.9345 ], [ 110.0029, 19.9364 ], [ 110.0084, 19.9363 ], [ 110.0212, 19.942 ], [ 110.0207, 19.9372 ] ] ], [ [ [ 111.2775, 19.9765 ], [ 111.2724, 19.9739 ], [ 111.2656, 19.9761 ], [ 111.2633, 19.9784 ], [ 111.2653, 19.9813 ], [ 111.2712, 19.9824 ], [ 111.276, 19.9794 ], [ 111.2775, 19.9765 ] ] ], [ [ [ 110.1284, 19.9834 ], [ 110.101, 19.9794 ], [ 110.0809, 19.9805 ], [ 110.0746, 19.9835 ], [ 110.0901, 19.9857 ], [ 110.1033, 19.9875 ], [ 110.1191, 19.9933 ], [ 110.1299, 20.0 ], [ 110.1445, 20.0091 ], [ 110.1519, 20.01 ], [ 110.1497, 20.0055 ], [ 110.1408, 20.0 ], [ 110.1367, 19.9974 ], [ 110.1284, 19.9834 ] ] ], [ [ [ 110.558, 20.0054 ], [ 110.5564, 20.0027 ], [ 110.5524, 20.0032 ], [ 110.5462, 20.0103 ], [ 110.5463, 20.0132 ], [ 110.5561, 20.012 ], [ 110.558, 20.0054 ] ] ], [ [ [ 110.5599, 20.0167 ], [ 110.5568, 20.0161 ], [ 110.5538, 20.0178 ], [ 110.5563, 20.0242 ], [ 110.5629, 20.0252 ], [ 110.5637, 20.0227 ], [ 110.5621, 20.0194 ], [ 110.5599, 20.0167 ] ] ], [ [ [ 110.7017, 20.12 ], [ 110.702, 20.1043 ], [ 110.7037, 20.1002 ], [ 110.7092, 20.0868 ], [ 110.71960000100006, 20.068799999000078 ], [ 110.7275, 20.0598 ], [ 110.7446, 20.0469 ], [ 110.760599999000078, 20.0409 ], [ 110.7685, 20.026300001000038 ], [ 110.7773, 20.0162 ], [ 110.7829, 20.0126 ], [ 110.790100001000042, 20.0114 ], [ 110.8112, 20.007799999000042 ], [ 110.8236, 20.0018 ], [ 110.832, 20.0 ], [ 110.8329, 20.0 ], [ 110.8545, 19.995299999000054 ], [ 110.8742, 19.9951 ], [ 110.881, 19.9985 ], [ 110.885, 19.9989 ], [ 110.8974, 19.9968 ], [ 110.9042, 19.9994 ], [ 110.905, 20.0 ], [ 110.9161, 20.008499999000037 ], [ 110.9246, 20.015 ], [ 110.9279, 20.0145 ], [ 110.9324, 20.0101 ], [ 110.938200001000041, 20.0 ], [ 110.9462, 19.986 ], [ 110.9503, 19.9748 ], [ 110.9535, 19.9476 ], [ 110.959, 19.9258 ], [ 110.966599999000039, 19.9096 ], [ 110.9929, 19.822399999000083 ], [ 110.9946, 19.8121 ], [ 110.9924, 19.7966 ], [ 110.9947, 19.7873 ], [ 110.9958, 19.7831 ], [ 111.0027, 19.7126 ], [ 111.009, 19.6875 ], [ 111.012, 19.6845 ], [ 111.0197, 19.685200001000055 ], [ 111.0213, 19.6798 ], [ 111.027, 19.671199999000066 ], [ 111.0285, 19.6569 ], [ 111.03139999900003, 19.6497 ], [ 111.0366, 19.6465 ], [ 111.0378, 19.6433 ], [ 111.0334, 19.6411 ], [ 111.0182, 19.6416 ], [ 111.0112, 19.6436 ], [ 111.0023, 19.646 ], [ 110.9809, 19.6435 ], [ 110.9745, 19.638 ], [ 110.963, 19.62109999900008 ], [ 110.9472, 19.6048 ], [ 110.9192, 19.587300001000074 ], [ 110.907, 19.5776 ], [ 110.8865, 19.5525 ], [ 110.8836, 19.5405 ], [ 110.8768, 19.5375 ], [ 110.8642, 19.527999999000087 ], [ 110.8574, 19.5255 ], [ 110.8511, 19.5256 ], [ 110.845700001000068, 19.529400001000056 ], [ 110.8489, 19.5393 ], [ 110.8469, 19.5455 ], [ 110.8385, 19.5539 ], [ 110.8282, 19.560899999000071 ], [ 110.8267, 19.562 ], [ 110.8241, 19.565500001000089 ], [ 110.823199999000053, 19.5749 ], [ 110.8301, 19.5845 ], [ 110.8242, 19.5959 ], [ 110.819499999000072, 19.5979 ], [ 110.8169, 19.6006 ], [ 110.8183, 19.6037 ], [ 110.8237, 19.604 ], [ 110.828400001000034, 19.606800001000067 ], [ 110.8361, 19.6148 ], [ 110.8414, 19.6151 ], [ 110.855, 19.6082 ], [ 110.866999999000029, 19.6087 ], [ 110.8746, 19.60709999900007 ], [ 110.8753, 19.6089 ], [ 110.8728, 19.613299999000049 ], [ 110.8665, 19.618799999000089 ], [ 110.8609, 19.6187 ], [ 110.8568, 19.621000001000084 ], [ 110.8601, 19.6262 ], [ 110.8597, 19.6276 ], [ 110.8536, 19.6287 ], [ 110.823100001000057, 19.62739999900009 ], [ 110.813700001000029, 19.6261 ], [ 110.8087, 19.6175 ], [ 110.8032, 19.6143 ], [ 110.8007, 19.6083 ], [ 110.7916, 19.6138 ], [ 110.7907, 19.61060000100008 ], [ 110.7926, 19.6049 ], [ 110.8025, 19.5998 ], [ 110.8018, 19.5949 ], [ 110.8133, 19.58 ], [ 110.8208, 19.563100001000066 ], [ 110.8308, 19.5483 ], [ 110.8304, 19.5463 ], [ 110.8301, 19.5443 ], [ 110.8141, 19.5409 ], [ 110.8083, 19.5375 ], [ 110.8033, 19.5229 ], [ 110.8029, 19.5135 ], [ 110.807, 19.4971 ], [ 110.80580000100008, 19.492799999000056 ], [ 110.8002, 19.487900001000071 ], [ 110.794800001000056, 19.4765 ], [ 110.7875, 19.4666 ], [ 110.7792, 19.4587 ], [ 110.7671, 19.4517 ], [ 110.7668, 19.4473 ], [ 110.7614, 19.433800001000066 ], [ 110.763, 19.4288 ], [ 110.7612, 19.4255 ], [ 110.7505, 19.4226 ], [ 110.7468, 19.4195 ], [ 110.7337, 19.4086 ], [ 110.7323, 19.4063 ], [ 110.7344, 19.4026 ], [ 110.7314, 19.4016 ], [ 110.7263, 19.4091 ], [ 110.712, 19.4143 ], [ 110.6999, 19.40970000100009 ], [ 110.6838, 19.3961 ], [ 110.6746, 19.3828 ], [ 110.671399999000073, 19.3744 ], [ 110.669, 19.3581 ], [ 110.67, 19.356 ], [ 110.6791, 19.3373 ], [ 110.6801, 19.3315 ], [ 110.676800001000061, 19.3218 ], [ 110.6602, 19.3038 ], [ 110.655699999000035, 19.3099 ], [ 110.6508, 19.3137 ], [ 110.6456, 19.314 ], [ 110.637, 19.3081 ], [ 110.633, 19.3022 ], [ 110.6315, 19.2948 ], [ 110.6325, 19.288599999000041 ], [ 110.6388, 19.275 ], [ 110.6388, 19.273400001000084 ], [ 110.6387, 19.2699 ], [ 110.6344, 19.2577 ], [ 110.6223, 19.2366 ], [ 110.615500001000044, 19.2214 ], [ 110.6121, 19.203900001000079 ], [ 110.6081, 19.197699999000065 ], [ 110.5988, 19.1886 ], [ 110.5916, 19.1713 ], [ 110.588, 19.1676 ], [ 110.5852, 19.1557 ], [ 110.5832, 19.153000001000066 ], [ 110.5787, 19.1539 ], [ 110.5775, 19.1498 ], [ 110.5713, 19.1532 ], [ 110.561700001000077, 19.1527 ], [ 110.5555, 19.1576 ], [ 110.5548, 19.1574 ], [ 110.552599999000051, 19.1568 ], [ 110.547899999000037, 19.1494 ], [ 110.5396, 19.1473 ], [ 110.5326, 19.1428 ], [ 110.529799999000033, 19.1425 ], [ 110.5233, 19.1481 ], [ 110.5199, 19.1488 ], [ 110.5076, 19.1422 ], [ 110.5045, 19.1424 ], [ 110.5018, 19.149100001000079 ], [ 110.5005, 19.160900001000073 ], [ 110.4973, 19.1642 ], [ 110.4934, 19.1658 ], [ 110.492800001000035, 19.1676 ], [ 110.4854, 19.1696 ], [ 110.4853, 19.1659 ], [ 110.493899999000064, 19.1581 ], [ 110.496700001000079, 19.1537 ], [ 110.499, 19.139199999000084 ], [ 110.5008, 19.1373 ], [ 110.510900001000039, 19.1345 ], [ 110.5137, 19.129 ], [ 110.5245, 19.127 ], [ 110.5271, 19.1278 ], [ 110.5384, 19.1384 ], [ 110.5459, 19.1422 ], [ 110.5493, 19.1424 ], [ 110.5607, 19.129 ], [ 110.5588, 19.1207 ], [ 110.5614, 19.1133 ], [ 110.5621, 19.1112 ], [ 110.560200001000055, 19.1037 ], [ 110.5555, 19.104400001000045 ], [ 110.5514, 19.0826 ], [ 110.552399999000045, 19.0799 ], [ 110.559, 19.0802 ], [ 110.5616, 19.0818 ], [ 110.560200001000055, 19.0878 ], [ 110.5637, 19.0884 ], [ 110.569699999000079, 19.1249 ], [ 110.570699999000055, 19.126 ], [ 110.573300001000064, 19.128800001000059 ], [ 110.578000001000078, 19.1403 ], [ 110.5804, 19.1407 ], [ 110.581, 19.139 ], [ 110.5748, 19.1194 ], [ 110.5731, 19.1081 ], [ 110.5692, 19.0531 ], [ 110.56780000100008, 19.047400001000085 ], [ 110.564, 19.043500001000041 ], [ 110.5557, 19.0419 ], [ 110.5398, 19.0389 ], [ 110.5374, 19.0352 ], [ 110.5343, 19.0218 ], [ 110.5227, 19.0034 ], [ 110.5137, 18.9725 ], [ 110.510100001000069, 18.9333 ], [ 110.510100001000069, 18.9326 ], [ 110.5155, 18.893 ], [ 110.5144, 18.8891 ], [ 110.51240000100006, 18.8889 ], [ 110.5079, 18.8942 ], [ 110.5036, 18.893 ], [ 110.4861, 18.8858 ], [ 110.4773, 18.8787 ], [ 110.4722, 18.8724 ], [ 110.4658, 18.882 ], [ 110.463, 18.8816 ], [ 110.461600001000079, 18.8756 ], [ 110.4634, 18.868999999000039 ], [ 110.461, 18.8651 ], [ 110.462, 18.862 ], [ 110.4644, 18.8609 ], [ 110.4633, 18.8572 ], [ 110.4666, 18.852400001000092 ], [ 110.4567, 18.8395 ], [ 110.451, 18.8367 ], [ 110.4395, 18.8375 ], [ 110.436, 18.8355 ], [ 110.4352, 18.8276 ], [ 110.436400001000038, 18.821800001000042 ], [ 110.447200001000056, 18.8051 ], [ 110.448200001000032, 18.7997 ], [ 110.4566, 18.804800001000046 ], [ 110.4615, 18.802599999000051 ], [ 110.4626, 18.8039 ], [ 110.4676, 18.8042 ], [ 110.4732, 18.8004 ], [ 110.4739, 18.8004 ], [ 110.4847, 18.8013 ], [ 110.4886, 18.7995 ], [ 110.4887, 18.7958 ], [ 110.4833, 18.7953 ], [ 110.4861, 18.7921 ], [ 110.4917, 18.791 ], [ 110.4961, 18.7926 ], [ 110.503099999000028, 18.7985 ], [ 110.5088, 18.799399999000059 ], [ 110.5116, 18.8019 ], [ 110.511699999000029, 18.804800001000046 ], [ 110.5087, 18.8106 ], [ 110.5025, 18.8169 ], [ 110.5017, 18.819600001000083 ], [ 110.504899999000031, 18.8278 ], [ 110.5045, 18.8326 ], [ 110.4954, 18.8441 ], [ 110.4969, 18.855 ], [ 110.493600001000061, 18.8657 ], [ 110.4933, 18.8665 ], [ 110.4949, 18.8704 ], [ 110.499100001000045, 18.874300001000051 ], [ 110.5116, 18.8803 ], [ 110.5129, 18.879 ], [ 110.5143, 18.8569 ], [ 110.5186, 18.829899999000077 ], [ 110.5282, 18.8066 ], [ 110.53, 18.7948 ], [ 110.5378, 18.7835 ], [ 110.53769999900004, 18.7827 ], [ 110.5375, 18.7808 ], [ 110.5225, 18.786600001000068 ], [ 110.5158, 18.780699999000092 ], [ 110.5119, 18.7791 ], [ 110.5118, 18.77289999900006 ], [ 110.5081, 18.7734 ], [ 110.5067, 18.7784 ], [ 110.5006, 18.778100001000041 ], [ 110.493899999000064, 18.7761 ], [ 110.4898, 18.7693 ], [ 110.4866, 18.7679 ], [ 110.4791, 18.776899999000079 ], [ 110.4761, 18.775899999000046 ], [ 110.4646, 18.7666 ], [ 110.4578, 18.7582 ], [ 110.4511, 18.7465 ], [ 110.4494, 18.742 ], [ 110.447200001000056, 18.7362 ], [ 110.4439, 18.73360000100007 ], [ 110.4392, 18.733500001000039 ], [ 110.437, 18.731399999000075 ], [ 110.4311, 18.7141 ], [ 110.4293, 18.683799999000087 ], [ 110.4261, 18.6776 ], [ 110.4187, 18.6721 ], [ 110.4138, 18.6646 ], [ 110.4103, 18.664 ], [ 110.407, 18.671899999000061 ], [ 110.4026, 18.673 ], [ 110.3963, 18.682600001000083 ], [ 110.3922, 18.6831 ], [ 110.3893, 18.6804 ], [ 110.381, 18.6729 ], [ 110.3732, 18.676499999000043 ], [ 110.360699999000076, 18.6661 ], [ 110.356799999000032, 18.6668 ], [ 110.3515, 18.675 ], [ 110.3354, 18.67250000100006 ], [ 110.333100001000048, 18.6748 ], [ 110.3351, 18.6791 ], [ 110.3388, 18.6822 ], [ 110.352099999000075, 18.6876 ], [ 110.3621, 18.6897 ], [ 110.3695, 18.6898 ], [ 110.3801, 18.687200001000065 ], [ 110.387, 18.6879 ], [ 110.3891, 18.6888 ], [ 110.3947, 18.6913 ], [ 110.403699999000025, 18.6883 ], [ 110.407699999000044, 18.693799999000078 ], [ 110.40990000100004, 18.694 ], [ 110.4122, 18.6879 ], [ 110.4141, 18.6875 ], [ 110.415200001000073, 18.6984 ], [ 110.4131, 18.7014 ], [ 110.4025, 18.7079 ], [ 110.3964, 18.70760000100006 ], [ 110.3943, 18.7056 ], [ 110.398700001000066, 18.6991 ], [ 110.3991, 18.6964 ], [ 110.3975, 18.6942 ], [ 110.3878, 18.698 ], [ 110.3827, 18.698499999000092 ], [ 110.3754, 18.695499999000049 ], [ 110.3683, 18.6979 ], [ 110.3519, 18.694 ], [ 110.3244, 18.6772 ], [ 110.3233, 18.6756 ], [ 110.3258, 18.671 ], [ 110.3236, 18.6685 ], [ 110.3156, 18.6653 ], [ 110.3089, 18.6656 ], [ 110.2968, 18.6724 ], [ 110.2832, 18.6736 ], [ 110.2759, 18.668099999000049 ], [ 110.2618, 18.6654 ], [ 110.2452, 18.6513 ], [ 110.2304, 18.6386 ], [ 110.2319, 18.634 ], [ 110.2297, 18.6318 ], [ 110.218, 18.635999999000092 ], [ 110.214300001000026, 18.634 ], [ 110.200200001000042, 18.619499999000084 ], [ 110.1902, 18.6143 ], [ 110.181300001000068, 18.599700001000087 ], [ 110.1788, 18.5921 ], [ 110.1748, 18.588000001000069 ], [ 110.1662, 18.5908 ], [ 110.1638, 18.5902 ], [ 110.1572, 18.584900001000051 ], [ 110.1553, 18.5824 ], [ 110.1433, 18.5667 ], [ 110.1395, 18.5564 ], [ 110.13600000100007, 18.553600001000063 ], [ 110.1252, 18.555399999000088 ], [ 110.1193, 18.5528 ], [ 110.106300001000079, 18.5391 ], [ 110.0881, 18.5037 ], [ 110.0709, 18.4986 ], [ 110.0722, 18.495 ], [ 110.0773, 18.4921 ], [ 110.08750000100008, 18.4942 ], [ 110.0877, 18.4909 ], [ 110.079600001000074, 18.4656 ], [ 110.0677, 18.4055 ], [ 110.0619, 18.405199999000047 ], [ 110.051300001000072, 18.3936 ], [ 110.0529, 18.3838 ], [ 110.0518, 18.3824 ], [ 110.0439, 18.386999999000068 ], [ 110.034800001000065, 18.3851 ], [ 110.0263, 18.386999999000068 ], [ 110.0153, 18.3837 ], [ 110.008, 18.3771 ], [ 110.002800001000026, 18.3747 ], [ 109.999999999000067, 18.3755 ], [ 109.9987, 18.3758 ], [ 109.9951, 18.3839 ], [ 109.9906, 18.3873 ], [ 109.9712, 18.3863 ], [ 109.9677, 18.3896 ], [ 109.9685, 18.395 ], [ 109.9689, 18.3981 ], [ 109.9649, 18.4085 ], [ 109.9665, 18.4111 ], [ 109.9697, 18.4117 ], [ 109.9736, 18.4104 ], [ 109.983699999000066, 18.4014 ], [ 109.9901, 18.3989 ], [ 109.999999999000067, 18.3989 ], [ 110.0033, 18.3989 ], [ 110.0112, 18.4054 ], [ 110.014099999000052, 18.4103 ], [ 110.018, 18.4124 ], [ 110.020399999000063, 18.4156 ], [ 110.0214, 18.4245 ], [ 110.031100001000027, 18.4356 ], [ 110.0313, 18.438500001000079 ], [ 110.0254, 18.4499 ], [ 110.019, 18.4526 ], [ 110.015699999000049, 18.454 ], [ 110.0144, 18.4513 ], [ 110.0162, 18.4426 ], [ 110.0145, 18.4374 ], [ 110.0114, 18.4342 ], [ 109.999999999000067, 18.4356 ], [ 109.9893, 18.4369 ], [ 109.9848, 18.4361 ], [ 109.9723, 18.4239 ], [ 109.9709, 18.4162 ], [ 109.968, 18.4138 ], [ 109.9401, 18.415999999000064 ], [ 109.931700001000081, 18.4192 ], [ 109.9252, 18.4197 ], [ 109.9196, 18.418100001000084 ], [ 109.8837, 18.4082 ], [ 109.862000001000069, 18.3966 ], [ 109.8599, 18.3902 ], [ 109.8575, 18.3882 ], [ 109.8465, 18.3902 ], [ 109.8415, 18.386100001000045 ], [ 109.8333, 18.3864 ], [ 109.8234, 18.3789 ], [ 109.8208, 18.3783 ], [ 109.8163, 18.3812 ], [ 109.8139, 18.3934 ], [ 109.8111, 18.3991 ], [ 109.7945, 18.4036 ], [ 109.785, 18.4031 ], [ 109.7793, 18.400399999000058 ], [ 109.769700001000047, 18.3929 ], [ 109.751, 18.4063 ], [ 109.748799999000028, 18.4033 ], [ 109.7503, 18.3999 ], [ 109.7526, 18.396200001000068 ], [ 109.7536, 18.3873 ], [ 109.7584, 18.385 ], [ 109.759, 18.382299999000054 ], [ 109.7515, 18.3726 ], [ 109.7429, 18.356399999000075 ], [ 109.7365, 18.3248 ], [ 109.7254, 18.3071 ], [ 109.7216, 18.2896 ], [ 109.7224, 18.2854 ], [ 109.723600001000079, 18.2784 ], [ 109.7273, 18.2767 ], [ 109.7355, 18.277100001000065 ], [ 109.736100001000068, 18.2758 ], [ 109.7333, 18.2719 ], [ 109.7242, 18.2716 ], [ 109.7233, 18.2706 ], [ 109.7265, 18.26579999900008 ], [ 109.7215, 18.263299999000083 ], [ 109.7152, 18.2636 ], [ 109.7101, 18.2657 ], [ 109.7069, 18.2691 ], [ 109.7101, 18.273 ], [ 109.7156, 18.2725 ], [ 109.7177, 18.2758 ], [ 109.7167, 18.2963 ], [ 109.7189, 18.3058 ], [ 109.718100001000039, 18.309300001000054 ], [ 109.715700001000073, 18.3083 ], [ 109.7115, 18.2957 ], [ 109.7116, 18.2949 ], [ 109.714100001000077, 18.281200001000059 ], [ 109.7124, 18.2792 ], [ 109.7091, 18.2798 ], [ 109.7021, 18.2877 ], [ 109.6991, 18.288200001000064 ], [ 109.6914, 18.2806 ], [ 109.6916, 18.2783 ], [ 109.6817, 18.2801 ], [ 109.6771, 18.2775 ], [ 109.6749, 18.273599999000055 ], [ 109.6789, 18.2621 ], [ 109.6832, 18.2573 ], [ 109.6864, 18.2559 ], [ 109.6918, 18.2614 ], [ 109.7001, 18.2799 ], [ 109.702, 18.280499999000085 ], [ 109.703, 18.274900001000049 ], [ 109.7021, 18.2709 ], [ 109.7014, 18.2677 ], [ 109.7029, 18.264 ], [ 109.7074, 18.2592 ], [ 109.716, 18.2597 ], [ 109.7206, 18.256900001000076 ], [ 109.724900001000037, 18.2575 ], [ 109.7299, 18.262 ], [ 109.7329, 18.2612 ], [ 109.7383, 18.2557 ], [ 109.7432, 18.2553 ], [ 109.7452, 18.2521 ], [ 109.7442, 18.2422 ], [ 109.7398, 18.2369 ], [ 109.7313, 18.232 ], [ 109.7297, 18.226 ], [ 109.7303, 18.2202 ], [ 109.7265, 18.212 ], [ 109.7246, 18.2112 ], [ 109.7167, 18.2208 ], [ 109.7122, 18.2221 ], [ 109.709, 18.2199 ], [ 109.708, 18.2192 ], [ 109.705799999000078, 18.211 ], [ 109.7074, 18.205 ], [ 109.7128, 18.2002 ], [ 109.713, 18.198499999000092 ], [ 109.7026, 18.1968 ], [ 109.7007, 18.2017 ], [ 109.6966, 18.203899999000043 ], [ 109.6907, 18.2132 ], [ 109.692900001000055, 18.2182 ], [ 109.697, 18.220999999000071 ], [ 109.6855, 18.2352 ], [ 109.6801, 18.2369 ], [ 109.6725, 18.2364 ], [ 109.662799999000072, 18.2321 ], [ 109.6421, 18.2306 ], [ 109.640500001000078, 18.230499999000074 ], [ 109.6238, 18.2249 ], [ 109.6166, 18.2212 ], [ 109.612400001000026, 18.2169 ], [ 109.6081, 18.1928 ], [ 109.6091, 18.189600001000088 ], [ 109.6152, 18.1908 ], [ 109.6192, 18.180399999000088 ], [ 109.6204, 18.1755 ], [ 109.619500001000063, 18.1734 ], [ 109.6157, 18.174099999000077 ], [ 109.607700001000069, 18.1822 ], [ 109.6049, 18.1831 ], [ 109.6036, 18.17729999900007 ], [ 109.5949, 18.1768 ], [ 109.5919, 18.1753 ], [ 109.5865, 18.18 ], [ 109.585, 18.1812 ], [ 109.5809, 18.181700001000081 ], [ 109.5787, 18.1788 ], [ 109.5819, 18.1707 ], [ 109.581, 18.1692 ], [ 109.5754, 18.1683 ], [ 109.574100001000033, 18.1656 ], [ 109.5753, 18.1621 ], [ 109.5727, 18.1613 ], [ 109.5693, 18.1642 ], [ 109.5672, 18.17019999900009 ], [ 109.567, 18.175400001000071 ], [ 109.5699, 18.1838 ], [ 109.567899999000076, 18.1938 ], [ 109.5699, 18.1981 ], [ 109.576, 18.2049 ], [ 109.5715, 18.2084 ], [ 109.5598, 18.2092 ], [ 109.5575, 18.2112 ], [ 109.5541, 18.2198 ], [ 109.5509, 18.2212 ], [ 109.547, 18.2209 ], [ 109.5446, 18.2236 ], [ 109.5455, 18.227100001000053 ], [ 109.5497, 18.231 ], [ 109.5599, 18.2358 ], [ 109.5649, 18.239899999000045 ], [ 109.567600001000073, 18.2482 ], [ 109.5558, 18.239999999000077 ], [ 109.5395, 18.2339 ], [ 109.5363, 18.2315 ], [ 109.5345, 18.2268 ], [ 109.54, 18.2168 ], [ 109.5393, 18.2075 ], [ 109.5369, 18.2081 ], [ 109.53199999900005, 18.2152 ], [ 109.5243, 18.2221 ], [ 109.5178, 18.22240000100004 ], [ 109.51300000100008, 18.2203 ], [ 109.4936, 18.2017 ], [ 109.4907, 18.1931 ], [ 109.4846, 18.1888 ], [ 109.4801, 18.1884 ], [ 109.4773, 18.19129999900008 ], [ 109.4775, 18.1981 ], [ 109.470899999000039, 18.2042 ], [ 109.470899999000039, 18.2071 ], [ 109.4936, 18.2205 ], [ 109.494499999000027, 18.223399999000037 ], [ 109.4923, 18.229 ], [ 109.493400001000055, 18.231100001000073 ], [ 109.4982, 18.2314 ], [ 109.498900001000038, 18.2345 ], [ 109.4957, 18.2413 ], [ 109.4944, 18.2441 ], [ 109.491800001000058, 18.257099999000047 ], [ 109.487100001000044, 18.2646 ], [ 109.4789, 18.2715 ], [ 109.466199999000025, 18.278700001000061 ], [ 109.4481, 18.2842 ], [ 109.4399, 18.2849 ], [ 109.4259, 18.2912 ], [ 109.417699999000035, 18.2928 ], [ 109.405099999000072, 18.2927 ], [ 109.3887, 18.2894 ], [ 109.3811, 18.2879 ], [ 109.37200000100006, 18.288800001000084 ], [ 109.3593, 18.292 ], [ 109.353400001000068, 18.2906 ], [ 109.3512, 18.292299999000079 ], [ 109.3394, 18.3011 ], [ 109.331, 18.304899999000042 ], [ 109.3075, 18.3077 ], [ 109.2679, 18.3048 ], [ 109.263499999000032, 18.3033 ], [ 109.255699999000058, 18.2978 ], [ 109.2507, 18.2979 ], [ 109.2451, 18.3016 ], [ 109.239999999000077, 18.3029 ], [ 109.2269, 18.303 ], [ 109.2248, 18.303 ], [ 109.2179, 18.3006 ], [ 109.2018, 18.2906 ], [ 109.1957, 18.2884 ], [ 109.179, 18.2881 ], [ 109.1724, 18.2896 ], [ 109.1566, 18.2988 ], [ 109.1533, 18.308099999000092 ], [ 109.1487, 18.3123 ], [ 109.1479, 18.315600001000064 ], [ 109.1543, 18.327300001000083 ], [ 109.1538, 18.3304 ], [ 109.1412, 18.342300001000069 ], [ 109.1395, 18.3442 ], [ 109.1239, 18.3505 ], [ 109.1083, 18.3653 ], [ 109.1, 18.3687 ], [ 109.0845, 18.3715 ], [ 109.067, 18.3726 ], [ 109.0251, 18.3654 ], [ 109.0065, 18.3645 ], [ 108.98240000100003, 18.3769 ], [ 108.9738, 18.385200001000044 ], [ 108.9665, 18.3987 ], [ 108.9622, 18.4033 ], [ 108.956799999000054, 18.404100001000074 ], [ 108.9546, 18.406 ], [ 108.9504, 18.4139 ], [ 108.946599999000057, 18.4094 ], [ 108.9443, 18.4092 ], [ 108.9287, 18.4167 ], [ 108.9181, 18.4201 ], [ 108.8937, 18.422900001000073 ], [ 108.892, 18.4246 ], [ 108.8952, 18.4285 ], [ 108.894600001000072, 18.4304 ], [ 108.878399999000067, 18.434 ], [ 108.8678, 18.439 ], [ 108.8577, 18.4465 ], [ 108.8542, 18.4438 ], [ 108.8475, 18.451700001000063 ], [ 108.8236, 18.4707 ], [ 108.8037, 18.482300001000056 ], [ 108.796800001000065, 18.4849 ], [ 108.7572, 18.4911 ], [ 108.754899999000031, 18.4918 ], [ 108.7421, 18.4961 ], [ 108.7154, 18.4952 ], [ 108.7089, 18.496300001000066 ], [ 108.699000001000059, 18.5 ], [ 108.6921, 18.506899999000041 ], [ 108.6878, 18.5139 ], [ 108.677200001000074, 18.559099999000068 ], [ 108.6842, 18.5797 ], [ 108.7022, 18.6204 ], [ 108.7038, 18.629 ], [ 108.701, 18.6406 ], [ 108.7018, 18.642899999000065 ], [ 108.7012, 18.6448 ], [ 108.706, 18.653799999000057 ], [ 108.706900001000065, 18.6594 ], [ 108.7031, 18.6805 ], [ 108.6949, 18.6917 ], [ 108.6989, 18.7008 ], [ 108.6963, 18.7116 ], [ 108.6988, 18.7213 ], [ 108.6956, 18.7273 ], [ 108.6958, 18.7306 ], [ 108.6995, 18.7353 ], [ 108.6889, 18.7492 ], [ 108.689600001000031, 18.7513 ], [ 108.6955, 18.756 ], [ 108.6868, 18.759 ], [ 108.6842, 18.7621 ], [ 108.684, 18.7627 ], [ 108.674399999000059, 18.787600001000044 ], [ 108.6692, 18.7981 ], [ 108.6608, 18.8102 ], [ 108.6537, 18.8177 ], [ 108.6424, 18.8233 ], [ 108.62959999900005, 18.825199999000063 ], [ 108.6275, 18.839299999000048 ], [ 108.6314, 18.8473 ], [ 108.6315, 18.8591 ], [ 108.633200001000034, 18.863 ], [ 108.6542, 18.888799999000071 ], [ 108.6564, 18.8939 ], [ 108.6564, 18.901800001000083 ], [ 108.66, 18.9163 ], [ 108.6618, 18.937999999000056 ], [ 108.661, 18.9471 ], [ 108.65, 18.960599999000067 ], [ 108.6485, 18.968399999000042 ], [ 108.649, 18.9763 ], [ 108.6493, 19.0007 ], [ 108.6362, 19.0301 ], [ 108.6382, 19.0375 ], [ 108.6373, 19.045 ], [ 108.628700001000027, 19.0682 ], [ 108.617500001000053, 19.0908 ], [ 108.617500001000053, 19.095100001000048 ], [ 108.6184, 19.097 ], [ 108.6271, 19.100699999000085 ], [ 108.645000001000028, 19.111600001000056 ], [ 108.6564, 19.1221 ], [ 108.664199999000061, 19.134 ], [ 108.6693, 19.150500001000069 ], [ 108.6719, 19.1547 ], [ 108.6757, 19.1606 ], [ 108.681, 19.1757 ], [ 108.6812, 19.1871 ], [ 108.6791, 19.1916 ], [ 108.6711, 19.1983 ], [ 108.6396, 19.2185 ], [ 108.6337, 19.2175 ], [ 108.6322, 19.2152 ], [ 108.633499999000037, 19.210499999000092 ], [ 108.6319, 19.2074 ], [ 108.630399999000076, 19.2077 ], [ 108.629300001000047, 19.208 ], [ 108.6276, 19.2148 ], [ 108.6283, 19.2237 ], [ 108.6384, 19.2462 ], [ 108.64, 19.2534 ], [ 108.635, 19.2655 ], [ 108.634200001000067, 19.2715 ], [ 108.641, 19.2816 ], [ 108.6441, 19.2931 ], [ 108.6465, 19.2962 ], [ 108.6522, 19.2997 ], [ 108.655, 19.2999 ], [ 108.6613, 19.2993 ], [ 108.6769, 19.2942 ], [ 108.6657, 19.304000001000077 ], [ 108.663999999000055, 19.3077 ], [ 108.663999999000055, 19.3125 ], [ 108.6599, 19.3154 ], [ 108.663999999000055, 19.319700001000058 ], [ 108.6706, 19.322199999000077 ], [ 108.6808, 19.3166 ], [ 108.6812, 19.317 ], [ 108.682500001000051, 19.3184 ], [ 108.6791, 19.3257 ], [ 108.6736, 19.3267 ], [ 108.671700001000033, 19.3288 ], [ 108.674100001000056, 19.3342 ], [ 108.6682, 19.338500001000057 ], [ 108.6661, 19.344099999000036 ], [ 108.67330000100003, 19.34879999900005 ], [ 108.6768, 19.353 ], [ 108.6808, 19.3674 ], [ 108.6841, 19.373799999000084 ], [ 108.6867, 19.3757 ], [ 108.6904, 19.3754 ], [ 108.6934, 19.3732 ], [ 108.7091, 19.3689 ], [ 108.7283, 19.372200001000067 ], [ 108.7377, 19.3759 ], [ 108.7484, 19.380099999000038 ], [ 108.7525, 19.3826 ], [ 108.754099999000061, 19.3878 ], [ 108.756, 19.38940000100007 ], [ 108.7632, 19.3892 ], [ 108.7674, 19.390999999000087 ], [ 108.7851, 19.4046 ], [ 108.792300001000058, 19.4107 ], [ 108.797600001000035, 19.4217 ], [ 108.8265, 19.445500001000084 ], [ 108.8324, 19.4484 ], [ 108.8388, 19.4498 ], [ 108.8644, 19.4556 ], [ 108.870799999000042, 19.4595 ], [ 108.9038, 19.4864 ], [ 108.921, 19.503699999000048 ], [ 108.9264, 19.507 ], [ 108.9297, 19.507 ], [ 108.9306, 19.5059 ], [ 108.9279, 19.4964 ], [ 108.930099999000049, 19.4925 ], [ 108.9346, 19.4922 ], [ 108.9373, 19.4945 ], [ 108.9429, 19.494300001000056 ], [ 108.944199999000034, 19.4963 ], [ 108.935599999000033, 19.5057 ], [ 108.9481, 19.5143 ], [ 108.944199999000034, 19.5164 ], [ 108.9389, 19.5168 ], [ 108.9398, 19.5183 ], [ 108.9691, 19.5379 ], [ 108.9847, 19.5536 ], [ 109.0025, 19.577 ], [ 109.0085, 19.5828 ], [ 109.0161, 19.587300001000074 ], [ 109.0305, 19.5919 ], [ 109.0406, 19.5952 ], [ 109.074700001000053, 19.6024 ], [ 109.1084, 19.6239 ], [ 109.1172, 19.6269 ], [ 109.1273, 19.6353 ], [ 109.138, 19.638 ], [ 109.147600001000058, 19.64370000100007 ], [ 109.1496, 19.64370000100007 ], [ 109.1614, 19.6436 ], [ 109.1701, 19.647 ], [ 109.1826, 19.656399999000087 ], [ 109.2024, 19.675700001000052 ], [ 109.2075, 19.6844 ], [ 109.2106, 19.6943 ], [ 109.212899999000058, 19.723600001000079 ], [ 109.216599999000039, 19.7228 ], [ 109.2219, 19.7145 ], [ 109.223, 19.7139 ], [ 109.2254, 19.7126 ], [ 109.23, 19.7132 ], [ 109.2412, 19.7241 ], [ 109.2535, 19.7258 ], [ 109.2674, 19.723600001000079 ], [ 109.271100001000036, 19.7255 ], [ 109.2734, 19.729999999000086 ], [ 109.2762, 19.7304 ], [ 109.279, 19.7295 ], [ 109.2903, 19.718700001000059 ], [ 109.2968, 19.7166 ], [ 109.3029, 19.7165 ], [ 109.3045, 19.718800001000091 ], [ 109.2904, 19.728 ], [ 109.2857, 19.73779999900006 ], [ 109.2828, 19.740099999000051 ], [ 109.2745, 19.7405 ], [ 109.2715, 19.743 ], [ 109.277, 19.7473 ], [ 109.286000001000048, 19.7489 ], [ 109.297099999000068, 19.7532 ], [ 109.3035, 19.7585 ], [ 109.3053, 19.7624 ], [ 109.3064, 19.7645 ], [ 109.305199999000081, 19.7732 ], [ 109.307200001000069, 19.7783 ], [ 109.314399999000045, 19.7775 ], [ 109.3181, 19.780700001000071 ], [ 109.3164, 19.7841 ], [ 109.2893, 19.7847 ], [ 109.285, 19.7862 ], [ 109.2818, 19.7928 ], [ 109.2763, 19.7902 ], [ 109.2725, 19.7815 ], [ 109.272, 19.7755 ], [ 109.27500000100008, 19.7672 ], [ 109.273, 19.7652 ], [ 109.270599999000069, 19.765 ], [ 109.2591, 19.7702 ], [ 109.2571, 19.7647 ], [ 109.254899999000031, 19.7632 ], [ 109.253299999000035, 19.7634 ], [ 109.2503, 19.7637 ], [ 109.2466, 19.7614 ], [ 109.235, 19.7611 ], [ 109.232800001000044, 19.7622 ], [ 109.2317, 19.7599 ], [ 109.233, 19.7572 ], [ 109.226799999000036, 19.7482 ], [ 109.2233, 19.7476 ], [ 109.2168, 19.750100001000078 ], [ 109.2141, 19.747999999000058 ], [ 109.209499999000059, 19.7384 ], [ 109.209400001000063, 19.733799999000041 ], [ 109.2059, 19.7305 ], [ 109.2002, 19.7302 ], [ 109.1896, 19.7346 ], [ 109.1861, 19.733799999000041 ], [ 109.1834, 19.7309 ], [ 109.1814, 19.723699999000075 ], [ 109.1691, 19.7134 ], [ 109.1647, 19.7133 ], [ 109.16540000100008, 19.7191 ], [ 109.1655, 19.7199 ], [ 109.1734, 19.7359 ], [ 109.1739, 19.7413 ], [ 109.169, 19.7571 ], [ 109.160999999000069, 19.765999999000087 ], [ 109.161799999000038, 19.7819 ], [ 109.1573, 19.7898 ], [ 109.1573, 19.7946 ], [ 109.1683, 19.8034 ], [ 109.1743, 19.8133 ], [ 109.1782, 19.8166 ], [ 109.1925, 19.8221 ], [ 109.198200001000032, 19.8243 ], [ 109.201899999000034, 19.8282 ], [ 109.2065, 19.8277 ], [ 109.2082, 19.829000001000054 ], [ 109.2067, 19.8327 ], [ 109.209200001000056, 19.8383 ], [ 109.2073, 19.8451 ], [ 109.2194, 19.8582 ], [ 109.2253, 19.8609 ], [ 109.2325, 19.8606 ], [ 109.23839999900008, 19.858100001000082 ], [ 109.2443, 19.8576 ], [ 109.250900001000048, 19.8634 ], [ 109.255899999000064, 19.864 ], [ 109.261, 19.8668 ], [ 109.2625, 19.8697 ], [ 109.259300001000042, 19.875300001000085 ], [ 109.2671, 19.8891 ], [ 109.2665, 19.8946 ], [ 109.2661, 19.8984 ], [ 109.2676, 19.9036 ], [ 109.2713, 19.9056 ], [ 109.2844, 19.9016 ], [ 109.2921, 19.9009 ], [ 109.2945, 19.904 ], [ 109.2909, 19.9148 ], [ 109.292399999000054, 19.9191 ], [ 109.303300001000025, 19.915499999000076 ], [ 109.3064, 19.920600001000082 ], [ 109.3106, 19.9212 ], [ 109.3283, 19.916900001000045 ], [ 109.3322, 19.9148 ], [ 109.33169999900008, 19.9101 ], [ 109.320699999000055, 19.903799999000057 ], [ 109.3187, 19.9005 ], [ 109.319099999000059, 19.896500001000049 ], [ 109.3221, 19.8913 ], [ 109.3284, 19.8861 ], [ 109.33169999900008, 19.8853 ], [ 109.3492, 19.888 ], [ 109.352699999000038, 19.8903 ], [ 109.356, 19.8958 ], [ 109.3595, 19.896400001000075 ], [ 109.3586, 19.8908 ], [ 109.3617, 19.89 ], [ 109.365, 19.8922 ], [ 109.3718, 19.893 ], [ 109.3744, 19.8915 ], [ 109.3772, 19.8851 ], [ 109.3813, 19.8813 ], [ 109.3852, 19.8807 ], [ 109.3859, 19.8825 ], [ 109.3805, 19.8923 ], [ 109.3829, 19.8933 ], [ 109.385699999000053, 19.8908 ], [ 109.3896, 19.8829 ], [ 109.4038, 19.8694 ], [ 109.4117, 19.8618 ], [ 109.415800001000036, 19.8599 ], [ 109.428, 19.8621 ], [ 109.4324, 19.8648 ], [ 109.4385, 19.8748 ], [ 109.4422, 19.8765 ], [ 109.445199999000067, 19.8742 ], [ 109.4469, 19.8628 ], [ 109.451, 19.8642 ], [ 109.4546, 19.8726 ], [ 109.4592, 19.873000001000037 ], [ 109.4624, 19.870099999000047 ], [ 109.472499999000036, 19.8516 ], [ 109.4742, 19.842699999000047 ], [ 109.4695, 19.833800001000043 ], [ 109.4703, 19.831600001000083 ], [ 109.47160000100007, 19.828 ], [ 109.4747, 19.8298 ], [ 109.4789, 19.8368 ], [ 109.4845, 19.8408 ], [ 109.487100001000044, 19.842599999000072 ], [ 109.5129, 19.8465 ], [ 109.5221, 19.8499 ], [ 109.525400001000037, 19.8546 ], [ 109.529300001000081, 19.8688 ], [ 109.5321, 19.8715 ], [ 109.5344, 19.857400001000087 ], [ 109.5332, 19.8519 ], [ 109.5297, 19.8463 ], [ 109.5336, 19.840499999000087 ], [ 109.5366, 19.8398 ], [ 109.545, 19.8472 ], [ 109.5508, 19.8569 ], [ 109.554500001000065, 19.85909999900008 ], [ 109.5572, 19.86 ], [ 109.5604, 19.8611 ], [ 109.5645, 19.8553 ], [ 109.5689, 19.856699999000057 ], [ 109.5787, 19.8556 ], [ 109.5814, 19.858 ], [ 109.579600001000074, 19.8599 ], [ 109.569, 19.8625 ], [ 109.5633, 19.8687 ], [ 109.5581, 19.8665 ], [ 109.5463, 19.8689 ], [ 109.5424, 19.8758 ], [ 109.5396, 19.8768 ], [ 109.5287, 19.8751 ], [ 109.5235, 19.8757 ], [ 109.519300001000033, 19.8799 ], [ 109.5187, 19.8851 ], [ 109.5221, 19.891700001000061 ], [ 109.518500001000064, 19.907 ], [ 109.5189, 19.9077 ], [ 109.5216, 19.9138 ], [ 109.5374, 19.91469999900005 ], [ 109.5481, 19.9138 ], [ 109.5613, 19.9049 ], [ 109.5659, 19.9047 ], [ 109.5664, 19.9063 ], [ 109.5594, 19.9116 ], [ 109.558400001000052, 19.91469999900005 ], [ 109.5597, 19.919900001000087 ], [ 109.5536, 19.9189 ], [ 109.552999999000065, 19.9214 ], [ 109.5561, 19.9257 ], [ 109.5552, 19.9273 ], [ 109.548, 19.9256 ], [ 109.5423, 19.920600001000082 ], [ 109.534800001000065, 19.9207 ], [ 109.5313, 19.922399999000049 ], [ 109.5305, 19.924899999000047 ], [ 109.5334, 19.9377 ], [ 109.534800001000065, 19.9441 ], [ 109.5373, 19.9476 ], [ 109.5408, 19.9494 ], [ 109.5557, 19.9509 ], [ 109.558499999000048, 19.9534 ], [ 109.5612, 19.9616 ], [ 109.5669, 19.96239999900007 ], [ 109.57, 19.9651 ], [ 109.5763, 19.9784 ], [ 109.58, 19.9825 ], [ 109.5851, 19.984800001000053 ], [ 109.6057, 19.9868 ], [ 109.6162, 19.9921 ], [ 109.6202, 19.99270000100006 ], [ 109.63, 19.9905 ], [ 109.6369, 19.991 ], [ 109.6475, 19.9918 ], [ 109.662799999000072, 20.0 ], [ 109.67740000100008, 20.007799999000042 ], [ 109.694500001000051, 20.0079 ], [ 109.7014, 20.0072 ], [ 109.714100001000077, 20.0027 ], [ 109.7226, 20.002 ], [ 109.7253, 20.0 ], [ 109.7271, 19.9986 ], [ 109.731, 19.9926 ], [ 109.7303, 19.9907 ], [ 109.726799999000036, 19.9893 ], [ 109.7254, 19.98269999900009 ], [ 109.7282, 19.979 ], [ 109.731400001000054, 19.968599999000048 ], [ 109.7344, 19.9655 ], [ 109.736, 19.9671 ], [ 109.7311, 19.9829 ], [ 109.732299999000077, 19.9872 ], [ 109.7347, 19.9878 ], [ 109.7507, 19.9727 ], [ 109.7631, 19.9654 ], [ 109.803, 19.9647 ], [ 109.8037, 19.9625 ], [ 109.7975, 19.9605 ], [ 109.7966, 19.9555 ], [ 109.800900001000059, 19.9488 ], [ 109.802799999000058, 19.947300001000087 ], [ 109.8063, 19.9444 ], [ 109.8111, 19.9435 ], [ 109.8175, 19.9482 ], [ 109.819099999000059, 19.9544 ], [ 109.817, 19.9615 ], [ 109.8176, 19.9737 ], [ 109.8118, 19.9839 ], [ 109.8132, 19.9878 ], [ 109.8162, 19.987499999000079 ], [ 109.826, 19.979599999000072 ], [ 109.8314, 19.9799 ], [ 109.834700001000044, 19.9762 ], [ 109.8357, 19.9729 ], [ 109.833900001000075, 19.963999999000066 ], [ 109.8369, 19.96 ], [ 109.837199999000063, 19.9515 ], [ 109.8453, 19.9463 ], [ 109.8459, 19.944 ], [ 109.8432, 19.939099999000064 ], [ 109.8555, 19.9393 ], [ 109.8651, 19.9398 ], [ 109.8673, 19.9454 ], [ 109.873800001000063, 19.954 ], [ 109.8736, 19.9611 ], [ 109.8756, 19.9656 ], [ 109.88, 19.9639 ], [ 109.8826, 19.9655 ], [ 109.886, 19.974600001000056 ], [ 109.8843, 19.978899999000078 ], [ 109.8766, 19.9867 ], [ 109.8774, 19.987300001000051 ], [ 109.887900001000048, 19.9874 ], [ 109.8962, 19.9838 ], [ 109.9041, 19.9859 ], [ 109.9126, 19.9852 ], [ 109.9175, 19.9887 ], [ 109.9253, 19.9861 ], [ 109.931500001000074, 19.9907 ], [ 109.9319, 19.991 ], [ 109.9422, 19.99270000100006 ], [ 109.9468, 19.9923 ], [ 109.949, 19.99 ], [ 109.9532, 19.9783 ], [ 109.9635, 19.9611 ], [ 109.970800001000043, 19.9539 ], [ 109.9862, 19.9428 ], [ 109.987, 19.9403 ], [ 109.9839, 19.931700001000081 ], [ 109.9783, 19.9243 ], [ 109.9689, 19.9262 ], [ 109.9586, 19.9264 ], [ 109.9571, 19.9241 ], [ 109.9579, 19.922 ], [ 109.9605, 19.9194 ], [ 109.9629, 19.917 ], [ 109.9699, 19.9138 ], [ 109.982, 19.9048 ], [ 109.9903, 19.9053 ], [ 109.996500001000072, 19.8982 ], [ 109.999199999000041, 19.8986 ], [ 109.999999999000067, 19.9 ], [ 110.0012, 19.9019 ], [ 109.999999999000067, 19.905 ], [ 109.9969, 19.9133 ], [ 109.9977, 19.9174 ], [ 109.999999999000067, 19.9162 ], [ 110.0016, 19.915300001000048 ], [ 110.0087, 19.9076 ], [ 110.0109, 19.9082 ], [ 110.0127, 19.913700001000052 ], [ 110.0123, 19.918300001000091 ], [ 110.0097, 19.9218 ], [ 110.006, 19.92390000100005 ], [ 109.999999999000067, 19.9242 ], [ 109.998399999000071, 19.9242 ], [ 109.9925, 19.9274 ], [ 109.9963, 19.9309 ], [ 109.999999999000067, 19.9312 ], [ 110.0041, 19.9315 ], [ 110.01, 19.9284 ], [ 110.014600001000076, 19.9286 ], [ 110.0226, 19.9335 ], [ 110.0268, 19.9369 ], [ 110.0306, 19.946600001000036 ], [ 110.0296, 19.9499 ], [ 110.0237, 19.9504 ], [ 110.0237, 19.9545 ], [ 110.0255, 19.9568 ], [ 110.0292, 19.959399999000084 ], [ 110.038, 19.9593 ], [ 110.0503, 19.9656 ], [ 110.0581, 19.9754 ], [ 110.0629, 19.9783 ], [ 110.0684, 19.9788 ], [ 110.081, 19.9704 ], [ 110.0854, 19.970100001000048 ], [ 110.0931, 19.972 ], [ 110.105500001000053, 19.975 ], [ 110.109, 19.974600001000056 ], [ 110.1147, 19.9714 ], [ 110.1233, 19.963 ], [ 110.124200001000077, 19.9663 ], [ 110.1212, 19.9724 ], [ 110.123699999000053, 19.975600001000089 ], [ 110.1354, 19.9807 ], [ 110.139, 19.9926 ], [ 110.141500001000054, 19.9957 ], [ 110.1517, 20.0 ], [ 110.155699999000035, 20.0017 ], [ 110.1606, 20.006 ], [ 110.1602, 20.0093 ], [ 110.1553, 20.0154 ], [ 110.159, 20.0281 ], [ 110.1606, 20.0333 ], [ 110.159500001000026, 20.0515 ], [ 110.1635, 20.055400001000066 ], [ 110.1795, 20.0589 ], [ 110.1988, 20.0568 ], [ 110.2156, 20.0421 ], [ 110.2181, 20.0342 ], [ 110.220699999000033, 20.0308 ], [ 110.2454, 20.028000001000066 ], [ 110.2513, 20.0262 ], [ 110.2669, 20.0213 ], [ 110.284, 20.0207 ], [ 110.315399999000078, 20.034499999000047 ], [ 110.3205, 20.0386 ], [ 110.3224, 20.0479 ], [ 110.3242, 20.0495 ], [ 110.3299, 20.0496 ], [ 110.3328, 20.0519 ], [ 110.33109999900006, 20.0562 ], [ 110.332, 20.0591 ], [ 110.338, 20.063200001000041 ], [ 110.3367, 20.067100001000085 ], [ 110.3404, 20.08049999900004 ], [ 110.3424, 20.081900001000065 ], [ 110.3579, 20.0825 ], [ 110.374099999000066, 20.080699999000046 ], [ 110.3751, 20.0769 ], [ 110.3691, 20.0549 ], [ 110.36060000100008, 20.0558 ], [ 110.3692, 20.0476 ], [ 110.3747, 20.048599999000089 ], [ 110.378500001000077, 20.0417 ], [ 110.3842, 20.04040000100008 ], [ 110.3849, 20.0435 ], [ 110.3746, 20.053999999000041 ], [ 110.3742, 20.0581 ], [ 110.377, 20.0686 ], [ 110.3812, 20.0735 ], [ 110.3841, 20.074299999000061 ], [ 110.3882, 20.0693 ], [ 110.390599999000074, 20.0697 ], [ 110.3897, 20.0736 ], [ 110.3826, 20.08049999900004 ], [ 110.3794, 20.0862 ], [ 110.381, 20.0884 ], [ 110.3881, 20.0803 ], [ 110.4172, 20.0631 ], [ 110.4202, 20.0599 ], [ 110.4216, 20.0564 ], [ 110.4206, 20.0543 ], [ 110.4198, 20.0525 ], [ 110.4172, 20.0515 ], [ 110.4144, 20.052200001000074 ], [ 110.4079, 20.0583 ], [ 110.4065, 20.0568 ], [ 110.4067, 20.0543 ], [ 110.4112, 20.0487 ], [ 110.42, 20.048599999000089 ], [ 110.427000001000067, 20.051400001000047 ], [ 110.437, 20.044400001000042 ], [ 110.4382, 20.04040000100008 ], [ 110.4349, 20.034300001000076 ], [ 110.4361, 20.0299 ], [ 110.4398, 20.0319 ], [ 110.443500001000075, 20.0412 ], [ 110.4724, 20.0304 ], [ 110.4839, 20.0237 ], [ 110.4891, 20.0207 ], [ 110.4978, 20.0191 ], [ 110.508, 20.015 ], [ 110.5253, 20.0146 ], [ 110.5343, 20.0169 ], [ 110.5374, 20.0162 ], [ 110.535800001000041, 20.0138 ], [ 110.525899999000046, 20.0114 ], [ 110.52429999900005, 20.009399999000038 ], [ 110.52780000100006, 20.0075 ], [ 110.5412, 20.0081 ], [ 110.5446, 20.0058 ], [ 110.5454, 20.0033 ], [ 110.5443, 20.0 ], [ 110.5438, 19.9986 ], [ 110.5458, 19.995 ], [ 110.5473, 19.9838 ], [ 110.5506, 19.981700001000036 ], [ 110.5544, 19.9759 ], [ 110.5581, 19.9758 ], [ 110.5588, 19.9768 ], [ 110.5621, 19.9813 ], [ 110.5709, 19.9808 ], [ 110.573300001000064, 19.981800001000067 ], [ 110.5769, 19.9877 ], [ 110.5747, 19.9896 ], [ 110.5627, 19.991 ], [ 110.561700001000077, 19.99270000100006 ], [ 110.563, 19.9948 ], [ 110.586, 19.9967 ], [ 110.5875, 19.995199999000079 ], [ 110.5866, 19.9909 ], [ 110.5801, 19.9846 ], [ 110.5771, 19.9772 ], [ 110.5775, 19.9732 ], [ 110.5826, 19.9638 ], [ 110.5823, 19.9581 ], [ 110.5818, 19.9541 ], [ 110.5839, 19.9481 ], [ 110.5955, 19.9394 ], [ 110.601, 19.9288 ], [ 110.6103, 19.9189 ], [ 110.614, 19.9187 ], [ 110.6184, 19.9205 ], [ 110.6242, 19.928 ], [ 110.6263, 19.9348 ], [ 110.621000001000027, 19.96099999900008 ], [ 110.6216, 19.9699 ], [ 110.6124, 19.981800001000067 ], [ 110.605, 19.997400001000074 ], [ 110.6043, 20.0 ], [ 110.601099999000041, 20.0111 ], [ 110.6116, 20.020299999000088 ], [ 110.6168, 20.0214 ], [ 110.623699999000053, 20.0275 ], [ 110.62200000100006, 20.0286 ], [ 110.618199999000069, 20.028000001000066 ], [ 110.603, 20.0185 ], [ 110.5984, 20.0178 ], [ 110.5912, 20.020999999000082 ], [ 110.579600001000074, 20.021600001000081 ], [ 110.5751, 20.02429999900005 ], [ 110.568800001000056, 20.0385 ], [ 110.5698, 20.042399999000054 ], [ 110.57199999900007, 20.0511 ], [ 110.5729, 20.064700001000062 ], [ 110.5755, 20.0756 ], [ 110.5754, 20.0825 ], [ 110.570499999000049, 20.0875 ], [ 110.570499999000049, 20.0898 ], [ 110.580699999000046, 20.097699999000042 ], [ 110.5893, 20.1007 ], [ 110.5991, 20.1092 ], [ 110.6226, 20.1053 ], [ 110.6364, 20.1049 ], [ 110.6439, 20.1066 ], [ 110.6563, 20.1166 ], [ 110.6624, 20.125199999000074 ], [ 110.674, 20.129799999000056 ], [ 110.675200001000064, 20.1347 ], [ 110.6748, 20.1484 ], [ 110.6848, 20.1565 ], [ 110.6872, 20.156 ], [ 110.692, 20.1415 ], [ 110.699400001000072, 20.130599999000083 ], [ 110.7017, 20.12 ] ] ], [ [ [ 110.5596, 20.3307 ], [ 110.547, 20.3234 ], [ 110.5451, 20.3255 ], [ 110.5586, 20.3371 ], [ 110.5616, 20.3407 ], [ 110.5756, 20.3575 ], [ 110.5771, 20.3664 ], [ 110.5758, 20.3782 ], [ 110.5776, 20.3815 ], [ 110.5844, 20.3808 ], [ 110.5889, 20.3747 ], [ 110.5827, 20.3579 ], [ 110.5596, 20.3307 ] ] ], [ [ [ 110.4238, 20.5972 ], [ 110.4221, 20.5968 ], [ 110.4162, 20.6141 ], [ 110.4192, 20.6132 ], [ 110.4223, 20.6101 ], [ 110.4241, 20.6032 ], [ 110.4238, 20.5972 ] ] ], [ [ [ 110.4793, 20.583 ], [ 110.4771, 20.5818 ], [ 110.4706, 20.5835 ], [ 110.4762, 20.5919 ], [ 110.4789, 20.607 ], [ 110.4768, 20.6165 ], [ 110.4682, 20.6404 ], [ 110.4622, 20.65 ], [ 110.4635, 20.6525 ], [ 110.4725, 20.6517 ], [ 110.4771, 20.6496 ], [ 110.4814, 20.6448 ], [ 110.4851, 20.6249 ], [ 110.4826, 20.6061 ], [ 110.4826, 20.5937 ], [ 110.4808, 20.5876 ], [ 110.4793, 20.583 ] ] ], [ [ [ 110.3865, 20.6507 ], [ 110.3809, 20.6464 ], [ 110.3798, 20.6481 ], [ 110.3802, 20.6595 ], [ 110.3838, 20.6619 ], [ 110.3863, 20.6571 ], [ 110.3865, 20.6507 ] ] ], [ [ [ 110.399, 20.652 ], [ 110.3939, 20.65 ], [ 110.3915, 20.6525 ], [ 110.3931, 20.6568 ], [ 110.3923, 20.6614 ], [ 110.3931, 20.6651 ], [ 110.3955, 20.6655 ], [ 110.3987, 20.6635 ], [ 110.399, 20.652 ] ] ], [ [ [ 110.4747, 20.6598 ], [ 110.4744, 20.6569 ], [ 110.4722, 20.6571 ], [ 110.4666, 20.6617 ], [ 110.4649, 20.6657 ], [ 110.4673, 20.6671 ], [ 110.4721, 20.6635 ], [ 110.4747, 20.6598 ] ] ], [ [ [ 110.4535, 20.6555 ], [ 110.4678, 20.6313 ], [ 110.476, 20.608 ], [ 110.4747, 20.5995 ], [ 110.4745, 20.5983 ], [ 110.4694, 20.5908 ], [ 110.4598, 20.5812 ], [ 110.4554, 20.5815 ], [ 110.4548, 20.5868 ], [ 110.4502, 20.5857 ], [ 110.4485, 20.6004 ], [ 110.4455, 20.6066 ], [ 110.4484, 20.6118 ], [ 110.447, 20.6306 ], [ 110.4425, 20.6389 ], [ 110.4385, 20.6344 ], [ 110.4268, 20.6443 ], [ 110.4182, 20.6478 ], [ 110.4171, 20.6514 ], [ 110.4188, 20.6573 ], [ 110.4229, 20.6615 ], [ 110.4341, 20.662 ], [ 110.4352, 20.6519 ], [ 110.4381, 20.6514 ], [ 110.4382, 20.657 ], [ 110.4428, 20.6608 ], [ 110.4409, 20.665 ], [ 110.4427, 20.6679 ], [ 110.4469, 20.6686 ], [ 110.4502, 20.6661 ], [ 110.4532, 20.6621 ], [ 110.4535, 20.6555 ] ] ], [ [ [ 110.3596, 20.6566 ], [ 110.3578, 20.6556 ], [ 110.3484, 20.6605 ], [ 110.3469, 20.6632 ], [ 110.3487, 20.669 ], [ 110.351, 20.6696 ], [ 110.3596, 20.6566 ] ] ], [ [ [ 110.3794, 20.6756 ], [ 110.3769, 20.6725 ], [ 110.368, 20.6772 ], [ 110.3598, 20.6883 ], [ 110.3607, 20.691 ], [ 110.3673, 20.6886 ], [ 110.3772, 20.6794 ], [ 110.3794, 20.6756 ] ] ], [ [ [ 110.4285, 20.6842 ], [ 110.4265, 20.684 ], [ 110.418, 20.6877 ], [ 110.4152, 20.6914 ], [ 110.4155, 20.6949 ], [ 110.4194, 20.6957 ], [ 110.4225, 20.6946 ], [ 110.4268, 20.6909 ], [ 110.4292, 20.6863 ], [ 110.4285, 20.6842 ] ] ], [ [ [ 110.4451, 20.6894 ], [ 110.4439, 20.6883 ], [ 110.4399, 20.696 ], [ 110.4255, 20.7062 ], [ 110.4267, 20.7091 ], [ 110.432, 20.7088 ], [ 110.4424, 20.702 ], [ 110.4449, 20.697 ], [ 110.4451, 20.6894 ] ] ], [ [ [ 109.752, 20.7712 ], [ 109.7502, 20.771 ], [ 109.7407, 20.7792 ], [ 109.7383, 20.7842 ], [ 109.742, 20.7968 ], [ 109.7457, 20.7936 ], [ 109.7475, 20.7816 ], [ 109.7518, 20.7745 ], [ 109.752, 20.7712 ] ] ], [ [ [ 109.7554, 20.7774 ], [ 109.7536, 20.7774 ], [ 109.7506, 20.7857 ], [ 109.7533, 20.7915 ], [ 109.7482, 20.7986 ], [ 109.7508, 20.7994 ], [ 109.7554, 20.7948 ], [ 109.7568, 20.7898 ], [ 109.7533, 20.7898 ], [ 109.7559, 20.7811 ], [ 109.7554, 20.7774 ] ] ], [ [ [ 109.2184, 20.9144 ], [ 109.2126, 20.9078 ], [ 109.2056, 20.9101 ], [ 109.1988, 20.9166 ], [ 109.2041, 20.9217 ], [ 109.2085, 20.9221 ], [ 109.2118, 20.9204 ], [ 109.2184, 20.9144 ] ] ], [ [ [ 110.5109, 20.9098 ], [ 110.5173, 20.9089 ], [ 110.5183, 20.9098 ], [ 110.5188, 20.9114 ], [ 110.526, 20.9115 ], [ 110.5322, 20.9147 ], [ 110.5337, 20.9126 ], [ 110.5306, 20.9098 ], [ 110.5222, 20.9068 ], [ 110.5176, 20.9077 ], [ 110.51, 20.908 ], [ 110.5049, 20.9104 ], [ 110.4986, 20.9194 ], [ 110.4947, 20.9221 ], [ 110.4834, 20.9268 ], [ 110.4797, 20.9289 ], [ 110.4799, 20.931 ], [ 110.483, 20.9326 ], [ 110.487, 20.9323 ], [ 110.4968, 20.9256 ], [ 110.4972, 20.9246 ], [ 110.4995, 20.921 ], [ 110.5029, 20.9186 ], [ 110.5057, 20.9136 ], [ 110.5109, 20.9098 ] ] ], [ [ [ 110.619, 20.9465 ], [ 110.6234, 20.946 ], [ 110.6282, 20.9478 ], [ 110.633, 20.945 ], [ 110.6352, 20.9415 ], [ 110.6354, 20.9258 ], [ 110.6338, 20.9233 ], [ 110.6245, 20.9201 ], [ 110.621, 20.9108 ], [ 110.6169, 20.8996 ], [ 110.6146, 20.8967 ], [ 110.6084, 20.8952 ], [ 110.6064, 20.8917 ], [ 110.6063, 20.8758 ], [ 110.605, 20.8747 ], [ 110.6037, 20.877 ], [ 110.5989, 20.8777 ], [ 110.5911, 20.8747 ], [ 110.5819, 20.8747 ], [ 110.5604, 20.8796 ], [ 110.5581, 20.8846 ], [ 110.5537, 20.8838 ], [ 110.5563, 20.8926 ], [ 110.5456, 20.9104 ], [ 110.5463, 20.9141 ], [ 110.5571, 20.9181 ], [ 110.5608, 20.9246 ], [ 110.5692, 20.9299 ], [ 110.5744, 20.9391 ], [ 110.575, 20.9393 ], [ 110.589, 20.9445 ], [ 110.5895, 20.9465 ], [ 110.5842, 20.9472 ], [ 110.5826, 20.9522 ], [ 110.5838, 20.959 ], [ 110.588, 20.9596 ], [ 110.605, 20.9513 ], [ 110.6122, 20.9511 ], [ 110.619, 20.9465 ] ] ], [ [ [ 110.2124, 21.0174 ], [ 110.1977, 21.0077 ], [ 110.1953, 21.0083 ], [ 110.1985, 21.0186 ], [ 110.1958, 21.0309 ], [ 110.1977, 21.0364 ], [ 110.2044, 21.0407 ], [ 110.2083, 21.0408 ], [ 110.2122, 21.0323 ], [ 110.214, 21.0211 ], [ 110.2124, 21.0174 ] ] ], [ [ [ 109.1391, 21.0444 ], [ 109.132, 21.0295 ], [ 109.1262, 21.0226 ], [ 109.122, 21.0218 ], [ 109.1165, 21.0253 ], [ 109.1104, 21.0245 ], [ 109.1088, 21.0291 ], [ 109.106, 21.0322 ], [ 109.1027, 21.0331 ], [ 109.0952, 21.029 ], [ 109.0934, 21.0255 ], [ 109.0977, 21.0168 ], [ 109.0977, 21.013 ], [ 109.0903, 21.0152 ], [ 109.0842, 21.0235 ], [ 109.0822, 21.0305 ], [ 109.0845, 21.0386 ], [ 109.083, 21.0497 ], [ 109.0842, 21.0563 ], [ 109.0864, 21.0592 ], [ 109.0941, 21.0639 ], [ 109.1061, 21.0686 ], [ 109.1157, 21.0742 ], [ 109.1173, 21.0751 ], [ 109.1255, 21.0755 ], [ 109.1323, 21.0728 ], [ 109.1356, 21.07 ], [ 109.1395, 21.0634 ], [ 109.1416, 21.0545 ], [ 109.1391, 21.0444 ] ] ], [ [ [ 110.4011, 21.0798 ], [ 110.4094, 21.0654 ], [ 110.41, 21.0615 ], [ 110.3989, 21.0552 ], [ 110.3958, 21.0513 ], [ 110.3986, 21.0484 ], [ 110.4041, 21.0479 ], [ 110.4103, 21.0521 ], [ 110.4186, 21.046 ], [ 110.4158, 21.0523 ], [ 110.4144, 21.0556 ], [ 110.4144, 21.0597 ], [ 110.4306, 21.0541 ], [ 110.4402, 21.06 ], [ 110.465, 21.0576 ], [ 110.4773, 21.0671 ], [ 110.4883, 21.0698 ], [ 110.4928, 21.0731 ], [ 110.4873, 21.0756 ], [ 110.5081, 21.0815 ], [ 110.5178, 21.0826 ], [ 110.5195, 21.0814 ], [ 110.5289, 21.0744 ], [ 110.5443, 21.0715 ], [ 110.5508, 21.0683 ], [ 110.5519, 21.0643 ], [ 110.5448, 21.0372 ], [ 110.5277, 21.0002 ], [ 110.5251, 20.9793 ], [ 110.5234, 20.9651 ], [ 110.5262, 20.9374 ], [ 110.5244, 20.933 ], [ 110.5211, 20.9316 ], [ 110.5079, 20.9312 ], [ 110.5037, 20.9333 ], [ 110.4948, 20.9562 ], [ 110.4862, 20.9683 ], [ 110.4878, 20.9722 ], [ 110.4831, 20.9771 ], [ 110.4765, 20.9776 ], [ 110.4749, 20.9806 ], [ 110.4701, 20.9899 ], [ 110.4628, 20.9983 ], [ 110.4516, 21.0042 ], [ 110.4411, 21.0039 ], [ 110.4304, 20.9989 ], [ 110.4251, 20.998 ], [ 110.4022, 21.0074 ], [ 110.3953, 21.0073 ], [ 110.3853, 21.001 ], [ 110.358, 21.0026 ], [ 110.3466, 21.0032 ], [ 110.3329, 20.9986 ], [ 110.3069, 20.9812 ], [ 110.2994, 20.9778 ], [ 110.2806, 20.9719 ], [ 110.2704, 20.9707 ], [ 110.255, 20.9645 ], [ 110.2464, 20.9655 ], [ 110.2443, 20.9752 ], [ 110.2421, 20.9755 ], [ 110.2415, 20.9721 ], [ 110.2407, 20.9674 ], [ 110.2378, 20.9639 ], [ 110.217, 20.9597 ], [ 110.2104, 20.9565 ], [ 110.2015, 20.9475 ], [ 110.1971, 20.9463 ], [ 110.1942, 20.9488 ], [ 110.1924, 20.9621 ], [ 110.1948, 20.9749 ], [ 110.1976, 20.9808 ], [ 110.2025, 20.9863 ], [ 110.2207, 20.9977 ], [ 110.2278, 21.0042 ], [ 110.2343, 21.0114 ], [ 110.2381, 21.0156 ], [ 110.2674, 21.0351 ], [ 110.2739, 21.0408 ], [ 110.276, 21.048 ], [ 110.2853, 21.0638 ], [ 110.2892, 21.0642 ], [ 110.2938, 21.0624 ], [ 110.3056, 21.0553 ], [ 110.3094, 21.0548 ], [ 110.3147, 21.0593 ], [ 110.318, 21.06 ], [ 110.3268, 21.0589 ], [ 110.3328, 21.0634 ], [ 110.3324, 21.0661 ], [ 110.3103, 21.0628 ], [ 110.2954, 21.0664 ], [ 110.2935, 21.0693 ], [ 110.294, 21.0717 ], [ 110.3007, 21.081 ], [ 110.3036, 21.0817 ], [ 110.3205, 21.0766 ], [ 110.3266, 21.0761 ], [ 110.333, 21.0782 ], [ 110.3436, 21.0779 ], [ 110.3515, 21.0799 ], [ 110.3575, 21.0779 ], [ 110.3613, 21.0826 ], [ 110.3655, 21.0879 ], [ 110.3855, 21.0978 ], [ 110.3915, 21.0993 ], [ 110.3984, 21.0914 ], [ 110.4011, 21.0798 ] ] ], [ [ [ 110.4119, 21.11 ], [ 110.4154, 21.1054 ], [ 110.4138, 21.1025 ], [ 110.41, 21.1012 ], [ 110.3938, 21.1061 ], [ 110.3883, 21.1046 ], [ 110.3852, 21.1052 ], [ 110.3859, 21.1075 ], [ 110.3979, 21.1131 ], [ 110.4058, 21.1128 ], [ 110.4119, 21.11 ] ] ], [ [ [ 110.4295, 21.1524 ], [ 110.415, 21.1499 ], [ 110.4102, 21.1526 ], [ 110.4087, 21.1574 ], [ 110.4103, 21.1607 ], [ 110.4143, 21.1633 ], [ 110.4339, 21.1639 ], [ 110.4345, 21.1595 ], [ 110.4331, 21.1556 ], [ 110.4295, 21.1524 ] ] ], [ [ [ 110.4964, 21.2016 ], [ 110.5027, 21.1974 ], [ 110.5045, 21.1935 ], [ 110.5004, 21.1881 ], [ 110.4929, 21.1847 ], [ 110.4906, 21.1819 ], [ 110.4908, 21.1796 ], [ 110.4934, 21.1779 ], [ 110.506, 21.181 ], [ 110.5114, 21.1849 ], [ 110.5169, 21.1854 ], [ 110.5213, 21.1839 ], [ 110.5225, 21.1911 ], [ 110.5298, 21.1894 ], [ 110.5317, 21.1889 ], [ 110.5355, 21.1897 ], [ 110.5495, 21.1975 ], [ 110.5746, 21.2003 ], [ 110.5753, 21.1976 ], [ 110.5648, 21.1903 ], [ 110.5623, 21.1864 ], [ 110.5611, 21.1814 ], [ 110.5626, 21.1763 ], [ 110.5596, 21.1707 ], [ 110.5477, 21.1587 ], [ 110.5469, 21.1517 ], [ 110.5486, 21.1479 ], [ 110.5511, 21.1477 ], [ 110.5505, 21.1506 ], [ 110.5528, 21.1584 ], [ 110.5584, 21.1643 ], [ 110.5642, 21.1673 ], [ 110.5664, 21.1706 ], [ 110.5678, 21.1847 ], [ 110.5693, 21.1869 ], [ 110.5755, 21.1897 ], [ 110.5792, 21.1847 ], [ 110.5846, 21.1892 ], [ 110.5961, 21.1941 ], [ 110.6007, 21.1895 ], [ 110.606, 21.1905 ], [ 110.6076, 21.1942 ], [ 110.6075, 21.2039 ], [ 110.6096, 21.2068 ], [ 110.614, 21.2083 ], [ 110.6165, 21.2009 ], [ 110.615, 21.1926 ], [ 110.6148, 21.1918 ], [ 110.6121, 21.1871 ], [ 110.5988, 21.173 ], [ 110.5973, 21.161 ], [ 110.587, 21.1509 ], [ 110.5826, 21.1369 ], [ 110.5758, 21.127 ], [ 110.5673, 21.102 ], [ 110.5599, 21.0996 ], [ 110.5487, 21.1 ], [ 110.5438, 21.0984 ], [ 110.5365, 21.096 ], [ 110.5295, 21.0973 ], [ 110.5276, 21.1021 ], [ 110.5309, 21.1141 ], [ 110.5294, 21.118 ], [ 110.5264, 21.1212 ], [ 110.5196, 21.1213 ], [ 110.517, 21.1238 ], [ 110.5148, 21.1294 ], [ 110.5196, 21.1382 ], [ 110.5161, 21.153 ], [ 110.5162, 21.1588 ], [ 110.5136, 21.16 ], [ 110.5072, 21.1591 ], [ 110.5009, 21.1519 ], [ 110.4971, 21.1508 ], [ 110.4831, 21.1514 ], [ 110.48, 21.1476 ], [ 110.4807, 21.1431 ], [ 110.4783, 21.1417 ], [ 110.4691, 21.1468 ], [ 110.4513, 21.1523 ], [ 110.4481, 21.1554 ], [ 110.4415, 21.1681 ], [ 110.438, 21.1704 ], [ 110.4204, 21.1705 ], [ 110.4193, 21.1715 ], [ 110.4229, 21.1773 ], [ 110.4214, 21.1816 ], [ 110.423, 21.1843 ], [ 110.4373, 21.1826 ], [ 110.4449, 21.1875 ], [ 110.4499, 21.199 ], [ 110.4521, 21.1999 ], [ 110.455, 21.201 ], [ 110.4717, 21.1997 ], [ 110.4836, 21.2099 ], [ 110.4902, 21.2083 ], [ 110.4964, 21.2016 ] ] ], [ [ [ 110.6482, 21.3162 ], [ 110.6409, 21.3099 ], [ 110.6373, 21.3101 ], [ 110.6401, 21.3159 ], [ 110.6445, 21.3187 ], [ 110.6467, 21.318 ], [ 110.6482, 21.3162 ] ] ], [ [ [ 110.628, 21.3072 ], [ 110.6249, 21.3056 ], [ 110.6237, 21.311 ], [ 110.625, 21.3215 ], [ 110.6267, 21.3223 ], [ 110.629, 21.3109 ], [ 110.628, 21.3072 ] ] ], [ [ [ 110.6199, 21.3236 ], [ 110.6179, 21.3222 ], [ 110.6163, 21.3278 ], [ 110.6191, 21.3377 ], [ 110.6206, 21.3383 ], [ 110.6219, 21.3354 ], [ 110.6199, 21.3236 ] ] ], [ [ [ 111.1836, 21.3792 ], [ 111.1776, 21.3756 ], [ 111.177, 21.3777 ], [ 111.1795, 21.3845 ], [ 111.185, 21.3906 ], [ 111.1885, 21.3921 ], [ 111.1894, 21.3814 ], [ 111.1874, 21.3793 ], [ 111.1836, 21.3792 ] ] ], [ [ [ 110.7913, 21.4086 ], [ 110.7893, 21.3983 ], [ 110.767, 21.3945 ], [ 110.7561, 21.3907 ], [ 110.7454, 21.3839 ], [ 110.7321, 21.3721 ], [ 110.7169, 21.355 ], [ 110.6908, 21.3256 ], [ 110.6711, 21.2999 ], [ 110.66, 21.2802 ], [ 110.651, 21.257 ], [ 110.6469, 21.2531 ], [ 110.6427, 21.2524 ], [ 110.6417, 21.2553 ], [ 110.6433, 21.261 ], [ 110.6413, 21.2735 ], [ 110.6455, 21.2842 ], [ 110.6451, 21.2887 ], [ 110.639, 21.3018 ], [ 110.6562, 21.314 ], [ 110.6513, 21.3262 ], [ 110.6617, 21.3393 ], [ 110.661, 21.3418 ], [ 110.6582, 21.3399 ], [ 110.6566, 21.3388 ], [ 110.6513, 21.3382 ], [ 110.6447, 21.3268 ], [ 110.6396, 21.3273 ], [ 110.6268, 21.3368 ], [ 110.6233, 21.3426 ], [ 110.6244, 21.3548 ], [ 110.6272, 21.3622 ], [ 110.6326, 21.3662 ], [ 110.6559, 21.3752 ], [ 110.6664, 21.3833 ], [ 110.6726, 21.3836 ], [ 110.6753, 21.3858 ], [ 110.6837, 21.3873 ], [ 110.6953, 21.3985 ], [ 110.7074, 21.4048 ], [ 110.7142, 21.4051 ], [ 110.7283, 21.4011 ], [ 110.7376, 21.407 ], [ 110.7532, 21.4117 ], [ 110.7624, 21.4212 ], [ 110.7641, 21.4299 ], [ 110.7678, 21.4383 ], [ 110.7727, 21.4422 ], [ 110.7797, 21.4414 ], [ 110.7857, 21.4358 ], [ 110.7871, 21.4345 ], [ 110.7972, 21.4209 ], [ 110.7967, 21.417 ], [ 110.7913, 21.4086 ] ] ], [ [ [ 109.6022, 21.4565 ], [ 109.5997, 21.4557 ], [ 109.5976, 21.4598 ], [ 109.5983, 21.4637 ], [ 109.6016, 21.4668 ], [ 109.6054, 21.4666 ], [ 109.606, 21.4641 ], [ 109.6044, 21.4598 ], [ 109.6022, 21.4565 ] ] ], [ [ [ 109.7581, 21.4652 ], [ 109.7558, 21.4613 ], [ 109.7486, 21.4626 ], [ 109.7502, 21.4701 ], [ 109.7526, 21.4715 ], [ 109.756600001000038, 21.4692 ], [ 109.7581, 21.4652 ] ] ], [ [ [ 109.0723, 21.6001 ], [ 109.0658, 21.5966 ], [ 109.0605, 21.5973 ], [ 109.0533, 21.604 ], [ 109.0482, 21.6057 ], [ 109.0514, 21.6094 ], [ 109.0638, 21.6146 ], [ 109.0673, 21.6198 ], [ 109.0691, 21.6198 ], [ 109.0723, 21.6001 ] ] ], [ [ [ 109.043, 21.615 ], [ 109.0357, 21.6068 ], [ 109.0332, 21.6076 ], [ 109.0337, 21.6103 ], [ 109.0373, 21.6144 ], [ 109.0457, 21.621 ], [ 109.0557, 21.6273 ], [ 109.0621, 21.6277 ], [ 109.0554, 21.6211 ], [ 109.0508, 21.6201 ], [ 109.043, 21.615 ] ] ], [ [ [ 108.8919, 21.6552 ], [ 108.8943, 21.6506 ], [ 108.8886, 21.6519 ], [ 108.8838, 21.6556 ], [ 108.8836, 21.6592 ], [ 108.8867, 21.6593 ], [ 108.8919, 21.6552 ] ] ], [ [ [ 108.3712, 21.6741 ], [ 108.3745, 21.6683 ], [ 108.3842, 21.6689 ], [ 108.3862, 21.6662 ], [ 108.3833, 21.6631 ], [ 108.3818, 21.6536 ], [ 108.3778, 21.6491 ], [ 108.37, 21.6473 ], [ 108.3671, 21.6384 ], [ 108.3634, 21.6382 ], [ 108.3549, 21.6275 ], [ 108.3496, 21.6233 ], [ 108.3483, 21.6213 ], [ 108.3487, 21.6171 ], [ 108.3425, 21.6138 ], [ 108.3372, 21.6083 ], [ 108.3339, 21.6073 ], [ 108.3323, 21.6105 ], [ 108.3315, 21.6122 ], [ 108.3317, 21.6157 ], [ 108.3351, 21.623 ], [ 108.3403, 21.6215 ], [ 108.3446, 21.631 ], [ 108.3479, 21.6324 ], [ 108.3494, 21.6366 ], [ 108.355, 21.6382 ], [ 108.3572, 21.6467 ], [ 108.3643, 21.6562 ], [ 108.3643, 21.6609 ], [ 108.3628, 21.6611 ], [ 108.3601, 21.6599 ], [ 108.349, 21.6463 ], [ 108.3462, 21.6471 ], [ 108.3455, 21.6488 ], [ 108.3493, 21.6533 ], [ 108.3495, 21.6579 ], [ 108.3577, 21.6667 ], [ 108.3535, 21.67 ], [ 108.3553, 21.6748 ], [ 108.3564, 21.6753 ], [ 108.3604, 21.677 ], [ 108.3657, 21.6832 ], [ 108.3659, 21.6774 ], [ 108.3712, 21.6741 ] ] ], [ [ [ 108.3354, 21.6631 ], [ 108.3318, 21.6583 ], [ 108.327, 21.6639 ], [ 108.3244, 21.6769 ], [ 108.3324, 21.6906 ], [ 108.335, 21.6887 ], [ 108.3372, 21.6831 ], [ 108.3356, 21.6777 ], [ 108.3354, 21.6631 ] ] ], [ [ [ 108.8528, 21.7162 ], [ 108.8499, 21.7158 ], [ 108.849, 21.7183 ], [ 108.8526, 21.7279 ], [ 108.8541, 21.729 ], [ 108.8552, 21.7259 ], [ 108.8528, 21.7162 ] ] ], [ [ [ 108.8287, 21.7977 ], [ 108.824, 21.7975 ], [ 108.8217, 21.8071 ], [ 108.8254, 21.8116 ], [ 108.8272, 21.8099 ], [ 108.8314, 21.8008 ], [ 108.8287, 21.7977 ] ] ], [ [ [ 113.798564261000024, 30.857113696000056 ], [ 114.123417190000055, 30.785173126000075 ], [ 114.316310200000089, 30.811775070000067 ], [ 114.452226308000036, 30.795109996000065 ], [ 114.551492802000098, 30.682813477000082 ], [ 114.83046369300007, 30.581077968000045 ], [ 115.092475242000091, 30.388958394000042 ], [ 115.203725085000087, 30.240898395000045 ], [ 115.321845732000043, 30.024887895000063 ], [ 115.417542532000084, 29.903540692000036 ], [ 115.461405705000061, 29.884137445000079 ], [ 115.428820678000079, 29.824330162000081 ], [ 115.251511798000024, 29.728668087000074 ], [ 115.193500038000025, 29.702260598000066 ], [ 115.044118231000084, 29.648047912000038 ], [ 114.895909166000024, 29.599185132000059 ], [ 114.775125771000035, 29.592027650000034 ], [ 114.553409482, 29.461391186000071 ], [ 114.486455926000076, 29.418778886000041 ], [ 114.245347723, 29.324095944000078 ], [ 114.147207654, 29.290841888000045 ], [ 113.983521534000033, 29.220140330000049 ], [ 113.933710332000032, 29.158140250000088 ], [ 113.9912263760001, 28.94689302200004 ], [ 114.123848152000051, 28.754597382000043 ], [ 114.120975152000028, 28.459580986000049 ], [ 114.116357688000107, 28.352180725000039 ], [ 114.016773214000068, 28.142849672000068 ], [ 113.78996991300005, 27.988812665000069 ], [ 113.684851952000031, 27.859456271000056 ], [ 113.614722073000053, 27.703016559000048 ], [ 113.519434697000065, 27.549536097000043 ], [ 113.61907197000005, 27.400880518000065 ], [ 113.716984841, 27.366151587000047 ], [ 113.845929952, 27.202158904000044 ], [ 113.811392189, 26.984175156000049 ], [ 113.806603738000035, 26.790896838000037 ], [ 113.89490119300001, 26.70000643700007 ], [ 113.987516191000054, 26.597039313000039 ], [ 114.027926832000048, 26.529125709000084 ], [ 113.933116449000067, 26.415501702000086 ], [ 113.919772331000104, 26.37149872100008 ], [ 113.976248757, 26.284386217000076 ], [ 114.030835747000083, 26.186020514000063 ], [ 114.026445793000107, 26.077978705000078 ], [ 113.975764851, 25.958656580000081 ], [ 113.915477686000031, 25.817628442000057 ], [ 113.919218382000054, 25.719895810000082 ], [ 113.923827904000063, 25.627746577000039 ], [ 113.879649557000107, 25.547515514000054 ], [ 113.720606113000031, 25.418808252000076 ], [ 113.606640746000039, 25.37585983200006 ], [ 113.362325251000016, 25.38895169400007 ], [ 113.231703523000078, 25.444950992000088 ], [ 113.143143407000025, 25.530020419000039 ], [ 113.015059010000073, 25.455756192000081 ], [ 112.859178238000027, 25.415623785000037 ], [ 112.800089201000105, 25.393265521000046 ], [ 112.814702819000104, 25.351567800000055 ], [ 112.891601643000058, 25.273170263000054 ], [ 112.949305973000037, 25.204975549000039 ], [ 113.002365952000105, 25.105266282000059 ], [ 113.008956600000033, 25.069788171000084 ], [ 112.974465704000067, 25.033893989000035 ], [ 112.887553897000089, 25.020248252000044 ], [ 112.748647814000037, 25.052683313000045 ], [ 112.647559069000067, 25.104526960000044 ], [ 112.500513235000085, 25.142892505000077 ], [ 112.407103095000025, 25.166932872000075 ], [ 112.24935327500009, 25.235461364000059 ], [ 112.132759561000057, 25.219224758000053 ], [ 112.0353737370001, 25.192750691000072 ], [ 112.015310287000034, 25.152342735000047 ], [ 112.03869794700006, 25.064478874000088 ], [ 112.033501777000083, 25.003750733000061 ], [ 111.998188953000067, 24.914357787000085 ], [ 111.920582928000044, 24.81360529400007 ], [ 111.88500121800007, 24.74284470300006 ], [ 111.882217069000035, 24.655116456000087 ], [ 111.905951231000074, 24.56977541100008 ], [ 111.944759607000037, 24.466710195000076 ], [ 111.997607544000061, 24.316610724000043 ], [ 112.037032839000062, 24.285481362000041 ], [ 112.083547103, 24.264221601000088 ], [ 112.20453076900003, 24.344051131000072 ], [ 112.28565534400002, 24.406939527000077 ], [ 112.352205751000042, 24.383279716000061 ], [ 112.417525445000024, 24.20200503500007 ], [ 112.466122472000052, 23.96363914300008 ], [ 112.293494491000047, 23.841826382000079 ], [ 112.227135073, 23.734357446000047 ], [ 112.156606037000074, 23.659437167000078 ], [ 112.069510939, 23.58902568700006 ], [ 111.976619194000079, 23.583469158000071 ], [ 111.833410368000045, 23.70122636900004 ], [ 111.698525363000044, 23.796392940000089 ], [ 111.497884267000074, 23.73798282000007 ], [ 111.338543432000051, 23.579574979000085 ], [ 111.30622894000004, 23.373907357000064 ], [ 111.280173778000062, 23.160890751000068 ], [ 111.261299548000068, 23.00586671700006 ], [ 111.245618997000065, 22.876613175000045 ], [ 111.174335321000058, 22.805627949000041 ], [ 111.007690637000053, 22.75117184700008 ], [ 110.894702061000032, 22.677809765000063 ], [ 110.702642026000035, 22.579671630000064 ], [ 110.697444080000025, 22.534343050000075 ], [ 110.744878916000062, 22.463958819000084 ], [ 110.882044885000028, 22.390783948000092 ], [ 111.080641606000029, 22.369920738000076 ], [ 111.18100671600007, 22.339550703000043 ], [ 111.238532233000058, 21.952599208000038 ], [ 111.390594130000068, 21.554625781000084 ], [ 111.394464393000078, 21.536242359000084 ], [ 111.3914, 21.5375 ], [ 111.3739, 21.5364 ], [ 111.3689, 21.5376 ], [ 111.366, 21.5372 ], [ 111.361, 21.5317 ], [ 111.350699999000028, 21.525900001000082 ], [ 111.352299999000024, 21.524499999000057 ], [ 111.3552, 21.5251 ], [ 111.357799999000065, 21.5256 ], [ 111.3704, 21.524499999000057 ], [ 111.385099999000033, 21.5323 ], [ 111.3915, 21.532200001000035 ], [ 111.394499999000061, 21.5288 ], [ 111.3934, 21.527599999000074 ], [ 111.3866, 21.5281 ], [ 111.3863, 21.5257 ], [ 111.3876, 21.5248 ], [ 111.3972, 21.521100001000036 ], [ 111.397650525000074, 21.521108501000072 ], [ 111.4025, 21.521200001000068 ], [ 111.4077, 21.5236 ], [ 111.4145, 21.5226 ], [ 111.403600001000029, 21.5179 ], [ 111.39911853600006, 21.514135571000054 ], [ 111.396099999000057, 21.5116 ], [ 111.3864, 21.5104 ], [ 111.3777, 21.5064 ], [ 111.370800001000077, 21.501 ], [ 111.3586, 21.4913 ], [ 111.338000001000069, 21.4679 ], [ 111.3152, 21.4534 ], [ 111.3072, 21.4424 ], [ 111.3036, 21.4408 ], [ 111.2986, 21.4413 ], [ 111.28199999900005, 21.430300001000091 ], [ 111.2787, 21.4208 ], [ 111.274, 21.4204 ], [ 111.2641, 21.4195 ], [ 111.2569, 21.4134 ], [ 111.257300001000033, 21.4316 ], [ 111.247300001000042, 21.4481 ], [ 111.2497, 21.44910000100009 ], [ 111.253, 21.4482 ], [ 111.2687, 21.436700001000077 ], [ 111.2773, 21.4358 ], [ 111.280999999000073, 21.436899999000048 ], [ 111.2883, 21.4455 ], [ 111.2881, 21.448 ], [ 111.2838, 21.4524 ], [ 111.2817, 21.458 ], [ 111.2824, 21.4603 ], [ 111.2858, 21.4619 ], [ 111.2876, 21.4648 ], [ 111.290399999000044, 21.4694 ], [ 111.2953, 21.4733 ], [ 111.2947, 21.4768 ], [ 111.297400001000028, 21.4813 ], [ 111.3074, 21.48 ], [ 111.310700001000043, 21.4816 ], [ 111.3079, 21.4848 ], [ 111.2961, 21.4883 ], [ 111.2937, 21.490600001000075 ], [ 111.2945, 21.498500001000082 ], [ 111.2916, 21.4979 ], [ 111.2862, 21.4926 ], [ 111.2695, 21.4969 ], [ 111.2562, 21.492000001000065 ], [ 111.251800001000049, 21.4931 ], [ 111.2484, 21.4989 ], [ 111.250499999000056, 21.503 ], [ 111.2549, 21.5059 ], [ 111.262200001000053, 21.5061 ], [ 111.258, 21.5143 ], [ 111.245700001000046, 21.5095 ], [ 111.237, 21.502499999000065 ], [ 111.231899999000063, 21.5019 ], [ 111.231, 21.5038 ], [ 111.234700001000078, 21.5209 ], [ 111.2328, 21.5236 ], [ 111.2246, 21.512 ], [ 111.2221, 21.511 ], [ 111.216, 21.5111 ], [ 111.2131, 21.5143 ], [ 111.215399999000056, 21.5184 ], [ 111.213500001000057, 21.5232 ], [ 111.2079, 21.517499999000052 ], [ 111.2037, 21.5159 ], [ 111.1845, 21.5161 ], [ 111.1728, 21.5161 ], [ 111.1651, 21.51870000100007 ], [ 111.162, 21.5185 ], [ 111.1566, 21.5153 ], [ 111.174, 21.513200001000087 ], [ 111.1788, 21.5104 ], [ 111.1875, 21.510599999000078 ], [ 111.1914, 21.5066 ], [ 111.1964, 21.505500001000087 ], [ 111.1919, 21.5031 ], [ 111.1737, 21.498500001000082 ], [ 111.1702, 21.4959 ], [ 111.17760000100003, 21.4932 ], [ 111.1858, 21.4935 ], [ 111.2009, 21.4982 ], [ 111.2031, 21.498599999000078 ], [ 111.2126, 21.5002 ], [ 111.221900001000051, 21.4999 ], [ 111.2267, 21.4971 ], [ 111.2322, 21.4881 ], [ 111.2306, 21.484 ], [ 111.2271, 21.4828 ], [ 111.2048, 21.4838 ], [ 111.1786, 21.4781 ], [ 111.153499999000076, 21.467200001000037 ], [ 111.1439, 21.4645 ], [ 111.14, 21.4644 ], [ 111.1244, 21.4721 ], [ 111.1135, 21.4659 ], [ 111.1031, 21.463399999000046 ], [ 111.0989, 21.4637 ], [ 111.0878, 21.4711 ], [ 111.08690000100006, 21.4738 ], [ 111.0929, 21.476 ], [ 111.105799999000055, 21.4772 ], [ 111.112, 21.4802 ], [ 111.1205, 21.487 ], [ 111.1298, 21.4877 ], [ 111.1361, 21.4936 ], [ 111.1447, 21.4947 ], [ 111.1463, 21.4969 ], [ 111.143299999000078, 21.4997 ], [ 111.1421, 21.4998 ], [ 111.1398, 21.5001 ], [ 111.12910000100004, 21.4964 ], [ 111.1304, 21.5042 ], [ 111.127500001000044, 21.5064 ], [ 111.1258, 21.506 ], [ 111.124, 21.495 ], [ 111.1191, 21.4922 ], [ 111.1124, 21.4903 ], [ 111.1069, 21.492300001000046 ], [ 111.1051, 21.4873 ], [ 111.0946, 21.484599999000068 ], [ 111.090899999000044, 21.485299999000063 ], [ 111.084599999000034, 21.490600001000075 ], [ 111.082700001000035, 21.48420000100009 ], [ 111.079899999000077, 21.4849 ], [ 111.076, 21.4885 ], [ 111.075100001000067, 21.4918 ], [ 111.078399999000055, 21.5019 ], [ 111.086, 21.5046 ], [ 111.0857, 21.51 ], [ 111.0891, 21.51180000100004 ], [ 111.090099999000074, 21.5124 ], [ 111.085599999000067, 21.5162 ], [ 111.0778, 21.51180000100004 ], [ 111.0569, 21.5188 ], [ 111.0375, 21.521 ], [ 111.0328, 21.536000001000048 ], [ 111.031, 21.535 ], [ 111.03, 21.5314 ], [ 111.0279, 21.5239 ], [ 111.014299999000059, 21.5181 ], [ 111.0078, 21.5114 ], [ 111.005, 21.5046 ], [ 111.002499999000065, 21.5032 ], [ 110.9924, 21.5044 ], [ 110.9973, 21.4961 ], [ 110.995900001000052, 21.4924 ], [ 110.9987, 21.48779999900006 ], [ 111.0008, 21.486099999000089 ], [ 111.009, 21.487 ], [ 111.0125, 21.4836 ], [ 111.0131, 21.4803 ], [ 111.0102, 21.4694 ], [ 111.0066, 21.4628 ], [ 111.0055, 21.4531 ], [ 111.011, 21.4622 ], [ 111.0176, 21.473 ], [ 111.0239, 21.4791 ], [ 111.0292, 21.48 ], [ 111.0418, 21.4779 ], [ 111.045499999000072, 21.479899999000054 ], [ 111.048, 21.4834 ], [ 111.056200001000036, 21.483899999000073 ], [ 111.0792, 21.472899999000049 ], [ 111.0802, 21.4706 ], [ 111.0776, 21.4684 ], [ 111.0624, 21.4639 ], [ 111.036000001000048, 21.451500001000056 ], [ 111.0152, 21.4418 ], [ 111.006, 21.4345 ], [ 110.9985, 21.4322 ], [ 110.990600001000075, 21.4255 ], [ 110.980499999000074, 21.4281 ], [ 110.9649, 21.4208 ], [ 110.9465, 21.4142 ], [ 110.942199999000024, 21.4222 ], [ 110.9282, 21.4263 ], [ 110.92330000100003, 21.4256 ], [ 110.9215, 21.4222 ], [ 110.922799999000063, 21.4204 ], [ 110.932700001000057, 21.4203 ], [ 110.939099999000064, 21.4175 ], [ 110.9392, 21.4154 ], [ 110.929099999000073, 21.4145 ], [ 110.9189, 21.4112 ], [ 110.9117, 21.407 ], [ 110.8902, 21.3877 ], [ 110.8855, 21.38529999900004 ], [ 110.8683, 21.3852 ], [ 110.8592, 21.382 ], [ 110.8492, 21.3892 ], [ 110.8399, 21.3896 ], [ 110.8275, 21.38589999900006 ], [ 110.8241, 21.391300001000047 ], [ 110.8206, 21.3932 ], [ 110.801900001000035, 21.3964 ], [ 110.7971, 21.4004 ], [ 110.7952, 21.405 ], [ 110.7961, 21.40850000100005 ], [ 110.8036, 21.4164 ], [ 110.801900001000035, 21.4204 ], [ 110.795600001000025, 21.4261 ], [ 110.7881, 21.4392 ], [ 110.7807, 21.4474 ], [ 110.783, 21.4523 ], [ 110.7788, 21.4609 ], [ 110.7761, 21.458600001000036 ], [ 110.7717, 21.4577 ], [ 110.7673, 21.4638 ], [ 110.7712, 21.4701 ], [ 110.7752, 21.472700001000078 ], [ 110.775, 21.4742 ], [ 110.7709, 21.4753 ], [ 110.7712, 21.480599999000049 ], [ 110.775400001000037, 21.4816 ], [ 110.777, 21.5 ], [ 110.7825, 21.5073 ], [ 110.7808, 21.5105 ], [ 110.7706, 21.497199999000088 ], [ 110.764699999000072, 21.4779 ], [ 110.766000001000066, 21.4615 ], [ 110.7648, 21.4597 ], [ 110.7663, 21.4532 ], [ 110.7654, 21.4514 ], [ 110.7568, 21.44910000100009 ], [ 110.7617, 21.4461 ], [ 110.762800001000073, 21.4427 ], [ 110.7591, 21.4347 ], [ 110.7517, 21.429500001000065 ], [ 110.746, 21.4182 ], [ 110.735300001000041, 21.4142 ], [ 110.7173, 21.41620000100005 ], [ 110.6971, 21.4088 ], [ 110.6796, 21.3949 ], [ 110.67609999900003, 21.393799999000066 ], [ 110.672999999000069, 21.392900001000044 ], [ 110.665099999000063, 21.3955 ], [ 110.6591, 21.3943 ], [ 110.6474, 21.3832 ], [ 110.6363, 21.3792 ], [ 110.6307, 21.3751 ], [ 110.6246, 21.3645 ], [ 110.6215, 21.3662 ], [ 110.618900001000043, 21.3658 ], [ 110.6114, 21.3155 ], [ 110.612, 21.3078 ], [ 110.617300001000046, 21.2982 ], [ 110.6224, 21.274 ], [ 110.6282, 21.262900001000048 ], [ 110.6302, 21.2552 ], [ 110.6287, 21.2451 ], [ 110.6318, 21.2321 ], [ 110.6289, 21.2265 ], [ 110.6239, 21.2229 ], [ 110.6149, 21.2205 ], [ 110.6045, 21.2211 ], [ 110.604, 21.229 ], [ 110.6001, 21.2334 ], [ 110.5974, 21.233 ], [ 110.6004, 21.2278 ], [ 110.5991, 21.2259 ], [ 110.5923, 21.2277 ], [ 110.5755, 21.2391 ], [ 110.5754, 21.235400001000073 ], [ 110.5797, 21.2289 ], [ 110.59, 21.2238 ], [ 110.590899999000044, 21.2219 ], [ 110.5837, 21.2177 ], [ 110.5795, 21.2171 ], [ 110.5677, 21.2213 ], [ 110.564, 21.2225 ], [ 110.5525, 21.2229 ], [ 110.539400001000047, 21.2161 ], [ 110.5192, 21.2085 ], [ 110.5059, 21.2135 ], [ 110.4993, 21.2142 ], [ 110.4952, 21.218 ], [ 110.4916, 21.2182 ], [ 110.4903, 21.2203 ], [ 110.4915, 21.224699999000052 ], [ 110.4907, 21.2278 ], [ 110.4835, 21.2204 ], [ 110.476, 21.2199 ], [ 110.469400001000054, 21.2173 ], [ 110.4666, 21.2112 ], [ 110.457699999000056, 21.2094 ], [ 110.4549, 21.208900001000075 ], [ 110.4453, 21.2005 ], [ 110.4385, 21.1909 ], [ 110.431, 21.188899999000057 ], [ 110.4238, 21.190100001000076 ], [ 110.4198, 21.193 ], [ 110.4186, 21.198199999000053 ], [ 110.444300001000045, 21.2344 ], [ 110.4392, 21.2446 ], [ 110.4323, 21.2441 ], [ 110.4288, 21.2456 ], [ 110.42729999900007, 21.2489 ], [ 110.4307, 21.251200001000086 ], [ 110.4342, 21.251299999000082 ], [ 110.444599999000047, 21.2518 ], [ 110.449000001000059, 21.2548 ], [ 110.4469, 21.2571 ], [ 110.4272, 21.2554 ], [ 110.422, 21.2614 ], [ 110.4204, 21.2672 ], [ 110.421799999000029, 21.2714 ], [ 110.4246, 21.2726 ], [ 110.4327, 21.2708 ], [ 110.437, 21.2734 ], [ 110.4434, 21.2739 ], [ 110.4426, 21.2764 ], [ 110.4386, 21.2794 ], [ 110.4303, 21.2801 ], [ 110.4292, 21.2814 ], [ 110.4286, 21.2835 ], [ 110.4324, 21.288800001000084 ], [ 110.43439999900005, 21.2896 ], [ 110.439099999000064, 21.2839 ], [ 110.4425, 21.28410000100007 ], [ 110.4475, 21.2811 ], [ 110.4528, 21.2839 ], [ 110.4539, 21.2838 ], [ 110.4634, 21.2825 ], [ 110.4653, 21.2784 ], [ 110.4693, 21.2814 ], [ 110.4733, 21.2665 ], [ 110.4761, 21.2644 ], [ 110.4807, 21.2643 ], [ 110.4836, 21.2657 ], [ 110.4772, 21.2799 ], [ 110.4791, 21.2842 ], [ 110.4864, 21.2894 ], [ 110.4889, 21.2948 ], [ 110.4916, 21.296400001000052 ], [ 110.502, 21.2962 ], [ 110.5044, 21.2983 ], [ 110.5016, 21.300799999000049 ], [ 110.5012, 21.3049 ], [ 110.4891, 21.3051 ], [ 110.4835, 21.302900001000069 ], [ 110.480200001000071, 21.297 ], [ 110.478299999000058, 21.2937 ], [ 110.474700001000031, 21.2911 ], [ 110.471, 21.2911 ], [ 110.4704, 21.292799999000067 ], [ 110.4735, 21.2954 ], [ 110.471099999000046, 21.297300001000053 ], [ 110.4671, 21.298 ], [ 110.4638, 21.2949 ], [ 110.4607, 21.2948 ], [ 110.4576, 21.2967 ], [ 110.4475, 21.2958 ], [ 110.4434, 21.299 ], [ 110.4596, 21.3097 ], [ 110.4709, 21.3106 ], [ 110.4776, 21.316 ], [ 110.4838, 21.3176 ], [ 110.48839999900008, 21.3279 ], [ 110.4862, 21.3318 ], [ 110.4834, 21.3331 ], [ 110.4777, 21.3241 ], [ 110.474700001000031, 21.3277 ], [ 110.4699, 21.3213 ], [ 110.468, 21.3216 ], [ 110.4667, 21.3255 ], [ 110.4631, 21.3218 ], [ 110.461099999000055, 21.3219 ], [ 110.4605, 21.3256 ], [ 110.4633, 21.332799999000088 ], [ 110.4623, 21.3411 ], [ 110.463700001000063, 21.3464 ], [ 110.4678, 21.3497 ], [ 110.4667, 21.3516 ], [ 110.4638, 21.3514 ], [ 110.458499999000026, 21.3484 ], [ 110.453799999000069, 21.334 ], [ 110.4541, 21.3234 ], [ 110.45, 21.3129 ], [ 110.445100001000071, 21.314600001000088 ], [ 110.4395, 21.3081 ], [ 110.4326, 21.304699999000036 ], [ 110.4269, 21.2995 ], [ 110.4255, 21.2982 ], [ 110.4233, 21.2982 ], [ 110.4232, 21.30939999900005 ], [ 110.4211, 21.316900001000079 ], [ 110.4228, 21.3247 ], [ 110.426, 21.33 ], [ 110.428, 21.3484 ], [ 110.4248, 21.353999999000052 ], [ 110.4329, 21.3768 ], [ 110.4347, 21.3921 ], [ 110.4405, 21.397400001000051 ], [ 110.4567, 21.4021 ], [ 110.4576, 21.4035 ], [ 110.4587, 21.4052 ], [ 110.4591, 21.4135 ], [ 110.4558, 21.4175 ], [ 110.453799999000069, 21.416 ], [ 110.4515, 21.407 ], [ 110.4484, 21.4056 ], [ 110.4405, 21.4104 ], [ 110.4313, 21.4033 ], [ 110.420700001000057, 21.3712 ], [ 110.4187, 21.370000001000051 ], [ 110.4127, 21.3713 ], [ 110.4057, 21.374999999000067 ], [ 110.4012, 21.38 ], [ 110.3948, 21.3919 ], [ 110.3889, 21.3961 ], [ 110.3839, 21.4059 ], [ 110.380399999000076, 21.4091 ], [ 110.3757, 21.4134 ], [ 110.3703, 21.4232 ], [ 110.374899999000036, 21.4312 ], [ 110.3745, 21.4364 ], [ 110.3761, 21.4391 ], [ 110.3821, 21.4441 ], [ 110.3975, 21.4522 ], [ 110.4019, 21.4565 ], [ 110.398900001000072, 21.456900001000065 ], [ 110.3884, 21.4511 ], [ 110.384000001000061, 21.4511 ], [ 110.381, 21.4578 ], [ 110.3813, 21.464 ], [ 110.3795, 21.4632 ], [ 110.3761, 21.4541 ], [ 110.3736, 21.452499999000054 ], [ 110.3713, 21.4451 ], [ 110.3629, 21.4401 ], [ 110.3564, 21.4379 ], [ 110.3461, 21.4401 ], [ 110.3436, 21.4385 ], [ 110.3434, 21.4356 ], [ 110.3263, 21.4331 ], [ 110.3257, 21.4309 ], [ 110.345700001000068, 21.43 ], [ 110.3573, 21.4346 ], [ 110.359, 21.4339 ], [ 110.362299999000072, 21.4326 ], [ 110.364099999000075, 21.4225 ], [ 110.3632, 21.4188 ], [ 110.3596, 21.4159 ], [ 110.3727, 21.4042 ], [ 110.3735, 21.4 ], [ 110.3767, 21.3973 ], [ 110.3778, 21.3917 ], [ 110.3814, 21.3875 ], [ 110.3882, 21.3686 ], [ 110.3981, 21.353199999000083 ], [ 110.4023, 21.3388 ], [ 110.4024, 21.3301 ], [ 110.4012, 21.3271 ], [ 110.3982, 21.3255 ], [ 110.395899999000051, 21.3244 ], [ 110.3931, 21.3249 ], [ 110.388700001000075, 21.3293 ], [ 110.3829, 21.3399 ], [ 110.3775, 21.3448 ], [ 110.3748, 21.344399999000075 ], [ 110.3759, 21.340400001000091 ], [ 110.3808, 21.334399999000084 ], [ 110.3803, 21.329 ], [ 110.3816, 21.3265 ], [ 110.387, 21.3215 ], [ 110.3956, 21.3201 ], [ 110.4031, 21.3165 ], [ 110.409199999000066, 21.3119 ], [ 110.412599999000065, 21.3064 ], [ 110.4109, 21.298 ], [ 110.4035, 21.2911 ], [ 110.4007, 21.2805 ], [ 110.3965, 21.2773 ], [ 110.3937, 21.2777 ], [ 110.3916, 21.278 ], [ 110.3884, 21.2801 ], [ 110.3823, 21.3025 ], [ 110.3731, 21.31920000100007 ], [ 110.3654, 21.3224 ], [ 110.364099999000075, 21.337499999000045 ], [ 110.355700001000059, 21.3486 ], [ 110.3493, 21.3466 ], [ 110.3569, 21.337200001000042 ], [ 110.3613, 21.328 ], [ 110.3585, 21.3272 ], [ 110.347599999000067, 21.3317 ], [ 110.3438, 21.3332 ], [ 110.342, 21.3331 ], [ 110.3422, 21.331 ], [ 110.3485, 21.325699999000051 ], [ 110.36060000100008, 21.32 ], [ 110.3703, 21.3091 ], [ 110.375, 21.3001 ], [ 110.3745, 21.2983 ], [ 110.3653, 21.297200001000078 ], [ 110.3592, 21.2882 ], [ 110.3578, 21.2843 ], [ 110.3587, 21.282799999000076 ], [ 110.36, 21.281700001000047 ], [ 110.3689, 21.2862 ], [ 110.3852, 21.2638 ], [ 110.3916, 21.257699999000067 ], [ 110.4011, 21.2485 ], [ 110.403600001000029, 21.238899999000068 ], [ 110.4093, 21.2387 ], [ 110.40990000100004, 21.2322 ], [ 110.4122, 21.2266 ], [ 110.4101, 21.2202 ], [ 110.402199999000061, 21.209 ], [ 110.4015, 21.2053 ], [ 110.4031, 21.1955 ], [ 110.4017, 21.1894 ], [ 110.3862, 21.1571 ], [ 110.3838, 21.1553 ], [ 110.3783, 21.1562 ], [ 110.3762, 21.1573 ], [ 110.3726, 21.1592 ], [ 110.365500001000044, 21.1541 ], [ 110.366100001000063, 21.152 ], [ 110.3744, 21.149 ], [ 110.3742, 21.1467 ], [ 110.3673, 21.1427 ], [ 110.3516, 21.1264 ], [ 110.343900001000065, 21.1122 ], [ 110.3392, 21.1092 ], [ 110.322, 21.104000001000088 ], [ 110.3039, 21.10490000100009 ], [ 110.2914, 21.1036 ], [ 110.2869, 21.1016 ], [ 110.2735, 21.084599999000091 ], [ 110.2701, 21.083199999000044 ], [ 110.26810000100005, 21.08 ], [ 110.262600001000067, 21.0788 ], [ 110.2528, 21.07 ], [ 110.2572, 21.0687 ], [ 110.2735, 21.0726 ], [ 110.2759, 21.0703 ], [ 110.268900001000077, 21.0568 ], [ 110.2665, 21.044 ], [ 110.2635, 21.0385 ], [ 110.2615, 21.0358 ], [ 110.2552, 21.0371 ], [ 110.2507, 21.0364 ], [ 110.241, 21.0315 ], [ 110.2391, 21.0497 ], [ 110.2366, 21.047899999000037 ], [ 110.2357, 21.0434 ], [ 110.235, 21.029899999000065 ], [ 110.2261, 21.0224 ], [ 110.2224, 21.0216 ], [ 110.2192, 21.0333 ], [ 110.2154, 21.0405 ], [ 110.212, 21.0439 ], [ 110.2017, 21.0544 ], [ 110.210200001000032, 21.0627 ], [ 110.2083, 21.070400001000053 ], [ 110.2128, 21.0877 ], [ 110.2116, 21.0975 ], [ 110.2084, 21.1035 ], [ 110.1916, 21.116099999000085 ], [ 110.1834, 21.113699999000062 ], [ 110.1781, 21.1142 ], [ 110.1755, 21.118800001000068 ], [ 110.1623, 21.1312 ], [ 110.1599, 21.1306 ], [ 110.175, 21.111399999000071 ], [ 110.1803, 21.1096 ], [ 110.1902, 21.111 ], [ 110.197, 21.1076 ], [ 110.2048, 21.1009 ], [ 110.208800001000043, 21.0911 ], [ 110.2069, 21.0814 ], [ 110.202, 21.0721 ], [ 110.202599999000029, 21.0677 ], [ 110.2036, 21.0614 ], [ 110.1996, 21.0612 ], [ 110.193900001000031, 21.064 ], [ 110.193999999000027, 21.0576 ], [ 110.1869, 21.048799999000039 ], [ 110.1844, 21.043 ], [ 110.1922, 21.0189 ], [ 110.1925, 21.013100001000055 ], [ 110.190299999000047, 21.0107 ], [ 110.1812, 21.0096 ], [ 110.176, 20.999900001000071 ], [ 110.1723, 20.9962 ], [ 110.1654, 20.994 ], [ 110.1627, 20.9871 ], [ 110.1605, 20.9867 ], [ 110.149300001000029, 20.9912 ], [ 110.1495, 20.9889 ], [ 110.1525, 20.9857 ], [ 110.1575, 20.984 ], [ 110.1623, 20.98 ], [ 110.1638, 20.97499999900009 ], [ 110.1621, 20.9635 ], [ 110.1586, 20.9505 ], [ 110.1582, 20.9346 ], [ 110.161199999000075, 20.9139 ], [ 110.16480000100006, 20.9045 ], [ 110.1862, 20.8672 ], [ 110.1855, 20.8633 ], [ 110.1771, 20.8562 ], [ 110.1799, 20.8524 ], [ 110.197800001000076, 20.8588 ], [ 110.2183, 20.86559999900004 ], [ 110.2221, 20.8655 ], [ 110.228399999000032, 20.8605 ], [ 110.2363, 20.861 ], [ 110.2421, 20.8543 ], [ 110.2452, 20.8534 ], [ 110.2505, 20.855 ], [ 110.2583, 20.8512 ], [ 110.266, 20.8517 ], [ 110.2837, 20.8593 ], [ 110.295400001000075, 20.8616 ], [ 110.3086, 20.86060000100008 ], [ 110.3132, 20.8566 ], [ 110.3169, 20.8564 ], [ 110.32, 20.858 ], [ 110.3304, 20.8636 ], [ 110.3372, 20.8642 ], [ 110.341000001000054, 20.8625 ], [ 110.3454, 20.8539 ], [ 110.348100001000034, 20.8539 ], [ 110.349699999000052, 20.8559 ], [ 110.355, 20.849700001000087 ], [ 110.3609, 20.8471 ], [ 110.3705, 20.8393 ], [ 110.3731, 20.8389 ], [ 110.3748, 20.8446 ], [ 110.3806, 20.8404 ], [ 110.3871, 20.8327 ], [ 110.3883, 20.8256 ], [ 110.3913, 20.820999999000037 ], [ 110.395899999000051, 20.8197 ], [ 110.3981, 20.8172 ], [ 110.3988, 20.8079 ], [ 110.4018, 20.804499999000086 ], [ 110.4064, 20.8036 ], [ 110.4082, 20.8016 ], [ 110.4062, 20.7737 ], [ 110.4075, 20.7623 ], [ 110.407, 20.7542 ], [ 110.3976, 20.7161 ], [ 110.3947, 20.7132 ], [ 110.3813, 20.712800001000062 ], [ 110.3752, 20.7141 ], [ 110.3665, 20.7227 ], [ 110.3656, 20.7257 ], [ 110.3638, 20.731500001000086 ], [ 110.3555, 20.7384 ], [ 110.3541, 20.7423 ], [ 110.3564, 20.7518 ], [ 110.3563, 20.7582 ], [ 110.3493, 20.7761 ], [ 110.341099999000051, 20.7845 ], [ 110.3396, 20.7878 ], [ 110.3416, 20.7921 ], [ 110.3461, 20.7952 ], [ 110.347300001000065, 20.801399999000068 ], [ 110.337, 20.7924 ], [ 110.3354, 20.7893 ], [ 110.3392, 20.7783 ], [ 110.3387, 20.7556 ], [ 110.332, 20.7522 ], [ 110.323199999000053, 20.75 ], [ 110.3221, 20.7478 ], [ 110.32290000100005, 20.743200001000048 ], [ 110.3204, 20.7401 ], [ 110.3184, 20.7406 ], [ 110.312, 20.7479 ], [ 110.3106, 20.7467 ], [ 110.319000001000063, 20.735 ], [ 110.323199999000053, 20.733900001000052 ], [ 110.3269, 20.7369 ], [ 110.3293, 20.7421 ], [ 110.3301, 20.7441 ], [ 110.340200001000028, 20.7398 ], [ 110.3432, 20.7367 ], [ 110.344, 20.7336 ], [ 110.340200001000028, 20.726199999000073 ], [ 110.3401, 20.7221 ], [ 110.3452, 20.7092 ], [ 110.3422, 20.7016 ], [ 110.3387, 20.6987 ], [ 110.3212, 20.6936 ], [ 110.3161, 20.6903 ], [ 110.312100001000033, 20.6832 ], [ 110.3097, 20.683 ], [ 110.305299999000056, 20.6864 ], [ 110.304399999000054, 20.6845 ], [ 110.309, 20.6687 ], [ 110.3053, 20.6586 ], [ 110.3053, 20.6541 ], [ 110.308600001000059, 20.657399999000063 ], [ 110.312, 20.6662 ], [ 110.315399999000078, 20.6697 ], [ 110.3278, 20.6769 ], [ 110.3318, 20.6779 ], [ 110.3357, 20.6746 ], [ 110.3416, 20.6598 ], [ 110.338600001000032, 20.6371 ], [ 110.341000001000054, 20.6352 ], [ 110.3445, 20.6356 ], [ 110.366900001000033, 20.6464 ], [ 110.3719, 20.6466 ], [ 110.3745, 20.6416 ], [ 110.3757, 20.6391 ], [ 110.3806, 20.6394 ], [ 110.3885, 20.6434 ], [ 110.391399999000043, 20.6428 ], [ 110.3897, 20.6355 ], [ 110.390599999000074, 20.632 ], [ 110.3944, 20.6278 ], [ 110.4004, 20.6267 ], [ 110.4029, 20.622999999000058 ], [ 110.401399999000034, 20.607 ], [ 110.404499999000052, 20.5985 ], [ 110.4093, 20.5933 ], [ 110.415200001000073, 20.5922 ], [ 110.4168, 20.585900001000084 ], [ 110.4243, 20.5858 ], [ 110.4324, 20.5797 ], [ 110.4533, 20.5637 ], [ 110.457699999000056, 20.561799999000073 ], [ 110.4578, 20.5688 ], [ 110.468, 20.5767 ], [ 110.471099999000046, 20.5781 ], [ 110.4762, 20.5774 ], [ 110.4807, 20.5703 ], [ 110.4911, 20.5623 ], [ 110.5018, 20.5475 ], [ 110.505499999000051, 20.5344 ], [ 110.5144, 20.5243 ], [ 110.515, 20.521 ], [ 110.5167, 20.5076 ], [ 110.524800001000074, 20.4934 ], [ 110.5334, 20.4827 ], [ 110.534200001000045, 20.4759 ], [ 110.5226, 20.453099999000074 ], [ 110.5207, 20.443 ], [ 110.521, 20.4337 ], [ 110.51870000100007, 20.4279 ], [ 110.5087, 20.4189 ], [ 110.498, 20.4118 ], [ 110.4885, 20.4054 ], [ 110.4792, 20.3964 ], [ 110.474900001000037, 20.389 ], [ 110.4696, 20.3724 ], [ 110.471, 20.3645 ], [ 110.4683, 20.362 ], [ 110.4642, 20.3625 ], [ 110.45840000100003, 20.3581 ], [ 110.4479, 20.3448 ], [ 110.4437, 20.3312 ], [ 110.441, 20.3283 ], [ 110.4287, 20.3229 ], [ 110.412399999000058, 20.3056 ], [ 110.4078, 20.3025 ], [ 110.4023, 20.302600001000087 ], [ 110.385099999000033, 20.3088 ], [ 110.3765, 20.3092 ], [ 110.3737, 20.3076 ], [ 110.3701, 20.300200001000064 ], [ 110.366100001000063, 20.2986 ], [ 110.362200001000076, 20.300499999000067 ], [ 110.3597, 20.299500001000069 ], [ 110.3562, 20.2962 ], [ 110.3548, 20.291899999000066 ], [ 110.3578, 20.2865 ], [ 110.3542, 20.2836 ], [ 110.3406, 20.2811 ], [ 110.3344, 20.274 ], [ 110.3332, 20.267400001000055 ], [ 110.3314, 20.2664 ], [ 110.3244, 20.265399999000067 ], [ 110.319299999000066, 20.261200001000077 ], [ 110.3125, 20.2602 ], [ 110.3042, 20.2597 ], [ 110.3007, 20.2613 ], [ 110.297200001000078, 20.262899999000069 ], [ 110.2922, 20.2626 ], [ 110.287099999000077, 20.2585 ], [ 110.2859, 20.255 ], [ 110.2863, 20.2401 ], [ 110.2787, 20.2532 ], [ 110.2766, 20.264200001000063 ], [ 110.274699999000063, 20.2661 ], [ 110.269, 20.2683 ], [ 110.2627, 20.2685 ], [ 110.257399999000029, 20.2643 ], [ 110.253400001000045, 20.2649 ], [ 110.252400001000069, 20.2679 ], [ 110.2536, 20.2763 ], [ 110.2517, 20.27840000100008 ], [ 110.2411, 20.2753 ], [ 110.2343, 20.2749 ], [ 110.2271, 20.2781 ], [ 110.2236, 20.278 ], [ 110.232499999000026, 20.2698 ], [ 110.2126, 20.2721 ], [ 110.2056, 20.2747 ], [ 110.1975, 20.274 ], [ 110.1965, 20.2676 ], [ 110.2, 20.264399999000091 ], [ 110.196, 20.2601 ], [ 110.1985, 20.2545 ], [ 110.194799999000054, 20.251700001000074 ], [ 110.1913, 20.2529 ], [ 110.189200001000074, 20.2504 ], [ 110.182100001000038, 20.2413 ], [ 110.1762, 20.2414 ], [ 110.1668, 20.238799999000037 ], [ 110.16, 20.2424 ], [ 110.1453, 20.2415 ], [ 110.1441, 20.2459 ], [ 110.1428, 20.244700001000069 ], [ 110.135499999000047, 20.2444 ], [ 110.1307, 20.2413 ], [ 110.1272, 20.241 ], [ 110.124200001000077, 20.2474 ], [ 110.118700001000036, 20.247900001000062 ], [ 110.1238, 20.2522 ], [ 110.127, 20.2577 ], [ 110.1265, 20.2598 ], [ 110.1176, 20.2647 ], [ 110.1113, 20.2658 ], [ 110.1014, 20.2649 ], [ 110.0964, 20.2659 ], [ 110.095300001000055, 20.2662 ], [ 110.0912, 20.271 ], [ 110.0838, 20.2729 ], [ 110.0799, 20.2773 ], [ 110.07570000100003, 20.2743 ], [ 110.072, 20.273700001000066 ], [ 110.0738, 20.277 ], [ 110.0706, 20.2826 ], [ 110.0698, 20.289400001000047 ], [ 110.067000001000054, 20.293 ], [ 110.0635, 20.2945 ], [ 110.0539, 20.2954 ], [ 110.042, 20.290999999000064 ], [ 110.0301, 20.289499999000043 ], [ 110.0191, 20.2861 ], [ 110.0123, 20.2796 ], [ 110.0113, 20.2709 ], [ 110.0097, 20.269899999000074 ], [ 110.0069, 20.2722 ], [ 110.0051, 20.2779 ], [ 110.004, 20.2814 ], [ 109.999999999000067, 20.283900001000063 ], [ 109.9868, 20.2923 ], [ 109.9828, 20.291899999000066 ], [ 109.977999999000076, 20.2877 ], [ 109.9752, 20.2782 ], [ 109.948200001000032, 20.2555 ], [ 109.937200001000065, 20.236 ], [ 109.9319, 20.22990000100009 ], [ 109.9275, 20.2285 ], [ 109.9258, 20.2293 ], [ 109.92390000100005, 20.2422 ], [ 109.9236, 20.2451 ], [ 109.921, 20.2507 ], [ 109.9228, 20.254200001000072 ], [ 109.9229, 20.262199999000075 ], [ 109.9254, 20.269899999000074 ], [ 109.9354, 20.2836 ], [ 109.9382, 20.2921 ], [ 109.937800001000028, 20.2964 ], [ 109.9284, 20.3197 ], [ 109.9266, 20.3327 ], [ 109.928899999000066, 20.3383 ], [ 109.9256, 20.3402 ], [ 109.9227, 20.3485 ], [ 109.9131, 20.355 ], [ 109.9081, 20.3584 ], [ 109.906600001000072, 20.3627 ], [ 109.9047, 20.3638 ], [ 109.8976, 20.3602 ], [ 109.8875, 20.3592 ], [ 109.8865, 20.3661 ], [ 109.8852, 20.3669 ], [ 109.8799, 20.363899999000068 ], [ 109.8782, 20.3651 ], [ 109.8798, 20.3736 ], [ 109.8727, 20.381099999000071 ], [ 109.869199999000045, 20.3872 ], [ 109.8767, 20.39 ], [ 109.8883, 20.3911 ], [ 109.891399999000043, 20.3931 ], [ 109.889300001000038, 20.395 ], [ 109.8829, 20.3934 ], [ 109.8781, 20.3945 ], [ 109.8762, 20.3995 ], [ 109.8734, 20.402 ], [ 109.8677, 20.4039 ], [ 109.866, 20.406000001000052 ], [ 109.8664, 20.4079 ], [ 109.881699999000034, 20.4042 ], [ 109.888500001000068, 20.403699999000082 ], [ 109.8962, 20.4055 ], [ 109.8982, 20.407500001000074 ], [ 109.8991, 20.4135 ], [ 109.8984, 20.421600001000058 ], [ 109.9, 20.4257 ], [ 109.9033, 20.4281 ], [ 109.9064, 20.4337 ], [ 109.9081, 20.4316 ], [ 109.9081, 20.426200001000041 ], [ 109.9107, 20.4225 ], [ 109.915200001000073, 20.4197 ], [ 109.9216, 20.4188 ], [ 109.9275, 20.421600001000058 ], [ 109.9308, 20.4214 ], [ 109.9336, 20.416000001000043 ], [ 109.9457, 20.405299999000079 ], [ 109.9492, 20.4042 ], [ 109.9573, 20.4044 ], [ 109.9718, 20.4048 ], [ 109.9737, 20.4017 ], [ 109.973299999000062, 20.3977 ], [ 109.9666, 20.3902 ], [ 109.967199999000059, 20.3854 ], [ 109.9737, 20.3816 ], [ 109.974700001000031, 20.375599999000087 ], [ 109.9788, 20.3708 ], [ 109.9839, 20.3558 ], [ 109.988900001000047, 20.3523 ], [ 109.998100001000068, 20.3507 ], [ 109.999999999000067, 20.3512 ], [ 110.0025, 20.351900001000047 ], [ 110.0076, 20.3568 ], [ 110.008599999000069, 20.3696 ], [ 110.0124, 20.3727 ], [ 110.021999999000059, 20.372300001000042 ], [ 110.0245, 20.3738 ], [ 110.0162, 20.377600001000076 ], [ 110.0118, 20.377 ], [ 110.003600001000052, 20.3713 ], [ 110.0029, 20.3664 ], [ 110.0061, 20.3597 ], [ 110.0021, 20.3565 ], [ 109.999999999000067, 20.355900001000066 ], [ 109.9955, 20.3547 ], [ 109.991299999000034, 20.3551 ], [ 109.9879, 20.3581 ], [ 109.984, 20.3685 ], [ 109.9893, 20.3696 ], [ 109.99, 20.3729 ], [ 109.9879, 20.3783 ], [ 109.9831, 20.3827 ], [ 109.9924, 20.3874 ], [ 109.9971, 20.396 ], [ 109.999999999000067, 20.3973 ], [ 110.0097, 20.4017 ], [ 110.0122, 20.4045 ], [ 110.01300000100008, 20.408300001000043 ], [ 110.015, 20.4171 ], [ 110.0105, 20.4316 ], [ 110.0126, 20.4378 ], [ 110.0113, 20.4424 ], [ 110.0009, 20.4485 ], [ 109.999999999000067, 20.448300001000064 ], [ 109.9879, 20.4451 ], [ 109.981000001000041, 20.4392 ], [ 109.9762, 20.455399999000065 ], [ 109.9689, 20.466200001000061 ], [ 109.9738, 20.4741 ], [ 109.9705, 20.4745 ], [ 109.967199999000059, 20.4721 ], [ 109.964500001000033, 20.4659 ], [ 109.9655, 20.4605 ], [ 109.9611, 20.456000001000064 ], [ 109.9614, 20.4512 ], [ 109.9592, 20.4498 ], [ 109.9558, 20.4542 ], [ 109.9537, 20.4451 ], [ 109.951, 20.4427 ], [ 109.9469, 20.4438 ], [ 109.9432, 20.4496 ], [ 109.942799999000044, 20.453099999000074 ], [ 109.9478, 20.4615 ], [ 109.945, 20.471099999000046 ], [ 109.939699999000027, 20.4802 ], [ 109.938899999000057, 20.492 ], [ 109.9312, 20.488999999000043 ], [ 109.928600001000063, 20.4864 ], [ 109.9276, 20.4787 ], [ 109.9292, 20.4702 ], [ 109.9357, 20.4617 ], [ 109.9357, 20.4588 ], [ 109.9291, 20.444399999000041 ], [ 109.9256, 20.441100001000052 ], [ 109.9221, 20.4407 ], [ 109.9186, 20.4431 ], [ 109.9175, 20.4468 ], [ 109.9194, 20.4575 ], [ 109.918400001000066, 20.4648 ], [ 109.912100001000056, 20.469200001000047 ], [ 109.9108, 20.4723 ], [ 109.9119, 20.4797 ], [ 109.912, 20.4806 ], [ 109.9093, 20.485999999000057 ], [ 109.9019, 20.4929 ], [ 109.8984, 20.4948 ], [ 109.8929, 20.495 ], [ 109.887, 20.4912 ], [ 109.869199999000045, 20.4926 ], [ 109.8578, 20.4963 ], [ 109.8397, 20.499 ], [ 109.8305, 20.5032 ], [ 109.822700001000044, 20.50949999900007 ], [ 109.8188, 20.5153 ], [ 109.817400001000067, 20.5257 ], [ 109.812700001000053, 20.5366 ], [ 109.8106, 20.5415 ], [ 109.8141, 20.54539999900004 ], [ 109.819800001000033, 20.544699999000045 ], [ 109.8313, 20.5466 ], [ 109.8511, 20.5547 ], [ 109.852899999000044, 20.5571 ], [ 109.8476, 20.558 ], [ 109.8426, 20.5558 ], [ 109.8391, 20.557899999000085 ], [ 109.8376, 20.562 ], [ 109.8396, 20.567 ], [ 109.8514, 20.5627 ], [ 109.8552, 20.5637 ], [ 109.8434, 20.5696 ], [ 109.8421, 20.571900001000074 ], [ 109.8428, 20.5765 ], [ 109.8473, 20.5822 ], [ 109.8485, 20.592100001000063 ], [ 109.8425, 20.5887 ], [ 109.8409, 20.5843 ], [ 109.8369, 20.5813 ], [ 109.8315, 20.5522 ], [ 109.820099999000035, 20.5515 ], [ 109.8197, 20.5527 ], [ 109.829000001000054, 20.5603 ], [ 109.831, 20.5677 ], [ 109.8313, 20.5689 ], [ 109.8311, 20.57430000100004 ], [ 109.8232, 20.5922 ], [ 109.8131, 20.6076 ], [ 109.795600001000025, 20.6283 ], [ 109.788, 20.6352 ], [ 109.7786, 20.6392 ], [ 109.771599999000045, 20.639299999000059 ], [ 109.7618, 20.6305 ], [ 109.7576, 20.6299 ], [ 109.7513, 20.6316 ], [ 109.7489, 20.6352 ], [ 109.749, 20.6375 ], [ 109.7497, 20.6468 ], [ 109.7461, 20.6565 ], [ 109.7402, 20.6634 ], [ 109.7403, 20.6671 ], [ 109.74489999900004, 20.6716 ], [ 109.749599999000054, 20.6794 ], [ 109.760399999000072, 20.6816 ], [ 109.7646, 20.6871 ], [ 109.7665, 20.696599999000057 ], [ 109.7707, 20.698600001000045 ], [ 109.7762, 20.698799999000073 ], [ 109.7843, 20.6944 ], [ 109.7943, 20.685200001000055 ], [ 109.798899999000071, 20.683 ], [ 109.8048, 20.6832 ], [ 109.8068, 20.6856 ], [ 109.8014, 20.6905 ], [ 109.795400001000075, 20.6899 ], [ 109.790900001000068, 20.700900001000036 ], [ 109.786200001000054, 20.7045 ], [ 109.7778, 20.7075 ], [ 109.77, 20.7148 ], [ 109.759, 20.7345 ], [ 109.749300001000051, 20.7461 ], [ 109.7573, 20.7575 ], [ 109.766, 20.782 ], [ 109.7616, 20.7994 ], [ 109.755, 20.8059 ], [ 109.7537, 20.8206 ], [ 109.7568, 20.8413 ], [ 109.754000001000065, 20.8444 ], [ 109.7549, 20.8462 ], [ 109.7478, 20.845899999000039 ], [ 109.7484, 20.8575 ], [ 109.746900001000029, 20.8589 ], [ 109.74489999900004, 20.8586 ], [ 109.7391, 20.8541 ], [ 109.733, 20.838000001000069 ], [ 109.736700001000031, 20.8183 ], [ 109.7432, 20.8048 ], [ 109.7403, 20.801100001000066 ], [ 109.7321, 20.8016 ], [ 109.7295, 20.8043 ], [ 109.7279, 20.813700001000086 ], [ 109.720499999000026, 20.8266 ], [ 109.7195, 20.8284 ], [ 109.7021, 20.848399999000037 ], [ 109.7001, 20.8481 ], [ 109.7081, 20.834700001000044 ], [ 109.7185, 20.821799999000064 ], [ 109.723, 20.812299999000061 ], [ 109.7219, 20.809000001000072 ], [ 109.701699999000027, 20.8294 ], [ 109.686800001000051, 20.8478 ], [ 109.6841, 20.8511 ], [ 109.6725, 20.875600001000066 ], [ 109.667, 20.8957 ], [ 109.664, 20.916 ], [ 109.6649, 20.9427 ], [ 109.6679, 20.9563 ], [ 109.671, 20.9604 ], [ 109.673500001000036, 20.961 ], [ 109.676600001000054, 20.966399999000089 ], [ 109.6751, 20.9674 ], [ 109.6747, 20.9713 ], [ 109.6778, 20.9769 ], [ 109.6809, 20.9967 ], [ 109.6985, 21.0352 ], [ 109.6988, 21.0402 ], [ 109.7059, 21.0428 ], [ 109.7074, 21.04610000100007 ], [ 109.7088, 21.0545 ], [ 109.7074, 21.0612 ], [ 109.7083, 21.0669 ], [ 109.7056, 21.075199999000063 ], [ 109.6947, 21.0929 ], [ 109.6804, 21.1094 ], [ 109.674599999000066, 21.1206 ], [ 109.674, 21.125 ], [ 109.6756, 21.1312 ], [ 109.6983, 21.1578 ], [ 109.707199999000068, 21.1627 ], [ 109.7132, 21.1688 ], [ 109.7226, 21.165900001000068 ], [ 109.724, 21.168900001000054 ], [ 109.7234, 21.173899999000071 ], [ 109.7272, 21.1759 ], [ 109.7365, 21.1773 ], [ 109.7434, 21.1691 ], [ 109.7467, 21.166799999000091 ], [ 109.7489, 21.1678 ], [ 109.7472, 21.1743 ], [ 109.7405, 21.186300001000063 ], [ 109.7463, 21.188899999000057 ], [ 109.7561, 21.1975 ], [ 109.7637, 21.205899999000053 ], [ 109.7682, 21.2141 ], [ 109.7727, 21.2275 ], [ 109.774200001000054, 21.2379 ], [ 109.771300001000043, 21.2739 ], [ 109.7747, 21.3022 ], [ 109.774, 21.3139 ], [ 109.771300001000043, 21.3272 ], [ 109.7641, 21.3418 ], [ 109.764200001000063, 21.3469 ], [ 109.7703, 21.3559 ], [ 109.7734, 21.3549 ], [ 109.7766, 21.346799999000041 ], [ 109.780700001000071, 21.343400001000077 ], [ 109.784399999000073, 21.3366 ], [ 109.78629999900005, 21.3361 ], [ 109.789, 21.338 ], [ 109.790100001000042, 21.3403 ], [ 109.7933, 21.3472 ], [ 109.797299999000074, 21.3513 ], [ 109.8027, 21.3537 ], [ 109.8161, 21.3524 ], [ 109.828200001000027, 21.3464 ], [ 109.8346, 21.3524 ], [ 109.8393, 21.3544 ], [ 109.8485, 21.3541 ], [ 109.8618, 21.3585 ], [ 109.912100001000056, 21.3587 ], [ 109.912399999000058, 21.366 ], [ 109.9056, 21.370999999000048 ], [ 109.9018, 21.3803 ], [ 109.9018, 21.3841 ], [ 109.9052, 21.3884 ], [ 109.9076, 21.3999 ], [ 109.9123, 21.4104 ], [ 109.9166, 21.4147 ], [ 109.9261, 21.4196 ], [ 109.9335, 21.4288 ], [ 109.9402, 21.4306 ], [ 109.940499999000053, 21.4382 ], [ 109.950699999000051, 21.4472 ], [ 109.9505, 21.4495 ], [ 109.9441, 21.447500001000037 ], [ 109.93439999900005, 21.4496 ], [ 109.9304, 21.447 ], [ 109.9273, 21.439 ], [ 109.922, 21.4438 ], [ 109.9161, 21.4455 ], [ 109.9173, 21.4519 ], [ 109.912, 21.4524 ], [ 109.9099, 21.4603 ], [ 109.9193, 21.4719 ], [ 109.922, 21.481 ], [ 109.9272, 21.484499999000036 ], [ 109.9347, 21.4864 ], [ 109.9446, 21.484 ], [ 109.953, 21.4844 ], [ 109.94069999900006, 21.4903 ], [ 109.935199999000076, 21.4902 ], [ 109.9246, 21.487 ], [ 109.9156, 21.4805 ], [ 109.9131, 21.4753 ], [ 109.9005, 21.47439999900007 ], [ 109.891199999000037, 21.471199999000078 ], [ 109.887, 21.468 ], [ 109.884099999000057, 21.4678 ], [ 109.8815, 21.4711 ], [ 109.877799999000047, 21.4838 ], [ 109.87540000100006, 21.475099999000065 ], [ 109.8716, 21.4733 ], [ 109.851800001000072, 21.472899999000049 ], [ 109.8498, 21.4746 ], [ 109.8499, 21.4824 ], [ 109.842, 21.484 ], [ 109.8375, 21.494799999000065 ], [ 109.835500001000071, 21.4956 ], [ 109.833700001000068, 21.4925 ], [ 109.8367, 21.48420000100009 ], [ 109.8331, 21.4783 ], [ 109.8321, 21.4713 ], [ 109.820699999000055, 21.459 ], [ 109.8156, 21.4584 ], [ 109.7985, 21.4654 ], [ 109.7952, 21.4696 ], [ 109.7976, 21.4867 ], [ 109.7971, 21.4967 ], [ 109.7952, 21.5012 ], [ 109.8067, 21.5061 ], [ 109.7993, 21.5146 ], [ 109.7993, 21.516 ], [ 109.7992, 21.5221 ], [ 109.7944, 21.5314 ], [ 109.795, 21.5413 ], [ 109.7923, 21.5432 ], [ 109.7874, 21.536900001000049 ], [ 109.7836, 21.5348 ], [ 109.7731, 21.5395 ], [ 109.7641, 21.5489 ], [ 109.7649, 21.5567 ], [ 109.763400001000036, 21.5627 ], [ 109.765000001000033, 21.5671 ], [ 109.77369999900003, 21.5736 ], [ 109.782, 21.5834 ], [ 109.7803, 21.5867 ], [ 109.7794, 21.5849 ], [ 109.7743, 21.5833 ], [ 109.7609, 21.5729 ], [ 109.7554, 21.5717 ], [ 109.7521, 21.5734 ], [ 109.7495, 21.578 ], [ 109.7494, 21.5904 ], [ 109.7468, 21.5954 ], [ 109.744099999000071, 21.593299999000067 ], [ 109.742499999000074, 21.586299999000062 ], [ 109.73779999900006, 21.580799999000078 ], [ 109.736199999000064, 21.578900001000079 ], [ 109.741699999000048, 21.577 ], [ 109.7461, 21.57139999900005 ], [ 109.7438, 21.5646 ], [ 109.7442, 21.5594 ], [ 109.752, 21.5482 ], [ 109.7489, 21.5449 ], [ 109.748799999000028, 21.5424 ], [ 109.7541, 21.5382 ], [ 109.760100001000069, 21.5266 ], [ 109.7624, 21.5107 ], [ 109.765800001000059, 21.500700001000041 ], [ 109.7749, 21.48839999900008 ], [ 109.772199999000065, 21.4862 ], [ 109.765899999000055, 21.4935 ], [ 109.7629, 21.4891 ], [ 109.7625, 21.4885 ], [ 109.7583, 21.4876 ], [ 109.7577, 21.4855 ], [ 109.7596, 21.4805 ], [ 109.7563, 21.479899999000054 ], [ 109.749, 21.4821 ], [ 109.745, 21.4786 ], [ 109.743299999000044, 21.466400001000068 ], [ 109.7415, 21.4648 ], [ 109.7391, 21.4652 ], [ 109.7255, 21.474300001000074 ], [ 109.7084, 21.4813 ], [ 109.6832, 21.4976 ], [ 109.6751, 21.5004 ], [ 109.6703, 21.5067 ], [ 109.6666, 21.5091 ], [ 109.6556, 21.516500001000054 ], [ 109.6647, 21.5261 ], [ 109.665699999000026, 21.535 ], [ 109.6645, 21.542499999000086 ], [ 109.668299999000055, 21.550900001000059 ], [ 109.6723, 21.566799999000068 ], [ 109.672799999000063, 21.5755 ], [ 109.671199999000066, 21.5887 ], [ 109.6737, 21.5986 ], [ 109.6815, 21.60490000100009 ], [ 109.6805, 21.6111 ], [ 109.68299999900006, 21.62140000100004 ], [ 109.6786, 21.6205 ], [ 109.673, 21.613500001000091 ], [ 109.669, 21.612899999000035 ], [ 109.662500001000069, 21.6184 ], [ 109.6598, 21.6182 ], [ 109.6584, 21.6159 ], [ 109.6637, 21.6126 ], [ 109.6646, 21.6101 ], [ 109.6439, 21.5983 ], [ 109.6358, 21.5893 ], [ 109.6335, 21.5779 ], [ 109.6374, 21.5653 ], [ 109.6367, 21.5632 ], [ 109.6305, 21.5637 ], [ 109.621, 21.5687 ], [ 109.6175, 21.5692 ], [ 109.6138, 21.5746 ], [ 109.613200001000052, 21.5749 ], [ 109.6055, 21.579 ], [ 109.6042, 21.5813 ], [ 109.6055, 21.583999999000071 ], [ 109.612400001000026, 21.5851 ], [ 109.618799999000032, 21.583800001000043 ], [ 109.6204, 21.5873 ], [ 109.61630000100007, 21.5979 ], [ 109.6261, 21.607499999000083 ], [ 109.6241, 21.6082 ], [ 109.611699999000052, 21.5996 ], [ 109.607799999000065, 21.6061 ], [ 109.6038, 21.6071 ], [ 109.602499999000031, 21.6103 ], [ 109.603000001000055, 21.6162 ], [ 109.5997, 21.6217 ], [ 109.6024, 21.6229 ], [ 109.6028, 21.6344 ], [ 109.601, 21.636900001000072 ], [ 109.6044, 21.6415 ], [ 109.6097, 21.6437 ], [ 109.6102, 21.643900001000077 ], [ 109.612400001000026, 21.6463 ], [ 109.614000001000079, 21.6509 ], [ 109.6123, 21.6556 ], [ 109.61, 21.655199999000047 ], [ 109.6074, 21.651800001000083 ], [ 109.5985, 21.6479 ], [ 109.596, 21.639300001000038 ], [ 109.5826, 21.6286 ], [ 109.5799, 21.6293 ], [ 109.5765, 21.6368 ], [ 109.5762, 21.651800001000083 ], [ 109.57490000100006, 21.655 ], [ 109.568699999000046, 21.6544 ], [ 109.5672, 21.65650000100004 ], [ 109.5701, 21.66 ], [ 109.5756, 21.6605 ], [ 109.5782, 21.6688 ], [ 109.5775, 21.6713 ], [ 109.5737, 21.6686 ], [ 109.5682, 21.669900001000087 ], [ 109.5629, 21.6673 ], [ 109.5607, 21.668300001000091 ], [ 109.5587, 21.673099999000044 ], [ 109.5594, 21.675400001000071 ], [ 109.5615, 21.6748 ], [ 109.5669, 21.673399999000083 ], [ 109.5689, 21.676299999000037 ], [ 109.5668, 21.6815 ], [ 109.568, 21.686399999000059 ], [ 109.563100001000066, 21.6842 ], [ 109.5598, 21.6851 ], [ 109.558, 21.686499999000091 ], [ 109.56230000100004, 21.691000001000077 ], [ 109.5526, 21.6969 ], [ 109.552, 21.699799999000049 ], [ 109.556, 21.7087 ], [ 109.5674, 21.716 ], [ 109.5719, 21.7246 ], [ 109.5748, 21.7261 ], [ 109.581, 21.7252 ], [ 109.5853, 21.7344 ], [ 109.5875, 21.736499999000046 ], [ 109.591499999000064, 21.7371 ], [ 109.5944, 21.7399 ], [ 109.5913, 21.7451 ], [ 109.5855, 21.7404 ], [ 109.5818, 21.7423 ], [ 109.5785, 21.7417 ], [ 109.5785, 21.7477 ], [ 109.5772, 21.74960000100009 ], [ 109.574100001000033, 21.748399999000071 ], [ 109.5689, 21.74 ], [ 109.565599999000028, 21.7371 ], [ 109.5664, 21.7468 ], [ 109.570200001000046, 21.7579 ], [ 109.5698, 21.7604 ], [ 109.569400001000076, 21.7621 ], [ 109.562399999000036, 21.7526 ], [ 109.558, 21.7529 ], [ 109.5539, 21.7571 ], [ 109.518, 21.7251 ], [ 109.5182, 21.722 ], [ 109.5219, 21.722 ], [ 109.521799999000052, 21.7148 ], [ 109.5145, 21.7134 ], [ 109.5125, 21.708 ], [ 109.5085, 21.7079 ], [ 109.5088, 21.7178 ], [ 109.505499999000051, 21.7172 ], [ 109.5017, 21.7148 ], [ 109.4974, 21.7063 ], [ 109.505299999000044, 21.6972 ], [ 109.5059, 21.6934 ], [ 109.5024, 21.6902 ], [ 109.5025, 21.687299999000061 ], [ 109.5058, 21.6858 ], [ 109.5103, 21.6901 ], [ 109.5134, 21.6851 ], [ 109.5156, 21.6886 ], [ 109.5159, 21.6931 ], [ 109.5203, 21.6947 ], [ 109.5216, 21.6902 ], [ 109.520199999000056, 21.68499999900007 ], [ 109.525, 21.6775 ], [ 109.5252, 21.6742 ], [ 109.519100001000027, 21.6664 ], [ 109.518, 21.6594 ], [ 109.5124, 21.6578 ], [ 109.5049, 21.659099999000091 ], [ 109.495299999000054, 21.6671 ], [ 109.4902, 21.6646 ], [ 109.4846, 21.6647 ], [ 109.4836, 21.6651 ], [ 109.4692, 21.6712 ], [ 109.466999999000052, 21.671 ], [ 109.4641, 21.6657 ], [ 109.465, 21.66420000100004 ], [ 109.476, 21.6617 ], [ 109.4806, 21.6585 ], [ 109.4857, 21.6583 ], [ 109.4881, 21.6603 ], [ 109.498, 21.6522 ], [ 109.5236, 21.648600001000091 ], [ 109.5308, 21.6421 ], [ 109.542999999000074, 21.6261 ], [ 109.5534, 21.61830000100008 ], [ 109.5571, 21.61570000100005 ], [ 109.5553, 21.6142 ], [ 109.548, 21.6149 ], [ 109.5451, 21.6133 ], [ 109.5504, 21.6101 ], [ 109.5557, 21.609500001000072 ], [ 109.5659, 21.59879999900005 ], [ 109.5751, 21.5932 ], [ 109.5773, 21.5876 ], [ 109.581, 21.585 ], [ 109.5781, 21.5832 ], [ 109.574199999000029, 21.5832 ], [ 109.5746, 21.5795 ], [ 109.5672, 21.5701 ], [ 109.557600001000026, 21.5615 ], [ 109.5571, 21.558800001000066 ], [ 109.5619, 21.55240000100008 ], [ 109.561, 21.5513 ], [ 109.5533, 21.5528 ], [ 109.5528, 21.5506 ], [ 109.556800001000056, 21.5464 ], [ 109.5567, 21.5444 ], [ 109.556199999000057, 21.5373 ], [ 109.558, 21.5319 ], [ 109.5528, 21.521399999000039 ], [ 109.5447, 21.5099 ], [ 109.5362, 21.502400001000069 ], [ 109.4836, 21.472700001000078 ], [ 109.478799999000046, 21.4735 ], [ 109.47639999900008, 21.4771 ], [ 109.4751, 21.488 ], [ 109.475, 21.4889 ], [ 109.4728, 21.493000001000041 ], [ 109.4695, 21.4945 ], [ 109.464500001000033, 21.4809 ], [ 109.4594, 21.4772 ], [ 109.454399999000032, 21.4663 ], [ 109.4482, 21.46179999900005 ], [ 109.4336, 21.4582 ], [ 109.4246, 21.4587 ], [ 109.4217, 21.4544 ], [ 109.4164, 21.4551 ], [ 109.4096, 21.4584 ], [ 109.3974, 21.4592 ], [ 109.3882, 21.4619 ], [ 109.3682, 21.4553 ], [ 109.3614, 21.454 ], [ 109.3561, 21.4531 ], [ 109.3325, 21.451600001000088 ], [ 109.3312, 21.4545 ], [ 109.3365, 21.4617 ], [ 109.3374, 21.4656 ], [ 109.335300001000064, 21.4706 ], [ 109.3305, 21.4746 ], [ 109.3266, 21.4825 ], [ 109.3257, 21.4792 ], [ 109.3271, 21.4676 ], [ 109.3252, 21.458899999000039 ], [ 109.321, 21.4548 ], [ 109.3113, 21.4518 ], [ 109.3071, 21.448699999000041 ], [ 109.3063, 21.4478 ], [ 109.2966, 21.435 ], [ 109.2937, 21.4366 ], [ 109.2904, 21.4319 ], [ 109.2853, 21.4305 ], [ 109.2807, 21.4396 ], [ 109.279, 21.439 ], [ 109.2774, 21.4339 ], [ 109.2754, 21.4327 ], [ 109.271399999000039, 21.4362 ], [ 109.2681, 21.436899999000048 ], [ 109.2646, 21.4327 ], [ 109.2575, 21.4355 ], [ 109.252, 21.431000001000086 ], [ 109.246900001000029, 21.4314 ], [ 109.243800001000068, 21.4348 ], [ 109.2435, 21.4428 ], [ 109.2397, 21.4426 ], [ 109.2373, 21.4489 ], [ 109.2417, 21.4658 ], [ 109.2413, 21.4708 ], [ 109.238, 21.4689 ], [ 109.2343, 21.458600001000036 ], [ 109.2319, 21.4582 ], [ 109.2295, 21.463 ], [ 109.2261, 21.457 ], [ 109.227599999000063, 21.4504 ], [ 109.2256, 21.4419 ], [ 109.2306, 21.4309 ], [ 109.228999999000052, 21.4268 ], [ 109.2259, 21.4238 ], [ 109.225, 21.4229 ], [ 109.2141, 21.4185 ], [ 109.200099999000031, 21.4219 ], [ 109.181900001000031, 21.4137 ], [ 109.160700001000066, 21.4151 ], [ 109.1574, 21.412 ], [ 109.1617, 21.405 ], [ 109.1604, 21.4023 ], [ 109.1558, 21.4017 ], [ 109.1465, 21.4043 ], [ 109.132, 21.4126 ], [ 109.127, 21.4118 ], [ 109.1247, 21.4131 ], [ 109.1221, 21.417900001000078 ], [ 109.11770000100006, 21.417999999000074 ], [ 109.1124, 21.4181 ], [ 109.0964, 21.4282 ], [ 109.0797, 21.4347 ], [ 109.0658, 21.4381 ], [ 109.0608, 21.4462 ], [ 109.0579, 21.4458 ], [ 109.0526, 21.4417 ], [ 109.0479, 21.4351 ], [ 109.0455, 21.437 ], [ 109.0458, 21.4417 ], [ 109.0425, 21.4513 ], [ 109.0434, 21.4554 ], [ 109.063199999000062, 21.4716 ], [ 109.0752, 21.485200001000067 ], [ 109.0853, 21.4828 ], [ 109.095, 21.4834 ], [ 109.117999999000062, 21.48779999900006 ], [ 109.149999999000045, 21.5068 ], [ 109.1589, 21.5146 ], [ 109.1651, 21.5242 ], [ 109.167800001000046, 21.5329 ], [ 109.1677, 21.5336 ], [ 109.1668, 21.542 ], [ 109.1642, 21.5519 ], [ 109.152599999000074, 21.5648 ], [ 109.1535, 21.569 ], [ 109.1514, 21.5729 ], [ 109.1513, 21.5895 ], [ 109.147699999000054, 21.5816 ], [ 109.1464, 21.5876 ], [ 109.1482, 21.5967 ], [ 109.1467, 21.600399999000047 ], [ 109.1409, 21.5951 ], [ 109.1396, 21.5906 ], [ 109.1407, 21.585499999000035 ], [ 109.1411, 21.5841 ], [ 109.139700001000051, 21.5794 ], [ 109.1316, 21.583 ], [ 109.1296, 21.5865 ], [ 109.1305, 21.5888 ], [ 109.1256, 21.5888 ], [ 109.123200001000043, 21.5903 ], [ 109.1228, 21.593399999000042 ], [ 109.1182, 21.5932 ], [ 109.1151, 21.5961 ], [ 109.114, 21.5938 ], [ 109.1153, 21.5885 ], [ 109.113299999000049, 21.5868 ], [ 109.0998, 21.5912 ], [ 109.0941, 21.5948 ], [ 109.091200001000061, 21.5899 ], [ 109.0828, 21.5932 ], [ 109.0782, 21.6001 ], [ 109.0799, 21.60940000100004 ], [ 109.0779, 21.6102 ], [ 109.0768, 21.612899999000035 ], [ 109.0752, 21.63230000100009 ], [ 109.0723, 21.6293 ], [ 109.0701, 21.6291 ], [ 109.06920000100007, 21.631799999000066 ], [ 109.0733, 21.6431 ], [ 109.0722, 21.6516 ], [ 109.075799999000026, 21.6573 ], [ 109.0738, 21.6563 ], [ 109.0698, 21.654900001000044 ], [ 109.068, 21.65 ], [ 109.0699, 21.644 ], [ 109.0686, 21.6406 ], [ 109.0679, 21.638799999000071 ], [ 109.0641, 21.635500001000082 ], [ 109.0221, 21.6205 ], [ 109.0167, 21.6201 ], [ 109.0113, 21.6228 ], [ 109.0058, 21.628499999000041 ], [ 109.004, 21.6266 ], [ 109.0051, 21.6241 ], [ 109.0128, 21.6164 ], [ 109.0063, 21.6103 ], [ 108.987900001000071, 21.6052 ], [ 108.9775, 21.6053 ], [ 108.9718, 21.6032 ], [ 108.9704, 21.6032 ], [ 108.961, 21.6029 ], [ 108.951, 21.6056 ], [ 108.943399999000064, 21.6113 ], [ 108.9392, 21.6101 ], [ 108.927699999000026, 21.6103 ], [ 108.922, 21.6149 ], [ 108.9092, 21.6179 ], [ 108.9061, 21.6204 ], [ 108.9024, 21.639 ], [ 108.897, 21.6458 ], [ 108.8968, 21.6485 ], [ 108.901, 21.6504 ], [ 108.8983, 21.654300001000081 ], [ 108.8997, 21.6582 ], [ 108.8964, 21.6665 ], [ 108.896, 21.675 ], [ 108.8907, 21.669900001000087 ], [ 108.8777, 21.6697 ], [ 108.8721, 21.67159999900008 ], [ 108.862, 21.6791 ], [ 108.8532, 21.6825 ], [ 108.850800001000039, 21.686399999000059 ], [ 108.8498, 21.6903 ], [ 108.8493, 21.6924 ], [ 108.8498, 21.6986 ], [ 108.8518, 21.70209999900004 ], [ 108.86, 21.7037 ], [ 108.8664, 21.7113 ], [ 108.8652, 21.7244 ], [ 108.8591, 21.7387 ], [ 108.8609, 21.7426 ], [ 108.865099999000051, 21.745000001000051 ], [ 108.8721, 21.7458 ], [ 108.880999999000039, 21.742899999000088 ], [ 108.8869, 21.7426 ], [ 108.8947, 21.7449 ], [ 108.905600001000039, 21.7564 ], [ 108.915800001000036, 21.7573 ], [ 108.9187, 21.7594 ], [ 108.918499999000062, 21.7615 ], [ 108.895699999000044, 21.7618 ], [ 108.8928, 21.7639 ], [ 108.8924, 21.7668 ], [ 108.894600001000072, 21.7692 ], [ 108.9053, 21.7739 ], [ 108.9084, 21.7783 ], [ 108.9078, 21.7838 ], [ 108.904, 21.7775 ], [ 108.8971, 21.774 ], [ 108.890900001000034, 21.7728 ], [ 108.8804, 21.7551 ], [ 108.8757, 21.7534 ], [ 108.8676, 21.7541 ], [ 108.8632, 21.7568 ], [ 108.8625, 21.7608 ], [ 108.863, 21.7639 ], [ 108.8648, 21.776 ], [ 108.862, 21.7841 ], [ 108.8685, 21.7942 ], [ 108.8721, 21.8041 ], [ 108.871, 21.8093 ], [ 108.8654, 21.795 ], [ 108.86, 21.7911 ], [ 108.856300001000079, 21.7955 ], [ 108.8545, 21.7835 ], [ 108.8505, 21.7871 ], [ 108.8484, 21.7962 ], [ 108.8506, 21.8036 ], [ 108.858, 21.812200001000065 ], [ 108.859799999000074, 21.817600001000073 ], [ 108.856, 21.817199999000081 ], [ 108.846, 21.8073 ], [ 108.834500001000038, 21.8099 ], [ 108.8257, 21.8153 ], [ 108.814900001000069, 21.8185 ], [ 108.7994, 21.8208 ], [ 108.78059999900006, 21.8207 ], [ 108.7781, 21.818 ], [ 108.786099999000044, 21.8157 ], [ 108.818800001000056, 21.8127 ], [ 108.820400001000053, 21.8112 ], [ 108.819699999000079, 21.8085 ], [ 108.8186, 21.805 ], [ 108.8194, 21.7994 ], [ 108.8098, 21.7844 ], [ 108.8138, 21.7842 ], [ 108.81780000100008, 21.7918 ], [ 108.8253, 21.7911 ], [ 108.8284, 21.7926 ], [ 108.8356, 21.7778 ], [ 108.8502, 21.77489999900007 ], [ 108.852400001000035, 21.771099999000057 ], [ 108.8528, 21.765300001000071 ], [ 108.8515, 21.7625 ], [ 108.84879999900005, 21.761 ], [ 108.8481, 21.7575 ], [ 108.8507, 21.7457 ], [ 108.8498, 21.7437 ], [ 108.8465, 21.7426 ], [ 108.8458, 21.7408 ], [ 108.8478, 21.7379 ], [ 108.8448, 21.7347 ], [ 108.8418, 21.7315 ], [ 108.8334, 21.7303 ], [ 108.8303, 21.7274 ], [ 108.8382, 21.7204 ], [ 108.8397, 21.7166 ], [ 108.8381, 21.7119 ], [ 108.8326, 21.7078 ], [ 108.8295, 21.7086 ], [ 108.8247, 21.7134 ], [ 108.81800000100003, 21.7149 ], [ 108.8145, 21.7195 ], [ 108.8122, 21.7432 ], [ 108.807000001000063, 21.7499 ], [ 108.7986, 21.755499999000051 ], [ 108.7973, 21.754499999000075 ], [ 108.803399999000078, 21.7398 ], [ 108.8066, 21.7381 ], [ 108.8022, 21.735 ], [ 108.7967, 21.735099999000056 ], [ 108.7863, 21.738000001000046 ], [ 108.7859, 21.7355 ], [ 108.792300001000058, 21.7328 ], [ 108.7905, 21.7308 ], [ 108.7848, 21.730999999000062 ], [ 108.78210000100006, 21.7287 ], [ 108.7843, 21.7269 ], [ 108.7909, 21.727 ], [ 108.8053, 21.7307 ], [ 108.8073, 21.7272 ], [ 108.8046, 21.7228 ], [ 108.7933, 21.7167 ], [ 108.7937, 21.715 ], [ 108.8017, 21.714 ], [ 108.8063, 21.71 ], [ 108.8169, 21.709099999000045 ], [ 108.8211, 21.7062 ], [ 108.8258, 21.6962 ], [ 108.8272, 21.6932 ], [ 108.836, 21.6842 ], [ 108.839, 21.6774 ], [ 108.8407, 21.6666 ], [ 108.839, 21.662100001000056 ], [ 108.8278, 21.6497 ], [ 108.829800001000081, 21.6481 ], [ 108.834, 21.6497 ], [ 108.8393, 21.6546 ], [ 108.8431, 21.6548 ], [ 108.8495, 21.6482 ], [ 108.8621, 21.6442 ], [ 108.8636, 21.6411 ], [ 108.862, 21.6384 ], [ 108.8509, 21.6337 ], [ 108.8443, 21.6271 ], [ 108.8383, 21.624799999000061 ], [ 108.834300001000031, 21.6233 ], [ 108.829899999000077, 21.6231 ], [ 108.8191, 21.6295 ], [ 108.8117, 21.640900001000091 ], [ 108.7953, 21.6437 ], [ 108.786000001000048, 21.6407 ], [ 108.779799999000033, 21.633900001000086 ], [ 108.7736, 21.6329 ], [ 108.7691, 21.6257 ], [ 108.7572, 21.6247 ], [ 108.748599999000078, 21.6202 ], [ 108.7437, 21.615000001000055 ], [ 108.742299999000068, 21.6062 ], [ 108.739, 21.6074 ], [ 108.736500001000081, 21.612099999000066 ], [ 108.7285, 21.626900001000081 ], [ 108.73209999900007, 21.6366 ], [ 108.7306, 21.640900001000091 ], [ 108.724200001000042, 21.6496 ], [ 108.721099999000046, 21.6517 ], [ 108.7101, 21.654300001000081 ], [ 108.7068, 21.6576 ], [ 108.706399999000041, 21.662100001000056 ], [ 108.7086, 21.6696 ], [ 108.710800001000052, 21.6698 ], [ 108.7128, 21.6658 ], [ 108.713, 21.6592 ], [ 108.71470000100004, 21.6578 ], [ 108.7256, 21.6569 ], [ 108.7267, 21.6583 ], [ 108.7252, 21.6612 ], [ 108.7271, 21.6635 ], [ 108.7398, 21.668 ], [ 108.7435, 21.6673 ], [ 108.7453, 21.66389999900008 ], [ 108.748599999000078, 21.6578 ], [ 108.7525, 21.6545 ], [ 108.754099999000061, 21.6547 ], [ 108.7547, 21.6571 ], [ 108.7523, 21.6613 ], [ 108.7552, 21.665 ], [ 108.754600001000028, 21.666 ], [ 108.7484, 21.6667 ], [ 108.7482, 21.6702 ], [ 108.7522, 21.674099999000077 ], [ 108.752, 21.6886 ], [ 108.7487, 21.6886 ], [ 108.743600001000061, 21.6737 ], [ 108.73289999900004, 21.6701 ], [ 108.7254, 21.6695 ], [ 108.7252, 21.6759 ], [ 108.7193, 21.67469999900004 ], [ 108.715500001000066, 21.6766 ], [ 108.7126, 21.6788 ], [ 108.7103, 21.6875 ], [ 108.7063, 21.6871 ], [ 108.706100001000038, 21.6892 ], [ 108.705599999000071, 21.6933 ], [ 108.7083, 21.703 ], [ 108.715, 21.711499999000068 ], [ 108.7148, 21.7129 ], [ 108.7104, 21.713 ], [ 108.7095, 21.7152 ], [ 108.712400001000049, 21.7241 ], [ 108.7144, 21.7268 ], [ 108.7204, 21.729599999000072 ], [ 108.7262, 21.7304 ], [ 108.7233, 21.734199999000055 ], [ 108.728, 21.7393 ], [ 108.7198, 21.7369 ], [ 108.713299999000071, 21.731099999000037 ], [ 108.712, 21.7338 ], [ 108.716300001000036, 21.7491 ], [ 108.715, 21.751200001000086 ], [ 108.7101, 21.742899999000088 ], [ 108.7059, 21.7434 ], [ 108.7054, 21.740300001000037 ], [ 108.706999999000061, 21.7366 ], [ 108.7081, 21.7343 ], [ 108.707199999000068, 21.7293 ], [ 108.705599999000071, 21.726 ], [ 108.6965, 21.718 ], [ 108.6933, 21.7031 ], [ 108.6911, 21.702299999000047 ], [ 108.683, 21.707500001000085 ], [ 108.6821, 21.710799999000074 ], [ 108.6854, 21.7172 ], [ 108.6821, 21.7178 ], [ 108.677000001000067, 21.7148 ], [ 108.674399999000059, 21.723 ], [ 108.6711, 21.7239 ], [ 108.6638, 21.7206 ], [ 108.6591, 21.7204 ], [ 108.6545, 21.7233 ], [ 108.6468, 21.731799999000089 ], [ 108.6481, 21.7339 ], [ 108.6641, 21.733 ], [ 108.6645, 21.7353 ], [ 108.657, 21.7386 ], [ 108.6515, 21.739500001000067 ], [ 108.6433, 21.7381 ], [ 108.6391, 21.7393 ], [ 108.6385, 21.7414 ], [ 108.646899999000027, 21.7591 ], [ 108.645000001000028, 21.766 ], [ 108.6555, 21.7833 ], [ 108.6746, 21.8041 ], [ 108.6819, 21.8166 ], [ 108.6786, 21.81709999900005 ], [ 108.6753, 21.8144 ], [ 108.6743, 21.8131 ], [ 108.6601, 21.7936 ], [ 108.6539, 21.7907 ], [ 108.6515, 21.7944 ], [ 108.6501, 21.811600001000045 ], [ 108.6484, 21.8146 ], [ 108.6464, 21.8143 ], [ 108.645000001000028, 21.810600001000068 ], [ 108.6482, 21.7969 ], [ 108.649700001000042, 21.7878 ], [ 108.639, 21.7658 ], [ 108.633499999000037, 21.7701 ], [ 108.6315, 21.7697 ], [ 108.634800001000031, 21.7617 ], [ 108.629, 21.7433 ], [ 108.6243, 21.7371 ], [ 108.6208, 21.74270000100006 ], [ 108.6123, 21.7363 ], [ 108.6183, 21.734 ], [ 108.6192, 21.7303 ], [ 108.6176, 21.7268 ], [ 108.609199999000055, 21.719399999000075 ], [ 108.6061, 21.71900000100004 ], [ 108.5998, 21.7213 ], [ 108.5931, 21.7238 ], [ 108.591800001000081, 21.7348 ], [ 108.5823, 21.731899999000063 ], [ 108.5809, 21.734199999000055 ], [ 108.5825, 21.7383 ], [ 108.579400001000067, 21.74270000100006 ], [ 108.579200001000061, 21.7528 ], [ 108.5777, 21.7532 ], [ 108.5728, 21.7439 ], [ 108.5691, 21.7522 ], [ 108.562700001000053, 21.7522 ], [ 108.5616, 21.7547 ], [ 108.566, 21.759199999000089 ], [ 108.5671, 21.7625 ], [ 108.5634, 21.774099999000043 ], [ 108.5557, 21.7843 ], [ 108.5553, 21.788800001000084 ], [ 108.5585, 21.7969 ], [ 108.559800001000042, 21.8 ], [ 108.5651, 21.803700001000038 ], [ 108.5742, 21.807 ], [ 108.5753, 21.8134 ], [ 108.580200001000037, 21.8175 ], [ 108.5833, 21.8228 ], [ 108.6006, 21.8337 ], [ 108.6026, 21.8391 ], [ 108.6093, 21.845299999000076 ], [ 108.6106, 21.849199999000064 ], [ 108.6093, 21.8525 ], [ 108.601200001000052, 21.862 ], [ 108.606700001000036, 21.8694 ], [ 108.6143, 21.875 ], [ 108.6165, 21.8793 ], [ 108.601200001000052, 21.874200001000077 ], [ 108.5948, 21.86969999900009 ], [ 108.5932, 21.8664 ], [ 108.584999999000047, 21.8497 ], [ 108.582699999000056, 21.8485 ], [ 108.5812, 21.8511 ], [ 108.5815, 21.8582 ], [ 108.5817, 21.8623 ], [ 108.5797, 21.8623 ], [ 108.5753, 21.856999999000038 ], [ 108.5726, 21.8586 ], [ 108.572, 21.8628 ], [ 108.568499999000039, 21.868799999000089 ], [ 108.572, 21.873499999000046 ], [ 108.566, 21.8762 ], [ 108.5581, 21.8711 ], [ 108.557, 21.8746 ], [ 108.5641, 21.8818 ], [ 108.5643, 21.8858 ], [ 108.5581, 21.8808 ], [ 108.5481, 21.8804 ], [ 108.5435, 21.8759 ], [ 108.5413, 21.8755 ], [ 108.5399, 21.8782 ], [ 108.5411, 21.8848 ], [ 108.5396, 21.898 ], [ 108.5438, 21.9102 ], [ 108.5363, 21.9046 ], [ 108.5272, 21.8879 ], [ 108.522, 21.882 ], [ 108.5202, 21.864000001000079 ], [ 108.5136, 21.8619 ], [ 108.4963, 21.868199999000069 ], [ 108.4886, 21.868600001000061 ], [ 108.4864, 21.8656 ], [ 108.4854, 21.8565 ], [ 108.4826, 21.8536 ], [ 108.4781, 21.8526 ], [ 108.465100001000053, 21.8565 ], [ 108.462000001000035, 21.8601 ], [ 108.4603, 21.8665 ], [ 108.4607, 21.8714 ], [ 108.467599999000072, 21.8855 ], [ 108.4679, 21.8902 ], [ 108.4639, 21.9074 ], [ 108.477500001000067, 21.9319 ], [ 108.4773, 21.9354 ], [ 108.470699999000033, 21.933 ], [ 108.46, 21.917100001000051 ], [ 108.4582, 21.9076 ], [ 108.4588, 21.9008 ], [ 108.4632, 21.8865 ], [ 108.4536, 21.8731 ], [ 108.4617, 21.8532 ], [ 108.4664, 21.8505 ], [ 108.4774, 21.8371 ], [ 108.4913, 21.83 ], [ 108.4937, 21.8287 ], [ 108.50059999900003, 21.8225 ], [ 108.5041, 21.816300001000059 ], [ 108.5093, 21.7929 ], [ 108.5119, 21.787599999000065 ], [ 108.520799999000076, 21.7776 ], [ 108.5424, 21.758499999000037 ], [ 108.5505, 21.748399999000071 ], [ 108.5562, 21.7339 ], [ 108.555100001000028, 21.7314 ], [ 108.549, 21.7343 ], [ 108.548000001000048, 21.7347 ], [ 108.5403, 21.736 ], [ 108.5321, 21.7406 ], [ 108.5277, 21.7402 ], [ 108.517699999000058, 21.7276 ], [ 108.5117, 21.7272 ], [ 108.5071, 21.731099999000037 ], [ 108.503400001000045, 21.7398 ], [ 108.5023, 21.7628 ], [ 108.50059999900003, 21.7684 ], [ 108.4973, 21.762 ], [ 108.4956, 21.739 ], [ 108.4883, 21.7438 ], [ 108.4871, 21.7438 ], [ 108.4777, 21.7434 ], [ 108.47439999900007, 21.7414 ], [ 108.472200001000033, 21.7369 ], [ 108.473099999000056, 21.735 ], [ 108.4779, 21.735 ], [ 108.483299999000053, 21.737 ], [ 108.4905, 21.7366 ], [ 108.4954, 21.731799999000089 ], [ 108.4956, 21.7266 ], [ 108.499799999000061, 21.7246 ], [ 108.501100001000054, 21.7186 ], [ 108.509700001000056, 21.7196 ], [ 108.511, 21.7175 ], [ 108.5095, 21.7154 ], [ 108.50059999900003, 21.7136 ], [ 108.4922, 21.707599999000081 ], [ 108.489300001000061, 21.7074 ], [ 108.4871, 21.713 ], [ 108.4805, 21.7002 ], [ 108.4809, 21.6967 ], [ 108.4824, 21.6973 ], [ 108.486, 21.704399999000088 ], [ 108.4866, 21.7042 ], [ 108.489300001000061, 21.7033 ], [ 108.4908, 21.695700001000091 ], [ 108.493, 21.6956 ], [ 108.4946, 21.701 ], [ 108.5008, 21.7086 ], [ 108.5015, 21.7008 ], [ 108.5048, 21.6995 ], [ 108.5074, 21.6923 ], [ 108.5038, 21.6834 ], [ 108.504, 21.6778 ], [ 108.5071, 21.6727 ], [ 108.508700001000079, 21.6758 ], [ 108.5071, 21.6822 ], [ 108.5085, 21.6851 ], [ 108.512, 21.6842 ], [ 108.5134, 21.6892 ], [ 108.5094, 21.6991 ], [ 108.510500001000025, 21.704499999000063 ], [ 108.509700001000056, 21.707599999000081 ], [ 108.5068, 21.7103 ], [ 108.509700001000056, 21.7127 ], [ 108.5181, 21.714 ], [ 108.5196, 21.7159 ], [ 108.5281, 21.7274 ], [ 108.5321, 21.7302 ], [ 108.5376, 21.730999999000062 ], [ 108.5424, 21.726499999000055 ], [ 108.5435, 21.7213 ], [ 108.5402, 21.7151 ], [ 108.5366, 21.7122 ], [ 108.5355, 21.705 ], [ 108.5298, 21.703 ], [ 108.530900001000077, 21.6996 ], [ 108.5295, 21.6976 ], [ 108.5229, 21.6978 ], [ 108.524600001000067, 21.6949 ], [ 108.522599999000079, 21.6916 ], [ 108.524600001000067, 21.6891 ], [ 108.5306, 21.6889 ], [ 108.5284, 21.6839 ], [ 108.529, 21.6808 ], [ 108.532300001000067, 21.6837 ], [ 108.5355, 21.6914 ], [ 108.5377, 21.6883 ], [ 108.53889999900008, 21.6792 ], [ 108.540900001000068, 21.6802 ], [ 108.5421, 21.6824 ], [ 108.547200001000078, 21.6924 ], [ 108.5516, 21.6938 ], [ 108.5561, 21.6991 ], [ 108.562700001000053, 21.7006 ], [ 108.5658, 21.7008 ], [ 108.566199999000048, 21.698299999000085 ], [ 108.5584, 21.69129999900008 ], [ 108.5569, 21.6876 ], [ 108.5593, 21.6876 ], [ 108.5675, 21.6927 ], [ 108.5688, 21.6888 ], [ 108.563700001000029, 21.6818 ], [ 108.5621, 21.6764 ], [ 108.5628, 21.6714 ], [ 108.561400001000038, 21.67 ], [ 108.5579, 21.6696 ], [ 108.5469, 21.6735 ], [ 108.546, 21.6653 ], [ 108.5404, 21.6572 ], [ 108.5435, 21.6558 ], [ 108.548299999000051, 21.66 ], [ 108.553500001000032, 21.6646 ], [ 108.5555, 21.6617 ], [ 108.5346, 21.638 ], [ 108.5308, 21.6391 ], [ 108.5335, 21.6447 ], [ 108.5313, 21.6469 ], [ 108.5275, 21.64279999900009 ], [ 108.5242, 21.6441 ], [ 108.521599999000045, 21.6406 ], [ 108.5136, 21.642 ], [ 108.5129, 21.6402 ], [ 108.5174, 21.6367 ], [ 108.5275, 21.633900001000086 ], [ 108.5293, 21.6315 ], [ 108.527, 21.627500001000044 ], [ 108.5292, 21.6228 ], [ 108.519900001000053, 21.6133 ], [ 108.517600001000062, 21.6043 ], [ 108.517, 21.6019 ], [ 108.515, 21.5999 ], [ 108.505299999000044, 21.596399999000084 ], [ 108.4854, 21.5859 ], [ 108.4801, 21.5849 ], [ 108.476100001000077, 21.586399999000037 ], [ 108.4754, 21.59090000100008 ], [ 108.4801, 21.6002 ], [ 108.4874, 21.6082 ], [ 108.4901, 21.6101 ], [ 108.4936, 21.6097 ], [ 108.4993, 21.6053 ], [ 108.5027, 21.605099999000061 ], [ 108.505099999000038, 21.608 ], [ 108.504, 21.6107 ], [ 108.4996, 21.6099 ], [ 108.4925, 21.615000001000055 ], [ 108.491, 21.62 ], [ 108.4817, 21.6091 ], [ 108.4809, 21.608800001000077 ], [ 108.4773, 21.6074 ], [ 108.4742, 21.6015 ], [ 108.471, 21.6 ], [ 108.4695, 21.5945 ], [ 108.4716, 21.5794 ], [ 108.4694, 21.573 ], [ 108.4672, 21.572299999000052 ], [ 108.4601, 21.575100001000067 ], [ 108.4577, 21.574400001000072 ], [ 108.4537, 21.5685 ], [ 108.4548, 21.5676 ], [ 108.465199999000049, 21.5692 ], [ 108.4716, 21.567 ], [ 108.4725, 21.5655 ], [ 108.4698, 21.5624 ], [ 108.4469, 21.5621 ], [ 108.4389, 21.557100001000038 ], [ 108.4253, 21.558 ], [ 108.4248, 21.558 ], [ 108.3967, 21.556599999000071 ], [ 108.3919, 21.5585 ], [ 108.3903, 21.5631 ], [ 108.3966, 21.5798 ], [ 108.3961, 21.5877 ], [ 108.3909, 21.5957 ], [ 108.3953, 21.6011 ], [ 108.408800001000031, 21.6025 ], [ 108.4169, 21.5983 ], [ 108.4187, 21.604100001000063 ], [ 108.422, 21.6043 ], [ 108.4273, 21.6022 ], [ 108.4286, 21.5927 ], [ 108.4271, 21.5906 ], [ 108.426, 21.589 ], [ 108.4145, 21.5837 ], [ 108.413599999000041, 21.5814 ], [ 108.4155, 21.57769999900006 ], [ 108.4284, 21.5847 ], [ 108.439200001000074, 21.5842 ], [ 108.439, 21.5898 ], [ 108.4412, 21.5939 ], [ 108.4361, 21.593299999000067 ], [ 108.4357, 21.5962 ], [ 108.4401, 21.6014 ], [ 108.433700001000034, 21.602 ], [ 108.4289, 21.6059 ], [ 108.4289, 21.6082 ], [ 108.4355, 21.6111 ], [ 108.4404, 21.61 ], [ 108.4426, 21.6117 ], [ 108.440000001000044, 21.6156 ], [ 108.4446, 21.6224 ], [ 108.442, 21.6229 ], [ 108.4347, 21.6196 ], [ 108.4296, 21.616 ], [ 108.4245, 21.6124 ], [ 108.4185, 21.610499999000069 ], [ 108.4148, 21.6132 ], [ 108.4137, 21.6186 ], [ 108.4062, 21.619000001000074 ], [ 108.4051, 21.6209 ], [ 108.407299999000031, 21.623799999000084 ], [ 108.417200001000026, 21.6242 ], [ 108.4186, 21.638 ], [ 108.4204, 21.6411 ], [ 108.4281, 21.643399999000053 ], [ 108.43450000100006, 21.64729999900004 ], [ 108.4414, 21.6578 ], [ 108.4461, 21.659600001000058 ], [ 108.456, 21.6569 ], [ 108.4598, 21.6577 ], [ 108.4554, 21.6629 ], [ 108.4569, 21.6656 ], [ 108.462000001000035, 21.6666 ], [ 108.4666, 21.669900001000087 ], [ 108.4709, 21.673000001000048 ], [ 108.468, 21.6759 ], [ 108.4634, 21.6761 ], [ 108.4561, 21.674099999000077 ], [ 108.4483, 21.6677 ], [ 108.4406, 21.668300001000091 ], [ 108.4388, 21.6665 ], [ 108.4353, 21.6663 ], [ 108.4297, 21.6605 ], [ 108.416400001000056, 21.6531 ], [ 108.411100001000079, 21.6544 ], [ 108.4198, 21.6701 ], [ 108.424, 21.6727 ], [ 108.4267, 21.6843 ], [ 108.4331, 21.6903 ], [ 108.4358, 21.6948 ], [ 108.4349, 21.6977 ], [ 108.4312, 21.698100001000057 ], [ 108.4299, 21.6973 ], [ 108.422100001000047, 21.6924 ], [ 108.418299999000055, 21.6796 ], [ 108.416699999000059, 21.6783 ], [ 108.413, 21.689500001000056 ], [ 108.409, 21.687000001000058 ], [ 108.4013, 21.677099999000063 ], [ 108.4092, 21.677099999000063 ], [ 108.4099, 21.6752 ], [ 108.4015, 21.6678 ], [ 108.3964, 21.6685 ], [ 108.3917, 21.6662 ], [ 108.3878, 21.674099999000077 ], [ 108.3851, 21.6749 ], [ 108.3829, 21.6714 ], [ 108.3809, 21.6714 ], [ 108.3779, 21.6772 ], [ 108.3747, 21.6762 ], [ 108.3732, 21.6816 ], [ 108.3692, 21.6849 ], [ 108.3697, 21.6882 ], [ 108.368199999000069, 21.6911 ], [ 108.3615, 21.6855 ], [ 108.3562, 21.6839 ], [ 108.3505, 21.6843 ], [ 108.3449, 21.6897 ], [ 108.3374, 21.6916 ], [ 108.3339, 21.6972 ], [ 108.335100001000058, 21.7065 ], [ 108.3397, 21.7195 ], [ 108.3437, 21.7292 ], [ 108.355, 21.7426 ], [ 108.3577, 21.7566 ], [ 108.3544, 21.7546 ], [ 108.3497, 21.7416 ], [ 108.3424, 21.7354 ], [ 108.337799999000026, 21.7288 ], [ 108.3324, 21.7135 ], [ 108.33, 21.7129 ], [ 108.327599999000029, 21.7154 ], [ 108.3271, 21.7013 ], [ 108.332200001000047, 21.695700001000091 ], [ 108.312, 21.672 ], [ 108.3151, 21.663699999000073 ], [ 108.314199999000039, 21.6588 ], [ 108.3174, 21.6555 ], [ 108.321, 21.651900001000058 ], [ 108.3236, 21.6387 ], [ 108.3154, 21.6265 ], [ 108.3178, 21.6191 ], [ 108.316, 21.617 ], [ 108.3112, 21.6187 ], [ 108.303, 21.603 ], [ 108.3038, 21.5997 ], [ 108.3065, 21.5978 ], [ 108.3089, 21.5976 ], [ 108.3109, 21.6023 ], [ 108.3162, 21.5968 ], [ 108.3224, 21.6011 ], [ 108.3235, 21.5982 ], [ 108.3204, 21.5901 ], [ 108.312599999000042, 21.5842 ], [ 108.3157, 21.5773 ], [ 108.3148, 21.575900001000036 ], [ 108.312599999000042, 21.5756 ], [ 108.3098, 21.5753 ], [ 108.3044, 21.5681 ], [ 108.2914, 21.5563 ], [ 108.2907, 21.551999999000088 ], [ 108.2942, 21.5443 ], [ 108.2794, 21.5427 ], [ 108.2737, 21.5404 ], [ 108.2597, 21.531599999000036 ], [ 108.2578, 21.5241 ], [ 108.249999999000067, 21.5223 ], [ 108.238100001000078, 21.516500001000054 ], [ 108.225, 21.507000001000051 ], [ 108.2181, 21.5069 ], [ 108.2138, 21.5069 ], [ 108.2089, 21.51 ], [ 108.2087, 21.512699999000063 ], [ 108.211600001000079, 21.5149 ], [ 108.2193, 21.5168 ], [ 108.2215, 21.5221 ], [ 108.2264, 21.52580000100005 ], [ 108.2253, 21.531 ], [ 108.2275, 21.5347 ], [ 108.2348, 21.536000001000048 ], [ 108.243699999000057, 21.5442 ], [ 108.240799999000046, 21.5488 ], [ 108.2503, 21.5696 ], [ 108.2552, 21.574 ], [ 108.257, 21.583 ], [ 108.2645, 21.586299999000062 ], [ 108.266499999000075, 21.588599999000053 ], [ 108.2685, 21.5971 ], [ 108.2679, 21.5991 ], [ 108.264800001000026, 21.5991 ], [ 108.2581, 21.5948 ], [ 108.2544, 21.5952 ], [ 108.252, 21.5992 ], [ 108.2504, 21.6126 ], [ 108.246000001000027, 21.6211 ], [ 108.2429, 21.624 ], [ 108.238100001000078, 21.6207 ], [ 108.2255, 21.6213 ], [ 108.2273, 21.6288 ], [ 108.2183, 21.6263 ], [ 108.2182, 21.6201 ], [ 108.2158, 21.6139 ], [ 108.2113, 21.608800001000077 ], [ 108.2082, 21.607499999000083 ], [ 108.2027, 21.6096 ], [ 108.1992, 21.6057 ], [ 108.1903, 21.6067 ], [ 108.188800001000061, 21.6057 ], [ 108.1883, 21.604100001000063 ], [ 108.195199999000067, 21.603 ], [ 108.1958, 21.6007 ], [ 108.1941, 21.5976 ], [ 108.1854, 21.5908 ], [ 108.1823, 21.583800001000043 ], [ 108.1766, 21.582 ], [ 108.1664, 21.572299999000052 ], [ 108.1602, 21.571 ], [ 108.156899999000075, 21.5731 ], [ 108.1512, 21.5715 ], [ 108.145099999000081, 21.5866 ], [ 108.1444, 21.5883 ], [ 108.1402, 21.5837 ], [ 108.139500001000044, 21.5785 ], [ 108.142799999000033, 21.5692 ], [ 108.1377, 21.5562 ], [ 108.137299999000049, 21.5475 ], [ 108.1328, 21.5399 ], [ 108.128, 21.5378 ], [ 108.124600001000033, 21.5339 ], [ 108.1072, 21.5358 ], [ 108.1032, 21.5397 ], [ 108.1063, 21.5426 ], [ 108.1094, 21.5397 ], [ 108.1163, 21.542200001000083 ], [ 108.1235, 21.5395 ], [ 108.124, 21.5432 ], [ 108.1189, 21.5473 ], [ 108.1231, 21.5504 ], [ 108.1281, 21.5508 ], [ 108.1346, 21.5512 ], [ 108.1333, 21.5552 ], [ 108.1267, 21.556400001000043 ], [ 108.1273, 21.561999999000079 ], [ 108.1251, 21.5667 ], [ 108.126, 21.5715 ], [ 108.1218, 21.58 ], [ 108.113, 21.566799999000068 ], [ 108.1072, 21.5657 ], [ 108.1055, 21.566799999000068 ], [ 108.1106, 21.5734 ], [ 108.1095, 21.5752 ], [ 108.1017, 21.572100001000081 ], [ 108.0988, 21.5757 ], [ 108.0962, 21.5761 ], [ 108.0909, 21.572000001000049 ], [ 108.0852, 21.5724 ], [ 108.088700001000063, 21.5658 ], [ 108.086300001000041, 21.5651 ], [ 108.0754, 21.5726 ], [ 108.073, 21.5715 ], [ 108.079, 21.563500001000079 ], [ 108.076100001000043, 21.5598 ], [ 108.0829, 21.5519 ], [ 108.0818, 21.5484 ], [ 108.0851, 21.5438 ], [ 108.0785, 21.5395 ], [ 108.0723, 21.5381 ], [ 108.0626, 21.5385 ], [ 108.0584, 21.541 ], [ 108.050499999000067, 21.5526 ], [ 108.050499999000067, 21.5557 ], [ 108.037899999000047, 21.5569 ], [ 108.0291, 21.5565 ], [ 108.0275, 21.554999999000074 ], [ 108.0241, 21.5515 ], [ 108.0236, 21.5489 ], [ 108.0235, 21.548700001000043 ], [ 108.0244, 21.5474 ], [ 108.026000001000057, 21.5451 ], [ 108.0343, 21.5435 ], [ 108.0359, 21.541600001000063 ], [ 108.031700001000047, 21.5396 ], [ 108.0308, 21.5363 ], [ 108.0169, 21.5435 ], [ 108.012, 21.544000001000086 ], [ 108.0094, 21.5443 ], [ 108.0088, 21.543100001000084 ], [ 108.007600001000071, 21.5408 ], [ 108.008700001000079, 21.5383 ], [ 108.0143, 21.5371 ], [ 108.0174, 21.535300001000053 ], [ 108.0193, 21.5342 ], [ 108.0248, 21.5332 ], [ 108.0292, 21.53150000100004 ], [ 108.0344, 21.5272 ], [ 108.0351, 21.5263 ], [ 108.0351, 21.5262 ], [ 108.0353, 21.526000001000057 ], [ 108.0354, 21.52580000100005 ], [ 108.0355, 21.5257 ], [ 108.035700001000066, 21.5254 ], [ 108.0371, 21.5236 ], [ 108.037200001000031, 21.5235 ], [ 108.0374, 21.5232 ], [ 108.0379, 21.5225 ], [ 108.038000001000057, 21.5224 ], [ 108.0382, 21.5221 ], [ 108.0384, 21.5219 ], [ 108.0397, 21.519000001000052 ], [ 108.0399, 21.51870000100007 ], [ 108.04, 21.5185 ], [ 108.0401, 21.5181 ], [ 108.040200001000073, 21.518 ], [ 108.0403, 21.5176 ], [ 108.0403, 21.5174 ], [ 108.040360744000054, 21.517096278000054 ], [ 107.910682608000059, 21.591555711000069 ], [ 107.714405093000039, 21.64323465800004 ], [ 107.482295132000047, 21.634441509000055 ], [ 107.363419297000064, 21.642953982000051 ], [ 107.177698354000029, 21.685459862000073 ], [ 107.099320463000026, 21.771906861000048 ], [ 106.923246516000063, 21.897941462000063 ], [ 106.799991943000066, 21.957597652000061 ], [ 106.675102868000067, 22.105477463000057 ], [ 106.660257934000072, 22.224096633000045 ], [ 106.588686635000045, 22.309494680000057 ], [ 106.562887997000075, 22.384605515000089 ], [ 106.578578791000041, 22.497495141000059 ], [ 106.66896937000007, 22.565239431000066 ], [ 106.743454106000058, 22.626576459000091 ], [ 106.808114310000065, 22.765562341000077 ], [ 106.744829154000058, 22.861352533000058 ], [ 106.549916970000027, 22.921304297000063 ], [ 106.487678043000074, 22.925145515000054 ], [ 106.379634084000031, 22.887725378000084 ], [ 106.24473880000005, 22.914122034000059 ], [ 106.115819299000066, 22.972983416000091 ], [ 105.889992968000058, 22.985804747000088 ], [ 105.608169443000065, 23.10735489800004 ], [ 105.454933225000048, 23.26024429000006 ], [ 105.545517976000042, 23.311811288000058 ], [ 105.606474284000058, 23.429213766000089 ], [ 105.757493340000053, 23.51660227900004 ], [ 105.917316037000035, 23.568122688000074 ], [ 106.021515341000054, 23.59242504100007 ], [ 106.13720268700007, 23.626011283000082 ], [ 106.175541581000061, 23.714188930000091 ], [ 106.183944084000075, 23.839199563000079 ], [ 106.133596143000034, 23.977568679000058 ], [ 106.028636124000059, 24.11390640500008 ], [ 105.666505949000054, 24.14363449800004 ], [ 105.460677368000063, 24.154284777000044 ], [ 105.303855675000079, 24.167144103000055 ], [ 105.211729347000073, 24.26683182000005 ], [ 105.197136575000059, 24.392733780000071 ], [ 105.09323069800007, 24.482786886000042 ], [ 104.821305489000054, 24.495260831000053 ], [ 104.53817764300004, 24.502514875000088 ], [ 104.42756526900007, 24.582139874000063 ], [ 104.433161520000056, 24.696935008000082 ], [ 104.608634334000044, 24.709618409000086 ], [ 104.813007113000026, 24.750743119000049 ], [ 104.966003088000036, 24.848843029000079 ], [ 105.159009211000068, 24.969811405000087 ], [ 105.25313254100007, 25.080239944000084 ], [ 105.332814782000071, 25.221234343000049 ], [ 105.331870468000034, 25.391040972000042 ], [ 105.310880199000053, 25.501858757000036 ], [ 105.326418622000062, 25.670722412000089 ], [ 105.379284919000042, 25.723006822000059 ], [ 105.656899477000081, 25.654201375000071 ], [ 105.842810168000028, 25.539675234000072 ], [ 105.950150725000071, 25.493969660000062 ], [ 106.054572188000066, 25.488249137000082 ], [ 106.218042512000068, 25.459120028000086 ], [ 106.213596829000039, 25.554230319000055 ], [ 106.069035554000038, 25.702051906000065 ], [ 106.028164300000071, 25.833991454000056 ], [ 106.151541136000048, 26.037926667000079 ], [ 106.281607182000073, 26.277357276000089 ], [ 106.290570978000062, 26.403788429000087 ], [ 106.230761610000059, 26.592042807000041 ], [ 106.137039617000028, 26.647982458000058 ], [ 105.867757269000037, 26.637135163000039 ], [ 105.740961920000075, 26.564038330000074 ], [ 105.543998591000047, 26.534173597000063 ], [ 105.336328351000077, 26.526217246000044 ], [ 105.103052715000047, 26.566143226000065 ], [ 105.064096178000057, 26.524456386000054 ], [ 105.058725109000079, 26.430505740000058 ], [ 105.046720596000057, 26.36220187300006 ], [ 105.003156337000064, 26.164802446000067 ], [ 104.884559999000032, 26.141094075000069 ], [ 104.711278991000029, 26.228363711000043 ], [ 104.654627280000057, 26.382962507000059 ], [ 104.680502987000068, 26.642648696000037 ], [ 104.712135696000075, 27.006817181000088 ], [ 104.860527030000071, 27.253605583000081 ], [ 104.962237522000066, 27.38651219500008 ], [ 105.05869801800003, 27.494239981000078 ], [ 105.153053333000059, 27.562225561000048 ], [ 105.285729719000074, 27.581377972000041 ], [ 105.475433365000072, 27.525359474000084 ], [ 105.561219863000076, 27.517547501000081 ], [ 105.621110313000031, 27.55432944000006 ], [ 105.700037722000047, 27.629864909000048 ], [ 105.946363107000082, 27.682202763000078 ], [ 106.07420176200003, 27.744052881000073 ], [ 106.187585666000075, 27.831837163000046 ], [ 106.241317206000076, 27.948082227000043 ], [ 106.213312042000041, 28.075997513000061 ], [ 106.02463731000006, 28.15834661100007 ], [ 105.895374464000042, 28.26615177900004 ], [ 105.695715821000078, 28.380908233000071 ], [ 105.663403602000074, 28.530785282000068 ], [ 105.764691361000075, 28.652615067000056 ], [ 105.89111921600005, 28.747677533000058 ], [ 106.068874743000038, 28.733794927000076 ], [ 106.197752316000049, 28.671529382000074 ], [ 106.281841504000056, 28.618490144000077 ], [ 106.373687647000054, 28.599565259000087 ], [ 106.454352924000034, 28.680433794000066 ], [ 106.464972750000072, 28.785973289000083 ], [ 106.515505347000044, 28.923829433000037 ], [ 106.590379250000069, 29.06254561500009 ], [ 106.750236562000055, 29.187022090000085 ], [ 106.829693212000052, 29.274560269000062 ], [ 107.01926273600003, 29.260887037000089 ], [ 107.063368350000076, 29.177493374000051 ], [ 107.075957523000056, 29.070631168000091 ], [ 107.145391926000059, 28.971757868000054 ], [ 107.191735270000038, 28.918105258000082 ], [ 107.315907107000044, 28.93103502200006 ], [ 107.391568086000063, 29.032341637000059 ], [ 107.42779673800004, 29.140749735000043 ], [ 107.472849024000027, 29.241492471000072 ], [ 107.586769180000033, 29.295324573000073 ], [ 107.709645411000054, 29.168236658000069 ], [ 107.79862784900007, 29.086533202000055 ], [ 107.885079767000036, 29.069825743000081 ], [ 108.00546703200007, 29.057907999000065 ], [ 108.145147527000063, 29.11663631600004 ], [ 108.213159970000049, 29.126232789000085 ], [ 108.307172391000051, 29.058164382000086 ], [ 108.351442877000068, 28.953930636000052 ], [ 108.386600959000077, 28.843095301000062 ], [ 108.475551619000044, 28.728246419000072 ], [ 108.586010172000044, 28.705572114000063 ], [ 108.742452167000067, 28.643160004000038 ], [ 108.831301395000025, 28.614656288000049 ], [ 108.882657201000029, 28.466130440000086 ], [ 108.864968611000052, 28.25421500300007 ], [ 109.043608028000051, 28.214830885000083 ], [ 109.296542837000061, 28.172711327000059 ], [ 109.40311033100005, 28.236303636000059 ], [ 109.50927703800005, 28.332392165000044 ], [ 109.589724591000049, 28.419695938000075 ], [ 109.790119825000033, 28.460534288000076 ], [ 109.939508573000069, 28.491019833000053 ], [ 110.09009044700008, 28.636973030000036 ], [ 110.198925050000071, 28.779219040000044 ], [ 110.22704219600007, 28.874342813000055 ], [ 110.243203348000065, 28.974127544000055 ], [ 110.191768969000066, 29.105200745000047 ], [ 110.07738370900006, 29.274230844000044 ], [ 109.884081025000057, 29.384842423000066 ], [ 109.690362900000025, 29.459008212000072 ], [ 109.584352791000072, 29.565267983000069 ], [ 109.610579701000063, 29.721819158000073 ], [ 109.760772359000043, 29.813883984000086 ], [ 109.85843522600004, 29.85252567100008 ], [ 110.020713120000039, 29.827822271000059 ], [ 110.217283980000047, 29.807087666000086 ], [ 110.333040916000073, 29.818496062000065 ], [ 110.404710321000039, 29.884272171000077 ], [ 110.428785747000063, 29.975930271000038 ], [ 110.528375002000075, 30.093240649000052 ], [ 110.744701355000075, 30.188953358000049 ], [ 110.843220077000069, 30.184122986000091 ], [ 110.860288050000065, 30.170328758000039 ], [ 110.984407944000054, 30.114113853000049 ], [ 111.183072343000049, 30.002968489000068 ], [ 111.615505363000068, 29.936362606000046 ], [ 112.052200630000016, 29.70401669000006 ], [ 112.280555672000105, 29.601191879000055 ], [ 112.369519451000087, 29.690626525000084 ], [ 112.731699537000054, 29.779409029000078 ], [ 112.827814019000016, 29.768804569000054 ], [ 112.895038847000023, 29.569679859000075 ], [ 113.024904335000087, 29.463396149000062 ], [ 113.14356465700007, 29.600016678000088 ], [ 113.297129064000046, 29.707505561000062 ], [ 113.490824467000039, 29.818482539000058 ], [ 113.651880678, 29.966365031000066 ], [ 113.808299262000105, 30.022896579000076 ], [ 113.829893825, 30.153711593000082 ], [ 113.743742203000011, 30.347242901000072 ], [ 113.659130940000068, 30.432146729000067 ], [ 113.527631849000045, 30.472430001000077 ], [ 113.324258232000034, 30.495786343000077 ], [ 113.257743518000098, 30.511669152000081 ], [ 113.247599408000042, 30.695895510000071 ], [ 113.311328107, 30.846756933000052 ], [ 113.485550121000074, 30.943369289000088 ], [ 113.625876093000102, 30.952159752000057 ], [ 113.798564261000024, 30.857113696000056 ] ] ] ] } },
{ "type": "Feature", "properties": { "Name": "四川行省" }, "geometry": { "type": "MultiPolygon", "coordinates": [ [ [ [ 109.647503120000067, 31.760504178000076 ], [ 109.764067949000037, 31.731708830000059 ], [ 109.982413117000078, 31.673870941000075 ], [ 110.088967704000027, 31.519295070000055 ], [ 110.186088303000076, 31.46606315300005 ], [ 110.441204012000071, 31.519448711000052 ], [ 110.560239099000057, 31.588068803000056 ], [ 110.816673342000058, 31.645975333000081 ], [ 110.979747942000074, 31.618449673000043 ], [ 111.115656009000077, 31.454652936000059 ], [ 111.026093185000036, 31.140768126000069 ], [ 110.930316033000054, 30.920957593000082 ], [ 110.80107599300004, 30.844088841000087 ], [ 110.53367300900004, 30.848527096000055 ], [ 110.36769444600003, 30.863253138000061 ], [ 110.342645858000026, 30.75666662000009 ], [ 110.302530085000058, 30.64643624200005 ], [ 110.244012713000075, 30.552628319000064 ], [ 110.205112682000049, 30.474395135000066 ], [ 110.246592560000067, 30.406454344000053 ], [ 110.627777748000028, 30.318003371000088 ], [ 110.702981731000079, 30.311141934000091 ], [ 110.770299744000056, 30.243056737000074 ], [ 110.843220077000069, 30.184122986000091 ], [ 110.744701355000075, 30.188953358000049 ], [ 110.528375002000075, 30.093240649000052 ], [ 110.428785747000063, 29.975930271000038 ], [ 110.404710321000039, 29.884272171000077 ], [ 110.333040916000073, 29.818496062000065 ], [ 110.217283980000047, 29.807087666000086 ], [ 110.020713120000039, 29.827822271000059 ], [ 109.85843522600004, 29.85252567100008 ], [ 109.760772359000043, 29.813883984000086 ], [ 109.610579701000063, 29.721819158000073 ], [ 109.584352791000072, 29.565267983000069 ], [ 109.690362900000025, 29.459008212000072 ], [ 109.884081025000057, 29.384842423000066 ], [ 110.07738370900006, 29.274230844000044 ], [ 110.191768969000066, 29.105200745000047 ], [ 110.243203348000065, 28.974127544000055 ], [ 110.22704219600007, 28.874342813000055 ], [ 110.198925050000071, 28.779219040000044 ], [ 110.09009044700008, 28.636973030000036 ], [ 109.939508573000069, 28.491019833000053 ], [ 109.790119825000033, 28.460534288000076 ], [ 109.589724591000049, 28.419695938000075 ], [ 109.50927703800005, 28.332392165000044 ], [ 109.40311033100005, 28.236303636000059 ], [ 109.296542837000061, 28.172711327000059 ], [ 109.043608028000051, 28.214830885000083 ], [ 108.864968611000052, 28.25421500300007 ], [ 108.882657201000029, 28.466130440000086 ], [ 108.831301395000025, 28.614656288000049 ], [ 108.742452167000067, 28.643160004000038 ], [ 108.586010172000044, 28.705572114000063 ], [ 108.475551619000044, 28.728246419000072 ], [ 108.386600959000077, 28.843095301000062 ], [ 108.351442877000068, 28.953930636000052 ], [ 108.307172391000051, 29.058164382000086 ], [ 108.213159970000049, 29.126232789000085 ], [ 108.145147527000063, 29.11663631600004 ], [ 108.00546703200007, 29.057907999000065 ], [ 107.885079767000036, 29.069825743000081 ], [ 107.79862784900007, 29.086533202000055 ], [ 107.709645411000054, 29.168236658000069 ], [ 107.586769180000033, 29.295324573000073 ], [ 107.472849024000027, 29.241492471000072 ], [ 107.42779673800004, 29.140749735000043 ], [ 107.391568086000063, 29.032341637000059 ], [ 107.315907107000044, 28.93103502200006 ], [ 107.191735270000038, 28.918105258000082 ], [ 107.145391926000059, 28.971757868000054 ], [ 107.075957523000056, 29.070631168000091 ], [ 107.063368350000076, 29.177493374000051 ], [ 107.01926273600003, 29.260887037000089 ], [ 106.829693212000052, 29.274560269000062 ], [ 106.750236562000055, 29.187022090000085 ], [ 106.590379250000069, 29.06254561500009 ], [ 106.515505347000044, 28.923829433000037 ], [ 106.464972750000072, 28.785973289000083 ], [ 106.454352924000034, 28.680433794000066 ], [ 106.373687647000054, 28.599565259000087 ], [ 106.281841504000056, 28.618490144000077 ], [ 106.197752316000049, 28.671529382000074 ], [ 106.068874743000038, 28.733794927000076 ], [ 105.89111921600005, 28.747677533000058 ], [ 105.764691361000075, 28.652615067000056 ], [ 105.663403602000074, 28.530785282000068 ], [ 105.695715821000078, 28.380908233000071 ], [ 105.895374464000042, 28.26615177900004 ], [ 106.02463731000006, 28.15834661100007 ], [ 106.213312042000041, 28.075997513000061 ], [ 106.241317206000076, 27.948082227000043 ], [ 106.187585666000075, 27.831837163000046 ], [ 106.07420176200003, 27.744052881000073 ], [ 105.946363107000082, 27.682202763000078 ], [ 105.700037722000047, 27.629864909000048 ], [ 105.621110313000031, 27.55432944000006 ], [ 105.561219863000076, 27.517547501000081 ], [ 105.475433365000072, 27.525359474000084 ], [ 105.285729719000074, 27.581377972000041 ], [ 105.235158245000036, 27.574077761000069 ], [ 105.29675256400003, 27.73160591900006 ], [ 105.255147130000069, 28.066612998000039 ], [ 105.120459936000032, 28.188873733000037 ], [ 104.95214676300003, 28.041512311000076 ], [ 104.72553834200005, 27.950520764000089 ], [ 104.512650008000037, 27.943702299000051 ], [ 104.445522057000062, 28.016021895000051 ], [ 104.398513204000039, 28.31187639400008 ], [ 104.32134777400006, 28.368963673000053 ], [ 104.134843583000077, 28.375871263000079 ], [ 103.872042687000032, 28.269094277000079 ], [ 103.745152184000062, 28.211461539000084 ], [ 103.477271011000028, 28.173548474000086 ], [ 103.205631339000035, 28.266580328000089 ], [ 103.210798786000055, 28.405588855000076 ], [ 103.243853482000077, 28.574672534000058 ], [ 103.179170451000061, 28.754156256000044 ], [ 102.969248608000044, 28.883321792000061 ], [ 102.887144758000034, 29.101526353000054 ], [ 102.909269810000069, 29.224419196000042 ], [ 103.095178101000045, 29.397000731000048 ], [ 103.163851978000082, 29.549366001000067 ], [ 103.234537312000043, 29.747836094000036 ], [ 103.206297992000032, 29.95665529300004 ], [ 103.20016541800004, 30.033852491000061 ], [ 103.294665676000079, 30.13134995300004 ], [ 103.336126245000059, 30.261078914000052 ], [ 103.117870953000079, 30.505689979000067 ], [ 103.063939832000074, 30.776365377000047 ], [ 102.827838083000074, 30.828397906000077 ], [ 102.857911407000074, 30.904569352000067 ], [ 102.968588232000059, 30.924910502000046 ], [ 103.20664878000008, 30.918696974000056 ], [ 103.416249080000057, 31.112740274000089 ], [ 103.591039790000082, 31.330489657000044 ], [ 103.795832289000032, 31.57771245400005 ], [ 103.959300830000075, 31.710685208000086 ], [ 103.995208519000073, 31.878466874000082 ], [ 103.939949115000047, 32.079934716000082 ], [ 103.999384554000073, 32.154741567000087 ], [ 104.03768148100005, 32.176491965000082 ], [ 103.985280590000059, 32.247322213000075 ], [ 103.898109799000053, 32.372968158000049 ], [ 103.875983713000039, 32.496451956000044 ], [ 103.995078282000065, 32.638345123000079 ], [ 104.271312732000069, 32.728649843000085 ], [ 104.36085298900008, 32.825188042000036 ], [ 104.788446287000056, 32.755360712000083 ], [ 104.993727221000029, 32.585911309000039 ], [ 105.09785469500008, 32.604594914000074 ], [ 105.288069033000056, 32.650163752000083 ], [ 105.35016416600007, 32.739545001000067 ], [ 105.422269450000044, 32.836117966000074 ], [ 105.550259555000025, 32.922429667000074 ], [ 105.873279502000059, 32.968646387000035 ], [ 105.954666619000079, 33.179581276000079 ], [ 105.902857228000073, 33.373918659000083 ], [ 105.922972387000073, 33.518700810000041 ], [ 106.168898625000054, 33.636971976000041 ], [ 106.53742666200003, 33.617877597000074 ], [ 106.767121074000045, 33.528667087000088 ], [ 106.794513717000029, 33.404342228000075 ], [ 106.726783253000065, 33.047259239000084 ], [ 106.481834831000072, 32.930029188000049 ], [ 106.587418613000068, 32.724661062000052 ], [ 106.933026805000054, 32.705366082000069 ], [ 107.215845183000056, 32.719575665000036 ], [ 107.515572653000049, 32.509147324000082 ], [ 107.65735359200005, 32.423336167000059 ], [ 107.83526224700006, 32.327291423000077 ], [ 107.951535165000053, 32.273506180000084 ], [ 108.25389961500008, 32.307003479000059 ], [ 108.584794349000049, 32.253052826000044 ], [ 108.850695226000028, 32.033534888000077 ], [ 108.932250600000032, 32.012077171000044 ], [ 109.350508382000044, 31.75662279900007 ], [ 109.561460937000049, 31.732194536000065 ], [ 109.647503120000067, 31.760504178000076 ] ] ] ] } },
{ "type": "Feature", "properties": { "Name": "陕西行省" }, "geometry": { "type": "MultiPolygon", "coordinates": [ [ [ [ 109.321916172000044, 39.802786211000068 ], [ 109.324980744000072, 39.792953782000041 ], [ 109.666719463000049, 39.750003440000057 ], [ 110.05464992800006, 39.684144137000089 ], [ 110.441885773000081, 39.617158490000065 ], [ 110.991523205000078, 39.480016739000064 ], [ 111.313301978000027, 39.156385836000084 ], [ 111.08022674800003, 38.750269160000073 ], [ 110.98072512400006, 38.573504815000035 ], [ 110.576982604000079, 38.310737605000043 ], [ 110.532394269000065, 38.166326965000053 ], [ 110.466527197000062, 38.042140502000052 ], [ 110.577117719000057, 37.792632740000045 ], [ 110.774045393000051, 37.646825111000055 ], [ 110.750699344000054, 37.482223372000078 ], [ 110.595911581000053, 37.236023060000036 ], [ 110.369973007000056, 36.810520631000088 ], [ 110.360081304000062, 36.737330065000037 ], [ 110.335434114000066, 36.554345772000033 ], [ 110.508237421000047, 36.077600874000041 ], [ 110.553439114000071, 35.888769914000079 ], [ 110.523654024000052, 35.669168760000048 ], [ 110.458571938000034, 35.359951039000066 ], [ 110.29685272100005, 35.021680844000059 ], [ 110.251414376000071, 34.673687098000073 ], [ 110.271342990000051, 34.612237207000078 ], [ 110.310095300000057, 34.606175017000055 ], [ 110.453042506000031, 34.521154653000053 ], [ 110.438754621000044, 34.412991147000071 ], [ 110.54065302500004, 34.233689032000086 ], [ 110.611736882000059, 34.153190061000089 ], [ 110.712197773000071, 34.008789721000085 ], [ 110.888189672000067, 33.743706008000061 ], [ 110.941876973000035, 33.581223396000041 ], [ 110.991198672000053, 33.467262497000036 ], [ 110.93431421300005, 33.327776547000042 ], [ 110.882899401000032, 33.227211879000038 ], [ 110.557175287000064, 33.168293428000084 ], [ 110.331841910000037, 33.174509525000076 ], [ 110.055905754000037, 33.206394039000088 ], [ 109.784032087000071, 33.228555002000064 ], [ 109.562782841000057, 33.224252242000034 ], [ 109.468769918000078, 33.157206786000074 ], [ 109.559208704000071, 33.058216763000075 ], [ 109.908219219000046, 32.96893403200005 ], [ 110.115205435000064, 32.864236961000074 ], [ 110.196659376000071, 32.787305079000078 ], [ 110.128448117000062, 32.670353817000034 ], [ 109.970059589000073, 32.600285821000057 ], [ 109.720414554000058, 32.568082289000074 ], [ 109.537994197000046, 32.560740535000036 ], [ 109.429916332000062, 32.503542064000044 ], [ 109.412061870000059, 32.395437074000085 ], [ 109.523723005000079, 32.211398536000047 ], [ 109.584013793000054, 31.864701428000046 ], [ 109.579106132000049, 31.777400484000054 ], [ 109.647503120000067, 31.760504178000076 ], [ 109.561460937000049, 31.732194536000065 ], [ 109.350508382000044, 31.75662279900007 ], [ 108.932250600000032, 32.012077171000044 ], [ 108.850695226000028, 32.033534888000077 ], [ 108.584794349000049, 32.253052826000044 ], [ 108.25389961500008, 32.307003479000059 ], [ 107.951535165000053, 32.273506180000084 ], [ 107.83526224700006, 32.327291423000077 ], [ 107.65735359200005, 32.423336167000059 ], [ 107.515572653000049, 32.509147324000082 ], [ 107.215845183000056, 32.719575665000036 ], [ 106.933026805000054, 32.705366082000069 ], [ 106.587418613000068, 32.724661062000052 ], [ 106.481834831000072, 32.930029188000049 ], [ 106.726783253000065, 33.047259239000084 ], [ 106.794513717000029, 33.404342228000075 ], [ 106.767121074000045, 33.528667087000088 ], [ 106.53742666200003, 33.617877597000074 ], [ 106.168898625000054, 33.636971976000041 ], [ 105.922972387000073, 33.518700810000041 ], [ 105.902857228000073, 33.373918659000083 ], [ 105.954666619000079, 33.179581276000079 ], [ 105.873279502000059, 32.968646387000035 ], [ 105.550259555000025, 32.922429667000074 ], [ 105.486801194000066, 32.879635741000072 ], [ 105.424976783000034, 32.920414329000039 ], [ 105.192986391000034, 32.930550630000084 ], [ 104.973603602000026, 32.974249392000047 ], [ 104.889954699000043, 32.990586842000084 ], [ 104.895355433000077, 33.167265304000068 ], [ 104.969414740000047, 33.250549693000039 ], [ 104.996460255000045, 33.344345554000085 ], [ 104.66470008400006, 33.39626964100006 ], [ 104.528939563000051, 33.440180068000075 ], [ 104.44852624400005, 33.525049415000069 ], [ 104.455685861000063, 33.654122611000048 ], [ 104.521981221000033, 33.694806717000063 ], [ 104.918344503000071, 33.718374477000054 ], [ 105.092032563000032, 33.763037920000045 ], [ 105.182011772000067, 33.832575955000038 ], [ 105.225524553000071, 34.007497628000067 ], [ 105.237358789000041, 34.106142323000086 ], [ 105.308150837000028, 34.202260630000069 ], [ 105.352143462000072, 34.377077049000036 ], [ 105.222726744000056, 34.537728091000076 ], [ 105.079517814000042, 34.659992442000089 ], [ 105.052747962000069, 34.579226923000078 ], [ 105.02786685600006, 34.44236344300009 ], [ 104.962033118000079, 34.423471228000039 ], [ 104.740199582000059, 34.496769538000081 ], [ 104.431329891000075, 34.564171543000043 ], [ 104.249339791000068, 34.691110480000077 ], [ 104.092504053000027, 34.890386837000051 ], [ 103.884439258000043, 35.061638487000039 ], [ 103.767355334000058, 35.177432621000037 ], [ 103.734237766000035, 35.275668138000071 ], [ 103.741002902000048, 35.417582911000068 ], [ 103.74922513000007, 35.589358709000066 ], [ 103.753888476000043, 35.686442249000038 ], [ 103.675116793000029, 35.830842946000075 ], [ 103.53785068600007, 35.954393348000053 ], [ 103.753452752000044, 36.080684358000042 ], [ 103.934426008000059, 36.151769743000045 ], [ 104.201732512000035, 36.339428063000071 ], [ 104.380295912000065, 36.457845582000061 ], [ 104.638706347000038, 36.563578019000033 ], [ 104.80991965700008, 36.643402003000062 ], [ 105.494897502000072, 36.912644911000086 ], [ 106.148989554000082, 37.058059537000076 ], [ 106.455177622000065, 37.048415093000074 ], [ 106.772587915000031, 37.126397148000081 ], [ 106.821962278000058, 37.210043136000081 ], [ 106.833719057000053, 37.341503322000051 ], [ 106.864534774000049, 37.45038672700008 ], [ 106.894374196000058, 37.586277349000056 ], [ 106.958616532000065, 37.712235627000041 ], [ 107.202048794000063, 37.866092760000072 ], [ 107.351654902000064, 38.149582764000058 ], [ 107.407403673000033, 38.717569400000059 ], [ 107.454651248000062, 39.192392086000041 ], [ 107.458168201000035, 39.567466928000044 ], [ 107.477856663000068, 39.762565295000059 ], [ 107.488170148000052, 39.864366326000038 ], [ 107.504558031000045, 40.025567233000061 ], [ 107.525506533000055, 40.118259549000072 ], [ 107.581708690000028, 40.217498907000049 ], [ 107.741888361000065, 40.208313039000075 ], [ 108.140438520000032, 40.065075958000079 ], [ 108.274532056000055, 40.031203486000038 ], [ 108.755780829000059, 39.923563896000076 ], [ 109.017601984000066, 39.906070856000042 ], [ 109.184065486000065, 39.860499159000085 ], [ 109.321916172000044, 39.802786211000068 ] ] ] ] } },
{ "type": "Feature", "properties": { "Name": "云南行省" }, "geometry": { "type": "MultiPolygon", "coordinates": [ [ [ [ 103.655944317000035, 22.196343137000042 ], [ 103.704679178000049, 21.95368028900009 ], [ 103.692112293000037, 21.851926158000083 ], [ 103.585107989000051, 21.745251604000089 ], [ 103.129378131000067, 21.69861777300008 ], [ 102.855432232000055, 21.702416497000058 ], [ 102.61570503400003, 21.859997336000049 ], [ 102.384901151000065, 22.061637980000057 ], [ 102.02949779000005, 22.322206558000062 ], [ 101.82869373300008, 22.411557001000062 ], [ 101.709075476000066, 22.238157049000051 ], [ 101.679100901000027, 22.005942761000085 ], [ 101.718171953000081, 21.792843276000042 ], [ 101.742669128000045, 21.493882067000072 ], [ 101.725774853000075, 21.269004120000091 ], [ 101.558347189000074, 21.193840607000084 ], [ 101.340711545000033, 21.160026799000036 ], [ 101.244536206000078, 21.292303053000069 ], [ 101.166468098000053, 21.530608980000068 ], [ 100.630780892000075, 21.010322380000048 ], [ 100.370889417000058, 20.768087824000077 ], [ 100.244774986000039, 20.659457513000063 ], [ 100.204727179000031, 20.492735018000076 ], [ 100.309794637000039, 20.306280707000042 ], [ 100.43448132900005, 20.183762386000069 ], [ 100.519405189000054, 20.061240104000092 ], [ 100.51188140000005, 19.881195117000061 ], [ 100.498097966000046, 19.752551494000045 ], [ 100.517213091000031, 19.64943611800004 ], [ 100.843882650000069, 19.569937458000084 ], [ 101.072756457000082, 19.561319077000064 ], [ 101.247625368000058, 19.423966539000048 ], [ 101.245413087000031, 19.249872631000073 ], [ 101.379156471000044, 19.022213750000049 ], [ 101.273995915000057, 18.939645413000051 ], [ 101.147353112000076, 18.669713250000086 ], [ 101.080349590000026, 18.469891779000079 ], [ 100.79458190500003, 18.33014933000004 ], [ 100.174197264000043, 18.203618999000071 ], [ 99.71639990400007, 18.106142851000072 ], [ 99.182557732000078, 17.966976875000057 ], [ 98.668977607000045, 17.864039711000089 ], [ 98.385995924000042, 17.866293738000081 ], [ 98.093611771000042, 18.023281779000058 ], [ 97.94769989100007, 18.227832310000053 ], [ 97.882752657000026, 18.550277226000048 ], [ 97.905693945000053, 18.996875774000046 ], [ 97.937546919000056, 19.339622359000089 ], [ 97.813635344000033, 19.627075066000089 ], [ 97.558867124000074, 19.865930022000043 ], [ 97.105986832000042, 20.085625975000085 ], [ 96.954314652000051, 20.306192499000076 ], [ 96.92019321600003, 20.549228285000083 ], [ 96.85575667300003, 21.105167536000067 ], [ 96.840618354000071, 21.763658984000074 ], [ 96.489532660000066, 22.562798605000069 ], [ 96.33345197500006, 23.098586719000082 ], [ 96.109075956000027, 23.103307890000053 ], [ 95.793287239000051, 22.87487017400008 ], [ 95.502980894000075, 22.710049720000086 ], [ 95.281433261000075, 22.674873468000044 ], [ 94.716672371000072, 22.730909486000087 ], [ 94.379489627000055, 23.044741597000041 ], [ 94.147576174000051, 23.274059845000068 ], [ 94.057436562000078, 23.510757583000043 ], [ 94.257240515000035, 23.921936627000036 ], [ 94.507326257000045, 24.442406726000058 ], [ 94.772391558000038, 25.063578577000044 ], [ 94.761228367000058, 25.255965794000076 ], [ 94.921317257000055, 25.594814267000061 ], [ 95.091200857000047, 25.777071413000044 ], [ 95.113999699000033, 25.97056341800004 ], [ 95.121548813000061, 26.199324568000065 ], [ 95.123418419000075, 26.409669115000042 ], [ 95.306494304000068, 26.633674731000042 ], [ 95.603148622000049, 26.765766248000091 ], [ 95.857963125000083, 26.943408557000055 ], [ 96.006412030000035, 27.098636851000037 ], [ 96.230672507000065, 27.238186702000064 ], [ 96.602070992000051, 27.279969680000079 ], [ 96.757950202000075, 27.284571579000044 ], [ 96.944506807000039, 27.18800060500007 ], [ 97.074950239000032, 27.13757410900007 ], [ 97.120553190000066, 27.192651675000036 ], [ 97.033023965000041, 27.375971588000084 ], [ 97.070608413000059, 27.656923465000091 ], [ 97.143157591000033, 27.808464781000055 ], [ 97.380627274000062, 27.91622103900005 ], [ 97.397415773000034, 28.134158638000088 ], [ 97.423718622000081, 28.297844121000082 ], [ 97.64484574100004, 28.492799062000074 ], [ 97.84362064700008, 28.367686897000056 ], [ 97.971784037000077, 28.234174216000042 ], [ 98.190582469000049, 28.217475257000046 ], [ 98.321824665000065, 28.287417061000042 ], [ 98.446568811000077, 28.295976462000056 ], [ 98.579255025000066, 28.29770581300005 ], [ 98.639343815000075, 28.447842715000036 ], [ 98.620881978000057, 28.624123757000064 ], [ 98.61782764600008, 28.814086293000059 ], [ 98.694388726000057, 28.943861582000068 ], [ 98.889591675000077, 29.054408402000035 ], [ 99.155459059000066, 29.24646673500007 ], [ 99.213021873000059, 28.996044162000089 ], [ 99.160066457000028, 28.778623911000068 ], [ 99.146526895000079, 28.561370644000078 ], [ 99.218842308000035, 28.358207648000075 ], [ 99.298115042000063, 28.216089838000073 ], [ 99.597120339000071, 27.646526351000091 ], [ 99.768453979000071, 27.313541136000083 ], [ 99.86898394900004, 27.18432301100006 ], [ 99.969215691000045, 27.061784213000067 ], [ 100.184791594000046, 27.102511018000087 ], [ 100.262296341000081, 27.272621400000048 ], [ 100.309425187000045, 27.510746171000051 ], [ 100.434752127000081, 27.823236518000044 ], [ 100.614652917000058, 28.012749641000084 ], [ 100.761163303000046, 27.862311048000038 ], [ 100.822074428000064, 27.732682235000084 ], [ 100.914134767000064, 27.636745943000051 ], [ 101.108917535000046, 27.723434256000075 ], [ 101.164650794000067, 27.831686776000083 ], [ 101.23577915900006, 27.919322959000056 ], [ 101.564124682000056, 28.04143939700009 ], [ 101.798951372000033, 28.235646943000063 ], [ 101.84343761000008, 28.368639266000059 ], [ 102.088614950000078, 28.785033118000058 ], [ 102.120019863000039, 29.084657888000038 ], [ 102.079803062000053, 29.282282491000046 ], [ 102.110582419000082, 29.421523206000074 ], [ 102.379053814000031, 29.368499443000076 ], [ 102.740310977000036, 29.272661935000087 ], [ 102.908422982000047, 29.219715520000079 ], [ 102.887144758000034, 29.101526353000054 ], [ 102.969248608000044, 28.883321792000061 ], [ 103.179170451000061, 28.754156256000044 ], [ 103.243853482000077, 28.574672534000058 ], [ 103.210798786000055, 28.405588855000076 ], [ 103.205631339000035, 28.266580328000089 ], [ 103.477271011000028, 28.173548474000086 ], [ 103.745152184000062, 28.211461539000084 ], [ 103.872042687000032, 28.269094277000079 ], [ 104.134843583000077, 28.375871263000079 ], [ 104.32134777400006, 28.368963673000053 ], [ 104.398513204000039, 28.31187639400008 ], [ 104.445522057000062, 28.016021895000051 ], [ 104.512650008000037, 27.943702299000051 ], [ 104.72553834200005, 27.950520764000089 ], [ 104.95214676300003, 28.041512311000076 ], [ 105.120459936000032, 28.188873733000037 ], [ 105.255147130000069, 28.066612998000039 ], [ 105.29675256400003, 27.73160591900006 ], [ 105.235158245000036, 27.574077761000069 ], [ 105.153053333000059, 27.562225561000048 ], [ 105.05869801800003, 27.494239981000078 ], [ 104.962237522000066, 27.38651219500008 ], [ 104.860527030000071, 27.253605583000081 ], [ 104.712135696000075, 27.006817181000088 ], [ 104.680502987000068, 26.642648696000037 ], [ 104.654627280000057, 26.382962507000059 ], [ 104.711278991000029, 26.228363711000043 ], [ 104.884559999000032, 26.141094075000069 ], [ 105.003156337000064, 26.164802446000067 ], [ 105.046720596000057, 26.36220187300006 ], [ 105.058725109000079, 26.430505740000058 ], [ 105.064096178000057, 26.524456386000054 ], [ 105.103052715000047, 26.566143226000065 ], [ 105.336328351000077, 26.526217246000044 ], [ 105.543998591000047, 26.534173597000063 ], [ 105.740961920000075, 26.564038330000074 ], [ 105.867757269000037, 26.637135163000039 ], [ 106.137039617000028, 26.647982458000058 ], [ 106.230761610000059, 26.592042807000041 ], [ 106.290570978000062, 26.403788429000087 ], [ 106.281607182000073, 26.277357276000089 ], [ 106.151541136000048, 26.037926667000079 ], [ 106.028164300000071, 25.833991454000056 ], [ 106.069035554000038, 25.702051906000065 ], [ 106.213596829000039, 25.554230319000055 ], [ 106.218042512000068, 25.459120028000086 ], [ 106.054572188000066, 25.488249137000082 ], [ 105.950150725000071, 25.493969660000062 ], [ 105.842810168000028, 25.539675234000072 ], [ 105.656899477000081, 25.654201375000071 ], [ 105.379284919000042, 25.723006822000059 ], [ 105.326418622000062, 25.670722412000089 ], [ 105.310880199000053, 25.501858757000036 ], [ 105.331870468000034, 25.391040972000042 ], [ 105.332814782000071, 25.221234343000049 ], [ 105.25313254100007, 25.080239944000084 ], [ 105.159009211000068, 24.969811405000087 ], [ 104.966003088000036, 24.848843029000079 ], [ 104.813007113000026, 24.750743119000049 ], [ 104.608634334000044, 24.709618409000086 ], [ 104.433161520000056, 24.696935008000082 ], [ 104.42756526900007, 24.582139874000063 ], [ 104.53817764300004, 24.502514875000088 ], [ 104.821305489000054, 24.495260831000053 ], [ 105.09323069800007, 24.482786886000042 ], [ 105.197136575000059, 24.392733780000071 ], [ 105.211729347000073, 24.26683182000005 ], [ 105.303855675000079, 24.167144103000055 ], [ 105.460677368000063, 24.154284777000044 ], [ 105.666505949000054, 24.14363449800004 ], [ 106.028636124000059, 24.11390640500008 ], [ 106.133596143000034, 23.977568679000058 ], [ 106.183944084000075, 23.839199563000079 ], [ 106.175541581000061, 23.714188930000091 ], [ 106.13720268700007, 23.626011283000082 ], [ 106.021515341000054, 23.59242504100007 ], [ 105.917316037000035, 23.568122688000074 ], [ 105.757493340000053, 23.51660227900004 ], [ 105.606474284000058, 23.429213766000089 ], [ 105.545517976000042, 23.311811288000058 ], [ 105.454933225000048, 23.26024429000006 ], [ 105.445555346000049, 23.269600944000047 ], [ 105.256577400000026, 23.323034088000043 ], [ 105.116099293000048, 23.264025544000049 ], [ 104.996280957000067, 23.148951657000055 ], [ 104.889662229000066, 22.981828982000081 ], [ 104.802748554000061, 22.886907507000046 ], [ 104.654159481000079, 22.80195886100006 ], [ 104.480571005000058, 22.75816924600008 ], [ 104.265903270000081, 22.748748241000044 ], [ 104.167569675000038, 22.727028343000086 ], [ 104.084872180000048, 22.616640576000066 ], [ 104.021601418000046, 22.501742715000091 ], [ 103.971964780000064, 22.430273442000043 ], [ 103.796996534000073, 22.422074878000046 ], [ 103.680171612000038, 22.312504641000089 ], [ 103.672616179000045, 22.180563242000062 ], [ 103.655944317000035, 22.196343137000042 ] ] ] ] } },
{ "type": "Feature", "properties": { "Name": "甘肃行省" }, "geometry": { "type": "MultiPolygon", "coordinates": [ [ [ [ 91.641654351000057, 39.18644396500008 ], [ 91.623707608000075, 39.34618869500008 ], [ 91.614558622000061, 39.867770907000079 ], [ 91.605143324000039, 40.097247165000056 ], [ 91.693544159000055, 40.500829584000087 ], [ 91.912638189000063, 40.955929754000067 ], [ 91.96766836900008, 41.301530918000083 ], [ 92.217835441000034, 41.428178923000075 ], [ 92.516284665000057, 41.42629912700005 ], [ 93.167184681000037, 41.298905050000087 ], [ 93.57045861000006, 41.256460090000076 ], [ 94.24705700700008, 41.398759932000075 ], [ 94.594752529000061, 41.413050459000033 ], [ 95.058812052000064, 41.34374413900008 ], [ 95.416041435000068, 41.337647234000087 ], [ 95.601251217000026, 41.505289875000074 ], [ 95.835565474000077, 41.723912229000064 ], [ 96.337966355000049, 41.918529082000077 ], [ 96.497497777000035, 42.191536648000067 ], [ 96.26734739300008, 42.486701941000035 ], [ 96.260244435000061, 42.622603996000066 ], [ 96.41709439400006, 42.996325228000046 ], [ 96.430557758000077, 43.269148333000089 ], [ 96.33834072500008, 43.471212813000079 ], [ 96.271430767000027, 43.703227396000045 ], [ 96.23520829000006, 43.867933403000052 ], [ 96.136540909000075, 44.102103990000046 ], [ 96.762409932000082, 43.905335578000063 ], [ 97.382380997000041, 43.641189862000033 ], [ 98.989885102000073, 43.462712138000086 ], [ 100.574013538000031, 43.343406649000087 ], [ 101.874482115000035, 43.261110927000061 ], [ 102.325444621000031, 43.098446932000058 ], [ 102.793857733000038, 42.854309035000085 ], [ 103.586302016000047, 42.766995329000054 ], [ 104.218313789000035, 42.516788118000079 ], [ 105.041962292000051, 42.223568182000065 ], [ 105.756781028000034, 42.173289140000065 ], [ 106.841536792000056, 42.286673048000068 ], [ 107.203466465000076, 42.31935838000004 ], [ 107.490355075000025, 42.447251410000035 ], [ 107.628960436000057, 42.441715376000047 ], [ 107.812408072000039, 42.421988464000037 ], [ 107.95821455600003, 42.435435443000074 ], [ 108.03338212500006, 42.366302878000056 ], [ 108.188257136000061, 42.265456201000063 ], [ 108.346913674000064, 42.17710360500007 ], [ 108.530962215000045, 42.056524635000073 ], [ 108.644324331000064, 41.92344974100007 ], [ 108.728569052000068, 41.782960201000037 ], [ 108.749058946000048, 41.721501960000069 ], [ 109.128415850000067, 41.21303083500004 ], [ 109.176592879000054, 40.395243360000052 ], [ 109.271937896000054, 39.963137416000052 ], [ 109.321916172000044, 39.802786211000068 ], [ 109.184065486000065, 39.860499159000085 ], [ 109.017601984000066, 39.906070856000042 ], [ 108.755780829000059, 39.923563896000076 ], [ 108.274532056000055, 40.031203486000038 ], [ 108.140438520000032, 40.065075958000079 ], [ 107.741888361000065, 40.208313039000075 ], [ 107.581708690000028, 40.217498907000049 ], [ 107.525506533000055, 40.118259549000072 ], [ 107.504558031000045, 40.025567233000061 ], [ 107.488170148000052, 39.864366326000038 ], [ 107.477856663000068, 39.762565295000059 ], [ 107.458168201000035, 39.567466928000044 ], [ 107.454651248000062, 39.192392086000041 ], [ 107.407403673000033, 38.717569400000059 ], [ 107.351654902000064, 38.149582764000058 ], [ 107.202048794000063, 37.866092760000072 ], [ 106.958616532000065, 37.712235627000041 ], [ 106.894374196000058, 37.586277349000056 ], [ 106.864534774000049, 37.45038672700008 ], [ 106.833719057000053, 37.341503322000051 ], [ 106.821962278000058, 37.210043136000081 ], [ 106.772587915000031, 37.126397148000081 ], [ 106.455177622000065, 37.048415093000074 ], [ 106.148989554000082, 37.058059537000076 ], [ 105.494897502000072, 36.912644911000086 ], [ 104.80991965700008, 36.643402003000062 ], [ 104.638706347000038, 36.563578019000033 ], [ 104.380295912000065, 36.457845582000061 ], [ 104.201732512000035, 36.339428063000071 ], [ 103.934426008000059, 36.151769743000045 ], [ 103.753452752000044, 36.080684358000042 ], [ 103.53785068600007, 35.954393348000053 ], [ 103.541283944000043, 35.951303143000075 ], [ 103.401122160000057, 35.91383751300009 ], [ 103.157430369000053, 35.888438102000066 ], [ 102.85333165000003, 35.863950307000039 ], [ 102.620871134000026, 35.861053067000057 ], [ 102.358383305000075, 35.866219234000084 ], [ 102.182022941000071, 35.881273598000064 ], [ 102.11799650200004, 35.941807385000061 ], [ 101.968796690000033, 36.039322144000039 ], [ 101.798222744000043, 36.105256560000043 ], [ 101.656587566000042, 36.115109073000042 ], [ 101.58647112500006, 36.115991964000045 ], [ 101.580479918000037, 36.127050950000068 ], [ 101.279416945000037, 36.411822799000049 ], [ 101.319482530000073, 36.550908185000083 ], [ 101.342337752000049, 36.693287917000077 ], [ 101.441671093000082, 36.818976864000035 ], [ 102.132142740000063, 37.011406002000058 ], [ 102.258490405000032, 37.124144545000036 ], [ 102.341629567000041, 37.324722339000061 ], [ 102.202372141000069, 37.493576224000037 ], [ 101.900216138000076, 37.581566981000037 ], [ 101.478869606000046, 37.690065275000052 ], [ 101.284406783000065, 37.810979754000073 ], [ 101.03264645400003, 37.959796341000072 ], [ 100.884335372000066, 38.00583333700007 ], [ 100.891437496000037, 38.018269527000086 ], [ 100.675998107000055, 38.072638161000043 ], [ 100.118955224000047, 38.199677230000077 ], [ 99.651740325000048, 38.317647006000072 ], [ 99.312304398000038, 38.354602465000085 ], [ 99.106335715000057, 38.32550079400005 ], [ 98.83154630100006, 38.312886352000078 ], [ 98.518153535000067, 38.40372816900009 ], [ 97.792357719000051, 38.745272326000077 ], [ 97.585498081000082, 38.870522599000083 ], [ 97.013632793000056, 39.044613234000053 ], [ 96.810475041000075, 38.984100974000057 ], [ 96.628244590000065, 38.830884453000067 ], [ 96.271296944000028, 38.746900630000084 ], [ 95.87530743700006, 38.790825483000049 ], [ 95.547091666000028, 38.928849028000059 ], [ 95.342610937000075, 39.175915814000064 ], [ 94.971330496000064, 39.29870290000008 ], [ 94.727928689000066, 39.351235531000043 ], [ 94.604817061000062, 39.39952254800005 ], [ 94.582353037000075, 39.387613325000075 ], [ 93.869676995000077, 39.551214157000061 ], [ 93.178286807000063, 39.578059377000045 ], [ 92.458364569000082, 39.478388049000046 ], [ 91.860748226000055, 39.200254355000084 ], [ 91.641654351000057, 39.18644396500008 ] ] ] ] } },
{ "type": "Feature", "properties": { "Name": null }, "geometry": { "type": "MultiPolygon", "coordinates": [ [ [ [ 96.136540909000075, 44.102103990000046 ], [ 96.23520829000006, 43.867933403000052 ], [ 96.271430767000027, 43.703227396000045 ], [ 96.33834072500008, 43.471212813000079 ], [ 96.430557758000077, 43.269148333000089 ], [ 96.41709439400006, 42.996325228000046 ], [ 96.260244435000061, 42.622603996000066 ], [ 96.26734739300008, 42.486701941000035 ], [ 96.497497777000035, 42.191536648000067 ], [ 96.337966355000049, 41.918529082000077 ], [ 95.835565474000077, 41.723912229000064 ], [ 95.601251217000026, 41.505289875000074 ], [ 95.416041435000068, 41.337647234000087 ], [ 95.058812052000064, 41.34374413900008 ], [ 94.594752529000061, 41.413050459000033 ], [ 94.24705700700008, 41.398759932000075 ], [ 93.57045861000006, 41.256460090000076 ], [ 93.167184681000037, 41.298905050000087 ], [ 92.516284665000057, 41.42629912700005 ], [ 92.217835441000034, 41.428178923000075 ], [ 91.96766836900008, 41.301530918000083 ], [ 91.912638189000063, 40.955929754000067 ], [ 91.693544159000055, 40.500829584000087 ], [ 91.605143324000039, 40.097247165000056 ], [ 91.614558622000061, 39.867770907000079 ], [ 91.623707608000075, 39.34618869500008 ], [ 91.641654351000057, 39.18644396500008 ], [ 91.519885041000066, 39.178768344000048 ], [ 90.998954967000032, 39.144208187000061 ], [ 90.11650611400006, 38.944171226000037 ], [ 89.71626531000004, 38.776650189000065 ], [ 89.477910094000038, 38.468933725000056 ], [ 89.494748423000033, 38.348711058000049 ], [ 89.184774412000081, 38.277723451000043 ], [ 88.451938312000038, 38.229898726000044 ], [ 87.835569157000066, 38.082264912000085 ], [ 87.719963157000052, 38.056134680000071 ], [ 87.357586113000082, 38.310726619000036 ], [ 86.716684570000041, 39.665253141000051 ], [ 86.207489849000069, 40.529573453000069 ], [ 85.484061073000078, 41.355795655000065 ], [ 85.161653878000038, 42.209805737000067 ], [ 85.045789959000047, 42.964787750000085 ], [ 85.252533837000044, 43.617286847000059 ], [ 86.554961119000041, 44.149040386000081 ], [ 88.869816688000071, 44.855269803000056 ], [ 90.195213784000032, 45.390049908000037 ], [ 90.196226259000071, 45.397113265000087 ], [ 90.556087361000039, 45.32678739000005 ], [ 92.178849161000073, 45.127434639000057 ], [ 92.850603375000048, 45.161834603000045 ], [ 93.171538177000059, 45.091023153000037 ], [ 93.498280274000081, 45.07117383700006 ], [ 93.925986745000046, 45.034001728000078 ], [ 94.656154216000061, 45.003283584000087 ], [ 95.105823611000062, 44.879319604000045 ], [ 95.817352010000036, 44.535286217000078 ], [ 96.109496517000082, 44.110606539000059 ], [ 96.136540909000075, 44.102103990000046 ] ] ] ] } },
{ "type": "Feature", "properties": { "Name": "宣政院辖地" }, "geometry": { "type": "MultiPolygon", "coordinates": [ [ [ [ 93.869676995000077, 39.551214157000061 ], [ 94.582353037000075, 39.387613325000075 ], [ 94.604817061000062, 39.39952254800005 ], [ 94.727928689000066, 39.351235531000043 ], [ 94.971330496000064, 39.29870290000008 ], [ 95.342610937000075, 39.175915814000064 ], [ 95.547091666000028, 38.928849028000059 ], [ 95.87530743700006, 38.790825483000049 ], [ 96.271296944000028, 38.746900630000084 ], [ 96.628244590000065, 38.830884453000067 ], [ 96.810475041000075, 38.984100974000057 ], [ 97.013632793000056, 39.044613234000053 ], [ 97.585498081000082, 38.870522599000083 ], [ 97.792357719000051, 38.745272326000077 ], [ 98.518153535000067, 38.40372816900009 ], [ 98.83154630100006, 38.312886352000078 ], [ 99.106335715000057, 38.32550079400005 ], [ 99.312304398000038, 38.354602465000085 ], [ 99.651740325000048, 38.317647006000072 ], [ 100.118955224000047, 38.199677230000077 ], [ 100.675998107000055, 38.072638161000043 ], [ 100.891437496000037, 38.018269527000086 ], [ 100.884335372000066, 38.00583333700007 ], [ 101.03264645400003, 37.959796341000072 ], [ 101.284406783000065, 37.810979754000073 ], [ 101.478869606000046, 37.690065275000052 ], [ 101.900216138000076, 37.581566981000037 ], [ 102.202372141000069, 37.493576224000037 ], [ 102.341629567000041, 37.324722339000061 ], [ 102.258490405000032, 37.124144545000036 ], [ 102.132142740000063, 37.011406002000058 ], [ 101.441671093000082, 36.818976864000035 ], [ 101.342337752000049, 36.693287917000077 ], [ 101.319482530000073, 36.550908185000083 ], [ 101.279416945000037, 36.411822799000049 ], [ 101.580479918000037, 36.127050950000068 ], [ 101.58647112500006, 36.115991964000045 ], [ 101.656587566000042, 36.115109073000042 ], [ 101.798222744000043, 36.105256560000043 ], [ 101.968796690000033, 36.039322144000039 ], [ 102.11799650200004, 35.941807385000061 ], [ 102.182022941000071, 35.881273598000064 ], [ 102.358383305000075, 35.866219234000084 ], [ 102.620871134000026, 35.861053067000057 ], [ 102.85333165000003, 35.863950307000039 ], [ 103.157430369000053, 35.888438102000066 ], [ 103.401122160000057, 35.91383751300009 ], [ 103.541283944000043, 35.951303143000075 ], [ 103.675116793000029, 35.830842946000075 ], [ 103.753888476000043, 35.686442249000038 ], [ 103.74922513000007, 35.589358709000066 ], [ 103.741002902000048, 35.417582911000068 ], [ 103.734237766000035, 35.275668138000071 ], [ 103.767355334000058, 35.177432621000037 ], [ 103.884439258000043, 35.061638487000039 ], [ 104.092504053000027, 34.890386837000051 ], [ 104.249339791000068, 34.691110480000077 ], [ 104.431329891000075, 34.564171543000043 ], [ 104.740199582000059, 34.496769538000081 ], [ 104.962033118000079, 34.423471228000039 ], [ 105.02786685600006, 34.44236344300009 ], [ 105.052747962000069, 34.579226923000078 ], [ 105.079517814000042, 34.659992442000089 ], [ 105.222726744000056, 34.537728091000076 ], [ 105.352143462000072, 34.377077049000036 ], [ 105.308150837000028, 34.202260630000069 ], [ 105.237358789000041, 34.106142323000086 ], [ 105.225524553000071, 34.007497628000067 ], [ 105.182011772000067, 33.832575955000038 ], [ 105.092032563000032, 33.763037920000045 ], [ 104.918344503000071, 33.718374477000054 ], [ 104.521981221000033, 33.694806717000063 ], [ 104.455685861000063, 33.654122611000048 ], [ 104.44852624400005, 33.525049415000069 ], [ 104.528939563000051, 33.440180068000075 ], [ 104.66470008400006, 33.39626964100006 ], [ 104.996460255000045, 33.344345554000085 ], [ 104.969414740000047, 33.250549693000039 ], [ 104.895355433000077, 33.167265304000068 ], [ 104.889954699000043, 32.990586842000084 ], [ 104.973603602000026, 32.974249392000047 ], [ 105.192986391000034, 32.930550630000084 ], [ 105.424976783000034, 32.920414329000039 ], [ 105.486801194000066, 32.879635741000072 ], [ 105.422269450000044, 32.836117966000074 ], [ 105.35016416600007, 32.739545001000067 ], [ 105.288069033000056, 32.650163752000083 ], [ 105.09785469500008, 32.604594914000074 ], [ 104.993727221000029, 32.585911309000039 ], [ 104.788446287000056, 32.755360712000083 ], [ 104.36085298900008, 32.825188042000036 ], [ 104.271312732000069, 32.728649843000085 ], [ 103.995078282000065, 32.638345123000079 ], [ 103.875983713000039, 32.496451956000044 ], [ 103.898109799000053, 32.372968158000049 ], [ 103.985280590000059, 32.247322213000075 ], [ 104.03768148100005, 32.176491965000082 ], [ 103.999384554000073, 32.154741567000087 ], [ 103.939949115000047, 32.079934716000082 ], [ 103.995208519000073, 31.878466874000082 ], [ 103.959300830000075, 31.710685208000086 ], [ 103.795832289000032, 31.57771245400005 ], [ 103.591039790000082, 31.330489657000044 ], [ 103.416249080000057, 31.112740274000089 ], [ 103.20664878000008, 30.918696974000056 ], [ 102.968588232000059, 30.924910502000046 ], [ 102.857911407000074, 30.904569352000067 ], [ 102.827838083000074, 30.828397906000077 ], [ 103.063939832000074, 30.776365377000047 ], [ 103.117870953000079, 30.505689979000067 ], [ 103.336126245000059, 30.261078914000052 ], [ 103.294665676000079, 30.13134995300004 ], [ 103.20016541800004, 30.033852491000061 ], [ 103.206297992000032, 29.95665529300004 ], [ 103.234537312000043, 29.747836094000036 ], [ 103.163851978000082, 29.549366001000067 ], [ 103.095178101000045, 29.397000731000048 ], [ 102.909269810000069, 29.224419196000042 ], [ 102.908422982000047, 29.219715520000079 ], [ 102.740310977000036, 29.272661935000087 ], [ 102.379053814000031, 29.368499443000076 ], [ 102.110582419000082, 29.421523206000074 ], [ 102.079803062000053, 29.282282491000046 ], [ 102.120019863000039, 29.084657888000038 ], [ 102.088614950000078, 28.785033118000058 ], [ 101.84343761000008, 28.368639266000059 ], [ 101.798951372000033, 28.235646943000063 ], [ 101.564124682000056, 28.04143939700009 ], [ 101.23577915900006, 27.919322959000056 ], [ 101.164650794000067, 27.831686776000083 ], [ 101.108917535000046, 27.723434256000075 ], [ 100.914134767000064, 27.636745943000051 ], [ 100.822074428000064, 27.732682235000084 ], [ 100.761163303000046, 27.862311048000038 ], [ 100.614652917000058, 28.012749641000084 ], [ 100.434752127000081, 27.823236518000044 ], [ 100.309425187000045, 27.510746171000051 ], [ 100.262296341000081, 27.272621400000048 ], [ 100.184791594000046, 27.102511018000087 ], [ 99.969215691000045, 27.061784213000067 ], [ 99.86898394900004, 27.18432301100006 ], [ 99.768453979000071, 27.313541136000083 ], [ 99.597120339000071, 27.646526351000091 ], [ 99.298115042000063, 28.216089838000073 ], [ 99.218842308000035, 28.358207648000075 ], [ 99.146526895000079, 28.561370644000078 ], [ 99.160066457000028, 28.778623911000068 ], [ 99.213021873000059, 28.996044162000089 ], [ 99.155459059000066, 29.24646673500007 ], [ 98.889591675000077, 29.054408402000035 ], [ 98.694388726000057, 28.943861582000068 ], [ 98.61782764600008, 28.814086293000059 ], [ 98.620881978000057, 28.624123757000064 ], [ 98.639343815000075, 28.447842715000036 ], [ 98.579255025000066, 28.29770581300005 ], [ 98.446568811000077, 28.295976462000056 ], [ 98.321824665000065, 28.287417061000042 ], [ 98.190582469000049, 28.217475257000046 ], [ 97.971784037000077, 28.234174216000042 ], [ 97.84362064700008, 28.367686897000056 ], [ 97.64484574100004, 28.492799062000074 ], [ 97.423718622000081, 28.297844121000082 ], [ 97.397415773000034, 28.134158638000088 ], [ 97.380627274000062, 27.91622103900005 ], [ 97.143157591000033, 27.808464781000055 ], [ 97.11130287900005, 27.741926397000043 ], [ 97.056010555000057, 27.790750679000041 ], [ 96.646244431000071, 27.990699951000067 ], [ 96.32760240500005, 28.139299502000085 ], [ 95.969126111000037, 28.250388483000052 ], [ 95.556357125000034, 28.217434916000059 ], [ 95.113026015000059, 28.014330659000052 ], [ 94.768437261000031, 27.708120963000056 ], [ 94.269572671000049, 27.49866878000006 ], [ 94.047494444000051, 27.372409076000054 ], [ 93.814830767000046, 27.121380818000091 ], [ 93.623527729000045, 27.004607786000065 ], [ 93.306317361000083, 26.977238541000077 ], [ 92.625860060000036, 26.881341660000089 ], [ 92.057395299000063, 26.771506649000059 ], [ 91.164565030000063, 26.730845688000045 ], [ 90.437627596000027, 26.723961021000036 ], [ 89.925019005000081, 26.758567042000038 ], [ 89.59605550200007, 26.75491794900006 ], [ 89.370897928000034, 26.787250512000071 ], [ 88.868169477000038, 26.868809080000062 ], [ 88.490162893000047, 26.870172499000091 ], [ 87.889329983000039, 26.766564851000055 ], [ 87.427413604000037, 26.772188416000063 ], [ 87.133983442000044, 26.937928370000066 ], [ 87.065716753000061, 27.226025184000036 ], [ 87.138745715000027, 27.473338955000088 ], [ 87.132149001000073, 27.779512719000081 ], [ 86.410004165000032, 27.96758348700007 ], [ 85.790030189000049, 27.891172356000084 ], [ 85.462074529000063, 28.228744449000089 ], [ 84.839731215000029, 28.463306162000038 ], [ 84.268952182000078, 28.891669420000085 ], [ 83.987459947000048, 29.121278329000063 ], [ 83.841864143000066, 29.306299140000078 ], [ 83.366776770000058, 29.285790080000083 ], [ 83.159550585000034, 29.492810704000078 ], [ 82.996638921000056, 29.658625992000054 ], [ 82.224804311000071, 30.064367710000056 ], [ 81.789972808000073, 30.091712551000057 ], [ 80.681285541000079, 29.959131074000084 ], [ 80.068155991000083, 30.569481503000077 ], [ 79.303725315000065, 30.912524545000053 ], [ 78.371634268000037, 31.284307399000056 ], [ 78.209837265000033, 31.60439720100004 ], [ 77.310553398000081, 31.736822029000052 ], [ 76.878238178000061, 31.971595798000067 ], [ 76.728408290000061, 32.356835979000039 ], [ 76.78334643200003, 33.036973598000088 ], [ 76.343604593000066, 33.39715786000005 ], [ 75.61131823900007, 33.921010539000065 ], [ 74.889266651000071, 34.803850311000076 ], [ 75.136294178000071, 35.303397246000088 ], [ 74.83506049500005, 35.741233862000058 ], [ 74.718923954000047, 36.09194004200009 ], [ 75.302697762000037, 36.159450801000048 ], [ 76.036703166000052, 36.054052690000049 ], [ 77.144190412000057, 35.641784938000058 ], [ 77.528358162000075, 35.51366272100006 ], [ 77.779800865000084, 35.187326921000079 ], [ 77.923988317000067, 34.791993561000083 ], [ 78.712459982000041, 34.411597857000061 ], [ 79.024829773000079, 34.515044150000051 ], [ 79.935586421000039, 35.06222409500009 ], [ 80.329846691000057, 35.224209970000061 ], [ 81.870034624000084, 35.286738084000035 ], [ 82.638189412000031, 35.739876907000053 ], [ 83.148854982000046, 35.687146698000049 ], [ 83.99133751200003, 35.528500859000076 ], [ 84.904963996000049, 35.617709270000034 ], [ 85.785811605000049, 35.72074882000004 ], [ 87.016494834000071, 35.78090065400005 ], [ 88.230692099000066, 35.948983513000087 ], [ 89.037153448000083, 35.511217672000043 ], [ 89.832913451000081, 35.553914716000065 ], [ 90.333827358000065, 35.739100098000051 ], [ 89.978482107000048, 36.099783076000051 ], [ 89.53527977400006, 36.622476610000035 ], [ 88.851254249000078, 37.026132450000034 ], [ 87.989643307000051, 37.62892703600005 ], [ 87.905348057000083, 37.844264542000076 ], [ 87.772606405000033, 38.068033546000038 ], [ 87.835569157000066, 38.082264912000085 ], [ 88.451938312000038, 38.229898726000044 ], [ 89.184774412000081, 38.277723451000043 ], [ 89.494748423000033, 38.348711058000049 ], [ 89.477910094000038, 38.468933725000056 ], [ 89.71626531000004, 38.776650189000065 ], [ 90.11650611400006, 38.944171226000037 ], [ 90.998954967000032, 39.144208187000061 ], [ 91.519885041000066, 39.178768344000048 ], [ 91.641654351000057, 39.18644396500008 ], [ 91.860748226000055, 39.200254355000084 ], [ 92.458364569000082, 39.478388049000046 ], [ 93.178286807000063, 39.578059377000045 ], [ 93.869676995000077, 39.551214157000061 ] ] ] ] } },
{ "type": "Feature", "properties": { "Name": "岭北行省" }, "geometry": { "type": "MultiPolygon", "coordinates": [ [ [ [ 122.485135072000048, 58.848772754000038 ], [ 122.491014818000053, 58.825697896000065 ], [ 122.379977256000075, 58.845750047000081 ], [ 122.319633422000038, 58.568686565000064 ], [ 122.234106546000021, 57.746601421000037 ], [ 122.206907858000022, 57.27461409700004 ], [ 121.932790886000021, 54.827476268000055 ], [ 122.014308789000097, 54.692363164000085 ], [ 122.076813610000045, 54.39583067500007 ], [ 121.956640548, 54.273726460000034 ], [ 121.766421874, 54.096260575000088 ], [ 121.88361649, 53.883329186000083 ], [ 121.956800266000073, 53.619837187000087 ], [ 121.860423916000059, 53.066907295000078 ], [ 121.656653019000032, 52.817528784000046 ], [ 121.495742896000024, 52.575080188000072 ], [ 121.601236967000091, 52.484265014000073 ], [ 122.087669256000027, 52.426368999000033 ], [ 122.611546623000095, 52.310644978000084 ], [ 122.742744377, 52.025694373000078 ], [ 122.843932707000022, 51.60710090300006 ], [ 122.704376422, 51.000548894000076 ], [ 122.602163229000098, 50.603126911000061 ], [ 122.557641900000021, 50.260278012000072 ], [ 122.536863879000066, 49.877149313000075 ], [ 122.379879147, 49.639956362000078 ], [ 122.137934102000031, 49.477982576000045 ], [ 121.891381256000045, 49.353804017000073 ], [ 121.79868151200003, 49.132274654000071 ], [ 121.542955634, 48.74986149700004 ], [ 121.084415245000059, 48.410064570000088 ], [ 120.357804416000022, 47.221694992000039 ], [ 120.037527848000082, 46.837053924000088 ], [ 119.963684991000036, 46.536302542000044 ], [ 120.052056789000062, 46.309514395000065 ], [ 120.210355287000084, 46.134774512000035 ], [ 120.058366572000068, 45.973955323000041 ], [ 119.918631074000018, 45.862694206000072 ], [ 119.714761466000027, 45.69954596000008 ], [ 119.173807938000095, 45.249060012000086 ], [ 118.845390951000013, 45.111770102000037 ], [ 118.368400074000078, 44.972558746000061 ], [ 117.924856977000104, 44.876558617000057 ], [ 117.398386932000108, 44.958154919000037 ], [ 116.938950026000043, 45.022239006000063 ], [ 116.698020507000024, 44.869024631000059 ], [ 116.407004464000011, 44.594997418000048 ], [ 115.878739661000054, 44.300688623000042 ], [ 115.596822909000025, 44.190534249000052 ], [ 115.200365856000076, 44.163395657000081 ], [ 114.708283246000065, 44.208279969000046 ], [ 113.806472291000091, 44.323923476000061 ], [ 113.26502924600004, 44.407740528000033 ], [ 112.859302359000026, 44.44556198500004 ], [ 112.381731040000091, 44.457123526000089 ], [ 111.512531807000073, 44.256569471000034 ], [ 110.767697592000047, 43.963338806000081 ], [ 110.10260454400003, 43.489113369000052 ], [ 109.611516288000075, 43.266237778000061 ], [ 108.822784140000067, 43.018936084000075 ], [ 108.314910465000025, 42.84815935000006 ], [ 108.130212682000035, 42.626399866000042 ], [ 107.963013681000064, 42.52596559400007 ], [ 107.958507348000069, 42.435166159000062 ], [ 107.95821455600003, 42.435435443000074 ], [ 107.812408072000039, 42.421988464000037 ], [ 107.628960436000057, 42.441715376000047 ], [ 107.490355075000025, 42.447251410000035 ], [ 107.203466465000076, 42.31935838000004 ], [ 106.841536792000056, 42.286673048000068 ], [ 105.756781028000034, 42.173289140000065 ], [ 105.041962292000051, 42.223568182000065 ], [ 104.218313789000035, 42.516788118000079 ], [ 103.586302016000047, 42.766995329000054 ], [ 102.793857733000038, 42.854309035000085 ], [ 102.325444621000031, 43.098446932000058 ], [ 101.874482115000035, 43.261110927000061 ], [ 100.574013538000031, 43.343406649000087 ], [ 98.989885102000073, 43.462712138000086 ], [ 97.382380997000041, 43.641189862000033 ], [ 96.762409932000082, 43.905335578000063 ], [ 96.136540909000075, 44.102103990000046 ], [ 96.109496517000082, 44.110606539000059 ], [ 95.817352010000036, 44.535286217000078 ], [ 95.105823611000062, 44.879319604000045 ], [ 94.656154216000061, 45.003283584000087 ], [ 93.925986745000046, 45.034001728000078 ], [ 93.498280274000081, 45.07117383700006 ], [ 93.171538177000059, 45.091023153000037 ], [ 92.850603375000048, 45.161834603000045 ], [ 92.178849161000073, 45.127434639000057 ], [ 90.556087361000039, 45.32678739000005 ], [ 90.213055965000081, 45.393824319000089 ], [ 90.223573368000075, 45.463793829000053 ], [ 90.252869958000076, 45.918567162000045 ], [ 89.936355523000032, 46.255771326000058 ], [ 89.301894028000049, 46.475070994000077 ], [ 88.537841911000044, 46.587143182000034 ], [ 87.985276468000052, 46.746019364000063 ], [ 86.516258978000053, 47.228666407000048 ], [ 85.019624220000082, 47.172729076000053 ], [ 82.941230928000039, 47.286102798000059 ], [ 82.043430389000036, 47.614710463000051 ], [ 81.073354301000052, 48.161341169000082 ], [ 80.810551519000057, 48.35859722500004 ], [ 81.400085139000055, 48.829394418000049 ], [ 81.330311101000063, 49.564713336000068 ], [ 80.970726202000037, 50.078951798000048 ], [ 80.495768761000079, 50.485554425000032 ], [ 79.858236651000084, 50.705792791000079 ], [ 78.329740855000068, 51.104123707000042 ], [ 77.156581580000079, 52.069431913000074 ], [ 76.775919922000071, 52.608877541000084 ], [ 76.695468958000049, 52.653045177000081 ], [ 76.495466767000039, 52.895197825000082 ], [ 76.388684993000084, 52.958643226000049 ], [ 76.182191642000078, 53.080851189000043 ], [ 75.353210369000067, 53.50238253100008 ], [ 74.99086449400005, 53.79698241400007 ], [ 74.684873793000065, 54.234406207000063 ], [ 74.36700982800005, 54.52706887100004 ], [ 73.907937151000056, 54.756366869000033 ], [ 73.470716500000037, 54.952824456000087 ], [ 73.103557660000035, 55.336174503000052 ], [ 73.201284696000073, 55.587004849000039 ], [ 74.212984255000038, 55.855531004000056 ], [ 74.526093314000036, 56.006433538000067 ], [ 74.528713038000035, 56.613440136000065 ], [ 73.605224702000044, 57.388898912000059 ], [ 72.655249163000065, 57.846948563000069 ], [ 122.485135072000048, 58.848772754000038 ] ] ] ] } },
{ "type": "Feature", "properties": { "Name": "中书省" }, "geometry": { "type": "MultiPolygon", "coordinates": [ [ [ [ 120.1695, 35.7508 ], [ 120.162, 35.7502 ], [ 120.1571, 35.7521 ], [ 120.1536, 35.7557 ], [ 120.1542, 35.7624 ], [ 120.158299999000064, 35.7707 ], [ 120.164000000000101, 35.7766 ], [ 120.1681, 35.787 ], [ 120.172600000000102, 35.7878 ], [ 120.1768, 35.7666 ], [ 120.1826, 35.7613 ], [ 120.1767, 35.7545 ], [ 120.1695, 35.7508 ] ] ], [ [ [ 120.8663, 35.8904 ], [ 120.8621, 35.8899 ], [ 120.8595, 35.8921 ], [ 120.8611, 35.8949 ], [ 120.8708, 35.8997 ], [ 120.873899999000059, 35.8991 ], [ 120.8743, 35.897 ], [ 120.8663, 35.8904 ] ] ], [ [ [ 120.3151, 36.0998 ], [ 120.3083, 36.0925 ], [ 120.3082, 36.1008 ], [ 120.3115, 36.1045 ], [ 120.3168, 36.1054 ], [ 120.322299999000052, 36.1105 ], [ 120.3235, 36.1083 ], [ 120.3206, 36.1015 ], [ 120.3151, 36.0998 ] ] ], [ [ [ 120.9583, 36.4175 ], [ 120.9522, 36.4149 ], [ 120.9462, 36.4155 ], [ 120.9439, 36.4177 ], [ 120.9463, 36.4208 ], [ 120.95, 36.4215 ], [ 120.9557, 36.42 ], [ 120.9583, 36.4175 ] ] ], [ [ [ 120.916, 36.5777 ], [ 120.9138, 36.5766 ], [ 120.9101, 36.5776 ], [ 120.9047, 36.5862 ], [ 120.9087, 36.5865 ], [ 120.916, 36.5777 ] ] ], [ [ [ 120.887700001000098, 36.6309 ], [ 120.8883, 36.621 ], [ 120.883, 36.6262 ], [ 120.8849, 36.6382 ], [ 120.8873, 36.6439 ], [ 120.8925, 36.6411 ], [ 120.887700001000098, 36.6309 ] ] ], [ [ [ 121.6237, 36.7242 ], [ 121.6156, 36.7168 ], [ 121.6188, 36.7313 ], [ 121.6227, 36.7318 ], [ 121.6237, 36.7242 ] ] ], [ [ [ 121.5594, 36.7359 ], [ 121.5529, 36.7352 ], [ 121.5449, 36.7362 ], [ 121.538, 36.7389 ], [ 121.540200001000017, 36.7407 ], [ 121.5516, 36.7429 ], [ 121.5532, 36.7457 ], [ 121.5505, 36.7516 ], [ 121.5513, 36.7562 ], [ 121.5535, 36.757 ], [ 121.5573, 36.7556 ], [ 121.564, 36.7477 ], [ 121.5655, 36.7434 ], [ 121.563900000000103, 36.739 ], [ 121.5594, 36.7359 ] ] ], [ [ [ 121.5829, 37.4418 ], [ 121.5766, 37.4405 ], [ 121.576799999000059, 37.4447 ], [ 121.5907, 37.4554 ], [ 121.5972, 37.4564 ], [ 121.604000001000031, 37.4643 ], [ 121.6236, 37.4721 ], [ 121.6301, 37.4798 ], [ 121.637, 37.481 ], [ 121.643, 37.479 ], [ 121.641500001000054, 37.4734 ], [ 121.627, 37.4647 ], [ 121.6199, 37.4609 ], [ 121.6182, 37.4556 ], [ 121.614, 37.4518 ], [ 121.6049, 37.4483 ], [ 121.5937, 37.4479 ], [ 121.5829, 37.4418 ] ] ], [ [ [ 122.175300000000107, 37.5092 ], [ 122.1814, 37.5035 ], [ 122.1921, 37.5038 ], [ 122.191600000000108, 37.497 ], [ 122.2011, 37.4947 ], [ 122.2063, 37.4916 ], [ 122.2046, 37.4895 ], [ 122.168299999000055, 37.4949 ], [ 122.1651, 37.4986 ], [ 122.1657, 37.5015 ], [ 122.1708, 37.5036 ], [ 122.175300000000107, 37.5092 ] ] ], [ [ [ 121.516800000000103, 37.5559 ], [ 121.514299999000059, 37.5518 ], [ 121.5085, 37.5519 ], [ 121.5029, 37.5459 ], [ 121.5003, 37.5486 ], [ 121.504999999, 37.5526 ], [ 121.507499999000061, 37.5583 ], [ 121.514399999000034, 37.56 ], [ 121.516800000000103, 37.5559 ] ] ], [ [ [ 120.465400001000035, 37.7807 ], [ 120.4626, 37.779 ], [ 120.4523, 37.7778 ], [ 120.4516, 37.7721 ], [ 120.444, 37.7676 ], [ 120.4384, 37.7709 ], [ 120.4337, 37.7793 ], [ 120.4365, 37.7828 ], [ 120.4418, 37.7794 ], [ 120.458, 37.7869 ], [ 120.462900000000104, 37.7861 ], [ 120.4668, 37.783 ], [ 120.465400001000035, 37.7807 ] ] ], [ [ [ 120.7449, 37.869 ], [ 120.7417, 37.868 ], [ 120.7376, 37.8702 ], [ 120.7357, 37.8752 ], [ 120.7373, 37.8803 ], [ 120.7406, 37.8838 ], [ 120.7461, 37.8848 ], [ 120.7487, 37.8824 ], [ 120.743099999000037, 37.877 ], [ 120.7473, 37.8722 ], [ 120.7449, 37.869 ] ] ], [ [ [ 120.6877, 37.9446 ], [ 120.6826, 37.9312 ], [ 120.67960000100004, 37.9277 ], [ 120.6752, 37.9294 ], [ 120.6691, 37.9286 ], [ 120.667600000000107, 37.9302 ], [ 120.6721, 37.9337 ], [ 120.665300001000105, 37.9398 ], [ 120.6678, 37.9426 ], [ 120.674199999000052, 37.9413 ], [ 120.686700001000077, 37.9466 ], [ 120.6877, 37.9446 ] ] ], [ [ [ 120.7548, 37.8923 ], [ 120.7493, 37.8908 ], [ 120.745499999, 37.8921 ], [ 120.737100001000044, 37.9023 ], [ 120.7321, 37.9052 ], [ 120.7309, 37.9053 ], [ 120.7208, 37.9065 ], [ 120.717399999, 37.9108 ], [ 120.7176, 37.9134 ], [ 120.7239, 37.9171 ], [ 120.7223, 37.9368 ], [ 120.7259, 37.9433 ], [ 120.7349, 37.9495 ], [ 120.7379, 37.9486 ], [ 120.7429, 37.9379 ], [ 120.7566, 37.9174 ], [ 120.7517, 37.9067 ], [ 120.7555, 37.8974 ], [ 120.7548, 37.8923 ] ] ], [ [ [ 120.65, 37.9628 ], [ 120.642, 37.9604 ], [ 120.6376, 37.9623 ], [ 120.6415, 37.9656 ], [ 120.6439, 37.9728 ], [ 120.648600000000101, 37.9786 ], [ 120.655500001000064, 37.9705 ], [ 120.651300000000106, 37.9683 ], [ 120.65, 37.9628 ] ] ], [ [ [ 120.6285, 37.9562 ], [ 120.6165, 37.9456 ], [ 120.6056, 37.9506 ], [ 120.5933, 37.9628 ], [ 120.5943, 37.9685 ], [ 120.5987, 37.9734 ], [ 120.6064, 37.9759 ], [ 120.6121, 37.9806 ], [ 120.617800000000102, 37.9809 ], [ 120.6208, 37.9782 ], [ 120.6278, 37.9777 ], [ 120.624, 37.9623 ], [ 120.6285, 37.9562 ] ] ], [ [ [ 120.6939, 37.991 ], [ 120.7083, 37.9844 ], [ 120.7172, 37.9865 ], [ 120.7214, 37.9822 ], [ 120.7232, 37.9721 ], [ 120.7298, 37.9652 ], [ 120.7273, 37.961 ], [ 120.722400000000107, 37.9604 ], [ 120.714199999000016, 37.963 ], [ 120.7045, 37.9614 ], [ 120.6992, 37.962 ], [ 120.6904, 37.965 ], [ 120.6883, 37.9755 ], [ 120.6806, 37.9825 ], [ 120.681099999000025, 37.9846 ], [ 120.689599999000052, 37.9905 ], [ 120.6939, 37.991 ] ] ], [ [ [ 120.9399, 38.0216 ], [ 120.932100000000105, 38.021 ], [ 120.927100001000099, 38.0241 ], [ 120.9236, 38.0318 ], [ 120.9241, 38.0355 ], [ 120.9414, 38.0298 ], [ 120.9432, 38.0262 ], [ 120.9399, 38.0216 ] ] ], [ [ [ 120.6463, 38.0604 ], [ 120.6423, 38.0509 ], [ 120.6394, 38.052 ], [ 120.6377, 38.0584 ], [ 120.6333, 38.0622 ], [ 120.6334, 38.0654 ], [ 120.6437, 38.0628 ], [ 120.6463, 38.0604 ] ] ], [ [ [ 120.7458, 38.1805 ], [ 120.7462, 38.169 ], [ 120.7548, 38.1706 ], [ 120.7644, 38.1694 ], [ 120.7764, 38.1593 ], [ 120.7646, 38.157 ], [ 120.7491, 38.1597 ], [ 120.7367, 38.1565 ], [ 120.7324, 38.1566 ], [ 120.7326, 38.1669 ], [ 120.735, 38.1727 ], [ 120.7334, 38.1791 ], [ 120.735100000000102, 38.1896 ], [ 120.7353, 38.191 ], [ 120.7374, 38.1959 ], [ 120.7398, 38.1964 ], [ 120.7458, 38.1805 ] ] ], [ [ [ 118.8141, 38.2176 ], [ 118.811, 38.2124 ], [ 118.8042, 38.2133 ], [ 118.802500001, 38.2171 ], [ 118.8057, 38.2221 ], [ 118.8113, 38.2218 ], [ 118.8141, 38.2176 ] ] ], [ [ [ 120.8257, 38.3131 ], [ 120.8305, 38.3075 ], [ 120.8376, 38.3037 ], [ 120.8314, 38.2965 ], [ 120.8189, 38.2961 ], [ 120.8114, 38.2943 ], [ 120.8082, 38.2883 ], [ 120.797600001000092, 38.2821 ], [ 120.7944, 38.2825 ], [ 120.7943, 38.2841 ], [ 120.8002, 38.2918 ], [ 120.8021, 38.3035 ], [ 120.8046, 38.3079 ], [ 120.8075, 38.3096 ], [ 120.81740000100001, 38.3095 ], [ 120.8208, 38.3124 ], [ 120.8257, 38.3131 ] ] ], [ [ [ 120.846, 38.3399 ], [ 120.837000000000103, 38.3326 ], [ 120.8346, 38.3339 ], [ 120.8382, 38.3384 ], [ 120.8335, 38.3419 ], [ 120.836100000000101, 38.3498 ], [ 120.8384, 38.3507 ], [ 120.8403, 38.345 ], [ 120.846, 38.3399 ] ] ], [ [ [ 120.9096, 38.3452 ], [ 120.9088, 38.3427 ], [ 120.9064, 38.3429 ], [ 120.890900000000101, 38.3552 ], [ 120.8891, 38.359 ], [ 120.8898, 38.3625 ], [ 120.9052, 38.3649 ], [ 120.902200000000107, 38.3582 ], [ 120.9074, 38.3576 ], [ 120.9101, 38.3558 ], [ 120.9055, 38.3523 ], [ 120.9096, 38.3452 ] ] ], [ [ [ 120.9224, 38.3819 ], [ 120.9219, 38.3778 ], [ 120.9181, 38.3804 ], [ 120.9035, 38.3811 ], [ 120.8931, 38.3786 ], [ 120.891600001000029, 38.3802 ], [ 120.895, 38.3837 ], [ 120.9019, 38.3859 ], [ 120.9068, 38.3947 ], [ 120.9138, 38.3946 ], [ 120.9148, 38.3902 ], [ 120.9193, 38.3869 ], [ 120.9224, 38.3819 ] ] ], [ [ [ 118.522100001000013, 38.9179 ], [ 118.5095, 38.9135 ], [ 118.507600001000014, 38.9149 ], [ 118.5087, 38.9167 ], [ 118.5193, 38.9203 ], [ 118.5246, 38.9244 ], [ 118.532200000000103, 38.9326 ], [ 118.5466, 38.9482 ], [ 118.5548, 38.9581 ], [ 118.5592, 38.967 ], [ 118.557, 38.9697 ], [ 118.5574, 38.9727 ], [ 118.5606, 38.9728 ], [ 118.5641, 38.9681 ], [ 118.5619, 38.9616 ], [ 118.529299999000045, 38.9239 ], [ 118.522100001000013, 38.9179 ] ] ], [ [ [ 118.565700000000106, 38.995 ], [ 118.557699999000079, 38.9908 ], [ 118.55440000100009, 38.9913 ], [ 118.5746, 39.0111 ], [ 118.576700001000063, 39.011 ], [ 118.5777, 39.0092 ], [ 118.5735, 39.0048 ], [ 118.565700000000106, 38.995 ] ] ], [ [ [ 118.7379, 39.0158 ], [ 118.7305, 39.0125 ], [ 118.720600001000093, 39.011 ], [ 118.712000000000103, 39.0123 ], [ 118.713, 39.0139 ], [ 118.7185, 39.0155 ], [ 118.721500000000106, 39.0147 ], [ 118.728799999000103, 39.0159 ], [ 118.7407, 39.0227 ], [ 118.7512, 39.031 ], [ 118.7553, 39.0343 ], [ 118.759600001000081, 39.0411 ], [ 118.7487, 39.0508 ], [ 118.7503, 39.0533 ], [ 118.7639, 39.0426 ], [ 118.764999999, 39.0385 ], [ 118.7627, 39.0332 ], [ 118.7379, 39.0158 ] ] ], [ [ [ 118.6212, 39.0328 ], [ 118.6052, 39.0246 ], [ 118.6044, 39.0259 ], [ 118.617499999000074, 39.0356 ], [ 118.6225, 39.0445 ], [ 118.6281, 39.0495 ], [ 118.63509999900009, 39.0537 ], [ 118.6384, 39.0527 ], [ 118.6259, 39.0421 ], [ 118.6212, 39.0328 ] ] ], [ [ [ 118.8256, 39.1023 ], [ 118.8068, 39.0971 ], [ 118.8049, 39.0981 ], [ 118.8063, 39.1007 ], [ 118.8105, 39.1027 ], [ 118.8318, 39.1055 ], [ 118.842199999000059, 39.1098 ], [ 118.8519, 39.1188 ], [ 118.8546, 39.1187 ], [ 118.8496, 39.1087 ], [ 118.846999999000104, 39.1072 ], [ 118.836100000000101, 39.1029 ], [ 118.8256, 39.1023 ] ] ], [ [ [ 118.8174, 39.1247 ], [ 118.8143, 39.1235 ], [ 118.8125, 39.1248 ], [ 118.828699999000037, 39.1393 ], [ 118.8294, 39.1366 ], [ 118.826699999000084, 39.1326 ], [ 118.8174, 39.1247 ] ] ], [ [ [ 118.9195, 39.1292 ], [ 118.8837, 39.1227 ], [ 118.881, 39.1237 ], [ 118.8844, 39.1273 ], [ 118.899799999000038, 39.1294 ], [ 118.9283, 39.1393 ], [ 118.9574, 39.1653 ], [ 118.9877, 39.185 ], [ 118.9714, 39.1688 ], [ 118.956100000000106, 39.1579 ], [ 118.9417, 39.1423 ], [ 118.930400001000066, 39.1335 ], [ 118.9195, 39.1292 ] ] ], [ [ [ 119.057100001000094, 39.2321 ], [ 119.0535, 39.2319 ], [ 119.0524, 39.2338 ], [ 119.0614, 39.2419 ], [ 119.0823, 39.2527 ], [ 119.0836, 39.2493 ], [ 119.0798, 39.2448 ], [ 119.0606, 39.2346 ], [ 119.057100001000094, 39.2321 ] ] ], [ [ [ 119.1025, 39.2644 ], [ 119.087900000000104, 39.2571 ], [ 119.09, 39.2617 ], [ 119.1059, 39.278 ], [ 119.110100000000102, 39.2813 ], [ 119.1157, 39.282 ], [ 119.1173, 39.2795 ], [ 119.105, 39.2686 ], [ 119.1025, 39.2644 ] ] ], [ [ [ 119.1227, 39.2893 ], [ 119.1195, 39.2883 ], [ 119.1184, 39.2908 ], [ 119.121400000000108, 39.2964 ], [ 119.1242, 39.2994 ], [ 119.1274, 39.2993 ], [ 119.1284, 39.2977 ], [ 119.1227, 39.2893 ] ] ], [ [ [ 119.1402, 39.3126 ], [ 119.133600001000104, 39.3052 ], [ 119.1308, 39.3068 ], [ 119.131699999000034, 39.3118 ], [ 119.1384, 39.3187 ], [ 119.1499, 39.3243 ], [ 119.151300000000106, 39.3209 ], [ 119.148600001000091, 39.3165 ], [ 119.144, 39.3131 ], [ 119.1402, 39.3126 ] ] ], [ [ [ 119.167799999000067, 39.3337 ], [ 119.1601, 39.3277 ], [ 119.1586, 39.3281 ], [ 119.1587, 39.3317 ], [ 119.1614, 39.3349 ], [ 119.1669, 39.3363 ], [ 119.167799999000067, 39.3337 ] ] ], [ [ [ 119.183900000000108, 39.349 ], [ 119.1798, 39.348 ], [ 119.178, 39.3495 ], [ 119.181800001000056, 39.3561 ], [ 119.1914, 39.3637 ], [ 119.195700000000102, 39.3654 ], [ 119.1978, 39.3648 ], [ 119.1983, 39.3621 ], [ 119.183900000000108, 39.349 ] ] ], [ [ [ 119.2176, 39.3698 ], [ 119.2071, 39.3672 ], [ 119.2026, 39.3693 ], [ 119.2048, 39.3712 ], [ 119.2132, 39.3738 ], [ 119.219500001000029, 39.3735 ], [ 119.2202, 39.3715 ], [ 119.2176, 39.3698 ] ] ], [ [ [ 119.271700001, 39.372 ], [ 119.257500001000039, 39.3677 ], [ 119.2554, 39.3694 ], [ 119.2605, 39.3726 ], [ 119.2682, 39.3767 ], [ 119.2738, 39.3771 ], [ 119.2751, 39.3742 ], [ 119.271700001, 39.372 ] ] ], [ [ [ 119.2886, 39.3821 ], [ 119.2862, 39.3821 ], [ 119.2867, 39.3853 ], [ 119.3008, 39.402 ], [ 119.302799999000058, 39.3975 ], [ 119.2991, 39.3898 ], [ 119.2886, 39.3821 ] ] ], [ [ [ 119.3086, 39.4229 ], [ 119.3055, 39.4226 ], [ 119.2992, 39.4379 ], [ 119.2999, 39.4407 ], [ 119.2956, 39.444 ], [ 119.2946, 39.4462 ], [ 119.2972, 39.4475 ], [ 119.3035, 39.4399 ], [ 119.3079, 39.4295 ], [ 119.3086, 39.4229 ] ] ], [ [ [ 119.274, 39.4561 ], [ 119.2692, 39.4518 ], [ 119.2678, 39.4564 ], [ 119.2728, 39.4618 ], [ 119.2769, 39.4622 ], [ 119.2806, 39.4602 ], [ 119.2816, 39.4584 ], [ 119.274, 39.4561 ] ] ], [ [ [ 120.388130907, 45.159417622000035 ], [ 119.749496137000051, 44.536481540000068 ], [ 119.702521781000087, 44.266333024000062 ], [ 119.734011577000047, 44.059692589000065 ], [ 119.915435083000034, 43.906039547000034 ], [ 120.248701473000096, 43.761799395000082 ], [ 120.450919069000065, 43.582937315000038 ], [ 120.467319615000065, 43.28261666700007 ], [ 120.285081398000102, 43.065232347000062 ], [ 120.146940903000086, 42.894458997000072 ], [ 119.949618878000024, 42.668711659000053 ], [ 119.66316245400003, 42.487694929000043 ], [ 119.54437607300008, 42.536624785000072 ], [ 119.307177807000016, 42.422178085000041 ], [ 118.8654120650001, 41.976366761000065 ], [ 118.388481475000049, 41.420571120000034 ], [ 118.358933523000019, 41.098137392000069 ], [ 118.278245516000084, 40.735888033000037 ], [ 118.061848307000105, 40.635516089000077 ], [ 117.851639446000036, 40.511963473000037 ], [ 117.736125998000034, 40.34520623800006 ], [ 117.789739599000086, 40.213795359000073 ], [ 118.150304126000037, 40.181418220000069 ], [ 118.575948652000079, 40.14166167500008 ], [ 118.894217662000074, 40.104827866000051 ], [ 119.15389580100009, 40.100615186000084 ], [ 119.604305990000057, 40.042759854000053 ], [ 119.759669424000094, 39.951015467000047 ], [ 119.7594, 39.9509 ], [ 119.744200001000081, 39.9514 ], [ 119.734899999000049, 39.9466 ], [ 119.70529999900009, 39.938399999000069 ], [ 119.6832, 39.935 ], [ 119.6413, 39.9286 ], [ 119.630000001000099, 39.923 ], [ 119.6094, 39.906900001000054 ], [ 119.595299999000076, 39.9049 ], [ 119.5914, 39.9059 ], [ 119.593000001000064, 39.9091 ], [ 119.599, 39.9084 ], [ 119.5989, 39.9107 ], [ 119.5952, 39.9135 ], [ 119.5919, 39.9135 ], [ 119.5667, 39.9063 ], [ 119.5592, 39.9008 ], [ 119.5481, 39.8927 ], [ 119.5325, 39.889099999000052 ], [ 119.5274, 39.8848 ], [ 119.5231, 39.8751 ], [ 119.519099999000105, 39.8381 ], [ 119.5212, 39.8318 ], [ 119.5269, 39.8232 ], [ 119.5306, 39.80939999900005 ], [ 119.5287, 39.8061 ], [ 119.522500001000026, 39.8048 ], [ 119.5121, 39.8097 ], [ 119.5089, 39.8113 ], [ 119.48580000100003, 39.8044 ], [ 119.4742, 39.8052 ], [ 119.4672, 39.8075 ], [ 119.464, 39.806900001000088 ], [ 119.445599999000024, 39.7947 ], [ 119.4378, 39.7972 ], [ 119.436, 39.7915 ], [ 119.42099999900006, 39.7844 ], [ 119.4127, 39.7779 ], [ 119.408500001000107, 39.7785 ], [ 119.396, 39.7907 ], [ 119.394, 39.7902 ], [ 119.393200001000082, 39.787399999000058 ], [ 119.3953, 39.7827 ], [ 119.391900001000067, 39.7794 ], [ 119.3979, 39.7777 ], [ 119.4012, 39.7742 ], [ 119.4039, 39.7712 ], [ 119.403100000000109, 39.7689 ], [ 119.394399999000029, 39.7641 ], [ 119.38, 39.7515 ], [ 119.361300001000018, 39.7404 ], [ 119.3439, 39.7225 ], [ 119.3384, 39.714099999000041 ], [ 119.325, 39.6759 ], [ 119.3217, 39.6714 ], [ 119.3227, 39.6699 ], [ 119.3209, 39.665 ], [ 119.297399999000049, 39.6102 ], [ 119.280899998, 39.5811 ], [ 119.288, 39.5715 ], [ 119.286399999000082, 39.5675 ], [ 119.2818, 39.5699 ], [ 119.279299999000045, 39.57350000100007 ], [ 119.275, 39.5658 ], [ 119.276100001000032, 39.5606 ], [ 119.2735, 39.5555 ], [ 119.2688, 39.5535 ], [ 119.2647, 39.5481 ], [ 119.256299999000021, 39.5279 ], [ 119.2558, 39.516 ], [ 119.2521, 39.5076 ], [ 119.2485, 39.4803 ], [ 119.2531, 39.4728 ], [ 119.2585, 39.471 ], [ 119.2605, 39.4673 ], [ 119.2617, 39.4651 ], [ 119.258200000000102, 39.4535 ], [ 119.260000000000105, 39.4483 ], [ 119.2637, 39.4455 ], [ 119.272900001000039, 39.4437 ], [ 119.2767, 39.4502 ], [ 119.280099999000072, 39.4481 ], [ 119.2841, 39.4333 ], [ 119.2783, 39.426500001000079 ], [ 119.281099999000048, 39.423400001000061 ], [ 119.2872, 39.4249 ], [ 119.289400001000104, 39.422 ], [ 119.2891, 39.4167 ], [ 119.279599999000084, 39.4061 ], [ 119.2817999990001, 39.3989 ], [ 119.2764, 39.394599999000036 ], [ 119.256, 39.3883 ], [ 119.25, 39.3864 ], [ 119.2349, 39.388 ], [ 119.2327, 39.3952 ], [ 119.222400000000107, 39.3851 ], [ 119.210300002000054, 39.3792 ], [ 119.2047, 39.378800001000059 ], [ 119.1999, 39.3809 ], [ 119.1927, 39.3885 ], [ 119.188900000000103, 39.3877 ], [ 119.1904, 39.3808 ], [ 119.1896, 39.374900001000071 ], [ 119.1871000000001, 39.372 ], [ 119.1733, 39.3645 ], [ 119.169699999000045, 39.3557 ], [ 119.164999999000088, 39.3502 ], [ 119.1632, 39.3456 ], [ 119.164199999000061, 39.343600001000084 ], [ 119.161500001000036, 39.3399 ], [ 119.1559, 39.337 ], [ 119.1414, 39.3337 ], [ 119.1268, 39.326499999000077 ], [ 119.1222, 39.3188 ], [ 119.1189, 39.3045 ], [ 119.1134, 39.2977 ], [ 119.1142, 39.2938 ], [ 119.1117, 39.2908 ], [ 119.0979, 39.2844 ], [ 119.080599999000015, 39.2714 ], [ 119.0817, 39.268 ], [ 119.078, 39.2656 ], [ 119.0732, 39.2662 ], [ 119.070300001000078, 39.2665 ], [ 119.057799999000054, 39.2588 ], [ 119.0556, 39.2564 ], [ 119.0595, 39.254 ], [ 119.0622, 39.2543 ], [ 119.063499999000101, 39.2509 ], [ 119.0411, 39.2307 ], [ 119.0277, 39.2236 ], [ 119.0065, 39.203 ], [ 118.9907, 39.1928 ], [ 118.9877, 39.1909 ], [ 118.972400000000107, 39.186 ], [ 118.970999999000014, 39.1858 ], [ 118.9288, 39.1815 ], [ 118.916999999000041, 39.1786 ], [ 118.8978, 39.1642 ], [ 118.8863, 39.159699999000054 ], [ 118.872399999000095, 39.156400001000065 ], [ 118.8636, 39.155700001000071 ], [ 118.8505, 39.1575 ], [ 118.8445, 39.1594 ], [ 118.8323, 39.1633 ], [ 118.8308, 39.1633 ], [ 118.8249, 39.163699999000073 ], [ 118.822000001000106, 39.1622 ], [ 118.8122, 39.1536 ], [ 118.8014, 39.147999999000035 ], [ 118.78, 39.1467 ], [ 118.74070000100005, 39.143 ], [ 118.7282, 39.1428 ], [ 118.716800001000024, 39.1458 ], [ 118.700199998000016, 39.1523 ], [ 118.6961, 39.1578 ], [ 118.6913, 39.1641 ], [ 118.687799999000049, 39.1931 ], [ 118.6855, 39.1958 ], [ 118.6829, 39.1961 ], [ 118.680999999000051, 39.1924 ], [ 118.6829, 39.1854 ], [ 118.681, 39.1743 ], [ 118.6712, 39.18080000100008 ], [ 118.655900001000077, 39.1846 ], [ 118.6252, 39.1869 ], [ 118.6159, 39.1937 ], [ 118.610799999000051, 39.190100001000076 ], [ 118.6038, 39.1852 ], [ 118.5816, 39.178 ], [ 118.560100001000023, 39.168 ], [ 118.5519, 39.1658 ], [ 118.542800002000035, 39.1635 ], [ 118.5342, 39.1551 ], [ 118.528600002000076, 39.1556 ], [ 118.5235, 39.1476 ], [ 118.5086, 39.1319 ], [ 118.4748, 39.1077 ], [ 118.4456, 39.0915 ], [ 118.4334, 39.0856 ], [ 118.4125, 39.0755 ], [ 118.3897, 39.0604 ], [ 118.3733, 39.054700001000072 ], [ 118.3539, 39.0457 ], [ 118.3303, 39.0386 ], [ 118.318, 39.0381 ], [ 118.3112, 39.0397 ], [ 118.292600000000107, 39.0484 ], [ 118.2962, 39.0524 ], [ 118.295400001000075, 39.0551 ], [ 118.290000001000067, 39.0567 ], [ 118.285300001, 39.061099999000078 ], [ 118.2808, 39.0589 ], [ 118.275, 39.0619 ], [ 118.2717, 39.053900001000045 ], [ 118.2653, 39.0619 ], [ 118.2645, 39.0656 ], [ 118.2621, 39.0662 ], [ 118.257299999, 39.0726 ], [ 118.2432, 39.0856 ], [ 118.231300001000022, 39.0956 ], [ 118.1964, 39.1334 ], [ 118.1858, 39.1518 ], [ 118.162499999000033, 39.1825 ], [ 118.1535, 39.1894 ], [ 118.1383, 39.201 ], [ 118.0968, 39.2174 ], [ 118.0729, 39.2235 ], [ 118.0655, 39.2278 ], [ 118.033500001000107, 39.2267 ], [ 117.980900001, 39.22 ], [ 117.9626, 39.216800001000081 ], [ 117.940700000000106, 39.2109 ], [ 117.932699999000079, 39.2106 ], [ 117.914300001000015, 39.20979999900004 ], [ 117.884500001000106, 39.200200001000042 ], [ 117.855100000000107, 39.1885 ], [ 117.836299999000062, 39.1798 ], [ 117.81769999900007, 39.1671 ], [ 117.7969, 39.1508 ], [ 117.774100002000068, 39.125 ], [ 117.7692, 39.1159 ], [ 117.7554, 39.1031 ], [ 117.7444, 39.0973 ], [ 117.7373, 39.0979 ], [ 117.7331, 39.0946 ], [ 117.7235, 39.0925 ], [ 117.7236, 39.087 ], [ 117.731499999000107, 39.0844 ], [ 117.736300001000018, 39.0789 ], [ 117.744599998000012, 39.074 ], [ 117.749399999000048, 39.0616 ], [ 117.753, 39.0443 ], [ 117.7535, 39.008799999000075 ], [ 117.7644, 39.0045 ], [ 117.757800001000078, 38.986700001000088 ], [ 117.7562, 38.9829 ], [ 117.74, 38.9848 ], [ 117.7341, 38.984 ], [ 117.7297, 38.9801 ], [ 117.726300001000027, 38.98 ], [ 117.7186, 38.985900001000061 ], [ 117.702599999000086, 38.9863 ], [ 117.7004, 38.9846 ], [ 117.715699999000094, 38.9649 ], [ 117.716499998000018, 38.9615 ], [ 117.7097, 38.950700001000087 ], [ 117.708300001, 38.9419 ], [ 117.6691, 38.9039 ], [ 117.659800001, 38.9077 ], [ 117.6579, 38.9084 ], [ 117.645, 38.8942 ], [ 117.628099999000028, 38.8757 ], [ 117.6347, 38.8702 ], [ 117.6149, 38.8457 ], [ 117.6098, 38.8466 ], [ 117.606500001000086, 38.8417 ], [ 117.6056, 38.8405 ], [ 117.6096, 38.837 ], [ 117.5825, 38.7961 ], [ 117.5807, 38.7915 ], [ 117.5721, 38.771 ], [ 117.5627, 38.764 ], [ 117.5695, 38.7592 ], [ 117.563099999000087, 38.736 ], [ 117.548699999000064, 38.7362 ], [ 117.5456, 38.6999 ], [ 117.5424, 38.6878 ], [ 117.5346, 38.6854 ], [ 117.5255, 38.685 ], [ 117.5215, 38.6863 ], [ 117.550100001000033, 38.6209 ], [ 117.547, 38.616 ], [ 117.5498, 38.6107 ], [ 117.554400000000101, 38.608700001000045 ], [ 117.554899999000099, 38.6025 ], [ 117.591, 38.5453 ], [ 117.5894, 38.5416 ], [ 117.6036, 38.512 ], [ 117.6161, 38.4979 ], [ 117.6236, 38.4822 ], [ 117.644300001000033, 38.4558 ], [ 117.649899999000013, 38.44129999900008 ], [ 117.662, 38.420800001000089 ], [ 117.6995, 38.3718 ], [ 117.700700001000087, 38.3702 ], [ 117.7158, 38.3549 ], [ 117.7234, 38.3499 ], [ 117.7261, 38.3452 ], [ 117.750000001000103, 38.325 ], [ 117.8014, 38.2859 ], [ 117.802, 38.2823 ], [ 117.8059, 38.2799 ], [ 117.815699999, 38.2778 ], [ 117.8309, 38.2643 ], [ 117.83910000100002, 38.2628 ], [ 117.8487, 38.2632 ], [ 117.8606, 38.2638 ], [ 117.87, 38.2619 ], [ 117.8741, 38.2543 ], [ 117.8805, 38.2538 ], [ 117.8875, 38.2539 ], [ 117.9012, 38.2485 ], [ 117.9393, 38.231599999000082 ], [ 117.945699999, 38.2275 ], [ 117.9515, 38.2193 ], [ 117.9449, 38.205900001000089 ], [ 117.9593, 38.2084 ], [ 117.967600001000051, 38.2053 ], [ 117.974699999000109, 38.1999 ], [ 117.975400001000025, 38.1978 ], [ 117.972399999, 38.1952 ], [ 117.961100000000101, 38.1917 ], [ 117.9685, 38.1881 ], [ 117.9853, 38.1928 ], [ 118.000799999000037, 38.1925 ], [ 118.0112, 38.1888 ], [ 118.024500000000103, 38.1804 ], [ 118.0398, 38.1611 ], [ 118.0427, 38.1525 ], [ 118.0411, 38.1469 ], [ 118.034500001000083, 38.141400001000079 ], [ 118.0284, 38.1324 ], [ 118.0375, 38.1271 ], [ 118.042000001000019, 38.133 ], [ 118.0538, 38.1429 ], [ 118.063099999000087, 38.1564 ], [ 118.075699999000108, 38.1413 ], [ 118.086899999000025, 38.1344 ], [ 118.091799999000045, 38.122 ], [ 118.0964, 38.1192 ], [ 118.0979, 38.1227 ], [ 118.095600000000104, 38.1298 ], [ 118.093800001000091, 38.1354 ], [ 118.0962, 38.1396 ], [ 118.1037, 38.1434 ], [ 118.1192, 38.147 ], [ 118.137900001000048, 38.141400001000079 ], [ 118.1448, 38.141400001000079 ], [ 118.1455, 38.135499999000047 ], [ 118.1478, 38.1354 ], [ 118.1544, 38.145 ], [ 118.158299999000064, 38.1479 ], [ 118.1669, 38.1492 ], [ 118.1785, 38.1495 ], [ 118.2023, 38.1413 ], [ 118.2171, 38.141 ], [ 118.22069999900009, 38.1395 ], [ 118.226400001, 38.1374 ], [ 118.226500000000101, 38.1362 ], [ 118.2289, 38.1398 ], [ 118.2331, 38.1412 ], [ 118.258799999000075, 38.1383 ], [ 118.2741, 38.1405 ], [ 118.286, 38.135499999000047 ], [ 118.2921, 38.1312 ], [ 118.2968, 38.1304 ], [ 118.3056, 38.1331 ], [ 118.3115, 38.1312 ], [ 118.3144, 38.1321 ], [ 118.3226, 38.1349 ], [ 118.324300001000097, 38.140899999000055 ], [ 118.3287, 38.1441 ], [ 118.3442, 38.147 ], [ 118.3539, 38.144600001000072 ], [ 118.369600000000105, 38.1361 ], [ 118.374200001000077, 38.1372 ], [ 118.3706, 38.1474 ], [ 118.3726, 38.148599999000055 ], [ 118.3808, 38.1475 ], [ 118.3891, 38.1435 ], [ 118.391099999000062, 38.1404 ], [ 118.382399999000086, 38.1396 ], [ 118.3829, 38.1373 ], [ 118.386800000000108, 38.1342 ], [ 118.393, 38.1324 ], [ 118.4032, 38.1326 ], [ 118.4103, 38.1301 ], [ 118.4258, 38.1284 ], [ 118.4623, 38.1244 ], [ 118.4814, 38.1171 ], [ 118.4987, 38.1086 ], [ 118.506999999000072, 38.1013 ], [ 118.5112, 38.095300001000055 ], [ 118.5202, 38.089899999000068 ], [ 118.5261, 38.0885 ], [ 118.5315, 38.0812 ], [ 118.5346, 38.067999999000051 ], [ 118.5325, 38.0608 ], [ 118.5295, 38.0572 ], [ 118.519499999, 38.045100001000037 ], [ 118.5202, 38.0436 ], [ 118.524700001000042, 38.0449 ], [ 118.5336, 38.0521 ], [ 118.5386, 38.0605 ], [ 118.543500000000108, 38.0598 ], [ 118.55229999900007, 38.0496 ], [ 118.5563, 38.0502 ], [ 118.53969999900005, 38.0835 ], [ 118.5418, 38.092100001000063 ], [ 118.5384, 38.100000001000069 ], [ 118.5393, 38.1055 ], [ 118.543499999, 38.1073 ], [ 118.560699999, 38.1066 ], [ 118.5638, 38.113499999000055 ], [ 118.5645, 38.1152 ], [ 118.5745, 38.1076 ], [ 118.579300000000103, 38.1059 ], [ 118.580599999000015, 38.10709999900007 ], [ 118.5762, 38.114299999000082 ], [ 118.567700001000048, 38.1195 ], [ 118.5753, 38.1232 ], [ 118.5746, 38.1252 ], [ 118.5709, 38.1292 ], [ 118.5676, 38.1302 ], [ 118.560800001000075, 38.1288 ], [ 118.5592, 38.1308 ], [ 118.562499999000011, 38.133699999000044 ], [ 118.5736, 38.1316 ], [ 118.5885, 38.1203 ], [ 118.5925, 38.1215 ], [ 118.5884, 38.1269 ], [ 118.5781, 38.1341 ], [ 118.5741, 38.1387 ], [ 118.5736, 38.141 ], [ 118.577, 38.1471 ], [ 118.5791, 38.1475 ], [ 118.581, 38.148 ], [ 118.5875, 38.1466 ], [ 118.5909, 38.1433 ], [ 118.5902, 38.1412 ], [ 118.594100001000015, 38.1381 ], [ 118.6027, 38.1405 ], [ 118.612599999000054, 38.1402 ], [ 118.6213, 38.1352 ], [ 118.6278, 38.1361 ], [ 118.625500000000102, 38.1418 ], [ 118.6281, 38.1433 ], [ 118.635999999000092, 38.1411 ], [ 118.648499999000023, 38.142 ], [ 118.6543, 38.1374 ], [ 118.6583, 38.137600001000067 ], [ 118.6719, 38.1479 ], [ 118.676200000000108, 38.1483 ], [ 118.683999999000093, 38.1445 ], [ 118.689, 38.1488 ], [ 118.688000000000102, 38.1611 ], [ 118.689199999000039, 38.1615 ], [ 118.6911, 38.1622 ], [ 118.6955, 38.1607 ], [ 118.7006, 38.1536 ], [ 118.705, 38.152400001000046 ], [ 118.7081, 38.1552 ], [ 118.708500001000061, 38.1626 ], [ 118.7054, 38.1659 ], [ 118.6961, 38.1701 ], [ 118.6929, 38.1748 ], [ 118.6944, 38.1793 ], [ 118.6992, 38.1826 ], [ 118.7279, 38.1878 ], [ 118.756499999000084, 38.1997 ], [ 118.772700001000089, 38.2016 ], [ 118.7802, 38.2076 ], [ 118.7854, 38.2117 ], [ 118.7942, 38.2116 ], [ 118.7991, 38.2069 ], [ 118.8013, 38.199400001000072 ], [ 118.8023, 38.200900001000036 ], [ 118.8101, 38.2021 ], [ 118.813200001000041, 38.208099999000069 ], [ 118.8259, 38.2159 ], [ 118.8301, 38.217 ], [ 118.8329, 38.2155 ], [ 118.8414, 38.2089 ], [ 118.8537, 38.1759 ], [ 118.8516, 38.1579 ], [ 118.8433, 38.1562 ], [ 118.8405, 38.1493 ], [ 118.845, 38.1366 ], [ 118.8419, 38.129600001000085 ], [ 118.8426, 38.1256 ], [ 118.8428, 38.124300001000051 ], [ 118.839300001000083, 38.115 ], [ 118.8426, 38.0973 ], [ 118.848500001000048, 38.08599999900008 ], [ 118.8472, 38.083 ], [ 118.8344, 38.0784 ], [ 118.8344, 38.0745 ], [ 118.8373, 38.0739 ], [ 118.851500000000101, 38.07969999900007 ], [ 118.855800001000034, 38.0746 ], [ 118.8554, 38.0677 ], [ 118.85219999900005, 38.061799999000073 ], [ 118.8608, 38.0582 ], [ 118.8716, 38.0634 ], [ 118.883, 38.0716 ], [ 118.8923, 38.070399999000074 ], [ 118.906799998, 38.0752 ], [ 118.912299998000094, 38.0757 ], [ 118.9299, 38.0733 ], [ 118.932100000000105, 38.0745 ], [ 118.9433, 38.0616 ], [ 118.9522, 38.0374 ], [ 118.9485, 38.0251 ], [ 118.948400000000106, 38.0153 ], [ 118.948399998000014, 38.0074 ], [ 118.9435, 37.9917 ], [ 118.9428, 37.9784 ], [ 118.9477, 37.9785 ], [ 118.9532, 37.9941 ], [ 118.9595, 38.0053 ], [ 118.965, 38.0105 ], [ 118.971099999000103, 38.0096 ], [ 118.9821, 38.0006 ], [ 118.9817, 37.9967 ], [ 118.9921, 37.9699 ], [ 118.9972, 37.967899999000053 ], [ 118.9981, 37.9571 ], [ 118.9929, 37.9528 ], [ 118.9838, 37.9536 ], [ 118.9843, 37.949799999000049 ], [ 119.0004, 37.943 ], [ 119.007600001000014, 37.9373 ], [ 119.0143, 37.9274 ], [ 119.0182, 37.9135 ], [ 119.023600000000101, 37.8734 ], [ 119.023600000000101, 37.8688 ], [ 119.023399999000048, 37.8682 ], [ 119.016, 37.8488 ], [ 119.0048, 37.8367 ], [ 119.003199999, 37.8298 ], [ 119.005, 37.8181 ], [ 119.0036, 37.813 ], [ 118.9971, 37.8091 ], [ 118.9953, 37.8063 ], [ 118.9963, 37.8027 ], [ 119.00379999900008, 37.7977 ], [ 119.007, 37.7976 ], [ 119.0098, 37.794700001000081 ], [ 119.0094, 37.7921 ], [ 119.006600001000038, 37.7891 ], [ 119.0017, 37.7884 ], [ 118.9935, 37.790900001000068 ], [ 118.992700001, 37.7842 ], [ 119.011500001000059, 37.7748 ], [ 119.0253, 37.7718 ], [ 119.0269, 37.771399999000039 ], [ 119.045, 37.7642 ], [ 119.0516, 37.7601 ], [ 119.0547, 37.7604 ], [ 119.07, 37.755 ], [ 119.0729, 37.751 ], [ 119.077300001000026, 37.7282 ], [ 119.073499999000092, 37.7175 ], [ 119.074, 37.7081 ], [ 119.0706, 37.702 ], [ 119.0622, 37.69779999900004 ], [ 119.0541, 37.687500001000046 ], [ 119.0491, 37.6843 ], [ 119.0472, 37.684 ], [ 119.0429, 37.6871 ], [ 119.0345, 37.693000001000087 ], [ 119.0307, 37.6935 ], [ 119.029, 37.6923 ], [ 119.038800001000027, 37.6848 ], [ 119.039600001000053, 37.678900001000045 ], [ 119.0283, 37.6646 ], [ 118.9908, 37.6279 ], [ 118.9837, 37.6201 ], [ 118.983, 37.6171 ], [ 118.9737, 37.609 ], [ 118.9695, 37.6068 ], [ 118.9648, 37.6071 ], [ 118.9621, 37.5956 ], [ 118.9567, 37.573299999000085 ], [ 118.9525000000001, 37.5656 ], [ 118.951346029000092, 37.538179433000039 ], [ 118.950400001000048, 37.5157 ], [ 118.947500000000105, 37.5005 ], [ 118.949999999000056, 37.4875 ], [ 118.950899999000058, 37.4711 ], [ 118.9517, 37.4557 ], [ 118.956100000000106, 37.439500001000056 ], [ 118.9556, 37.4182 ], [ 118.9617, 37.3961 ], [ 118.9645, 37.3717 ], [ 118.954400001000067, 37.3571 ], [ 118.9436, 37.3546 ], [ 118.948399999, 37.3525 ], [ 118.9557, 37.3493 ], [ 118.967300001000012, 37.3415 ], [ 118.9844, 37.3242 ], [ 118.9918, 37.3139 ], [ 118.994, 37.306599999000071 ], [ 118.992999999000062, 37.2981 ], [ 118.985099999, 37.290000001000067 ], [ 118.979, 37.2871 ], [ 118.94899999900008, 37.2839 ], [ 118.938000000000102, 37.280600001000039 ], [ 118.9331, 37.2815 ], [ 118.9298, 37.2839 ], [ 118.925300000000107, 37.286999999000045 ], [ 118.9148, 37.2894 ], [ 118.90439999900002, 37.2906 ], [ 118.894100002000073, 37.290000001000067 ], [ 118.8900000000001, 37.287600001000044 ], [ 118.9101, 37.2812 ], [ 118.925500001000046, 37.2778 ], [ 118.9341, 37.2731 ], [ 118.940700000000106, 37.2731 ], [ 118.953100001000053, 37.278300001000048 ], [ 118.9752, 37.2775 ], [ 118.9843, 37.2788 ], [ 119.0054, 37.2861 ], [ 119.01260000100001, 37.286199999000075 ], [ 119.020200001000035, 37.2832 ], [ 119.033100000000104, 37.2738 ], [ 119.041499999000052, 37.2727 ], [ 119.0456, 37.2703 ], [ 119.0469, 37.2679 ], [ 119.0458, 37.2629 ], [ 119.0446, 37.2575 ], [ 119.0481, 37.256399999000053 ], [ 119.054400000000101, 37.2514 ], [ 119.0591, 37.2552 ], [ 119.066300001000059, 37.255 ], [ 119.0678, 37.2582 ], [ 119.072, 37.2602 ], [ 119.0751, 37.256399999000053 ], [ 119.074299999, 37.2502 ], [ 119.0767, 37.243000001000041 ], [ 119.088399999000103, 37.2335 ], [ 119.116, 37.2161 ], [ 119.1179, 37.212699999000051 ], [ 119.117200001000015, 37.204 ], [ 119.120300001000032, 37.205 ], [ 119.1262, 37.2123 ], [ 119.137, 37.208099999000069 ], [ 119.146, 37.2065 ], [ 119.15280000100006, 37.2021 ], [ 119.1615, 37.1965 ], [ 119.173099999000101, 37.192999999000051 ], [ 119.183699999000055, 37.193799999000078 ], [ 119.1887, 37.1908 ], [ 119.197199999000077, 37.1869 ], [ 119.1986, 37.187599999000042 ], [ 119.205899999000053, 37.1856 ], [ 119.212499999000102, 37.1803 ], [ 119.2248, 37.175199999000085 ], [ 119.2275, 37.1725 ], [ 119.2461, 37.1686 ], [ 119.2775, 37.1588 ], [ 119.2783, 37.1611 ], [ 119.2836, 37.1645 ], [ 119.2857, 37.166 ], [ 119.2881, 37.1651 ], [ 119.302, 37.1557 ], [ 119.3289, 37.152 ], [ 119.3497, 37.1531 ], [ 119.370500000000106, 37.1512 ], [ 119.387100001000022, 37.1497 ], [ 119.4014, 37.1513 ], [ 119.407200000000103, 37.1497 ], [ 119.4114, 37.1519 ], [ 119.432899999000028, 37.152300001000071 ], [ 119.465299999000081, 37.15699999900005 ], [ 119.494499999000027, 37.1572 ], [ 119.512, 37.155499999000085 ], [ 119.5214, 37.152300001000071 ], [ 119.5234, 37.1498 ], [ 119.5348, 37.1483 ], [ 119.537600001000101, 37.1542 ], [ 119.551699999000107, 37.1475 ], [ 119.5594, 37.1365 ], [ 119.5626, 37.134300001000042 ], [ 119.565500001000032, 37.1392 ], [ 119.5658, 37.146099999000057 ], [ 119.570700000000102, 37.1506 ], [ 119.5775000000001, 37.1527 ], [ 119.5859, 37.1513 ], [ 119.5871, 37.1497 ], [ 119.585200001000089, 37.1467 ], [ 119.580200000000104, 37.1449 ], [ 119.579199999000025, 37.1408 ], [ 119.592299999000033, 37.136799999000061 ], [ 119.598300001000098, 37.137 ], [ 119.605, 37.1402 ], [ 119.6155, 37.1419 ], [ 119.6217, 37.139799999000047 ], [ 119.649499999, 37.1385 ], [ 119.679800001000103, 37.1399 ], [ 119.6973, 37.1392 ], [ 119.708599999000057, 37.1396 ], [ 119.7102000000001, 37.1656 ], [ 119.7698, 37.166 ], [ 119.7726, 37.171899999000061 ], [ 119.7789, 37.1774 ], [ 119.8027, 37.1898 ], [ 119.813000000000102, 37.1974 ], [ 119.8271, 37.2024 ], [ 119.83770000100003, 37.2086 ], [ 119.8407, 37.2128 ], [ 119.8417, 37.217 ], [ 119.842600001000051, 37.2205 ], [ 119.8472, 37.225899999000035 ], [ 119.8531, 37.2293 ], [ 119.8664, 37.2271 ], [ 119.878200000000106, 37.2318 ], [ 119.8805, 37.2312 ], [ 119.8879, 37.2458 ], [ 119.8865, 37.2515 ], [ 119.8941, 37.262699999000063 ], [ 119.905499999000085, 37.2968 ], [ 119.8976, 37.312799999000049 ], [ 119.8925, 37.3111 ], [ 119.89510000100006, 37.3056 ], [ 119.895, 37.3015 ], [ 119.892300001000081, 37.3021 ], [ 119.8877, 37.3107 ], [ 119.8829, 37.3152 ], [ 119.879100000000108, 37.322199999000077 ], [ 119.876, 37.3278 ], [ 119.8727, 37.3307 ], [ 119.8557, 37.3316 ], [ 119.8525, 37.3338 ], [ 119.8502, 37.3409 ], [ 119.843100001000039, 37.3446 ], [ 119.8409, 37.3493 ], [ 119.842400001000101, 37.354 ], [ 119.8469, 37.3571 ], [ 119.8618, 37.3637 ], [ 119.859700001000078, 37.3657 ], [ 119.854200000000105, 37.366 ], [ 119.8409, 37.3608 ], [ 119.8372, 37.3621 ], [ 119.8385, 37.3644 ], [ 119.8427, 37.3677 ], [ 119.862800000000107, 37.3731 ], [ 119.915500001000055, 37.3769 ], [ 119.924600001000044, 37.3792 ], [ 119.9327, 37.3837 ], [ 119.9348, 37.3879 ], [ 119.933700001000034, 37.3917 ], [ 119.9326, 37.3991 ], [ 119.9401, 37.4062 ], [ 119.959, 37.4074 ], [ 119.9713, 37.4098 ], [ 119.9962, 37.4178 ], [ 119.997, 37.4196 ], [ 119.9987, 37.4195 ], [ 120.000000001000103, 37.4219 ], [ 120.003199999, 37.4281 ], [ 120.001299999000025, 37.4333 ], [ 120.004100000000108, 37.4352 ], [ 120.045300001000101, 37.4333 ], [ 120.048500000000104, 37.431600001000049 ], [ 120.0549, 37.4339 ], [ 120.061000001000025, 37.436 ], [ 120.0809, 37.440200001000051 ], [ 120.0868, 37.4433 ], [ 120.088800000000106, 37.45209999900004 ], [ 120.0964, 37.4557 ], [ 120.1398, 37.4699 ], [ 120.1519, 37.476 ], [ 120.163, 37.4847 ], [ 120.1752, 37.4903 ], [ 120.1851, 37.4969 ], [ 120.1881, 37.4989 ], [ 120.2205, 37.5222 ], [ 120.235, 37.5345 ], [ 120.241099999000085, 37.5468 ], [ 120.2476, 37.551 ], [ 120.2595, 37.5552 ], [ 120.2722, 37.563100001000066 ], [ 120.2887, 37.5807 ], [ 120.299700001000019, 37.5883 ], [ 120.3132, 37.6047 ], [ 120.315799999000092, 37.6105 ], [ 120.3163, 37.6286 ], [ 120.3266, 37.6447 ], [ 120.3222, 37.6512 ], [ 120.3211, 37.6528 ], [ 120.321699999000089, 37.6592 ], [ 120.3008, 37.6718 ], [ 120.2958, 37.673500001000036 ], [ 120.2408, 37.6708 ], [ 120.233299999, 37.6725 ], [ 120.229399999000066, 37.6694 ], [ 120.225899999000035, 37.6695 ], [ 120.220999998000025, 37.6829 ], [ 120.230199999000092, 37.683600001000059 ], [ 120.234200000000101, 37.686 ], [ 120.2468, 37.6842 ], [ 120.2643, 37.6817 ], [ 120.34, 37.686 ], [ 120.381, 37.699399999000036 ], [ 120.3988, 37.7076 ], [ 120.3997, 37.7081 ], [ 120.4449, 37.7417 ], [ 120.4538, 37.7437 ], [ 120.4714, 37.7443 ], [ 120.4859, 37.7428 ], [ 120.4888, 37.7406 ], [ 120.5111, 37.7471 ], [ 120.5178, 37.747 ], [ 120.5838000010001, 37.7556 ], [ 120.5935, 37.759699999000077 ], [ 120.6031, 37.7671 ], [ 120.6179, 37.7785 ], [ 120.6349, 37.7727 ], [ 120.66, 37.7826 ], [ 120.69269999900007, 37.8051 ], [ 120.7173, 37.8194 ], [ 120.73440000100004, 37.8236 ], [ 120.735, 37.8399 ], [ 120.7456, 37.8384 ], [ 120.745099999000104, 37.8344 ], [ 120.752999998000064, 37.8311 ], [ 120.752999999000053, 37.8224 ], [ 120.7554, 37.8204 ], [ 120.7776, 37.8222 ], [ 120.7857, 37.8205 ], [ 120.7955, 37.813799999000082 ], [ 120.805099999000049, 37.8113 ], [ 120.8309, 37.8093 ], [ 120.8366, 37.8103 ], [ 120.844, 37.8146 ], [ 120.8513, 37.82 ], [ 120.8572, 37.827 ], [ 120.8685, 37.824500001000047 ], [ 120.8731, 37.8266 ], [ 120.88, 37.8267 ], [ 120.8864, 37.8243 ], [ 120.895, 37.8169 ], [ 120.904799999000033, 37.8181 ], [ 120.920499999000072, 37.813799999000082 ], [ 120.9258, 37.815299999000047 ], [ 120.93, 37.8224 ], [ 120.933900000000108, 37.8233 ], [ 120.9384, 37.8212 ], [ 120.9386, 37.8146 ], [ 120.9363, 37.8083 ], [ 120.9418, 37.7995 ], [ 120.939, 37.7969 ], [ 120.9281, 37.7926 ], [ 120.926200000000108, 37.788 ], [ 120.9291, 37.7784 ], [ 120.9331, 37.7723 ], [ 120.9507, 37.7609 ], [ 120.9712, 37.7517 ], [ 120.985200001000067, 37.746 ], [ 120.9939, 37.7457 ], [ 120.9976, 37.7366 ], [ 121.0052, 37.73440000100004 ], [ 121.00769999900001, 37.7252 ], [ 121.0101, 37.716400001000068 ], [ 121.018, 37.7108 ], [ 121.023799999000062, 37.7093 ], [ 121.0618, 37.7018 ], [ 121.0813, 37.7076 ], [ 121.0919, 37.7085 ], [ 121.1029, 37.7064 ], [ 121.1156, 37.7075 ], [ 121.121400000000108, 37.7053 ], [ 121.1286, 37.7078 ], [ 121.134100000000103, 37.7069 ], [ 121.142199999000013, 37.6956 ], [ 121.1429, 37.6901 ], [ 121.1416, 37.686700001000077 ], [ 121.1328, 37.6787 ], [ 121.1317, 37.6766 ], [ 121.128200000000106, 37.6702 ], [ 121.1256, 37.6591 ], [ 121.133300001000066, 37.6526 ], [ 121.14250000100003, 37.6516 ], [ 121.146299999, 37.6498 ], [ 121.1490999990001, 37.6441 ], [ 121.146099999000057, 37.6379 ], [ 121.135000000000105, 37.6329 ], [ 121.1322, 37.6296 ], [ 121.1316, 37.6223 ], [ 121.1351, 37.608599999000035 ], [ 121.1414, 37.5991 ], [ 121.1523, 37.5903 ], [ 121.164900000000102, 37.5846 ], [ 121.17099999900006, 37.5831 ], [ 121.2211, 37.5706 ], [ 121.246400000000108, 37.5713 ], [ 121.2655, 37.56860000100005 ], [ 121.291, 37.570900001000041 ], [ 121.2951, 37.567700001000048 ], [ 121.2847, 37.5518 ], [ 121.282299999000088, 37.54 ], [ 121.274399999000025, 37.5298 ], [ 121.2761, 37.527100001000065 ], [ 121.2857, 37.5368 ], [ 121.2905, 37.5457 ], [ 121.291, 37.5556 ], [ 121.2984, 37.5628 ], [ 121.2988, 37.5696 ], [ 121.3023, 37.5713 ], [ 121.320200001000103, 37.5744 ], [ 121.332300001000021, 37.5766 ], [ 121.3446, 37.5832 ], [ 121.356899999, 37.5854 ], [ 121.3631, 37.5906 ], [ 121.3658, 37.5989 ], [ 121.3654, 37.603 ], [ 121.357899999000097, 37.6113 ], [ 121.3481, 37.615500001000044 ], [ 121.347400000000107, 37.6197 ], [ 121.3419, 37.6214 ], [ 121.3415, 37.6239 ], [ 121.347, 37.62260000100008 ], [ 121.3516, 37.6245 ], [ 121.3641, 37.619 ], [ 121.378200001000096, 37.6183 ], [ 121.3843, 37.6161 ], [ 121.389900001, 37.6104 ], [ 121.395600001000048, 37.604600001000051 ], [ 121.403399999000044, 37.6004 ], [ 121.4164, 37.5996 ], [ 121.4264, 37.5938 ], [ 121.4281, 37.5913 ], [ 121.4271, 37.587 ], [ 121.420499999000072, 37.5869 ], [ 121.3947, 37.5922 ], [ 121.389400001000013, 37.5958 ], [ 121.384, 37.595900001000075 ], [ 121.38, 37.5922 ], [ 121.3746000000001, 37.5921 ], [ 121.3658, 37.5853 ], [ 121.362800000000107, 37.5766 ], [ 121.3646, 37.5651 ], [ 121.3671, 37.557600001000083 ], [ 121.3708, 37.5467 ], [ 121.375500000000102, 37.5447 ], [ 121.382199999000022, 37.5494 ], [ 121.3863, 37.547400001000085 ], [ 121.382399999000086, 37.5411 ], [ 121.3833, 37.5402 ], [ 121.3897, 37.5405 ], [ 121.3953, 37.5445 ], [ 121.4045, 37.534999999000036 ], [ 121.4115, 37.531899999000075 ], [ 121.4224, 37.5312 ], [ 121.434300001, 37.526300001000038 ], [ 121.4382, 37.5199 ], [ 121.4417, 37.5175 ], [ 121.451299999000071, 37.5144 ], [ 121.4517, 37.511 ], [ 121.44519999900001, 37.5026 ], [ 121.4485, 37.4983 ], [ 121.4477, 37.4931 ], [ 121.447500000000105, 37.4917 ], [ 121.4488, 37.4855 ], [ 121.4548, 37.4769 ], [ 121.4723, 37.4641 ], [ 121.5092, 37.4458 ], [ 121.5181, 37.4496 ], [ 121.5258, 37.4495 ], [ 121.5266, 37.4426 ], [ 121.529200001000049, 37.4408 ], [ 121.537600001000101, 37.439500001000056 ], [ 121.5388, 37.437299999000061 ], [ 121.536900001000049, 37.4324 ], [ 121.5389, 37.430199999000081 ], [ 121.545799999, 37.4314 ], [ 121.5548, 37.4272 ], [ 121.5614, 37.427700001000062 ], [ 121.5708, 37.418 ], [ 121.5736, 37.4199 ], [ 121.5724, 37.4244 ], [ 121.5735, 37.426999999000088 ], [ 121.5893, 37.426999999000088 ], [ 121.611000000000104, 37.4314 ], [ 121.6132, 37.431 ], [ 121.6177, 37.4303 ], [ 121.6397, 37.4352 ], [ 121.6439, 37.4382 ], [ 121.6490999990001, 37.4367 ], [ 121.6584, 37.4297 ], [ 121.6682, 37.4308 ], [ 121.6776, 37.436399999000059 ], [ 121.689, 37.439699999000084 ], [ 121.69129999900008, 37.4416 ], [ 121.6895, 37.443400001000043 ], [ 121.6763, 37.4426 ], [ 121.6693, 37.4475 ], [ 121.6618, 37.449 ], [ 121.6555, 37.4611 ], [ 121.6484, 37.4706 ], [ 121.6512, 37.4721 ], [ 121.652100001, 37.4703 ], [ 121.656800001000079, 37.4667 ], [ 121.6752, 37.454 ], [ 121.7089, 37.4501 ], [ 121.72790000100008, 37.4496 ], [ 121.7368, 37.4461 ], [ 121.7425, 37.435600001000068 ], [ 121.748, 37.4322 ], [ 121.750700001000041, 37.4268 ], [ 121.755400001, 37.4254 ], [ 121.7569, 37.4209 ], [ 121.765900000000101, 37.416 ], [ 121.7696, 37.4158 ], [ 121.771, 37.4176 ], [ 121.7726, 37.425 ], [ 121.771700001, 37.4286 ], [ 121.7633, 37.4299 ], [ 121.7603, 37.4365 ], [ 121.7548, 37.4383 ], [ 121.7527, 37.4412 ], [ 121.7578, 37.4475 ], [ 121.7658, 37.4506 ], [ 121.7902, 37.4504 ], [ 121.8488, 37.454499999000063 ], [ 121.863700000000108, 37.4564 ], [ 121.887999999000044, 37.4596 ], [ 121.9231, 37.462 ], [ 121.9394, 37.4658 ], [ 121.945700000000102, 37.4645 ], [ 121.950400001000048, 37.4596 ], [ 121.9517, 37.454499999000063 ], [ 121.9495, 37.4485 ], [ 121.9449, 37.4448 ], [ 121.9331, 37.4461 ], [ 121.9234, 37.4407 ], [ 121.9206, 37.4363 ], [ 121.9283, 37.4261 ], [ 121.9281, 37.425 ], [ 121.927300001000049, 37.4203 ], [ 121.9305, 37.4181 ], [ 121.9422, 37.4214 ], [ 121.950000001000035, 37.418499999000062 ], [ 121.959100001000024, 37.4211 ], [ 121.9617, 37.4205 ], [ 121.9664, 37.4146 ], [ 121.972400000000107, 37.416899999000066 ], [ 121.972000002000073, 37.4226 ], [ 121.9758, 37.4241 ], [ 121.9793, 37.4172 ], [ 121.9839, 37.4202 ], [ 121.98229999900002, 37.4264 ], [ 121.987700001, 37.4297 ], [ 121.987700001, 37.4329 ], [ 121.9727, 37.451299999000071 ], [ 121.9631, 37.4579 ], [ 121.9619, 37.4608 ], [ 121.964, 37.4683 ], [ 121.9646, 37.4705 ], [ 121.9619, 37.4753 ], [ 121.954999999000052, 37.4756 ], [ 121.9559, 37.4777 ], [ 121.9803, 37.4798 ], [ 121.9865, 37.484 ], [ 121.992, 37.4845 ], [ 121.994599999, 37.4818 ], [ 121.9938, 37.4761 ], [ 121.9954, 37.4715 ], [ 122.0002, 37.474099999000089 ], [ 122.000399999000024, 37.4812 ], [ 121.998500001000025, 37.4882 ], [ 121.9939, 37.4912 ], [ 122.0146, 37.5072 ], [ 122.017699999, 37.5084 ], [ 122.021500001000049, 37.5064 ], [ 122.0227000000001, 37.5025 ], [ 122.0302, 37.502999999000053 ], [ 122.0283, 37.499899999000036 ], [ 122.0303, 37.4977 ], [ 122.0351, 37.4987 ], [ 122.0362, 37.5038 ], [ 122.0341, 37.5085 ], [ 122.0194, 37.5141 ], [ 122.0144, 37.5184 ], [ 122.015000001000089, 37.5203 ], [ 122.0219, 37.5197 ], [ 122.0307, 37.523200001000077 ], [ 122.0367, 37.5237 ], [ 122.043, 37.526499999000066 ], [ 122.0464, 37.533400001000075 ], [ 122.051499999000043, 37.5339 ], [ 122.057099999, 37.5299 ], [ 122.0611, 37.529 ], [ 122.0723, 37.53 ], [ 122.074, 37.5323 ], [ 122.0679, 37.5382 ], [ 122.0712, 37.5438 ], [ 122.063900000000103, 37.5517 ], [ 122.065, 37.5538 ], [ 122.0685, 37.5534 ], [ 122.070899999000062, 37.551 ], [ 122.0732, 37.5488 ], [ 122.0766, 37.549099999000077 ], [ 122.0787, 37.542000001000076 ], [ 122.0854, 37.5409 ], [ 122.0892, 37.5368 ], [ 122.096900001000108, 37.5364 ], [ 122.107, 37.5384 ], [ 122.1081, 37.5436 ], [ 122.114699999000095, 37.543 ], [ 122.120100001000083, 37.546099999000035 ], [ 122.1166, 37.550600001000078 ], [ 122.1174, 37.5538 ], [ 122.1275, 37.5514 ], [ 122.1302, 37.5477 ], [ 122.1402, 37.5494 ], [ 122.1423, 37.5458 ], [ 122.136899999000093, 37.5425 ], [ 122.1401, 37.5366 ], [ 122.1519, 37.534200001000045 ], [ 122.1543, 37.531 ], [ 122.1542, 37.52 ], [ 122.156399999000087, 37.5181 ], [ 122.158499999000014, 37.5164 ], [ 122.1552, 37.5113 ], [ 122.1465, 37.5135 ], [ 122.1437, 37.5082 ], [ 122.1394, 37.5057 ], [ 122.1254, 37.5028 ], [ 122.1229, 37.4977 ], [ 122.1232, 37.4936 ], [ 122.127, 37.4893 ], [ 122.1363, 37.486599999000077 ], [ 122.138299999000083, 37.4839 ], [ 122.1347, 37.4772 ], [ 122.1347, 37.4738 ], [ 122.144, 37.4509 ], [ 122.149899999000013, 37.4416 ], [ 122.1583, 37.4341 ], [ 122.1578, 37.430199999000081 ], [ 122.1544, 37.4272 ], [ 122.152399999000068, 37.425499999000067 ], [ 122.156800001000079, 37.4217 ], [ 122.1596, 37.4226 ], [ 122.158100000000104, 37.4263 ], [ 122.161, 37.4295 ], [ 122.1703, 37.423000001000048 ], [ 122.177700001000062, 37.4216 ], [ 122.1823, 37.4224 ], [ 122.1869, 37.4259 ], [ 122.1928, 37.4342 ], [ 122.203299999000023, 37.4423 ], [ 122.211600001000079, 37.4419 ], [ 122.220499999000026, 37.448100001000057 ], [ 122.2325, 37.4478 ], [ 122.2371, 37.454 ], [ 122.2413, 37.4552 ], [ 122.2486, 37.4539 ], [ 122.2587, 37.448900001000084 ], [ 122.2661, 37.4488 ], [ 122.2708, 37.4462 ], [ 122.271900001000063, 37.4456 ], [ 122.2769, 37.4406 ], [ 122.2769, 37.438500001000079 ], [ 122.268299999000078, 37.4382 ], [ 122.267499999000052, 37.436399999000059 ], [ 122.272799999000085, 37.4211 ], [ 122.289599999000075, 37.4139 ], [ 122.2979, 37.4144 ], [ 122.302, 37.408200001000068 ], [ 122.3098, 37.4101 ], [ 122.331900001, 37.4046 ], [ 122.3391, 37.4049 ], [ 122.347400000000107, 37.4088 ], [ 122.3503, 37.4084 ], [ 122.3593, 37.402 ], [ 122.362600001000033, 37.4078 ], [ 122.3675, 37.4071 ], [ 122.3701, 37.408 ], [ 122.376099999000076, 37.4099 ], [ 122.3885, 37.4041 ], [ 122.3997, 37.403500001000054 ], [ 122.424400000000105, 37.4064 ], [ 122.4477, 37.4061 ], [ 122.457000001000097, 37.4142 ], [ 122.464799999000093, 37.4158 ], [ 122.4756, 37.4225 ], [ 122.478500001000043, 37.4228 ], [ 122.4797, 37.4187 ], [ 122.478599999000039, 37.4111 ], [ 122.482400001000087, 37.405800001000046 ], [ 122.4862, 37.4038 ], [ 122.4805, 37.4001 ], [ 122.476500000000101, 37.4024 ], [ 122.4744, 37.4037 ], [ 122.4718, 37.4033 ], [ 122.4707, 37.4007 ], [ 122.474, 37.3923 ], [ 122.4723, 37.389499999000066 ], [ 122.4596, 37.3867 ], [ 122.4574, 37.38230000100009 ], [ 122.4583, 37.38 ], [ 122.4614, 37.37910000100004 ], [ 122.4752, 37.3856 ], [ 122.477799999000013, 37.3843 ], [ 122.4784, 37.3813 ], [ 122.4758, 37.3774 ], [ 122.4769999990001, 37.3758 ], [ 122.4876, 37.3756 ], [ 122.5055, 37.364300001000061 ], [ 122.5156, 37.365 ], [ 122.519500000000107, 37.36989999900004 ], [ 122.528400001000023, 37.3722 ], [ 122.5292, 37.377 ], [ 122.5266, 37.3798 ], [ 122.5189, 37.3798 ], [ 122.508, 37.379900001000067 ], [ 122.5031, 37.381699999000034 ], [ 122.4917, 37.39279999900009 ], [ 122.491899999, 37.4002 ], [ 122.498, 37.3986 ], [ 122.5018, 37.3947 ], [ 122.523, 37.397200001000044 ], [ 122.5282, 37.3965 ], [ 122.536, 37.3929 ], [ 122.5615, 37.393 ], [ 122.570400001000053, 37.3967 ], [ 122.5778, 37.3975 ], [ 122.593, 37.409199999000066 ], [ 122.595, 37.4091 ], [ 122.601, 37.4086 ], [ 122.606700001000036, 37.4128 ], [ 122.6162, 37.413 ], [ 122.618500001000029, 37.4066 ], [ 122.620900001, 37.405 ], [ 122.6246000000001, 37.409 ], [ 122.6216, 37.4128 ], [ 122.6242, 37.4158 ], [ 122.631399999, 37.4147 ], [ 122.63509999900009, 37.417 ], [ 122.636800001000097, 37.4166 ], [ 122.6346, 37.410599999000056 ], [ 122.636899999000093, 37.4079 ], [ 122.643199999000103, 37.4077 ], [ 122.645800001, 37.4111 ], [ 122.6463, 37.4162 ], [ 122.6526, 37.416 ], [ 122.653199999000094, 37.4135 ], [ 122.6498, 37.4077 ], [ 122.651599999000041, 37.405899999000042 ], [ 122.6628, 37.4032 ], [ 122.6665, 37.4057 ], [ 122.6708, 37.4057 ], [ 122.6722, 37.408 ], [ 122.6664, 37.4135 ], [ 122.6682, 37.4151 ], [ 122.6745, 37.4136 ], [ 122.674999999000079, 37.4132 ], [ 122.680300000000102, 37.409 ], [ 122.6846, 37.4099 ], [ 122.6872, 37.4054 ], [ 122.6935, 37.4061 ], [ 122.69519999900001, 37.4036 ], [ 122.696199998, 37.393 ], [ 122.6982, 37.3912 ], [ 122.7031, 37.3905 ], [ 122.704300000000103, 37.3878 ], [ 122.702, 37.3853 ], [ 122.688000000000102, 37.3822 ], [ 122.685399999000083, 37.379 ], [ 122.685999999000046, 37.376000001000079 ], [ 122.681200001000093, 37.3707 ], [ 122.6765, 37.3725 ], [ 122.675300000000107, 37.3792 ], [ 122.6704, 37.380800001000068 ], [ 122.6607, 37.3803 ], [ 122.65, 37.386200001000077 ], [ 122.6276, 37.3727 ], [ 122.6206, 37.3686 ], [ 122.61, 37.3683 ], [ 122.592899999, 37.3561 ], [ 122.5832, 37.351800001000072 ], [ 122.574600001000022, 37.3434 ], [ 122.570899999000062, 37.3433 ], [ 122.5703, 37.3461 ], [ 122.5751, 37.3532 ], [ 122.5688, 37.3536 ], [ 122.5602, 37.3479 ], [ 122.5557, 37.3426 ], [ 122.5638, 37.3364 ], [ 122.5761, 37.334 ], [ 122.5886, 37.3242 ], [ 122.5932, 37.3242 ], [ 122.5986, 37.3279 ], [ 122.6032, 37.3249 ], [ 122.58890000100007, 37.3178 ], [ 122.586599998, 37.3152 ], [ 122.588, 37.3102 ], [ 122.5864, 37.307 ], [ 122.583, 37.3063 ], [ 122.5761, 37.3101 ], [ 122.565700000000106, 37.3108 ], [ 122.5614, 37.312799999000049 ], [ 122.5646, 37.3146 ], [ 122.5662, 37.3197 ], [ 122.559000001000072, 37.322199999000077 ], [ 122.557300001000044, 37.326800001000038 ], [ 122.554400000000101, 37.3286 ], [ 122.551, 37.328300001000059 ], [ 122.547200001000078, 37.326 ], [ 122.5473, 37.3148 ], [ 122.559199999000043, 37.3029 ], [ 122.565300001000082, 37.300000001000058 ], [ 122.570800001000066, 37.2879 ], [ 122.569200001000013, 37.2842 ], [ 122.561399999000059, 37.2867 ], [ 122.5597, 37.2823 ], [ 122.5517, 37.2786 ], [ 122.5524, 37.274300001000086 ], [ 122.5532, 37.2692 ], [ 122.5561, 37.2674 ], [ 122.559800001000099, 37.2692 ], [ 122.5624, 37.2681 ], [ 122.564500001000056, 37.2631 ], [ 122.5608, 37.255500001000087 ], [ 122.5652, 37.249300001000051 ], [ 122.5723, 37.2503 ], [ 122.577, 37.2457 ], [ 122.5824, 37.2441 ], [ 122.590799999000069, 37.2359 ], [ 122.597399999, 37.2339 ], [ 122.589700000000107, 37.2295 ], [ 122.5863, 37.2238 ], [ 122.5887, 37.219 ], [ 122.595600001000093, 37.214199999000073 ], [ 122.5997, 37.2092 ], [ 122.6088, 37.208099999000069 ], [ 122.6135, 37.2026 ], [ 122.6227, 37.1999 ], [ 122.6195, 37.196900001000074 ], [ 122.6202, 37.1962 ], [ 122.624399999000048, 37.1923 ], [ 122.6236, 37.19069999900006 ], [ 122.6182, 37.19069999900006 ], [ 122.6144, 37.1946 ], [ 122.6115, 37.1952 ], [ 122.5987, 37.191499999000087 ], [ 122.5907, 37.1814 ], [ 122.5867, 37.182 ], [ 122.581500001, 37.1882 ], [ 122.5713, 37.1826 ], [ 122.560099999000045, 37.1798 ], [ 122.557, 37.1729 ], [ 122.557100000000105, 37.168799999000043 ], [ 122.5603, 37.1649 ], [ 122.5634, 37.1643 ], [ 122.570800001000066, 37.1661 ], [ 122.5721, 37.159 ], [ 122.5775000000001, 37.15699999900005 ], [ 122.575500001000023, 37.154 ], [ 122.5753, 37.1474 ], [ 122.5731, 37.1444 ], [ 122.5696, 37.1439 ], [ 122.5688, 37.1451 ], [ 122.566999998000028, 37.147799999000085 ], [ 122.5596, 37.148 ], [ 122.55580000100008, 37.1495 ], [ 122.5496, 37.1481 ], [ 122.5455, 37.1509 ], [ 122.5378, 37.1524 ], [ 122.5297, 37.1581 ], [ 122.525400001000094, 37.1588 ], [ 122.5148, 37.1553 ], [ 122.4988, 37.1559 ], [ 122.4922, 37.1531 ], [ 122.4789, 37.142 ], [ 122.4738, 37.1353 ], [ 122.4649, 37.11000000100006 ], [ 122.4587, 37.1033 ], [ 122.4555, 37.105300001000046 ], [ 122.456599999000105, 37.1113 ], [ 122.4539, 37.121799999000075 ], [ 122.455700001000082, 37.1252 ], [ 122.4643, 37.13 ], [ 122.4681, 37.136900001000072 ], [ 122.4703, 37.1451 ], [ 122.4682, 37.147 ], [ 122.463099999000065, 37.144300001000033 ], [ 122.4567, 37.1467 ], [ 122.4536, 37.146099999000057 ], [ 122.449400001000072, 37.1427 ], [ 122.447, 37.1369 ], [ 122.4423, 37.1341 ], [ 122.4397, 37.128800001000059 ], [ 122.439800000000105, 37.1213 ], [ 122.4499, 37.1141 ], [ 122.450499999000044, 37.1091 ], [ 122.446, 37.099000001000036 ], [ 122.447, 37.0961 ], [ 122.4504, 37.0954 ], [ 122.454800001000081, 37.1001 ], [ 122.4586, 37.1002 ], [ 122.4617, 37.0933 ], [ 122.4592, 37.0875 ], [ 122.4624, 37.0774 ], [ 122.4616, 37.0699 ], [ 122.4634, 37.0642 ], [ 122.461200001000066, 37.0596 ], [ 122.4583, 37.0582 ], [ 122.4559, 37.0705 ], [ 122.4522, 37.0735 ], [ 122.4465, 37.0695 ], [ 122.4408, 37.069 ], [ 122.439400001000081, 37.0665 ], [ 122.4418, 37.059 ], [ 122.428499998, 37.041900001000045 ], [ 122.4171, 37.0384 ], [ 122.4084, 37.0313 ], [ 122.4069, 37.0301 ], [ 122.4049, 37.0305 ], [ 122.4043, 37.0353 ], [ 122.4014, 37.0365 ], [ 122.399700001000042, 37.0353 ], [ 122.3978, 37.0275 ], [ 122.3932, 37.027 ], [ 122.3884, 37.028799999000057 ], [ 122.3838, 37.0276 ], [ 122.393600000000106, 37.022 ], [ 122.403, 37.0245 ], [ 122.4122, 37.022499999000047 ], [ 122.4129, 37.0211 ], [ 122.4133, 37.0203 ], [ 122.403699999000082, 37.009 ], [ 122.4018, 37.0023 ], [ 122.3992, 37.0009 ], [ 122.3968, 36.9929 ], [ 122.398499999000023, 36.991700001000083 ], [ 122.402199999, 36.9927 ], [ 122.4073, 36.9968 ], [ 122.412999999000021, 36.998000001000037 ], [ 122.42, 37.007500001000039 ], [ 122.4354, 37.0101 ], [ 122.4417, 37.0152 ], [ 122.4422, 37.0172 ], [ 122.439000001000068, 37.021799999000052 ], [ 122.4401, 37.0241 ], [ 122.4462, 37.0237 ], [ 122.448400000000106, 37.028699999000082 ], [ 122.4535, 37.0306 ], [ 122.4627, 37.027 ], [ 122.4641, 37.0316 ], [ 122.4661, 37.0328 ], [ 122.4701, 37.0323 ], [ 122.473000001000059, 37.0301 ], [ 122.473299999, 37.0284 ], [ 122.473800001000086, 37.0262 ], [ 122.4725, 37.0227 ], [ 122.47599999900001, 37.0143 ], [ 122.481699999000057, 37.0129 ], [ 122.484000001000027, 37.0152 ], [ 122.4828, 37.0187 ], [ 122.479, 37.021600001000081 ], [ 122.4819, 37.0248 ], [ 122.4899, 37.020800001000055 ], [ 122.5136, 37.023 ], [ 122.515900000000101, 37.0182 ], [ 122.512, 37.009 ], [ 122.5126, 37.0065 ], [ 122.5181, 37.0019 ], [ 122.5221, 37.0017 ], [ 122.5266, 37.0065 ], [ 122.529400001, 37.0132 ], [ 122.5285, 37.016000001000066 ], [ 122.5202, 37.0228 ], [ 122.522399999000072, 37.0262 ], [ 122.52780000100006, 37.0302 ], [ 122.531300000000101, 37.030800001000046 ], [ 122.5407, 37.0323 ], [ 122.5569, 37.0418 ], [ 122.5629, 37.0421 ], [ 122.5715, 37.0398 ], [ 122.5532, 37.0331 ], [ 122.5421, 37.0268 ], [ 122.536200001, 37.021 ], [ 122.528399999000044, 36.9981 ], [ 122.5346, 36.9802 ], [ 122.538099999, 36.9752 ], [ 122.5321, 36.9691 ], [ 122.527300001000071, 36.9641 ], [ 122.5228, 36.9565 ], [ 122.521, 36.9439 ], [ 122.524500000000103, 36.932 ], [ 122.5306, 36.921 ], [ 122.522399999000072, 36.9146 ], [ 122.5225, 36.91 ], [ 122.516499999000075, 36.904 ], [ 122.514, 36.8985 ], [ 122.4921, 36.894 ], [ 122.489800001000049, 36.895600001000048 ], [ 122.5028, 36.9096 ], [ 122.505000001000099, 36.918399999000087 ], [ 122.505800001000011, 36.9214 ], [ 122.5098, 36.9225 ], [ 122.5135, 36.9203 ], [ 122.5166, 36.9212 ], [ 122.5194, 36.9269 ], [ 122.5155, 36.94480000100009 ], [ 122.5138, 36.9462 ], [ 122.511, 36.9459 ], [ 122.5034, 36.9349 ], [ 122.4991, 36.9314 ], [ 122.4954, 36.9305 ], [ 122.4837, 36.9313 ], [ 122.476900002000093, 36.9267 ], [ 122.470600000000104, 36.9264 ], [ 122.459999999000047, 36.9295 ], [ 122.454, 36.928400001000057 ], [ 122.448400000000106, 36.9251 ], [ 122.4287, 36.9234 ], [ 122.4216, 36.9194 ], [ 122.4179, 36.915999999000064 ], [ 122.4108, 36.914499999000043 ], [ 122.409099999000091, 36.9111 ], [ 122.4098, 36.9001 ], [ 122.4206, 36.9 ], [ 122.4218, 36.8999 ], [ 122.4241, 36.8968 ], [ 122.424, 36.8869 ], [ 122.425399999000092, 36.8835 ], [ 122.4319, 36.8892 ], [ 122.4359, 36.8881 ], [ 122.436, 36.885599999000078 ], [ 122.4315, 36.8805 ], [ 122.43470000100001, 36.875 ], [ 122.4241, 36.8711 ], [ 122.4157, 36.863 ], [ 122.4108, 36.8648 ], [ 122.4071, 36.8645 ], [ 122.400900001000082, 36.8615 ], [ 122.398000001000014, 36.8626 ], [ 122.394, 36.867400001000078 ], [ 122.3914, 36.8679 ], [ 122.3869, 36.865099999000051 ], [ 122.3757, 36.8677 ], [ 122.3724, 36.859 ], [ 122.3701, 36.858099999000046 ], [ 122.3618, 36.864399999000057 ], [ 122.356799999000032, 36.865000001000055 ], [ 122.350899999000035, 36.8657 ], [ 122.3504, 36.863699999000062 ], [ 122.3547, 36.8593 ], [ 122.365899998000032, 36.8548 ], [ 122.3668, 36.8519 ], [ 122.3589, 36.8422 ], [ 122.3518, 36.843 ], [ 122.3424, 36.8404 ], [ 122.339800001000071, 36.837699999000051 ], [ 122.3393, 36.8317 ], [ 122.3365, 36.8303 ], [ 122.3328, 36.8314 ], [ 122.330699999000103, 36.8374 ], [ 122.326700001000063, 36.839 ], [ 122.321299999000075, 36.8382 ], [ 122.3162, 36.8341 ], [ 122.295599999000046, 36.8383 ], [ 122.282499999000038, 36.8365 ], [ 122.2748, 36.8397 ], [ 122.2685, 36.840800001000048 ], [ 122.2631, 36.84169999900007 ], [ 122.2497, 36.8411 ], [ 122.2422, 36.844700001000035 ], [ 122.222, 36.8468 ], [ 122.2173, 36.8507 ], [ 122.1994, 36.8482 ], [ 122.1929, 36.8443 ], [ 122.189800000000105, 36.843999999000062 ], [ 122.185199999000019, 36.8472 ], [ 122.1784, 36.8455 ], [ 122.175999999000055, 36.8487 ], [ 122.1863, 36.8658 ], [ 122.185100001000023, 36.8731 ], [ 122.17960000100004, 36.8769 ], [ 122.17749999900002, 36.8877 ], [ 122.178600001000063, 36.8881 ], [ 122.1834, 36.8898 ], [ 122.1864, 36.8979 ], [ 122.18960000200002, 36.9 ], [ 122.2021, 36.8996 ], [ 122.221, 36.8947 ], [ 122.2248, 36.8893 ], [ 122.228500001000043, 36.8881 ], [ 122.2305, 36.8909 ], [ 122.2284, 36.894800001000078 ], [ 122.222400000000107, 36.8996 ], [ 122.2232, 36.902799999000081 ], [ 122.228300000000104, 36.9008 ], [ 122.251999999000077, 36.8998 ], [ 122.2558, 36.8978 ], [ 122.2606, 36.8974 ], [ 122.2652, 36.899 ], [ 122.2599, 36.9072 ], [ 122.2559, 36.9083 ], [ 122.2504, 36.9129 ], [ 122.2467, 36.9126 ], [ 122.2445, 36.9124 ], [ 122.231000000000108, 36.9164 ], [ 122.219799999000088, 36.916700001000038 ], [ 122.2119, 36.9153 ], [ 122.1995, 36.9205 ], [ 122.189800000000105, 36.9227 ], [ 122.1861, 36.9201 ], [ 122.1816, 36.920799999000053 ], [ 122.178299999000046, 36.9253 ], [ 122.1777, 36.9315 ], [ 122.182100000000105, 36.9409 ], [ 122.1815, 36.9437 ], [ 122.1775, 36.9441 ], [ 122.167099999000015, 36.9353 ], [ 122.1602, 36.935500001000037 ], [ 122.1554000000001, 36.9318 ], [ 122.1441, 36.943300001000068 ], [ 122.146899999000084, 36.9468 ], [ 122.1479, 36.947 ], [ 122.1566, 36.9485 ], [ 122.162300001000062, 36.9513 ], [ 122.164999999000088, 36.9555 ], [ 122.164700001000028, 36.958 ], [ 122.1592, 36.9623 ], [ 122.159200001000045, 36.9648 ], [ 122.162, 36.9667 ], [ 122.166, 36.9669 ], [ 122.1677, 36.9688 ], [ 122.1651, 36.9738 ], [ 122.167000001000019, 36.9766 ], [ 122.174100002000046, 36.9801 ], [ 122.1706, 36.9881 ], [ 122.1756, 36.9968 ], [ 122.1835, 37.0006 ], [ 122.18960000200002, 36.9976 ], [ 122.199899999000081, 36.9982 ], [ 122.2123, 37.0065 ], [ 122.2099, 37.0139 ], [ 122.2119, 37.0171 ], [ 122.221500000000106, 37.0215 ], [ 122.2223, 37.022799999000085 ], [ 122.2246, 37.0266 ], [ 122.221899999000016, 37.0335 ], [ 122.217900001000089, 37.0371 ], [ 122.211100000000101, 37.0354 ], [ 122.2053, 37.0358 ], [ 122.2024, 37.0402 ], [ 122.1955, 37.044 ], [ 122.1946, 37.048999999000046 ], [ 122.181200000000104, 37.0475 ], [ 122.184399999000107, 37.0421 ], [ 122.1804, 37.0386 ], [ 122.1808, 37.0303 ], [ 122.186400001000038, 37.023299999000074 ], [ 122.184399999000107, 37.020099999000081 ], [ 122.1879, 37.0157 ], [ 122.1859, 37.0137 ], [ 122.1828, 37.0132 ], [ 122.1759, 37.0168 ], [ 122.1727, 37.0163 ], [ 122.168500000000108, 37.013 ], [ 122.1622, 37.0123 ], [ 122.1571, 37.0141 ], [ 122.1523, 37.02 ], [ 122.1515, 37.0209 ], [ 122.1475, 37.0209 ], [ 122.1354, 37.0109 ], [ 122.142399999000077, 37.0013 ], [ 122.148100001000103, 37.0 ], [ 122.1487, 36.9973 ], [ 122.1439, 36.991999999000086 ], [ 122.1454, 36.9874 ], [ 122.1444, 36.982599999000058 ], [ 122.136300001, 36.9719 ], [ 122.1415, 36.965100001000053 ], [ 122.134, 36.9522 ], [ 122.1283, 36.952600001000064 ], [ 122.1225, 36.9564 ], [ 122.123299999000096, 36.9624 ], [ 122.1201, 36.9649 ], [ 122.1121, 36.9811 ], [ 122.111599999000077, 36.9807 ], [ 122.105299999000067, 36.9753 ], [ 122.1063, 36.9712 ], [ 122.114699999000095, 36.9612 ], [ 122.111900000000105, 36.9568 ], [ 122.0943, 36.9514 ], [ 122.0839, 36.94160000100004 ], [ 122.0823, 36.935400001000062 ], [ 122.089399999000079, 36.9201 ], [ 122.0697, 36.9193 ], [ 122.0461, 36.911200001000054 ], [ 122.0371, 36.9068 ], [ 122.0365, 36.9048 ], [ 122.03410000100007, 36.8971 ], [ 122.0297, 36.9017 ], [ 122.0211, 36.906400001000065 ], [ 122.0199, 36.9091 ], [ 122.0302, 36.9264 ], [ 122.0409, 36.9336 ], [ 122.03969999900005, 36.935699999000065 ], [ 122.0343, 36.9382 ], [ 122.0325, 36.941799999000068 ], [ 122.0347, 36.9467 ], [ 122.0338, 36.9521 ], [ 122.0256, 36.9612 ], [ 122.0196, 36.9644 ], [ 122.0197, 36.971699999000066 ], [ 122.005300001000023, 36.9824 ], [ 121.998899999000059, 36.9853 ], [ 121.9935, 36.9952 ], [ 121.9917, 36.9941 ], [ 121.9886, 36.9886 ], [ 121.986000000000104, 36.9879 ], [ 121.9837, 36.9934 ], [ 121.981100001000073, 36.9943 ], [ 121.976, 36.9892 ], [ 121.9698, 36.9852 ], [ 121.9541, 36.9841 ], [ 121.942, 36.9909 ], [ 121.9379, 36.9949 ], [ 121.9268, 36.9909 ], [ 121.926, 36.9891 ], [ 121.9327, 36.982 ], [ 121.9265, 36.9756 ], [ 121.9247, 36.967500001000076 ], [ 121.9173, 36.9661 ], [ 121.9116, 36.96299999900009 ], [ 121.9019, 36.9624 ], [ 121.902, 36.9599 ], [ 121.911700001000099, 36.9587 ], [ 121.915199999000038, 36.9537 ], [ 121.9206, 36.9581 ], [ 121.9423, 36.9542 ], [ 121.9536, 36.9467 ], [ 121.9542, 36.9442 ], [ 121.9434, 36.9402 ], [ 121.936300001000063, 36.9398 ], [ 121.93, 36.939400001000081 ], [ 121.886399999000105, 36.923799999000039 ], [ 121.862699999000029, 36.918399999000087 ], [ 121.8554, 36.9147 ], [ 121.8531, 36.916700001000038 ], [ 121.8573, 36.920699999000078 ], [ 121.8564, 36.9232 ], [ 121.8538, 36.923799999000039 ], [ 121.8499, 36.9217 ], [ 121.8452, 36.9111 ], [ 121.8052, 36.898 ], [ 121.803999999000098, 36.8989 ], [ 121.808699999000055, 36.9077 ], [ 121.8059, 36.9114 ], [ 121.8025, 36.9056 ], [ 121.796899999000061, 36.9012 ], [ 121.79550000100005, 36.897 ], [ 121.789299999000036, 36.894 ], [ 121.779899999, 36.892 ], [ 121.7604, 36.882399999000086 ], [ 121.751500001000068, 36.8745 ], [ 121.750700001000041, 36.8732 ], [ 121.745100001000083, 36.863599999000087 ], [ 121.7441, 36.8585 ], [ 121.7474, 36.8501 ], [ 121.746000001000084, 36.8476 ], [ 121.735899999000026, 36.8401 ], [ 121.727400000000102, 36.837699999000051 ], [ 121.7198, 36.832999999000037 ], [ 121.7152, 36.8327 ], [ 121.706900001, 36.8349 ], [ 121.702299999000047, 36.8342 ], [ 121.6937, 36.8258 ], [ 121.6686, 36.8264 ], [ 121.6485, 36.8183 ], [ 121.637700001000098, 36.817 ], [ 121.6338, 36.8152 ], [ 121.6249, 36.8006 ], [ 121.6193, 36.7978 ], [ 121.6208, 36.793 ], [ 121.6192, 36.79 ], [ 121.625000001000103, 36.7848 ], [ 121.6216, 36.773 ], [ 121.6228, 36.7696 ], [ 121.6274, 36.766499999000075 ], [ 121.631700001000013, 36.76579999900008 ], [ 121.6335, 36.762 ], [ 121.6324, 36.7567 ], [ 121.6376, 36.7432 ], [ 121.6362, 36.741400002000034 ], [ 121.625400001, 36.739099999000075 ], [ 121.6179, 36.7448 ], [ 121.612800001000096, 36.742900001000066 ], [ 121.6022, 36.748 ], [ 121.604200000000105, 36.7522 ], [ 121.6057, 36.7552 ], [ 121.603600001000018, 36.7613 ], [ 121.6071, 36.7676 ], [ 121.603, 36.775099999000076 ], [ 121.598999999000057, 36.7769 ], [ 121.591, 36.7763 ], [ 121.5857, 36.7705 ], [ 121.579800001000081, 36.767 ], [ 121.5781, 36.7683 ], [ 121.581, 36.775 ], [ 121.578400000000101, 36.7779 ], [ 121.5598, 36.7818 ], [ 121.557099999, 36.77580000100005 ], [ 121.5529, 36.773 ], [ 121.547800001000041, 36.7734 ], [ 121.542800001000046, 36.7765 ], [ 121.5409, 36.7735 ], [ 121.5385, 36.767100001000074 ], [ 121.540000001000067, 36.7625 ], [ 121.546099999000035, 36.7569 ], [ 121.5382, 36.753100001000064 ], [ 121.525400000000104, 36.7559 ], [ 121.52, 36.752399999000033 ], [ 121.5143, 36.753 ], [ 121.5134, 36.7543 ], [ 121.5179, 36.7592 ], [ 121.5161, 36.76240000100006 ], [ 121.506699999000034, 36.7627 ], [ 121.5027, 36.7643 ], [ 121.499899999000036, 36.7709 ], [ 121.4877, 36.7714 ], [ 121.4822, 36.7734 ], [ 121.477, 36.7788 ], [ 121.4764, 36.7821 ], [ 121.485400001000016, 36.7819 ], [ 121.4873, 36.7893 ], [ 121.5093, 36.7965 ], [ 121.519399999000029, 36.803900001000045 ], [ 121.5223, 36.8042 ], [ 121.526800001000083, 36.8022 ], [ 121.5283, 36.8015 ], [ 121.5316, 36.7924 ], [ 121.5366, 36.7886 ], [ 121.5415, 36.7988 ], [ 121.5473, 36.805699999000069 ], [ 121.5466, 36.8126 ], [ 121.548800001000018, 36.8158 ], [ 121.5702, 36.8269 ], [ 121.584099999000045, 36.8289 ], [ 121.5869, 36.8324 ], [ 121.59520000100008, 36.8337 ], [ 121.6001, 36.8438 ], [ 121.6057, 36.848 ], [ 121.6025, 36.8512 ], [ 121.5937, 36.8502 ], [ 121.588700001, 36.8542 ], [ 121.5849, 36.8543 ], [ 121.5773, 36.8545 ], [ 121.5708, 36.8533 ], [ 121.5686, 36.8491 ], [ 121.5629, 36.8472 ], [ 121.554100001000052, 36.8446 ], [ 121.5456, 36.8449 ], [ 121.5398, 36.8473 ], [ 121.5375, 36.8372 ], [ 121.529200001000049, 36.8371 ], [ 121.5225, 36.8299 ], [ 121.511800000000108, 36.8247 ], [ 121.510000000000105, 36.815 ], [ 121.4976, 36.811 ], [ 121.486299999000039, 36.79610000100007 ], [ 121.482, 36.7954 ], [ 121.479999999000029, 36.7972 ], [ 121.4821, 36.802 ], [ 121.489100001, 36.8104 ], [ 121.4861, 36.8163 ], [ 121.4877, 36.819799999000054 ], [ 121.4872, 36.8209 ], [ 121.4856, 36.8241 ], [ 121.4892, 36.8297 ], [ 121.495899999000017, 36.8341 ], [ 121.4976, 36.8373 ], [ 121.4952, 36.8401 ], [ 121.4879, 36.8342 ], [ 121.4794, 36.8334 ], [ 121.4712, 36.829800001000081 ], [ 121.4677, 36.832100001000072 ], [ 121.46, 36.8437 ], [ 121.4487, 36.8522 ], [ 121.447899999000015, 36.8648 ], [ 121.4436, 36.8643 ], [ 121.4412, 36.8567 ], [ 121.441699999000093, 36.8475 ], [ 121.4359, 36.85 ], [ 121.4334, 36.861199999000064 ], [ 121.431400001000043, 36.8607 ], [ 121.430699999000012, 36.8542 ], [ 121.4385, 36.8374 ], [ 121.4471, 36.8345 ], [ 121.4489, 36.832299999000043 ], [ 121.4483, 36.8233 ], [ 121.4559, 36.8145 ], [ 121.4622, 36.8132 ], [ 121.4683, 36.8082 ], [ 121.4686, 36.805699999000069 ], [ 121.4648, 36.8006 ], [ 121.4655, 36.7947 ], [ 121.4637, 36.7886 ], [ 121.463400001000082, 36.7875 ], [ 121.466399999000032, 36.7809 ], [ 121.465, 36.7772 ], [ 121.4668, 36.7731 ], [ 121.455500001000019, 36.7693 ], [ 121.446100001000104, 36.7715 ], [ 121.4486, 36.7614 ], [ 121.4467, 36.757899999000074 ], [ 121.431, 36.7582 ], [ 121.4245, 36.756 ], [ 121.4087, 36.7613 ], [ 121.40419999900007, 36.7605 ], [ 121.38760000100001, 36.7508 ], [ 121.3743, 36.737599999000054 ], [ 121.371900002000075, 36.7307 ], [ 121.3726, 36.7293 ], [ 121.3796, 36.7156 ], [ 121.3899, 36.7135 ], [ 121.3906, 36.7114 ], [ 121.382399999000086, 36.7086 ], [ 121.3748, 36.7036 ], [ 121.37, 36.7123 ], [ 121.3614, 36.7181 ], [ 121.36080000100003, 36.7284 ], [ 121.359, 36.7323 ], [ 121.3539, 36.7327 ], [ 121.3531, 36.73149999900005 ], [ 121.352200001000028, 36.7294 ], [ 121.355799999000055, 36.7237 ], [ 121.3516, 36.721199999000078 ], [ 121.3314, 36.7202 ], [ 121.3159, 36.7146 ], [ 121.3085, 36.7145 ], [ 121.3022, 36.7167 ], [ 121.2937, 36.714 ], [ 121.285199999000042, 36.7139 ], [ 121.2773, 36.7092 ], [ 121.267400001000055, 36.7067 ], [ 121.2548, 36.697600001000069 ], [ 121.2408, 36.6916 ], [ 121.2307, 36.6942 ], [ 121.2227, 36.6946 ], [ 121.221, 36.6947 ], [ 121.208, 36.6927 ], [ 121.184900001000074, 36.6847 ], [ 121.1828, 36.6881 ], [ 121.19100000100002, 36.7 ], [ 121.1892, 36.7018 ], [ 121.1873, 36.7017 ], [ 121.184900001000074, 36.7051 ], [ 121.1835, 36.7049 ], [ 121.179, 36.6913 ], [ 121.1743, 36.687499999000067 ], [ 121.168, 36.6869 ], [ 121.1467, 36.6857 ], [ 121.1395, 36.68 ], [ 121.141, 36.6759 ], [ 121.1449, 36.6778 ], [ 121.153500001, 36.6768 ], [ 121.1594, 36.679699999000036 ], [ 121.1651, 36.6775 ], [ 121.1416, 36.6649 ], [ 121.1235, 36.650600001000043 ], [ 121.107499999000083, 36.6414 ], [ 121.1027, 36.632799999000042 ], [ 121.0928, 36.6278 ], [ 121.087900001000094, 36.6229 ], [ 121.0742, 36.6218 ], [ 121.0638, 36.6172 ], [ 121.0582, 36.6148 ], [ 121.053400001, 36.6143 ], [ 121.057700001000057, 36.616200001000038 ], [ 121.0584, 36.6199 ], [ 121.055, 36.6269 ], [ 121.0554, 36.6338 ], [ 121.0598, 36.6376 ], [ 121.0703, 36.6407 ], [ 121.073899999000105, 36.6445 ], [ 121.08140000100002, 36.6485 ], [ 121.078200001000027, 36.650500001000069 ], [ 121.0745, 36.6507 ], [ 121.0602, 36.6451 ], [ 121.0508, 36.6443 ], [ 121.0488, 36.6463 ], [ 121.0369, 36.6557 ], [ 121.035599999000056, 36.651300001000038 ], [ 121.04550000100005, 36.6407 ], [ 121.0447, 36.6393 ], [ 121.037, 36.6406 ], [ 121.025400000000104, 36.6385 ], [ 121.0154, 36.639699999000072 ], [ 121.012100001000022, 36.6348 ], [ 121.012799999000094, 36.632600001000071 ], [ 121.0162, 36.6324 ], [ 121.02660000100002, 36.6262 ], [ 121.0334, 36.6256 ], [ 121.037799999000072, 36.6133 ], [ 121.041099999000039, 36.6088 ], [ 121.0412, 36.6042 ], [ 121.0342, 36.5914 ], [ 121.0243, 36.5892 ], [ 121.018299999000078, 36.5893 ], [ 121.0107, 36.5974 ], [ 121.0029, 36.5994 ], [ 120.9952, 36.5994 ], [ 120.9884, 36.6021 ], [ 120.977, 36.6 ], [ 120.9709, 36.5969 ], [ 120.9615, 36.586 ], [ 120.9562, 36.5847 ], [ 120.9292, 36.594300001000079 ], [ 120.9282, 36.5972 ], [ 120.930400001000066, 36.6003 ], [ 120.930300001000091, 36.6046 ], [ 120.9349, 36.6031 ], [ 120.93710000100009, 36.6038 ], [ 120.9387, 36.6071 ], [ 120.9446, 36.618699999000057 ], [ 120.9442, 36.6239 ], [ 120.9467, 36.627199999000084 ], [ 120.944699999000022, 36.6457 ], [ 120.940700000000106, 36.6457 ], [ 120.9368, 36.6332 ], [ 120.9325, 36.6333 ], [ 120.9305, 36.6439 ], [ 120.922, 36.6439 ], [ 120.9161, 36.6486 ], [ 120.9107, 36.6487 ], [ 120.9074, 36.6468 ], [ 120.9059, 36.6402 ], [ 120.898499999000023, 36.64 ], [ 120.894500000000107, 36.639500001000044 ], [ 120.8933, 36.641299999000069 ], [ 120.8941, 36.6532 ], [ 120.8878, 36.654699999000059 ], [ 120.8848, 36.659 ], [ 120.8801, 36.6562 ], [ 120.878299999000092, 36.6562 ], [ 120.876400001000093, 36.6563 ], [ 120.8777, 36.6583 ], [ 120.8815, 36.6642 ], [ 120.8786, 36.6662 ], [ 120.871999999000082, 36.6597 ], [ 120.8635, 36.6565 ], [ 120.8485, 36.6542 ], [ 120.845600000000104, 36.6472 ], [ 120.842000001000088, 36.6456 ], [ 120.833400001000086, 36.6371 ], [ 120.825500001000023, 36.6434 ], [ 120.821099999000012, 36.6415 ], [ 120.8198000000001, 36.6362 ], [ 120.8122, 36.6335 ], [ 120.8084, 36.6275 ], [ 120.8081, 36.6199 ], [ 120.8028, 36.614699999000038 ], [ 120.7989, 36.614 ], [ 120.7966, 36.6153 ], [ 120.7843, 36.6263 ], [ 120.7728, 36.6219 ], [ 120.785999999000069, 36.6164 ], [ 120.794100001000061, 36.605100001000039 ], [ 120.7922, 36.601900001000047 ], [ 120.788000001, 36.5995 ], [ 120.772599999000022, 36.6001 ], [ 120.7667, 36.5977 ], [ 120.760500001000082, 36.5877 ], [ 120.7631, 36.5857 ], [ 120.772, 36.5847 ], [ 120.7775, 36.58029999900009 ], [ 120.7823, 36.5726 ], [ 120.7889, 36.5713 ], [ 120.797899999000037, 36.5816 ], [ 120.8029, 36.5847 ], [ 120.813999999000089, 36.587 ], [ 120.820000002000029, 36.5947 ], [ 120.831000001, 36.5981 ], [ 120.8387, 36.6044 ], [ 120.84520000100008, 36.6059 ], [ 120.849199999, 36.6049 ], [ 120.857399999000108, 36.5972 ], [ 120.864000001000022, 36.5953 ], [ 120.869999999000015, 36.5963 ], [ 120.873, 36.5985 ], [ 120.8749, 36.5921 ], [ 120.873599999000021, 36.5906 ], [ 120.8711, 36.5879 ], [ 120.8746000000001, 36.5845 ], [ 120.8812, 36.5837 ], [ 120.879500001, 36.5738 ], [ 120.88110000100005, 36.5686 ], [ 120.886700001, 36.5602 ], [ 120.889, 36.5502 ], [ 120.893600000000106, 36.5475 ], [ 120.9056, 36.5571 ], [ 120.916200001000107, 36.5633 ], [ 120.9193, 36.5627 ], [ 120.9239, 36.5527 ], [ 120.932000001, 36.5469 ], [ 120.9345, 36.5405 ], [ 120.9368, 36.5394 ], [ 120.946600000000103, 36.5437 ], [ 120.956, 36.5427 ], [ 120.9566, 36.544200001000036 ], [ 120.9571, 36.5455 ], [ 120.9499, 36.5559 ], [ 120.950700001000087, 36.557500001000051 ], [ 120.956399999000041, 36.557 ], [ 120.9622, 36.5541 ], [ 120.9713, 36.5444 ], [ 120.9737, 36.5396 ], [ 120.9589, 36.5219 ], [ 120.944399999000098, 36.4927 ], [ 120.9468, 36.4818 ], [ 120.9597, 36.4756 ], [ 120.959799999000097, 36.4731 ], [ 120.9554, 36.4695 ], [ 120.9542, 36.4686 ], [ 120.954099998000061, 36.4631 ], [ 120.9497, 36.461 ], [ 120.9428, 36.4615 ], [ 120.941699999000093, 36.4507 ], [ 120.9361, 36.448099999000078 ], [ 120.9326, 36.45209999900004 ], [ 120.930699999000012, 36.4581 ], [ 120.918600002000062, 36.4661 ], [ 120.912599999, 36.4655 ], [ 120.903199999000094, 36.457499999000049 ], [ 120.8944, 36.4569 ], [ 120.8878, 36.4522 ], [ 120.887, 36.4485 ], [ 120.89299999900004, 36.440100001000076 ], [ 120.904999999000097, 36.4353 ], [ 120.9082, 36.4319 ], [ 120.9117, 36.4212 ], [ 120.912, 36.4201 ], [ 120.9104, 36.4166 ], [ 120.903100001000098, 36.413500001000045 ], [ 120.892, 36.4059 ], [ 120.8807, 36.3855 ], [ 120.8856, 36.3755 ], [ 120.8825, 36.3734 ], [ 120.877400001000069, 36.3735 ], [ 120.8708, 36.3778 ], [ 120.854200000000105, 36.3818 ], [ 120.8527, 36.3854 ], [ 120.8532, 36.3953 ], [ 120.8495, 36.4039 ], [ 120.856299999000043, 36.4146 ], [ 120.854600001000108, 36.4211 ], [ 120.8544, 36.4222 ], [ 120.850199999000097, 36.4278 ], [ 120.8357, 36.4376 ], [ 120.834499999000059, 36.4406 ], [ 120.8408, 36.4483 ], [ 120.8371, 36.4567 ], [ 120.8378, 36.4615 ], [ 120.8357, 36.4647 ], [ 120.8126, 36.4764 ], [ 120.808400001, 36.4751 ], [ 120.8074, 36.4731 ], [ 120.810899999000071, 36.4672 ], [ 120.809, 36.4655 ], [ 120.755200001000048, 36.4614 ], [ 120.7517, 36.4662 ], [ 120.746, 36.4663 ], [ 120.7405, 36.4609 ], [ 120.737800000000107, 36.4473 ], [ 120.7291, 36.4357 ], [ 120.7257, 36.4342 ], [ 120.717500001000076, 36.441799999000068 ], [ 120.7115, 36.4449 ], [ 120.7064, 36.4441 ], [ 120.7003, 36.439 ], [ 120.6985, 36.4341 ], [ 120.6992, 36.43 ], [ 120.7066, 36.420699999000078 ], [ 120.703600001000041, 36.4172 ], [ 120.7014, 36.4055 ], [ 120.6976, 36.4011 ], [ 120.6881, 36.3981 ], [ 120.6834, 36.3838 ], [ 120.6876, 36.3694 ], [ 120.6896, 36.367499999000074 ], [ 120.692600001000073, 36.3645 ], [ 120.7141, 36.3574 ], [ 120.716600001000074, 36.3508 ], [ 120.7271, 36.340700001000073 ], [ 120.7287, 36.3363 ], [ 120.726500000000101, 36.3312 ], [ 120.7235, 36.3303 ], [ 120.714, 36.3337 ], [ 120.7066, 36.3347 ], [ 120.6852, 36.3308 ], [ 120.6619, 36.3404 ], [ 120.645800001, 36.328900001000079 ], [ 120.642, 36.3262 ], [ 120.6383, 36.3193 ], [ 120.642, 36.309 ], [ 120.648600000000101, 36.3062 ], [ 120.654, 36.3079 ], [ 120.6571, 36.307 ], [ 120.658599999000103, 36.303199999000071 ], [ 120.6562, 36.3001 ], [ 120.6467, 36.29539999900004 ], [ 120.6429, 36.2898 ], [ 120.640999999000087, 36.281200001000059 ], [ 120.643799999000066, 36.274 ], [ 120.6487, 36.2713 ], [ 120.658299998000075, 36.2713 ], [ 120.6602, 36.2654 ], [ 120.6622, 36.264000001000056 ], [ 120.666700000000105, 36.2641 ], [ 120.6692, 36.2681 ], [ 120.6678, 36.2738 ], [ 120.67, 36.2764 ], [ 120.673999999000102, 36.2751 ], [ 120.675, 36.272600001000058 ], [ 120.6724, 36.2658 ], [ 120.6721, 36.2649 ], [ 120.672, 36.2594 ], [ 120.676, 36.2492 ], [ 120.6671, 36.238200001000052 ], [ 120.6677, 36.235 ], [ 120.675, 36.2301 ], [ 120.6809, 36.2215 ], [ 120.680000002000043, 36.2139 ], [ 120.683900000000108, 36.1993 ], [ 120.6802, 36.1917 ], [ 120.6851, 36.180300001000035 ], [ 120.684499999000082, 36.1734 ], [ 120.695799999000087, 36.1659 ], [ 120.6867, 36.1583 ], [ 120.6886, 36.1559 ], [ 120.6896, 36.1547 ], [ 120.6976, 36.1528 ], [ 120.7003, 36.1492 ], [ 120.697200001000056, 36.1409 ], [ 120.702000002000091, 36.1401 ], [ 120.7095, 36.1425 ], [ 120.7127, 36.141 ], [ 120.7136, 36.139 ], [ 120.710900001000027, 36.135 ], [ 120.6893, 36.1302 ], [ 120.683400001, 36.13 ], [ 120.6699, 36.136599999000055 ], [ 120.6648, 36.134900001000062 ], [ 120.6538, 36.1267 ], [ 120.63620000100002, 36.1203 ], [ 120.626000002000069, 36.1206 ], [ 120.6164, 36.1238 ], [ 120.615800001000025, 36.124 ], [ 120.609500001000015, 36.1234 ], [ 120.603400001000068, 36.1196 ], [ 120.595899999000039, 36.1093 ], [ 120.590099999000017, 36.1046 ], [ 120.5862, 36.1043 ], [ 120.5858, 36.1061 ], [ 120.5896, 36.1108 ], [ 120.585, 36.113700001000041 ], [ 120.586999999, 36.122 ], [ 120.585199999, 36.124 ], [ 120.5798, 36.1253 ], [ 120.57, 36.1221 ], [ 120.566500001, 36.119 ], [ 120.5698000000001, 36.113099999000042 ], [ 120.5641, 36.1125 ], [ 120.5501, 36.1182 ], [ 120.5444, 36.1183 ], [ 120.5419, 36.1168 ], [ 120.5401, 36.112399999000047 ], [ 120.547, 36.1018 ], [ 120.543700001000047, 36.0999 ], [ 120.542299999000079, 36.0999 ], [ 120.530099998000082, 36.0994 ], [ 120.5241, 36.102 ], [ 120.519, 36.1019 ], [ 120.5124, 36.0967 ], [ 120.4936, 36.0939 ], [ 120.4732, 36.0953 ], [ 120.4662, 36.0929 ], [ 120.4546, 36.0859 ], [ 120.4215, 36.0631 ], [ 120.4049, 36.059899999000038 ], [ 120.391, 36.0571 ], [ 120.3831, 36.0629 ], [ 120.3777, 36.0632 ], [ 120.362399999000104, 36.0574 ], [ 120.3604, 36.0504 ], [ 120.3582, 36.049 ], [ 120.346, 36.0519 ], [ 120.3414, 36.0447 ], [ 120.3358, 36.044800001000056 ], [ 120.334, 36.0473 ], [ 120.3368, 36.054900001000078 ], [ 120.335799999000074, 36.0586 ], [ 120.3246, 36.0569 ], [ 120.3184, 36.0629 ], [ 120.3105, 36.062800001000085 ], [ 120.300400001000071, 36.0552 ], [ 120.293300001000034, 36.0566 ], [ 120.2876, 36.0489 ], [ 120.2817, 36.0483 ], [ 120.279400001, 36.0501 ], [ 120.2797, 36.0556 ], [ 120.2819, 36.0575 ], [ 120.2895, 36.0586 ], [ 120.28969999900005, 36.0609 ], [ 120.2981, 36.07 ], [ 120.305100001000028, 36.0711 ], [ 120.306700001000081, 36.0734 ], [ 120.306999999000027, 36.0819 ], [ 120.3102, 36.085500001000071 ], [ 120.3213, 36.091 ], [ 120.333400001000086, 36.0945 ], [ 120.3352000000001, 36.097300001000065 ], [ 120.331100000000106, 36.1094 ], [ 120.3315, 36.1211 ], [ 120.3651, 36.151499999000066 ], [ 120.3658, 36.1555 ], [ 120.3667, 36.1616 ], [ 120.3697, 36.1665 ], [ 120.371300001, 36.182600001000083 ], [ 120.365, 36.19209999900005 ], [ 120.3655, 36.1956 ], [ 120.369800001000044, 36.2007 ], [ 120.3643, 36.212 ], [ 120.3596, 36.2165 ], [ 120.3442999990001, 36.2253 ], [ 120.3321, 36.2259 ], [ 120.330300001000069, 36.2277 ], [ 120.332699999000056, 36.232799999000065 ], [ 120.329599999000038, 36.2477 ], [ 120.3387, 36.253 ], [ 120.3392, 36.2557 ], [ 120.3299, 36.255 ], [ 120.318500001000075, 36.2557 ], [ 120.321099999000012, 36.2622 ], [ 120.3238, 36.2643 ], [ 120.324099999000055, 36.272600001000058 ], [ 120.3159, 36.2733 ], [ 120.3088, 36.2788 ], [ 120.3095, 36.2795 ], [ 120.3061, 36.2804 ], [ 120.2993, 36.2772 ], [ 120.2916, 36.2777 ], [ 120.2891, 36.2687 ], [ 120.2818, 36.2683 ], [ 120.2871, 36.2613 ], [ 120.2914, 36.2548 ], [ 120.2921, 36.242900001000066 ], [ 120.2943, 36.2381 ], [ 120.2927, 36.2346 ], [ 120.2852, 36.2312 ], [ 120.2789, 36.2258 ], [ 120.276, 36.21949999900005 ], [ 120.281300000000101, 36.2142 ], [ 120.277099999000029, 36.2046 ], [ 120.277099999000029, 36.1989 ], [ 120.2796, 36.1971 ], [ 120.2811, 36.195999999000037 ], [ 120.294399998000017, 36.198 ], [ 120.298999999000102, 36.1965 ], [ 120.3011, 36.1924 ], [ 120.299299999000027, 36.1877 ], [ 120.2835, 36.1869 ], [ 120.278, 36.1829 ], [ 120.2717, 36.1848 ], [ 120.2636, 36.1821 ], [ 120.259, 36.1822 ], [ 120.2547, 36.1855 ], [ 120.2573000000001, 36.189500001000056 ], [ 120.268400001000032, 36.195999999000037 ], [ 120.2658, 36.1977 ], [ 120.2579, 36.1984 ], [ 120.2504, 36.2014 ], [ 120.2329, 36.2001 ], [ 120.2256, 36.1917 ], [ 120.2216, 36.192 ], [ 120.2195, 36.1956 ], [ 120.2244, 36.2141 ], [ 120.2225, 36.2207 ], [ 120.2196, 36.2284 ], [ 120.2066, 36.2277 ], [ 120.1926, 36.2232 ], [ 120.1804, 36.2176 ], [ 120.179, 36.2182 ], [ 120.170600001000025, 36.214999999000042 ], [ 120.164000000000101, 36.2105 ], [ 120.144400001, 36.2063 ], [ 120.124499999000022, 36.2028 ], [ 120.115000001, 36.2011 ], [ 120.1203, 36.1995 ], [ 120.109200000000101, 36.1953 ], [ 120.1072, 36.1939 ], [ 120.1105, 36.183 ], [ 120.109200000000101, 36.180399999000088 ], [ 120.1039, 36.1711 ], [ 120.093800001000091, 36.1628 ], [ 120.086400001000015, 36.1575 ], [ 120.089700000000107, 36.151399999000034 ], [ 120.0885, 36.1461 ], [ 120.088599999000053, 36.1379 ], [ 120.09, 36.131 ], [ 120.0889, 36.1289 ], [ 120.08280000100001, 36.1278 ], [ 120.0812, 36.1255 ], [ 120.0948, 36.1176 ], [ 120.094, 36.112100001000044 ], [ 120.0935, 36.1079 ], [ 120.0979, 36.1037 ], [ 120.1054, 36.1 ], [ 120.1185, 36.097399999000061 ], [ 120.125200001000053, 36.0932 ], [ 120.144500000000107, 36.0898 ], [ 120.1711, 36.0677 ], [ 120.1905, 36.0616 ], [ 120.1917, 36.0595 ], [ 120.184, 36.055899999000076 ], [ 120.1811, 36.0517 ], [ 120.1795, 36.038500001000045 ], [ 120.1895, 36.0379 ], [ 120.1921, 36.0366 ], [ 120.2047, 36.0461 ], [ 120.20919999900002, 36.0467 ], [ 120.213899999000091, 36.0558 ], [ 120.229200000000105, 36.061200001000088 ], [ 120.2345, 36.057000001000063 ], [ 120.232699999000033, 36.0519 ], [ 120.226, 36.0494 ], [ 120.2226, 36.0468 ], [ 120.2195, 36.0444 ], [ 120.214, 36.032399999000063 ], [ 120.2107, 36.0307 ], [ 120.208900001000075, 36.032200001000035 ], [ 120.2004, 36.0274 ], [ 120.179400000000101, 36.021400001000075 ], [ 120.174, 36.0169 ], [ 120.169000001000086, 36.0062 ], [ 120.1724, 36.0049 ], [ 120.170600001000025, 35.986999999000034 ], [ 120.1732, 35.979000001000088 ], [ 120.1775, 35.978 ], [ 120.1827, 35.9797 ], [ 120.2013, 35.9953 ], [ 120.2024, 35.9955 ], [ 120.208399999000108, 35.9962 ], [ 120.214400001000058, 35.9938 ], [ 120.2209, 35.9938 ], [ 120.2269, 36.0047 ], [ 120.2311, 36.0069 ], [ 120.234800001000053, 36.0065 ], [ 120.2366, 36.0031 ], [ 120.2345, 35.9904 ], [ 120.23560000100008, 35.9861 ], [ 120.226399999000023, 35.9755 ], [ 120.230799999000055, 35.9717 ], [ 120.237499999000079, 35.9726 ], [ 120.2549, 35.9813 ], [ 120.256600001000038, 35.989399999000057 ], [ 120.2744, 35.99 ], [ 120.276700001000108, 35.9938 ], [ 120.2757, 35.9971 ], [ 120.273199999000099, 36.0056 ], [ 120.274700001000042, 36.0116 ], [ 120.2854, 36.0188 ], [ 120.2997, 36.0138 ], [ 120.30739999900004, 36.0049 ], [ 120.294100001000061, 35.989399999000057 ], [ 120.2932, 35.9758 ], [ 120.288800001000027, 35.9727 ], [ 120.281600001000015, 35.971 ], [ 120.2553, 35.9703 ], [ 120.2449, 35.9622 ], [ 120.238, 35.959500001000038 ], [ 120.235199999000088, 35.9514 ], [ 120.223800001000086, 35.9479 ], [ 120.211, 35.9359 ], [ 120.2096, 35.9294 ], [ 120.2007, 35.9253 ], [ 120.193, 35.9192 ], [ 120.1891, 35.9113 ], [ 120.1873, 35.9 ], [ 120.1797, 35.8995 ], [ 120.1731, 35.895499999000037 ], [ 120.166099999000039, 35.8951 ], [ 120.1632, 35.8959 ], [ 120.1628, 35.9007 ], [ 120.166600001, 35.9105 ], [ 120.173, 35.9134 ], [ 120.1741, 35.9139 ], [ 120.181600001000106, 35.9237 ], [ 120.1842, 35.9215 ], [ 120.1892, 35.924300001000063 ], [ 120.190200001000107, 35.9269 ], [ 120.186300001000063, 35.9321 ], [ 120.1882, 35.9337 ], [ 120.197499999, 35.9349 ], [ 120.206100000000106, 35.9392 ], [ 120.206500001, 35.9507 ], [ 120.204800001000081, 35.9559 ], [ 120.1934, 35.9529 ], [ 120.184799999, 35.9559 ], [ 120.1768, 35.9527 ], [ 120.1728, 35.9455 ], [ 120.1631, 35.940899999000067 ], [ 120.1585, 35.9359 ], [ 120.158300001000043, 35.9279 ], [ 120.1539, 35.9233 ], [ 120.1488, 35.918 ], [ 120.147000001000038, 35.9129 ], [ 120.1428, 35.9124 ], [ 120.1394, 35.9136 ], [ 120.1328, 35.923600001000068 ], [ 120.1295, 35.9228 ], [ 120.127600001000019, 35.9202 ], [ 120.131, 35.9137 ], [ 120.126800001000106, 35.9124 ], [ 120.1208, 35.9145 ], [ 120.1149, 35.9139 ], [ 120.10290000100008, 35.9095 ], [ 120.0958, 35.904700001000037 ], [ 120.0863, 35.8948 ], [ 120.080199999, 35.8921 ], [ 120.0668, 35.8895 ], [ 120.061000001000025, 35.8857 ], [ 120.0509, 35.872099999000056 ], [ 120.0428, 35.8574 ], [ 120.037, 35.84600000100005 ], [ 120.027200001000097, 35.8322 ], [ 120.0234, 35.8158 ], [ 120.026499999000066, 35.8076 ], [ 120.033100000000104, 35.797 ], [ 120.033799999000053, 35.7966 ], [ 120.036, 35.795299999000065 ], [ 120.0365, 35.789799999000081 ], [ 120.032000001000029, 35.7828 ], [ 120.033500001000107, 35.775 ], [ 120.032, 35.7708 ], [ 120.0206, 35.7611 ], [ 120.0153, 35.7513 ], [ 120.0153, 35.7396 ], [ 120.009199999000089, 35.7351 ], [ 120.006800001000101, 35.7268 ], [ 120.0027, 35.723 ], [ 120.0, 35.7241 ], [ 119.991900000000101, 35.727299999000081 ], [ 119.9828, 35.7291 ], [ 119.978700001000107, 35.732 ], [ 119.974299999000095, 35.7438 ], [ 119.969500001000029, 35.7446 ], [ 119.964800001000071, 35.7437 ], [ 119.963299999000014, 35.743500001000086 ], [ 119.9536, 35.7611 ], [ 119.944000001000063, 35.7675 ], [ 119.9353, 35.7661 ], [ 119.9265, 35.7689 ], [ 119.9218, 35.767800001000069 ], [ 119.916, 35.7644 ], [ 119.908400001000018, 35.7569 ], [ 119.9032, 35.7404 ], [ 119.9162, 35.727299999000081 ], [ 119.9364, 35.7269 ], [ 119.9406, 35.7215 ], [ 119.936999999000022, 35.7185 ], [ 119.9327, 35.7149 ], [ 119.931000001000029, 35.7089 ], [ 119.914700001000028, 35.702900001000046 ], [ 119.910099999000067, 35.6984 ], [ 119.9023, 35.6849 ], [ 119.8978, 35.6648 ], [ 119.898600000000101, 35.659099999000034 ], [ 119.900400000000104, 35.656799999000043 ], [ 119.9065, 35.656799999000043 ], [ 119.909000000000106, 35.652899999000056 ], [ 119.9152, 35.6506 ], [ 119.908200001000068, 35.6447 ], [ 119.9064, 35.6405 ], [ 119.9003, 35.6378 ], [ 119.892399999000077, 35.6382 ], [ 119.880999999000096, 35.6327 ], [ 119.8579, 35.6125 ], [ 119.853699999000014, 35.6119 ], [ 119.8488, 35.6143 ], [ 119.8471, 35.6204 ], [ 119.84030000100006, 35.6237 ], [ 119.84030000100006, 35.628699999000048 ], [ 119.8385, 35.6317 ], [ 119.8318, 35.630800001000068 ], [ 119.8255, 35.6276 ], [ 119.8174, 35.619999999000072 ], [ 119.812499999000011, 35.622 ], [ 119.8118, 35.6256 ], [ 119.8138, 35.6314 ], [ 119.8091, 35.6356 ], [ 119.8133, 35.6431 ], [ 119.8109, 35.645799999000076 ], [ 119.8026, 35.6492 ], [ 119.799799999000015, 35.648199999000042 ], [ 119.797, 35.642400001000055 ], [ 119.796799999000086, 35.6419 ], [ 119.789000000000101, 35.6383 ], [ 119.7893, 35.6337 ], [ 119.783, 35.6275 ], [ 119.784900000000107, 35.623899999000059 ], [ 119.780000001000076, 35.6201 ], [ 119.7775, 35.6143 ], [ 119.777600001, 35.6056 ], [ 119.7687, 35.5971 ], [ 119.762100001000022, 35.5877 ], [ 119.757400001000065, 35.5846 ], [ 119.754, 35.5849 ], [ 119.75, 35.58799999900009 ], [ 119.749, 35.5917 ], [ 119.7578, 35.600599999000053 ], [ 119.7579, 35.6057 ], [ 119.7534, 35.6184 ], [ 119.7507, 35.6218 ], [ 119.7396, 35.6249 ], [ 119.734600001000103, 35.6298 ], [ 119.733800002000066, 35.6426 ], [ 119.7297, 35.640200001000039 ], [ 119.7269, 35.6335 ], [ 119.722, 35.628500001000077 ], [ 119.7075, 35.6262 ], [ 119.69899999900008, 35.6221 ], [ 119.6936, 35.6173 ], [ 119.6884, 35.6085 ], [ 119.680300000000102, 35.6068 ], [ 119.6769, 35.6015 ], [ 119.6687, 35.5971 ], [ 119.6611, 35.5982 ], [ 119.65049999900009, 35.6023 ], [ 119.6437, 35.602799999000069 ], [ 119.639200001000063, 35.616700001000083 ], [ 119.6404, 35.6249 ], [ 119.6357, 35.6234 ], [ 119.6322, 35.6198 ], [ 119.631399999, 35.6132 ], [ 119.636900001000072, 35.6048 ], [ 119.636800001000097, 35.6005 ], [ 119.634399999000038, 35.5986 ], [ 119.6237, 35.6095 ], [ 119.6192, 35.6107 ], [ 119.6179, 35.6029 ], [ 119.6195, 35.598800001000086 ], [ 119.6305, 35.59 ], [ 119.633199998, 35.5861 ], [ 119.638, 35.5854 ], [ 119.628, 35.5665 ], [ 119.62200000100006, 35.5628 ], [ 119.6188, 35.5584 ], [ 119.6184, 35.554 ], [ 119.619600001000094, 35.5421 ], [ 119.612799998000014, 35.5298 ], [ 119.613799999000094, 35.5273 ], [ 119.6117, 35.5176 ], [ 119.6152, 35.509600001000081 ], [ 119.6149, 35.5077 ], [ 119.614499999000031, 35.5052 ], [ 119.6085, 35.5025 ], [ 119.6044, 35.498699999000053 ], [ 119.5944, 35.4675 ], [ 119.5896, 35.4623 ], [ 119.577, 35.4568 ], [ 119.571000001000016, 35.452 ], [ 119.570700000000102, 35.4417 ], [ 119.5615, 35.4212 ], [ 119.5551, 35.3981 ], [ 119.552100001000099, 35.377300001000037 ], [ 119.549299999000027, 35.3765 ], [ 119.5377, 35.3799 ], [ 119.53, 35.3771 ], [ 119.5227000000001, 35.3707 ], [ 119.5149, 35.358 ], [ 119.5092, 35.3429 ], [ 119.4563, 35.3252 ], [ 119.449, 35.3192 ], [ 119.442000001, 35.3036 ], [ 119.4368, 35.306900001000088 ], [ 119.4304, 35.323 ], [ 119.4187, 35.320999999000037 ], [ 119.416700000000105, 35.317 ], [ 119.4186, 35.312 ], [ 119.4084, 35.3096 ], [ 119.4094, 35.306199999000057 ], [ 119.4056, 35.3029 ], [ 119.392700001000094, 35.3032 ], [ 119.3903, 35.300600001000078 ], [ 119.408, 35.2993 ], [ 119.4184, 35.3045 ], [ 119.4245, 35.3007 ], [ 119.4278, 35.3004 ], [ 119.431099999000025, 35.297300001000053 ], [ 119.4201, 35.287300001000062 ], [ 119.4019, 35.2635 ], [ 119.3964, 35.2516 ], [ 119.3968, 35.2376 ], [ 119.3924, 35.2191 ], [ 119.388899999000046, 35.2158 ], [ 119.3871, 35.2208 ], [ 119.3891, 35.2337 ], [ 119.3882, 35.236 ], [ 119.3851, 35.237 ], [ 119.3692, 35.1959 ], [ 119.3649, 35.1804 ], [ 119.3645, 35.1774 ], [ 119.3667, 35.1779 ], [ 119.3796, 35.2061 ], [ 119.383399999000062, 35.2076 ], [ 119.3845, 35.2037 ], [ 119.382599999000035, 35.19759999900009 ], [ 119.378699999000105, 35.1845 ], [ 119.3758, 35.1647 ], [ 119.370299999000054, 35.1555 ], [ 119.367800000000102, 35.1398 ], [ 119.37086459, 35.13596926300005 ], [ 119.130711212000051, 35.122116023000046 ], [ 118.987256769000055, 35.08911898100007 ], [ 118.863035922000108, 35.044346200000064 ], [ 118.768942483000046, 34.957217469000057 ], [ 118.733661291000089, 34.840837413000088 ], [ 118.418555490000017, 34.69417984100005 ], [ 118.327988395000034, 34.617892450000056 ], [ 118.192274830000088, 34.533769225000071 ], [ 118.077486934000035, 34.539121158000057 ], [ 118.016065095000044, 34.603147829000079 ], [ 117.93092833500009, 34.690843355000084 ], [ 117.64780230100007, 34.57837008000007 ], [ 117.489663383000106, 34.551769354000044 ], [ 117.273559112000044, 34.573614564000081 ], [ 117.071398707000071, 34.593135439000037 ], [ 116.827339852000023, 34.586262206000072 ], [ 116.702702615000021, 34.510787104000087 ], [ 116.519138767000072, 34.411375809000049 ], [ 116.410853526000096, 34.324810340000056 ], [ 115.961622652000074, 34.328807405000077 ], [ 115.808421937000048, 34.300603629000079 ], [ 115.674684373000105, 34.323273794000045 ], [ 115.55010216800008, 34.357550482000079 ], [ 115.46009468, 34.403954739000085 ], [ 115.358286197000098, 34.484956154000088 ], [ 115.23419793100004, 34.535399323000036 ], [ 114.947069515000067, 34.603702487000078 ], [ 114.625401378000106, 34.798803244000055 ], [ 114.434733390000019, 34.881942515000048 ], [ 114.296113886000057, 34.921934266000051 ], [ 114.200789033000092, 34.932879489000072 ], [ 114.081434285, 34.939114825000047 ], [ 113.995158764000053, 34.935988633000079 ], [ 113.942654724000022, 34.914293642000075 ], [ 113.833748245000038, 34.900720237000087 ], [ 113.714669014000037, 34.921293836000075 ], [ 113.481393291000018, 34.978100013000073 ], [ 113.349128669000038, 34.962958762000085 ], [ 113.289048024000067, 34.936305674000039 ], [ 113.258072648000052, 34.889977237000039 ], [ 113.179753663000042, 34.850519660000089 ], [ 113.105572306, 34.849184936000086 ], [ 113.053804445000083, 34.84361272600006 ], [ 112.96283835600002, 34.83844496100005 ], [ 112.851644023000063, 34.822445625000057 ], [ 112.768997702000092, 34.825465359000077 ], [ 112.569398847, 34.862370465000083 ], [ 112.527074793, 34.872157426000058 ], [ 112.487066531000096, 34.911081978000084 ], [ 112.384694871000079, 34.921325653000054 ], [ 112.191477463000069, 34.971633304000079 ], [ 112.097170949000088, 35.004701773000079 ], [ 112.02675088400008, 35.028044453000064 ], [ 111.938322724000045, 35.054905578000046 ], [ 111.883590878000064, 35.060138883000036 ], [ 111.778441761000067, 35.02241863900008 ], [ 111.676874294000072, 34.97694393900008 ], [ 111.651528169000073, 34.94629576400007 ], [ 111.597410769000078, 34.892645596000079 ], [ 111.54416417200008, 34.844399569000075 ], [ 111.45838543900004, 34.84133273100008 ], [ 111.410945685000058, 34.816349500000058 ], [ 111.257869795000033, 34.793635103000042 ], [ 111.162031254000055, 34.783946607000075 ], [ 111.084391943000071, 34.756060027000046 ], [ 110.978517699000065, 34.706794075000062 ], [ 110.877318736000063, 34.657037932000037 ], [ 110.794162820000054, 34.632730798000068 ], [ 110.753119626000057, 34.647755036000035 ], [ 110.707187185000066, 34.603355426000064 ], [ 110.625408834000041, 34.600210090000076 ], [ 110.517734608000069, 34.594120796000084 ], [ 110.46827187100007, 34.605944774000079 ], [ 110.393227068000044, 34.593170359000055 ], [ 110.271342990000051, 34.612237207000078 ], [ 110.251414376000071, 34.673687098000073 ], [ 110.29685272100005, 35.021680844000059 ], [ 110.458571938000034, 35.359951039000066 ], [ 110.523654024000052, 35.669168760000048 ], [ 110.553439114000071, 35.888769914000079 ], [ 110.508237421000047, 36.077600874000041 ], [ 110.335434114000066, 36.554345772000033 ], [ 110.360081304000062, 36.737330065000037 ], [ 110.369973007000056, 36.810520631000088 ], [ 110.595911581000053, 37.236023060000036 ], [ 110.750699344000054, 37.482223372000078 ], [ 110.774045393000051, 37.646825111000055 ], [ 110.577117719000057, 37.792632740000045 ], [ 110.466527197000062, 38.042140502000052 ], [ 110.532394269000065, 38.166326965000053 ], [ 110.576982604000079, 38.310737605000043 ], [ 110.98072512400006, 38.573504815000035 ], [ 111.08022674800003, 38.750269160000073 ], [ 111.313301978000027, 39.156385836000084 ], [ 110.991523205000078, 39.480016739000064 ], [ 110.441885773000081, 39.617158490000065 ], [ 110.05464992800006, 39.684144137000089 ], [ 109.666719463000049, 39.750003440000057 ], [ 109.324980744000072, 39.792953782000041 ], [ 109.271937896000054, 39.963137416000052 ], [ 109.176592879000054, 40.395243360000052 ], [ 109.128415850000067, 41.21303083500004 ], [ 108.751771706000056, 41.717893586000059 ], [ 108.747604832000036, 41.731979677000083 ], [ 108.733008605000066, 41.781280178000088 ], [ 108.648617361000049, 41.919239486000038 ], [ 108.532686961000081, 42.05504897600008 ], [ 108.347003243000074, 42.176672713000073 ], [ 108.188059736000071, 42.265833661000045 ], [ 108.027734018000046, 42.371203161000039 ], [ 107.958469582000077, 42.434405206000065 ], [ 107.963013681000064, 42.52596559400007 ], [ 108.130212682000035, 42.626399866000042 ], [ 108.314910465000025, 42.84815935000006 ], [ 108.822784140000067, 43.018936084000075 ], [ 109.611516288000075, 43.266237778000061 ], [ 110.10260454400003, 43.489113369000052 ], [ 110.767697592000047, 43.963338806000081 ], [ 111.512531807000073, 44.256569471000034 ], [ 112.381731040000091, 44.457123526000089 ], [ 112.859302359000026, 44.44556198500004 ], [ 113.26502924600004, 44.407740528000033 ], [ 113.806472291000091, 44.323923476000061 ], [ 114.708283246000065, 44.208279969000046 ], [ 115.200365856000076, 44.163395657000081 ], [ 115.596822909000025, 44.190534249000052 ], [ 115.878739661000054, 44.300688623000042 ], [ 116.407004464000011, 44.594997418000048 ], [ 116.698020507000024, 44.869024631000059 ], [ 116.938950026000043, 45.022239006000063 ], [ 117.398386932000108, 44.958154919000037 ], [ 117.924856977000104, 44.876558617000057 ], [ 118.368400074000078, 44.972558746000061 ], [ 118.845390951000013, 45.111770102000037 ], [ 119.173807938000095, 45.249060012000086 ], [ 119.714761466000027, 45.69954596000008 ], [ 119.918631074000018, 45.862694206000072 ], [ 120.058366572000068, 45.973955323000041 ], [ 120.21047734800004, 46.134903664000035 ], [ 120.297142718000032, 46.038973063000071 ], [ 121.048991377000107, 45.864720599000066 ], [ 120.893861062000042, 45.662755126000036 ], [ 120.388130907, 45.159417622000035 ] ] ] ] } }
]
}
