{
"type": "FeatureCollection",
"name": "古水系",
"crs": { "type": "name", "properties": { "name": "urn:ogc:def:crs:OGC:1.3:CRS84" } },
"features": [
{ "type": "Feature", "properties": { "河流": "洛水" }, "geometry": { "type": "MultiPolygon", "coordinates": [ [ [ [ 112.368535144905238, 34.604171074746368 ], [ 112.368685355010129, 34.604300047074993 ], [ 112.369330670007358, 34.604918943771644 ], [ 112.369603924193711, 34.605216563807033 ], [ 112.369630719497962, 34.605243219208873 ], [ 112.369678493898491, 34.605188420381005 ], [ 112.370064662334343, 34.60474547472834 ], [ 112.370469482973192, 34.604281126725539 ], [ 112.370539433639848, 34.604165820313256 ], [ 112.370137889251382, 34.60353523592299 ], [ 112.369955641436647, 34.603308564638745 ], [ 112.369872677963912, 34.603118141467434 ], [ 112.369023881628038, 34.60228880038369 ], [ 112.368023621003857, 34.60125845645269 ], [ 112.366658184344431, 34.600779992638529 ], [ 112.365413715188055, 34.60060289691986 ], [ 112.363167465406292, 34.600374459383083 ], [ 112.360981823008359, 34.600221361354819 ], [ 112.359767607289243, 34.600119555135855 ], [ 112.357248451814669, 34.599714965405873 ], [ 112.355912985402824, 34.59951256084063 ], [ 112.352725830860791, 34.599182398628002 ], [ 112.350663203975458, 34.598175726232363 ], [ 112.349693169851264, 34.597371204215847 ], [ 112.348419936954798, 34.596365466297577 ], [ 112.346753791412709, 34.59443036927982 ], [ 112.345025983256122, 34.593047460583939 ], [ 112.344268417699681, 34.592318476432048 ], [ 112.343389253222654, 34.591689748331902 ], [ 112.34244761655961, 34.591050589891879 ], [ 112.341993100987892, 34.590917752539404 ], [ 112.340459399239208, 34.590337356077129 ], [ 112.340245207071206, 34.590207026102597 ], [ 112.33991754432158, 34.59000765036177 ], [ 112.33962477483189, 34.589934595579017 ], [ 112.338964635856343, 34.589724858852257 ], [ 112.338349375280046, 34.589350470920799 ], [ 112.338285414652077, 34.589338360808455 ], [ 112.337974823533131, 34.589209414165666 ], [ 112.337645054284863, 34.588951910726323 ], [ 112.337237610715093, 34.588678233524618 ], [ 112.33723413818619, 34.588670295287372 ], [ 112.337100060947861, 34.588620373584419 ], [ 112.335584770387214, 34.587363133699746 ], [ 112.33544815908536, 34.58723188213019 ], [ 112.334685319554822, 34.586498963129337 ], [ 112.333785733100086, 34.585713235515755 ], [ 112.333028290699616, 34.585006146839767 ], [ 112.332694303001773, 34.584759795566917 ], [ 112.331323415066691, 34.583748593006014 ], [ 112.330423650567369, 34.583080516162532 ], [ 112.329096575839799, 34.582647184830662 ], [ 112.327579567136112, 34.582331245808732 ], [ 112.326346881125119, 34.582133369765721 ], [ 112.325351499070152, 34.581857370711489 ], [ 112.323645725832876, 34.581109633671474 ], [ 112.322129936611347, 34.58024447550028 ], [ 112.321230030146282, 34.579694006383356 ], [ 112.319667375971505, 34.578593396528603 ], [ 112.318673338308031, 34.577728965959558 ], [ 112.317300018615356, 34.576824734350716 ], [ 112.316495287068932, 34.576156695090177 ], [ 112.316165487898459, 34.575175566612536 ], [ 112.315313532676868, 34.57442899791031 ], [ 112.31517950044497, 34.574296856337135 ], [ 112.314723684691444, 34.574026503683754 ], [ 112.313900424543405, 34.573343025593921 ], [ 112.313400355356819, 34.572387347997726 ], [ 112.308807238123819, 34.568956704451786 ], [ 112.30372174278375, 34.566346875533327 ], [ 112.299390327668434, 34.564603788431164 ], [ 112.288547017496768, 34.560836931359574 ], [ 112.285233710728832, 34.557401737970679 ], [ 112.276584964565956, 34.549262732116894 ], [ 112.261076599405669, 34.54393562692897 ], [ 112.249539118654198, 34.542140222816379 ], [ 112.249397711792312, 34.543474222355918 ], [ 112.260666417516816, 34.54509881064812 ], [ 112.268171437032564, 34.547903744046401 ], [ 112.274614908709566, 34.550146673592586 ], [ 112.276397545814632, 34.551014264791689 ], [ 112.282871008711908, 34.557579618539506 ], [ 112.287120101737401, 34.561785833941777 ], [ 112.289685919019107, 34.563056239865602 ], [ 112.293077073977713, 34.563872575512967 ], [ 112.297307146321501, 34.565189576773577 ], [ 112.301054036423182, 34.566558725093856 ], [ 112.304378906011763, 34.568084347137898 ], [ 112.308296483592358, 34.570248141059764 ], [ 112.311507535079187, 34.572747113915156 ], [ 112.312587675284277, 34.573924073950813 ], [ 112.313336204310843, 34.575283990441996 ], [ 112.314740020214785, 34.576428615410265 ], [ 112.315746933440238, 34.577892305650465 ], [ 112.315874539785455, 34.578077795134455 ], [ 112.316337027695639, 34.578409381259377 ], [ 112.316916236095366, 34.578824645510828 ], [ 112.318336326110895, 34.58004275278153 ], [ 112.320704893809747, 34.581301468029103 ], [ 112.324210287663547, 34.583267835803468 ], [ 112.325489590594088, 34.583858053672152 ], [ 112.32648524090051, 34.584016375534063 ], [ 112.327433550364901, 34.584135397681358 ], [ 112.327827407952469, 34.584201125643794 ], [ 112.328144723308611, 34.584254078210726 ], [ 112.328618598477874, 34.584450871911585 ], [ 112.329551898947301, 34.584954459276744 ], [ 112.329566112714843, 34.584962127907971 ], [ 112.330655286154879, 34.585787375906243 ], [ 112.331554765710479, 34.586612351027298 ], [ 112.332596156580948, 34.587633640540851 ], [ 112.332679366878452, 34.587728138654107 ], [ 112.333779865786795, 34.588655115143119 ], [ 112.335152705740626, 34.589990634435416 ], [ 112.335435819385282, 34.590236992028338 ], [ 112.336478423747153, 34.590955446468861 ], [ 112.337379438516535, 34.591288055917929 ], [ 112.337802437712313, 34.591369375423618 ], [ 112.338744371286836, 34.591859419275096 ], [ 112.341959356212342, 34.593344770551937 ], [ 112.343475795838941, 34.594099850293567 ], [ 112.344385204677906, 34.594803928863151 ], [ 112.345142465116353, 34.595708639523501 ], [ 112.345717964913931, 34.5964122831368 ], [ 112.346293567038089, 34.597065715561172 ], [ 112.346747512763528, 34.597844513477199 ], [ 112.347262507567422, 34.598447656422472 ], [ 112.348323745179599, 34.599176999374343 ], [ 112.349658146052647, 34.599956877820283 ], [ 112.35181264414399, 34.600536909420889 ], [ 112.35512141591559, 34.600791928233456 ], [ 112.357549685804315, 34.601096038729935 ], [ 112.35927981886806, 34.601323985835698 ], [ 112.360554602957052, 34.601526283078584 ], [ 112.361708077771297, 34.601653117619037 ], [ 112.363013315761648, 34.60180521613561 ], [ 112.365320648198903, 34.601832891079042 ], [ 112.366230930510042, 34.602160245748365 ], [ 112.366868095415853, 34.602411983801005 ], [ 112.367474664970231, 34.602814309632713 ], [ 112.368050442166478, 34.603492742698421 ], [ 112.368535144905238, 34.604171074746368 ] ] ] ] } },
{ "type": "Feature", "properties": { "河流": "涧水" }, "geometry": { "type": "MultiPolygon", "coordinates": [ [ [ [ 112.284026904387147, 34.686609167100855 ], [ 112.284228682454327, 34.686652102241418 ], [ 112.284545279192784, 34.6866671919136 ], [ 112.284743274028116, 34.686688650186454 ], [ 112.285073620238478, 34.686677106581229 ], [ 112.288039805458595, 34.687009072218494 ], [ 112.291203681049026, 34.687395766711091 ], [ 112.294696855211782, 34.687946322149877 ], [ 112.297794067570734, 34.688659509370659 ], [ 112.300429782010397, 34.689371863761494 ], [ 112.305308400379786, 34.689652059074206 ], [ 112.307548716411404, 34.690309165309003 ], [ 112.308537264273454, 34.690528571509631 ], [ 112.309131944959802, 34.689984876589548 ], [ 112.305639860399381, 34.688890110729979 ], [ 112.302475991298408, 34.688449328406278 ], [ 112.301025548889427, 34.688392508963709 ], [ 112.299311893095933, 34.688117388607168 ], [ 112.297532842938637, 34.687624285551031 ], [ 112.294633339287813, 34.686965887022751 ], [ 112.29127207337956, 34.686415555365869 ], [ 112.288569767064587, 34.686029663326892 ], [ 112.286592190582567, 34.685862832381616 ], [ 112.284614620935102, 34.685695968471272 ], [ 112.283979243235649, 34.685589831255932 ], [ 112.283495071408296, 34.685584849831315 ], [ 112.281646924694044, 34.685963006628192 ], [ 112.281605192298912, 34.68596155274227 ], [ 112.277919025389309, 34.687602614512841 ], [ 112.273821887621452, 34.690100358171073 ], [ 112.270851107838496, 34.692135523241838 ], [ 112.269090551203647, 34.692843247257649 ], [ 112.266603236532305, 34.693458613537508 ], [ 112.264598999062102, 34.69396068716997 ], [ 112.262987963763507, 34.694279435051008 ], [ 112.259406732947994, 34.695013590234495 ], [ 112.254756650185598, 34.696463070673779 ], [ 112.252584715862838, 34.696866530810858 ], [ 112.247776274493603, 34.698142392179605 ], [ 112.239888921909014, 34.69929590427067 ], [ 112.231642052863592, 34.701717653134345 ], [ 112.223312011127817, 34.703926074255307 ], [ 112.223753055153168, 34.705060837456131 ], [ 112.228129706169256, 34.704135296666394 ], [ 112.233034139810172, 34.7021308421768 ], [ 112.237499551244468, 34.70094666068475 ], [ 112.255148953756773, 34.697471440917532 ], [ 112.258236404397508, 34.69647260325354 ], [ 112.259890508947748, 34.696033567521923 ], [ 112.262083298026013, 34.695415623239278 ], [ 112.263735953378145, 34.695084571463148 ], [ 112.264855561951507, 34.694853514081203 ], [ 112.266429071272412, 34.694225561793061 ], [ 112.268573360973249, 34.693896478124259 ], [ 112.271047645405233, 34.693151274012948 ], [ 112.273825070636448, 34.691311045164674 ], [ 112.27526476620605, 34.69041254544905 ], [ 112.277817699955563, 34.688725645819744 ], [ 112.280416574055081, 34.687448769538491 ], [ 112.282112019632109, 34.686780569129937 ], [ 112.2825398085524, 34.686765628602366 ], [ 112.283214475721039, 34.686636280734099 ], [ 112.284026904387147, 34.686609167100855 ] ] ] ] } },
{ "type": "Feature", "properties": { "河流": "凝碧池" }, "geometry": { "type": "MultiPolygon", "coordinates": [ [ [ [ 112.398834909204069, 34.643832750723078 ], [ 112.397319372463343, 34.643426103748958 ], [ 112.396368706040249, 34.644030452712869 ], [ 112.394908287127365, 34.644077331227514 ], [ 112.392601088927933, 34.642050692272406 ], [ 112.390366736427552, 34.637941598374638 ], [ 112.388410686003155, 34.635221033952377 ], [ 112.386800598396036, 34.635508783267134 ], [ 112.384423770004759, 34.633539768514979 ], [ 112.381419510094204, 34.629950389926641 ], [ 112.379293137380373, 34.631123750382386 ], [ 112.378170700350339, 34.632973724936647 ], [ 112.37727254812711, 34.634564763667591 ], [ 112.375924293299875, 34.636518020664461 ], [ 112.375831504444932, 34.639746359089031 ], [ 112.374484785165066, 34.641670113334648 ], [ 112.374975085066922, 34.643299575295792 ], [ 112.376585266708474, 34.644967195307203 ], [ 112.378329203065448, 34.647116210502737 ], [ 112.381552704650332, 34.648489188788837 ], [ 112.382581872981007, 34.649341684153768 ], [ 112.384327495557997, 34.650454004440931 ], [ 112.385938509889797, 34.651751282866861 ], [ 112.388356788781806, 34.652456933877552 ], [ 112.390730502750927, 34.653014409576834 ], [ 112.392030358020364, 34.652534284449295 ], [ 112.392883717209074, 34.650869059741403 ], [ 112.393064675370553, 34.649499414748938 ], [ 112.39490508699474, 34.646613318805535 ], [ 112.396346534572032, 34.645487104599901 ], [ 112.392635591935104, 34.645502270266377 ], [ 112.391596713473419, 34.646433488324178 ], [ 112.390303590520446, 34.647724278738245 ], [ 112.389419227953766, 34.648285195445091 ], [ 112.387576864081922, 34.648612628563129 ], [ 112.386158462564254, 34.646934076180735 ], [ 112.386839840228589, 34.645698935262153 ], [ 112.38867597714075, 34.644970394773637 ], [ 112.391055528408685, 34.644466999262761 ], [ 112.391809887958416, 34.644668849278723 ], [ 112.392875713113298, 34.644954029439582 ], [ 112.395313466433421, 34.644822048523764 ], [ 112.396850747818959, 34.645124629452241 ], [ 112.398834909204069, 34.643832750723078 ] ], [ [ 112.387046489606305, 34.643676948737536 ], [ 112.386365744681115, 34.644462722581814 ], [ 112.385552599888968, 34.64266446595439 ], [ 112.385282049078214, 34.641709293727963 ], [ 112.386370879468856, 34.640699223169356 ], [ 112.387458771553597, 34.640363202969588 ], [ 112.387933163403034, 34.641374729149277 ], [ 112.388135399768004, 34.642610691767494 ], [ 112.387046489606305, 34.643676948737536 ] ] ] ] } },
{ "type": "Feature", "properties": { "河流": null }, "geometry": { "type": "MultiPolygon", "coordinates": [ [ [ [ 112.387898327673113, 34.652323159871933 ], [ 112.387383722791114, 34.652173001953521 ], [ 112.387390911006989, 34.654635329810716 ], [ 112.386811966371482, 34.656411240681436 ], [ 112.385828144555234, 34.658351229863356 ], [ 112.384405976767141, 34.659373413532748 ], [ 112.383653536677954, 34.660892248266215 ], [ 112.383767573156135, 34.664657680590558 ], [ 112.383284799513333, 34.66863939256897 ], [ 112.382064050785786, 34.671358711709537 ], [ 112.380629281086257, 34.673506109959135 ], [ 112.378814929831449, 34.674076018357141 ], [ 112.376404579171904, 34.674251022875112 ], [ 112.372537617921495, 34.675075019044023 ], [ 112.37046157711039, 34.675072832062625 ], [ 112.3683403986971, 34.673434323877281 ], [ 112.366027808313021, 34.672170128577918 ], [ 112.363975283781656, 34.672424135284182 ], [ 112.359726093726437, 34.673483862781865 ], [ 112.356408142621447, 34.674130554961067 ], [ 112.353975194301341, 34.673555969081015 ], [ 112.349327686991487, 34.670455262742067 ], [ 112.344119645080951, 34.667441142550516 ], [ 112.340725411326517, 34.668268430177051 ], [ 112.337146626089051, 34.66810969131415 ], [ 112.332932639257507, 34.668658440624242 ], [ 112.328719546309046, 34.668745005509471 ], [ 112.32581358534992, 34.667755203284898 ], [ 112.325035778822865, 34.665320674435122 ], [ 112.323659258290931, 34.66396337160333 ], [ 112.321164460838332, 34.662573615432173 ], [ 112.316992600243765, 34.660996486695325 ], [ 112.316101648416293, 34.659300994550541 ], [ 112.316253548148765, 34.658038310156883 ], [ 112.318083243582393, 34.656624125282065 ], [ 112.320320325133011, 34.656411822644337 ], [ 112.323152709367733, 34.656723990503018 ], [ 112.325873718822976, 34.658710914212115 ], [ 112.327660055790034, 34.659702293994904 ], [ 112.328759920648892, 34.658540731453115 ], [ 112.329192151208161, 34.657181086770478 ], [ 112.330197297487658, 34.65564481662458 ], [ 112.33160697035899, 34.65460194116514 ], [ 112.333875320361528, 34.653619363247273 ], [ 112.336333030919107, 34.653366407256051 ], [ 112.337668368934743, 34.65368361250254 ], [ 112.339122161801029, 34.65443466221793 ], [ 112.340647024168149, 34.655461780811194 ], [ 112.341981364758979, 34.656330923281061 ], [ 112.344007117907807, 34.657457215451842 ], [ 112.345606008399059, 34.65722268541618 ], [ 112.347158621199512, 34.656199524987969 ], [ 112.348519625121625, 34.655570382606449 ], [ 112.349593009396543, 34.655670280099308 ], [ 112.35149914095922, 34.657032865835049 ], [ 112.352882416275079, 34.657290821355232 ], [ 112.354552156589136, 34.656906434249848 ], [ 112.355497633056245, 34.657588866069673 ], [ 112.355923698040712, 34.658434696215565 ], [ 112.357159531619644, 34.658991289597701 ], [ 112.358945670969106, 34.659195236957338 ], [ 112.360626076294395, 34.658717730626314 ], [ 112.362535516069144, 34.658227842158915 ], [ 112.364826245857444, 34.657990683048673 ], [ 112.365665708979236, 34.658193479982657 ], [ 112.366917881993416, 34.658119151457825 ], [ 112.36742771506276, 34.657681453947362 ], [ 112.36768315556931, 34.655715951245142 ], [ 112.368152202864209, 34.655418613398787 ], [ 112.369882791323249, 34.655122627169291 ], [ 112.36790400447417, 34.652827087801832 ], [ 112.365600418259845, 34.650858789059157 ], [ 112.359666139551166, 34.649229156777054 ], [ 112.352774623909951, 34.648472878380659 ], [ 112.347728805773002, 34.647918892479282 ], [ 112.345858974608902, 34.645593343494824 ], [ 112.345065707770061, 34.64580083083176 ], [ 112.347151056892557, 34.648513861360072 ], [ 112.348520515060983, 34.648575139653168 ], [ 112.352339990021449, 34.64908616236221 ], [ 112.355910370489596, 34.649441891492948 ], [ 112.359485025180675, 34.649846367819229 ], [ 112.362067712341656, 34.650325869939024 ], [ 112.363934667144022, 34.651223888153609 ], [ 112.365340930397238, 34.651740125863356 ], [ 112.366492675086235, 34.652751685670445 ], [ 112.367759302224584, 34.65406835242112 ], [ 112.36869791079117, 34.654772435257833 ], [ 112.367642629896807, 34.654906958278907 ], [ 112.367042309201622, 34.655249423775203 ], [ 112.366787369384028, 34.655992568507472 ], [ 112.366808943352382, 34.656926635370141 ], [ 112.366300360818158, 34.657593252184931 ], [ 112.365239808094373, 34.657210843131772 ], [ 112.362007324309005, 34.657620072593957 ], [ 112.35919410701753, 34.65819524286082 ], [ 112.357141254657137, 34.658021295803188 ], [ 112.356243406382006, 34.656952762995225 ], [ 112.35460729078828, 34.65594053140623 ], [ 112.35225801592432, 34.656449334869727 ], [ 112.351019114366906, 34.655740242003418 ], [ 112.349322759797531, 34.654920773995585 ], [ 112.347669301611404, 34.654882120794618 ], [ 112.345727604351126, 34.656071449571385 ], [ 112.344279717607648, 34.656570681454639 ], [ 112.342760136809105, 34.656010270791469 ], [ 112.340679342599444, 34.654425264620038 ], [ 112.337636376235039, 34.652802377648236 ], [ 112.334205878117061, 34.652834330443653 ], [ 112.331782729173426, 34.653575626418636 ], [ 112.32986516564651, 34.654922580046282 ], [ 112.328284690372001, 34.656642285436106 ], [ 112.328338707613881, 34.657759282446818 ], [ 112.327548098116679, 34.658782011325599 ], [ 112.323779887319787, 34.65626355228774 ], [ 112.320659648777607, 34.655839433573568 ], [ 112.318035895784831, 34.655975886535444 ], [ 112.316457310390092, 34.656718135180299 ], [ 112.315497190980352, 34.657926685045013 ], [ 112.315155960499567, 34.65941539627282 ], [ 112.315828836895207, 34.660766027079269 ], [ 112.316615201955003, 34.661744517766692 ], [ 112.319147123644157, 34.66295829610938 ], [ 112.322130315366962, 34.663893449404462 ], [ 112.323536463159257, 34.664826258896937 ], [ 112.324153388521637, 34.666083684978098 ], [ 112.324545318834552, 34.667201168751319 ], [ 112.325218605853408, 34.668458669988098 ], [ 112.326795109033782, 34.668786687008399 ], [ 112.327864476421155, 34.669207045314252 ], [ 112.329850002573693, 34.669576032103492 ], [ 112.332065089143669, 34.669502853554086 ], [ 112.335711285470154, 34.669107515434227 ], [ 112.339033923192886, 34.668978510345468 ], [ 112.341110153285669, 34.669114667831039 ], [ 112.344180239204306, 34.668318021000836 ], [ 112.344502925330929, 34.668489991305997 ], [ 112.346784659682214, 34.669789100004934 ], [ 112.350028613316979, 34.671719592881608 ], [ 112.352044996122004, 34.673121925788813 ], [ 112.353773655753528, 34.67416646709605 ], [ 112.356260392100594, 34.674675758552027 ], [ 112.357485975533891, 34.674796334948809 ], [ 112.359325513238176, 34.674292134504967 ], [ 112.362247136969515, 34.673461503054121 ], [ 112.365601226947078, 34.672690848941755 ], [ 112.36722246028333, 34.673377666954934 ], [ 112.369045276162964, 34.674792517570907 ], [ 112.369974406306753, 34.675562093707001 ], [ 112.370830304091186, 34.675953394061814 ], [ 112.372218415750638, 34.675967055098511 ], [ 112.374035336638357, 34.675615153677256 ], [ 112.375837783958659, 34.675055814991808 ], [ 112.377536387874272, 34.674801337777573 ], [ 112.38057916364447, 34.674287392066105 ], [ 112.382103150246181, 34.673488268133866 ], [ 112.383213798003979, 34.671259075053563 ], [ 112.384067050668207, 34.668645146943739 ], [ 112.38448407017421, 34.664954474998233 ], [ 112.384330091614416, 34.66176063840129 ], [ 112.384839138040547, 34.660216629319834 ], [ 112.385949274893349, 34.659275271861169 ], [ 112.386774902301013, 34.657862438567598 ], [ 112.387537708156103, 34.656030697409435 ], [ 112.387920612997164, 34.653989178948571 ], [ 112.387898327673113, 34.652323159871933 ] ] ] ] } },
{ "type": "Feature", "properties": { "河流": null }, "geometry": { "type": "MultiPolygon", "coordinates": [ [ [ [ 112.345858974608902, 34.645593343494824 ], [ 112.347569259449486, 34.645007307721841 ], [ 112.34922193210609, 34.64420995985634 ], [ 112.350239760354299, 34.643266465091521 ], [ 112.350192084476291, 34.642612350065036 ], [ 112.349304289589611, 34.641892600041601 ], [ 112.348365468445323, 34.642375922953619 ], [ 112.347456390928357, 34.642617032446552 ], [ 112.345864312707334, 34.642356637702953 ], [ 112.344858367647319, 34.642145417827713 ], [ 112.343764253814314, 34.642063273010685 ], [ 112.342915021276482, 34.6416503677954 ], [ 112.341488806982142, 34.641527400789158 ], [ 112.339838497222814, 34.641700492152182 ], [ 112.338837130381265, 34.641462606488943 ], [ 112.338528533230701, 34.640693359030301 ], [ 112.337885585645722, 34.640140519408405 ], [ 112.336479139035902, 34.639704936589972 ], [ 112.334642660549747, 34.639623604995649 ], [ 112.328918740562372, 34.639300286803014 ], [ 112.328274038455945, 34.639634515193471 ], [ 112.327843636170059, 34.640146467896891 ], [ 112.327246710465218, 34.640441331299655 ], [ 112.326556996682555, 34.639474374205307 ], [ 112.325987011223361, 34.638290731950228 ], [ 112.324055917586051, 34.637854256565326 ], [ 112.322505378459084, 34.637930865005714 ], [ 112.321528169067804, 34.637594302792316 ], [ 112.320694333111604, 34.637139660860008 ], [ 112.320100086183999, 34.63619252131484 ], [ 112.32017444924719, 34.634891517290818 ], [ 112.319580223178093, 34.63394437485104 ], [ 112.318173589636956, 34.633686005053903 ], [ 112.316884396542022, 34.634255777278419 ], [ 112.316215878188046, 34.63457019292531 ], [ 112.314378698022281, 34.634863117751948 ], [ 112.313946649720421, 34.63608471727354 ], [ 112.314704894157657, 34.638333249665159 ], [ 112.316717386820955, 34.638802517550168 ], [ 112.318212599131598, 34.637668260269407 ], [ 112.31849963746744, 34.637294124239993 ], [ 112.320550076724004, 34.637671722952362 ], [ 112.321955520718475, 34.63852147802767 ], [ 112.322095643024298, 34.639921364693613 ], [ 112.323530792285425, 34.64026406834919 ], [ 112.32490733135289, 34.641305402085862 ], [ 112.32590676095505, 34.642450235734316 ], [ 112.327410724744269, 34.642687279566232 ], [ 112.327744842607203, 34.641782576251288 ], [ 112.327889671225222, 34.640954800142545 ], [ 112.328798303940161, 34.639871818784513 ], [ 112.336573426264849, 34.640276763915573 ], [ 112.338119615236224, 34.641162154291337 ], [ 112.338430943251112, 34.641816917828152 ], [ 112.33959924597707, 34.642074740001121 ], [ 112.34227023075087, 34.642373931897538 ], [ 112.344105410919695, 34.643184557865652 ], [ 112.345416286534032, 34.6437579272934 ], [ 112.346751468802367, 34.644094747905001 ], [ 112.346309142178157, 34.644837471479036 ], [ 112.345485506294011, 34.645019699354044 ], [ 112.345858974608902, 34.645593343494824 ] ] ] ] } },
{ "type": "Feature", "properties": { "河流": null }, "geometry": { "type": "MultiPolygon", "coordinates": [ [ [ [ 112.345485506294011, 34.645019699354044 ], [ 112.344270247059512, 34.644328169471592 ], [ 112.343793874743284, 34.64395299796869 ], [ 112.342721281328153, 34.643517915680341 ], [ 112.3410283986792, 34.643141157205172 ], [ 112.339668680911061, 34.643178804739996 ], [ 112.337234479203545, 34.643766994666947 ], [ 112.335372459597437, 34.644493905921294 ], [ 112.334178358356681, 34.645201984457096 ], [ 112.333414440118446, 34.645496650619734 ], [ 112.329812922188552, 34.645274825475212 ], [ 112.328214907898086, 34.645174015527225 ], [ 112.325863577705164, 34.643852318812314 ], [ 112.324114822620686, 34.642432878749744 ], [ 112.322775506637385, 34.641291233617103 ], [ 112.320279144264504, 34.640948748237498 ], [ 112.31696191892253, 34.641036222500993 ], [ 112.314206141822964, 34.640046362952063 ], [ 112.312755055354202, 34.638966042583462 ], [ 112.31238382234676, 34.638318611635469 ], [ 112.31208824300974, 34.637178449599169 ], [ 112.312425807246839, 34.636224080134276 ], [ 112.309820930678455, 34.634525885732728 ], [ 112.307511869989426, 34.633875401261349 ], [ 112.305836733502119, 34.633071870096352 ], [ 112.303938033718453, 34.632267955535212 ], [ 112.302783808389265, 34.631834853768531 ], [ 112.302151605745692, 34.631279376383993 ], [ 112.30215306900466, 34.630663320515772 ], [ 112.302862495598589, 34.63007921443166 ], [ 112.304428350280162, 34.62977370721039 ], [ 112.307075014043633, 34.629408289005774 ], [ 112.310689694024759, 34.629413955533558 ], [ 112.313232054630006, 34.630554727620648 ], [ 112.314447257448023, 34.632191994859049 ], [ 112.315451255871523, 34.633179211587517 ], [ 112.316718382550391, 34.633150320060359 ], [ 112.320186619794754, 34.632015776844426 ], [ 112.323651371493838, 34.632482881528979 ], [ 112.327302621973061, 34.632888546018521 ], [ 112.331844510856257, 34.635174308406967 ], [ 112.337341135489467, 34.638010700916794 ], [ 112.340916060313418, 34.639513668735304 ], [ 112.343754785638367, 34.639359627985264 ], [ 112.34621342859495, 34.638357349029427 ], [ 112.347777955369764, 34.637405163005951 ], [ 112.348282302392022, 34.637077753919769 ], [ 112.348983807968892, 34.637457130278221 ], [ 112.350158155583344, 34.638051571164027 ], [ 112.352264511879767, 34.638192926519295 ], [ 112.354417288432501, 34.637981029410064 ], [ 112.356799639079441, 34.63741609262194 ], [ 112.35764129051563, 34.636205860275993 ], [ 112.357749998072819, 34.63512093837889 ], [ 112.357567576665843, 34.634679135583461 ], [ 112.35553930808193, 34.633566465349908 ], [ 112.353632853457754, 34.632655777672291 ], [ 112.353633429884184, 34.632327740416798 ], [ 112.355344771211222, 34.631320433298448 ], [ 112.35708573311797, 34.630817812116739 ], [ 112.360672498654665, 34.630973366381596 ], [ 112.362763839908624, 34.632347948426144 ], [ 112.364071565346919, 34.633164966715363 ], [ 112.365360900821116, 34.63328751968394 ], [ 112.366211183959777, 34.633062361220055 ], [ 112.366837740533668, 34.632231343778052 ], [ 112.367796005888295, 34.631667152128031 ], [ 112.368714381594529, 34.631611620895164 ], [ 112.370950055661794, 34.632534533356953 ], [ 112.372989347304994, 34.634143557695488 ], [ 112.374414702419102, 34.634782942180507 ], [ 112.377022951570993, 34.634926369937297 ], [ 112.377554477614581, 34.634065344551551 ], [ 112.375666062185459, 34.634194765312664 ], [ 112.374699144610659, 34.634032279666521 ], [ 112.373654382474214, 34.633667836423129 ], [ 112.372903173578592, 34.63299684820246 ], [ 112.37251325990978, 34.632439280843847 ], [ 112.370395113670568, 34.631314651789246 ], [ 112.369594576350593, 34.630982731367062 ], [ 112.368617888820779, 34.630852486248514 ], [ 112.367298879798653, 34.630980254207756 ], [ 112.365987610476608, 34.632367683829749 ], [ 112.364980818820698, 34.632721864009021 ], [ 112.36401465105655, 34.632123255437136 ], [ 112.362297126069777, 34.631015081817367 ], [ 112.361106273401546, 34.630440420288224 ], [ 112.360168761342251, 34.630261703484642 ], [ 112.358166438819723, 34.630089819500981 ], [ 112.355156801240426, 34.630570768725406 ], [ 112.353870317133982, 34.631330058265668 ], [ 112.352948622422275, 34.632032354122678 ], [ 112.352721401518266, 34.632850325885016 ], [ 112.354699427527265, 34.633914982779743 ], [ 112.356747221998944, 34.634836137521624 ], [ 112.356797449197927, 34.635927189432905 ], [ 112.356274625592391, 34.636960146432898 ], [ 112.352962590442175, 34.6376470400456 ], [ 112.35111752279893, 34.637465361328104 ], [ 112.349463199610184, 34.636857721472843 ], [ 112.348785406533736, 34.636498003291926 ], [ 112.348107373892731, 34.636272860825237 ], [ 112.34606973090159, 34.637526383379836 ], [ 112.344575424128337, 34.638444115664583 ], [ 112.342756903101019, 34.638576363744384 ], [ 112.341291516960055, 34.63852960519219 ], [ 112.338443296298095, 34.637852965606484 ], [ 112.336627110239718, 34.636796337566608 ], [ 112.334512236185986, 34.635851426593213 ], [ 112.330535685459026, 34.63382924039756 ], [ 112.327637403764726, 34.63247464123797 ], [ 112.326193175276757, 34.632123472713964 ], [ 112.322914833805598, 34.631843135415622 ], [ 112.320415695243682, 34.631449937524621 ], [ 112.318594179163782, 34.631653036988524 ], [ 112.317518910736993, 34.632162982230554 ], [ 112.31688504990214, 34.632503065109859 ], [ 112.316401076602602, 34.632614055877674 ], [ 112.315881857559361, 34.632577993353756 ], [ 112.315405999719673, 34.632236240534382 ], [ 112.315051193615119, 34.631841749788258 ], [ 112.313924780430796, 34.630586167996775 ], [ 112.311469417071166, 34.628985388361009 ], [ 112.309151595162731, 34.628720453541 ], [ 112.304478825181704, 34.629061486957568 ], [ 112.303143015444078, 34.629465848526706 ], [ 112.301841836787773, 34.630073506882674 ], [ 112.301348035947385, 34.630914761751463 ], [ 112.301767572536974, 34.631757502983362 ], [ 112.302714536451916, 34.632397842200412 ], [ 112.305487016381377, 34.633563755711521 ], [ 112.307662698969352, 34.634583484089376 ], [ 112.310870624714624, 34.636006858229329 ], [ 112.31164904725243, 34.636466765251562 ], [ 112.311364470805927, 34.638304906418483 ], [ 112.312047736347623, 34.63940803330442 ], [ 112.314550034457667, 34.640880934987067 ], [ 112.316525526203279, 34.641364388537824 ], [ 112.318451926087491, 34.641607761393544 ], [ 112.321454765590303, 34.641621547814729 ], [ 112.323080975220563, 34.642354224753362 ], [ 112.324195055572602, 34.643355202803335 ], [ 112.325471419493198, 34.644606245342523 ], [ 112.326888549674507, 34.645280915831115 ], [ 112.328817667029227, 34.645783322352557 ], [ 112.333933170041135, 34.646078675065709 ], [ 112.336331186002852, 34.644710907075044 ], [ 112.338621194976895, 34.644079836318419 ], [ 112.341618156737042, 34.643854815081077 ], [ 112.343745280121439, 34.644495545063158 ], [ 112.344714421847925, 34.645216268215535 ], [ 112.345065707770061, 34.64580083083176 ], [ 112.345858974608902, 34.645593343494824 ], [ 112.345485506294011, 34.645019699354044 ] ] ] ] } },
{ "type": "Feature", "properties": { "河流": null }, "geometry": { "type": "MultiPolygon", "coordinates": [ [ [ [ 112.345065707770061, 34.64580083083176 ], [ 112.344714421847925, 34.645216268215535 ], [ 112.343646371471976, 34.645872646500138 ], [ 112.34298434620888, 34.646725462840607 ], [ 112.341968312763072, 34.64672415031287 ], [ 112.341359385817469, 34.646359501217475 ], [ 112.339852410492327, 34.646287559344913 ], [ 112.338598712009016, 34.64659378575162 ], [ 112.336904558366697, 34.646983378623254 ], [ 112.336479368526383, 34.647920443789403 ], [ 112.336409597736591, 34.648955945267232 ], [ 112.336594832875988, 34.649487986295028 ], [ 112.337932218510929, 34.649713683557451 ], [ 112.339353123558539, 34.650541240712194 ], [ 112.340385628840281, 34.650808493238372 ], [ 112.340333322381099, 34.651592118253703 ], [ 112.340331175805389, 34.652711677406856 ], [ 112.340265306100648, 34.654204457892376 ], [ 112.340679342599444, 34.654425264620038 ], [ 112.341085013940145, 34.654734284962274 ], [ 112.341276901156718, 34.654098370284601 ], [ 112.34168351015316, 34.654014931253471 ], [ 112.342327399346217, 34.653833836466823 ], [ 112.344427381123936, 34.65383653350483 ], [ 112.345410436616504, 34.653403953731868 ], [ 112.345073423953153, 34.652493881922872 ], [ 112.343669126380917, 34.651792363135343 ], [ 112.343451497687013, 34.650448609437099 ], [ 112.34352215509216, 34.648895307576097 ], [ 112.343865040830565, 34.646656620777904 ], [ 112.345065707770061, 34.64580083083176 ] ] ] ] } },
{ "type": "Feature", "properties": { "河流": "广明湖" }, "geometry": { "type": "MultiPolygon", "coordinates": [ [ [ [ 112.339724793601505, 34.656257004216464 ], [ 112.339516034498899, 34.656594926440995 ], [ 112.338865915558443, 34.656741877985965 ], [ 112.338314886180626, 34.657137895265137 ], [ 112.338292572254232, 34.657911705736126 ], [ 112.338166602274782, 34.658479021831702 ], [ 112.338207500251926, 34.658851665982077 ], [ 112.33778431312092, 34.658862568251514 ], [ 112.3370560269056, 34.658804276210788 ], [ 112.336442448102986, 34.659073811534022 ], [ 112.336647783617636, 34.659791578949026 ], [ 112.336811371812942, 34.660714287428291 ], [ 112.33554633496739, 34.661328533029263 ], [ 112.335072394454357, 34.66187360185765 ], [ 112.335070905608347, 34.662625257819002 ], [ 112.335400425767475, 34.6632748617765 ], [ 112.336061296727379, 34.663651580335411 ], [ 112.336514547305612, 34.664472179477329 ], [ 112.338001001038066, 34.665601648841225 ], [ 112.338411933604092, 34.666934677741487 ], [ 112.339320832459492, 34.667380039671791 ], [ 112.340521110257782, 34.666834955668875 ], [ 112.340936919444474, 34.665639679971576 ], [ 112.341476250581579, 34.664717893460974 ], [ 112.341355450814518, 34.663009422857016 ], [ 112.34077791466234, 34.662291178465139 ], [ 112.340243245812943, 34.660787163288049 ], [ 112.339996987522625, 34.659830184968392 ], [ 112.34053563713816, 34.659250063510349 ], [ 112.340702862288111, 34.658293626324877 ], [ 112.340125758057866, 34.657370381368892 ], [ 112.340507797768197, 34.656710870789773 ], [ 112.340695939544602, 34.656269741076265 ], [ 112.34080756579138, 34.655937421379072 ], [ 112.340884523938456, 34.655616481993505 ], [ 112.340647024168149, 34.655461780811194 ], [ 112.340269787349555, 34.65520768453753 ], [ 112.340217102608577, 34.655172198230396 ], [ 112.340102864970547, 34.655095250938274 ], [ 112.339987352759607, 34.655645384430819 ], [ 112.339724793601505, 34.656257004216464 ] ] ] ] } },
{ "type": "Feature", "properties": { "河流": "翠光湖" }, "geometry": { "type": "MultiPolygon", "coordinates": [ [ [ [ 112.413261419626423, 34.636764820327741 ], [ 112.413260632631804, 34.637520530261455 ], [ 112.41373443969664, 34.637800754621622 ], [ 112.414292751460422, 34.638234979925528 ], [ 112.415155609151029, 34.638907321488347 ], [ 112.416120618735107, 34.63920438077519 ], [ 112.417102532751827, 34.639202546331347 ], [ 112.417458584473266, 34.638726972998441 ], [ 112.417493101142284, 34.638069253039689 ], [ 112.417307610895435, 34.637299426715963 ], [ 112.417630315979508, 34.636292037752241 ], [ 112.417868036602997, 34.635606464981045 ], [ 112.417733233082856, 34.634948630433293 ], [ 112.41666701017283, 34.634486085889563 ], [ 112.415735554878196, 34.634709358524844 ], [ 112.414973597020705, 34.634750812962075 ], [ 112.414838860669448, 34.634050991711341 ], [ 112.41383998384093, 34.633980316915881 ], [ 112.413433239602483, 34.63435788152831 ], [ 112.413856162814582, 34.634708045127795 ], [ 112.41334808737497, 34.634833636287894 ], [ 112.412875875226263, 34.634505720093948 ], [ 112.413077972203524, 34.634077737685637 ], [ 112.412130142301251, 34.633769178502313 ], [ 112.41167261241165, 34.634132705869483 ], [ 112.411502406287028, 34.634972255640108 ], [ 112.411840414487173, 34.635560272132011 ], [ 112.412889766614015, 34.635952873782074 ], [ 112.413261419626423, 34.636764820327741 ] ] ] ] } },
{ "type": "Feature", "properties": { "河流": null }, "geometry": { "type": "MultiPolygon", "coordinates": [ [ [ [ 112.398714373015693, 34.643911234044012 ], [ 112.398120257791177, 34.644298066224181 ], [ 112.401047724918669, 34.644848161940047 ], [ 112.401179422272136, 34.6453511974279 ], [ 112.400887438402364, 34.646138152504072 ], [ 112.400856686066675, 34.647123541922277 ], [ 112.401176749758264, 34.647603438997983 ], [ 112.40037660993049, 34.648085632456016 ], [ 112.400619795359077, 34.648696309281661 ], [ 112.401228500821034, 34.648587471737066 ], [ 112.401863228147675, 34.648850381425518 ], [ 112.40262990025721, 34.649419523435384 ], [ 112.403926217537872, 34.649617349742776 ], [ 112.405672760590477, 34.649465648158127 ], [ 112.406784868153053, 34.648766776887655 ], [ 112.406945117244646, 34.647433046143902 ], [ 112.407131430725258, 34.64644919813577 ], [ 112.406973726754202, 34.645508820763013 ], [ 112.404857444065158, 34.645135457469991 ], [ 112.403163830677997, 34.645352789481215 ], [ 112.402026746025939, 34.644805219439675 ], [ 112.400942723416151, 34.644148349665151 ], [ 112.398714373015693, 34.643911234044012 ] ] ] ] } },
{ "type": "Feature", "properties": { "河流": "迎阳湖" }, "geometry": { "type": "MultiPolygon", "coordinates": [ [ [ [ 112.359024061076497, 34.599976862768905 ], [ 112.359152120432569, 34.598154437505229 ], [ 112.359883135447078, 34.597752123175098 ], [ 112.360060867515386, 34.5976543037632 ], [ 112.363177698893026, 34.597295044358454 ], [ 112.364849206706381, 34.596988660756047 ], [ 112.367691675117669, 34.596337520972952 ], [ 112.368040585166653, 34.59559705227224 ], [ 112.367023637603538, 34.594870511664276 ], [ 112.367140344866698, 34.594315347230918 ], [ 112.368221344532728, 34.594205942028189 ], [ 112.368955547259091, 34.593760426309828 ], [ 112.369314880984149, 34.59298546125418 ], [ 112.369889435180937, 34.592607800339628 ], [ 112.369209079007973, 34.59240907477335 ], [ 112.36807636678914, 34.592717259344255 ], [ 112.365200952340274, 34.592993573096585 ], [ 112.361757640808761, 34.593406842514362 ], [ 112.35939769462685, 34.593891726137301 ], [ 112.357972159132757, 34.59510815810048 ], [ 112.357936494490701, 34.596583369982064 ], [ 112.358277694640492, 34.597239684028303 ], [ 112.358385474807619, 34.597446994813374 ], [ 112.358472594753238, 34.59843520280748 ], [ 112.358321228052247, 34.599876567403619 ], [ 112.358321422461216, 34.599875073039584 ], [ 112.358321993871542, 34.599874332718869 ], [ 112.358320339652593, 34.599886139672435 ], [ 112.359021565113665, 34.59999912006883 ], [ 112.359024126278896, 34.599976985443419 ], [ 112.359024061076497, 34.599976862768905 ] ] ] ] } },
{ "type": "Feature", "properties": { "河流": "金光湖" }, "geometry": { "type": "MultiPolygon", "coordinates": [ [ [ [ 112.34687420532488, 34.604324048273625 ], [ 112.347285603736225, 34.604249493401646 ], [ 112.347561364880846, 34.604269614424986 ], [ 112.348036889197402, 34.604173291695311 ], [ 112.348875924676079, 34.603933455653916 ], [ 112.349753533995255, 34.603589276386167 ], [ 112.350508915889804, 34.603063370053718 ], [ 112.350829442419155, 34.602063716230276 ], [ 112.351213478800759, 34.601332840442204 ], [ 112.35136702859873, 34.6008312641667 ], [ 112.35158942634979, 34.600593784648993 ], [ 112.351786293273904, 34.600532892106102 ], [ 112.351785574096866, 34.600532705536089 ], [ 112.35179288568213, 34.600530952111669 ], [ 112.351521300324663, 34.600456997240087 ], [ 112.351366110452304, 34.600414568350402 ], [ 112.351091335580747, 34.600340868243336 ], [ 112.350907925406233, 34.600293402186544 ], [ 112.350765952868002, 34.600255458942748 ], [ 112.350758966902646, 34.600253140893265 ], [ 112.350403944865434, 34.600158419395996 ], [ 112.350479763622971, 34.600316831630565 ], [ 112.350492847861346, 34.600596876727764 ], [ 112.349959825343689, 34.602416837418808 ], [ 112.349708631482386, 34.602694840511973 ], [ 112.349136359499852, 34.602961562959635 ], [ 112.348859822331619, 34.602960342327471 ], [ 112.348448576086454, 34.602983086100252 ], [ 112.348126546284504, 34.602911731936473 ], [ 112.347974007672946, 34.602358095027796 ], [ 112.347554416467148, 34.60188689982941 ], [ 112.346921267370291, 34.601563610332747 ], [ 112.346243094457208, 34.601093290692752 ], [ 112.345408107433641, 34.599938511513848 ], [ 112.343978084615401, 34.599089565135841 ], [ 112.341962166717025, 34.598823105792796 ], [ 112.340640038102649, 34.59923118836592 ], [ 112.339704761379991, 34.600060425387205 ], [ 112.338876448267655, 34.59937838434616 ], [ 112.337832396578975, 34.599690109776638 ], [ 112.337860787344738, 34.600877942388934 ], [ 112.339103493660204, 34.602154608242707 ], [ 112.340210395687748, 34.603247511023049 ], [ 112.340788166013354, 34.604199319471199 ], [ 112.341390410203772, 34.604464799198695 ], [ 112.343102964208853, 34.604499547050935 ], [ 112.345336497383883, 34.604455685650798 ], [ 112.345419261160316, 34.604438654268058 ], [ 112.34612552517801, 34.604433334370903 ], [ 112.34687420532488, 34.604324048273625 ] ] ] ] } },
{ "type": "Feature", "properties": { "河流": "伊水" }, "geometry": { "type": "MultiPolygon", "coordinates": [ [ [ [ 112.62055478128589, 34.663563699025346 ], [ 112.611516846702102, 34.663224985279555 ], [ 112.607208415170021, 34.663315676183601 ], [ 112.600482351825505, 34.66288726218972 ], [ 112.595374232549318, 34.662071706026595 ], [ 112.59019064861333, 34.657463335663635 ], [ 112.585009794055026, 34.654966403327137 ], [ 112.581712700590714, 34.653023703838876 ], [ 112.577403447337886, 34.647174286690152 ], [ 112.57505534062669, 34.64381451814188 ], [ 112.575055216338697, 34.643676603395306 ], [ 112.573387271996395, 34.641625139800389 ], [ 112.57257264447982, 34.640845901482592 ], [ 112.571875448647418, 34.640550925363669 ], [ 112.57098190995687, 34.640195056056726 ], [ 112.570981863068582, 34.640140038859215 ], [ 112.56450284624816, 34.638514227796556 ], [ 112.553798271494884, 34.634795053293793 ], [ 112.53797319660579, 34.627028923264874 ], [ 112.536824652724519, 34.626436031608662 ], [ 112.530891734077741, 34.623770382042366 ], [ 112.524809146546758, 34.621699251922514 ], [ 112.520424077074566, 34.62062605227171 ], [ 112.518278804601039, 34.619844967830844 ], [ 112.510524534983062, 34.615117277318397 ], [ 112.504884618132436, 34.609751388979802 ], [ 112.502815714703047, 34.6056230482423 ], [ 112.501680360116936, 34.602900827633022 ], [ 112.501034662331804, 34.601380816304363 ], [ 112.50032052464708, 34.59969962383979 ], [ 112.497370482648748, 34.595773005971722 ], [ 112.495897029932323, 34.594251305977473 ], [ 112.491068149969877, 34.588172928554656 ], [ 112.489599309656455, 34.585439001790355 ], [ 112.489339480609146, 34.585077470240051 ], [ 112.48812210562626, 34.583829546481397 ], [ 112.483169367536874, 34.577564743514131 ], [ 112.475659960042023, 34.572057798326242 ], [ 112.472990229931455, 34.569528200286918 ], [ 112.47286703242105, 34.569154140756986 ], [ 112.472772342082607, 34.568788817945304 ], [ 112.472477152036575, 34.567649932193817 ], [ 112.472102066337698, 34.565785088432726 ], [ 112.471992174596451, 34.563975149903946 ], [ 112.471772187686994, 34.560995140023088 ], [ 112.470548833389827, 34.560994850390436 ], [ 112.469805394497897, 34.560994668377276 ], [ 112.470201624710953, 34.565327590012707 ], [ 112.470626747176198, 34.568588323046164 ], [ 112.471043394013918, 34.570007002804722 ], [ 112.47134013360683, 34.570530328477844 ], [ 112.472538931478496, 34.571635374026954 ], [ 112.473206128206073, 34.572112744751841 ], [ 112.47735659661187, 34.575701089603896 ], [ 112.482361584837491, 34.580087081169104 ], [ 112.484797714290337, 34.582930822572145 ], [ 112.48520059657875, 34.583518742720948 ], [ 112.485522987089468, 34.583882788555279 ], [ 112.490706978832776, 34.592199796668773 ], [ 112.497773500785954, 34.601367174192987 ], [ 112.499625001719977, 34.606431206845244 ], [ 112.504046358848072, 34.613064518130294 ], [ 112.514430712191029, 34.620231222491959 ], [ 112.517851027849318, 34.621897152990584 ], [ 112.536171857622335, 34.628748282759616 ], [ 112.545878436497404, 34.63390144781345 ], [ 112.556033134361059, 34.638626178070233 ], [ 112.565209488018155, 34.641772672889545 ], [ 112.570984442101306, 34.643166083985676 ], [ 112.570984389392123, 34.643104241161438 ], [ 112.573433525364024, 34.645394372534525 ], [ 112.576886196977213, 34.651090354819395 ], [ 112.580502083029685, 34.65529376587358 ], [ 112.586743682023297, 34.657867199405416 ], [ 112.593482202980866, 34.66396732678669 ], [ 112.596930856317883, 34.664371641532895 ], [ 112.607276492840768, 34.665176995154852 ], [ 112.619755992582327, 34.665301049280558 ], [ 112.630433559215177, 34.668139146167718 ], [ 112.637168512129819, 34.669624115772507 ], [ 112.641113463326917, 34.671925986993479 ], [ 112.646043709358764, 34.674090885567622 ], [ 112.649005477107366, 34.677343354779524 ], [ 112.652622910535584, 34.679780920110339 ], [ 112.659267933509142, 34.68191330312311 ], [ 112.660620741436105, 34.681028172328872 ], [ 112.660622154501766, 34.681028139821095 ], [ 112.660672541973412, 34.680991601648081 ], [ 112.654724370411031, 34.679126411537169 ], [ 112.652502384756872, 34.67796224178678 ], [ 112.651155023333487, 34.676852519406658 ], [ 112.649604003650381, 34.67468720446756 ], [ 112.646707906921421, 34.672579063021061 ], [ 112.643072179874139, 34.670527292563598 ], [ 112.639235876082495, 34.669086912332453 ], [ 112.636879217191961, 34.667533619649696 ], [ 112.629280628052385, 34.665899122373709 ], [ 112.62055478128589, 34.663563699025346 ] ] ] ] } },
{ "type": "Feature", "properties": { "河流": "洁水湖" }, "geometry": { "type": "MultiPolygon", "coordinates": [ [ [ [ 112.366476365075002, 34.697274314083892 ], [ 112.365552182713515, 34.697747386426279 ], [ 112.363605222243052, 34.697930734601918 ], [ 112.361059377884459, 34.698051536082801 ], [ 112.359237044509385, 34.698317408083419 ], [ 112.358486851932412, 34.699182258463637 ], [ 112.358610659714799, 34.699759547349764 ], [ 112.358759356814218, 34.70037808979508 ], [ 112.358907916349736, 34.701079080772942 ], [ 112.35853305365579, 34.701367219348597 ], [ 112.357684155832402, 34.701551742975241 ], [ 112.357458295646694, 34.702272911242822 ], [ 112.357681899987284, 34.702870929348649 ], [ 112.358280206372442, 34.70328387293933 ], [ 112.359852196875124, 34.703533036147164 ], [ 112.359551438020347, 34.704274734014689 ], [ 112.360235034625134, 34.704300610986856 ], [ 112.360674529803077, 34.704317246396968 ], [ 112.361299126821081, 34.703946935688762 ], [ 112.361924231245979, 34.703267437842101 ], [ 112.362383156156056, 34.702626974975438 ], [ 112.363298897104684, 34.702094083500555 ], [ 112.364896775229013, 34.701766065679649 ], [ 112.365546658488654, 34.701169026366578 ], [ 112.365924032794879, 34.700181542727272 ], [ 112.367271733284639, 34.699315804583534 ], [ 112.367448832682527, 34.69781129673283 ], [ 112.366476365075002, 34.697274314083892 ] ] ] ] } },
{ "type": "Feature", "properties": { "河流": "甘泉水" }, "geometry": { "type": "MultiPolygon", "coordinates": [ [ [ [ 112.372261946007285, 34.604944105875148 ], [ 112.372286480241115, 34.604955574467304 ], [ 112.372364159311559, 34.605262583541382 ], [ 112.372363695599702, 34.605565302815904 ], [ 112.372363332692544, 34.605802213460365 ], [ 112.372370919511255, 34.606045713837887 ], [ 112.372370748148256, 34.606157587748243 ], [ 112.372442228853899, 34.606256375650325 ], [ 112.372569112229002, 34.60655922808472 ], [ 112.372672209558914, 34.606802827329943 ], [ 112.372768122450921, 34.606539692663524 ], [ 112.372800189665782, 34.606388367184124 ], [ 112.372856176412469, 34.606210741900398 ], [ 112.372880425181947, 34.605967275677216 ], [ 112.372984184788635, 34.605776538214265 ], [ 112.373032219905852, 34.605592324032671 ], [ 112.373000714030354, 34.605375122609487 ], [ 112.3729852490589, 34.605282201390558 ], [ 112.372991056921222, 34.605284915366724 ], [ 112.372832871469129, 34.604393441669252 ], [ 112.372551092919764, 34.603098593552083 ], [ 112.372161430700288, 34.602197695170986 ], [ 112.372073495997782, 34.599794856088408 ], [ 112.371673451010835, 34.596149547434869 ], [ 112.371570901255964, 34.594616812041018 ], [ 112.371502187336532, 34.593589777459272 ], [ 112.371631554991012, 34.591389761489033 ], [ 112.372464612107365, 34.587955975310791 ], [ 112.372501634591572, 34.584851956243355 ], [ 112.372520180403839, 34.583296976718742 ], [ 112.371927747385456, 34.581863278150443 ], [ 112.371545988010453, 34.581418758331083 ], [ 112.371009767736055, 34.581032548718319 ], [ 112.370969367913105, 34.58098194395275 ], [ 112.370450655039662, 34.580466557224717 ], [ 112.370316390909508, 34.580157726586734 ], [ 112.37030296267443, 34.579878702713152 ], [ 112.370352891346514, 34.579447402188599 ], [ 112.370813532433516, 34.578222120109778 ], [ 112.371000620379107, 34.576711398117972 ], [ 112.371223482608059, 34.574944834486537 ], [ 112.372090217676586, 34.573300983429789 ], [ 112.371837908759062, 34.572630941714685 ], [ 112.371300510590729, 34.571482048172633 ], [ 112.369845783853336, 34.569937453031493 ], [ 112.369635420573417, 34.569217964426393 ], [ 112.369688791822682, 34.568234727795094 ], [ 112.370678277777685, 34.565390001700614 ], [ 112.370973127570764, 34.564016719603352 ], [ 112.370160796721194, 34.561268101572836 ], [ 112.370133074111493, 34.560691518006102 ], [ 112.370102267908052, 34.560050793092202 ], [ 112.37007838360158, 34.55955403215259 ], [ 112.370492467260959, 34.554675797638438 ], [ 112.370396988010867, 34.554693732264148 ], [ 112.369800140274805, 34.559724969542224 ], [ 112.369920520611458, 34.561245962592167 ], [ 112.370666501982768, 34.564015717457899 ], [ 112.370276767410289, 34.56533869084307 ], [ 112.369052459053322, 34.568452165672305 ], [ 112.368557519526092, 34.569220018950077 ], [ 112.367512841967184, 34.569335095420684 ], [ 112.366724640866565, 34.569585603890438 ], [ 112.36610510099618, 34.569408684652721 ], [ 112.365052719395081, 34.568980638288572 ], [ 112.363887429305962, 34.568825385730229 ], [ 112.36333415336567, 34.569109793636549 ], [ 112.363008288283211, 34.569690850392988 ], [ 112.363189987689552, 34.570517428045051 ], [ 112.36359074706607, 34.570736589818523 ], [ 112.364066055090547, 34.57014429787386 ], [ 112.364920756079925, 34.570475467090979 ], [ 112.365523649806832, 34.571021109411475 ], [ 112.36611626652963, 34.571071118970508 ], [ 112.367121232463973, 34.570928594606769 ], [ 112.367465599273459, 34.57069057249398 ], [ 112.36779316378545, 34.570399902958485 ], [ 112.368078125354558, 34.570077917947827 ], [ 112.369041452318854, 34.570116471868076 ], [ 112.370133670232661, 34.57065518308525 ], [ 112.370921885259804, 34.571775675695775 ], [ 112.37148946373955, 34.572661331973194 ], [ 112.371551392544816, 34.573237842708167 ], [ 112.370643164363486, 34.574681466528268 ], [ 112.370523651230727, 34.575443059661367 ], [ 112.370385813797895, 34.576542219626077 ], [ 112.370353339415246, 34.578137740171734 ], [ 112.369921472192672, 34.579335412979134 ], [ 112.36988428994907, 34.579785492312922 ], [ 112.369873320550028, 34.580048432759732 ], [ 112.369942147545729, 34.580246799610237 ], [ 112.370044752679291, 34.58042447735091 ], [ 112.370139061196795, 34.580517262576166 ], [ 112.370594253732079, 34.581017123415549 ], [ 112.371351933493671, 34.581662769157347 ], [ 112.372054789153609, 34.583125979065898 ], [ 112.372162785110419, 34.584753571050442 ], [ 112.372130613063248, 34.587833802496981 ], [ 112.371186028983217, 34.591385148316107 ], [ 112.371094827595016, 34.593863295410635 ], [ 112.370602330291433, 34.594755708309826 ], [ 112.371153170240106, 34.595141136336785 ], [ 112.371229213766895, 34.595784745932299 ], [ 112.371672582078688, 34.597262422756543 ], [ 112.371747011860023, 34.599579582394625 ], [ 112.371807865547893, 34.602714392723307 ], [ 112.372261946007285, 34.604944105875148 ] ] ] ] } },
{ "type": "Feature", "properties": { "河流": null }, "geometry": { "type": "MultiPolygon", "coordinates": [ [ [ [ 112.330109199381582, 34.692277066531169 ], [ 112.330562647763358, 34.691895590038897 ], [ 112.329571431588377, 34.691053750698281 ], [ 112.327994807927439, 34.689386415066757 ], [ 112.327899956425767, 34.687829165139426 ], [ 112.327502455329181, 34.686021029811158 ], [ 112.321127118234187, 34.682438877877274 ], [ 112.315264653451635, 34.679764896568123 ], [ 112.310452574721182, 34.677980684548544 ], [ 112.308306845236331, 34.675756292517043 ], [ 112.306116633826207, 34.672604748068892 ], [ 112.305116972958501, 34.670227607794217 ], [ 112.305727736573758, 34.668430350331498 ], [ 112.303929960130347, 34.666671265145517 ], [ 112.29508002687831, 34.663974964567231 ], [ 112.288259802729144, 34.66090975278825 ], [ 112.286085550541074, 34.657679406234024 ], [ 112.285688968688376, 34.657685555455657 ], [ 112.286388029058628, 34.658888605036957 ], [ 112.287987463993716, 34.661046387586886 ], [ 112.290992818167894, 34.662626375826662 ], [ 112.295451924560624, 34.66458171540944 ], [ 112.303570850682249, 34.667371681996073 ], [ 112.305022742258771, 34.668534389089231 ], [ 112.304517254162704, 34.670191263349395 ], [ 112.305265010559765, 34.672181677791343 ], [ 112.307414780887484, 34.675293244207232 ], [ 112.309665325975132, 34.678280602136397 ], [ 112.31327426953429, 34.679612323499143 ], [ 112.320190689575, 34.682647979525207 ], [ 112.326654875553814, 34.686262785964026 ], [ 112.327102879815783, 34.687962541154548 ], [ 112.327099780911993, 34.689454446314485 ], [ 112.32840109835675, 34.69098963409769 ], [ 112.330109199381582, 34.692277066531169 ] ] ] ] } },
{ "type": "Feature", "properties": { "河流": null }, "geometry": { "type": "MultiPolygon", "coordinates": [ [ [ [ 112.404038833853122, 34.603621645679354 ], [ 112.403366289112356, 34.603703925062241 ], [ 112.4030706878453, 34.605161790834067 ], [ 112.402483474039272, 34.607942477699197 ], [ 112.403084732134417, 34.609956204264783 ], [ 112.4043840804392, 34.611106774118248 ], [ 112.406355478436083, 34.612937684984196 ], [ 112.407923174652794, 34.614867144978071 ], [ 112.410030449479081, 34.615635080625353 ], [ 112.413497079907756, 34.616461799027775 ], [ 112.414999232067146, 34.616621072529703 ], [ 112.417065381401741, 34.617358202370426 ], [ 112.418039899104798, 34.618901472584646 ], [ 112.419062500556109, 34.620239085586554 ], [ 112.419798187677642, 34.621434105761836 ], [ 112.420759030259035, 34.623348626932874 ], [ 112.420337935050341, 34.623927758088392 ], [ 112.418653491297206, 34.626244267592966 ], [ 112.418582304553354, 34.627364404131292 ], [ 112.418556451216446, 34.628877360569163 ], [ 112.417101056710806, 34.629588352530483 ], [ 112.415932319452779, 34.630726708169632 ], [ 112.415424183484348, 34.631612367764689 ], [ 112.415480803686577, 34.632403487787791 ], [ 112.415796205132011, 34.63283088899518 ], [ 112.416542138059071, 34.633416802026794 ], [ 112.416251976024341, 34.63458557233151 ], [ 112.41666701017283, 34.634486085889563 ], [ 112.416769131111607, 34.63398005846895 ], [ 112.416894680796076, 34.633252506584036 ], [ 112.41629743708512, 34.63266564409264 ], [ 112.415811862505819, 34.632100575855354 ], [ 112.415878072167686, 34.631590188272057 ], [ 112.41643719041619, 34.630879225693342 ], [ 112.416884407701929, 34.630379958511554 ], [ 112.417811310053395, 34.629750691607001 ], [ 112.418987992766247, 34.6289532488098 ], [ 112.419049633291621, 34.626363114317947 ], [ 112.419779701941906, 34.62542418311741 ], [ 112.420463839385548, 34.624414625047514 ], [ 112.421289644184142, 34.623413151177061 ], [ 112.421258146816697, 34.622803300787744 ], [ 112.420073072923245, 34.621065838353971 ], [ 112.417536548906227, 34.617237791581246 ], [ 112.4170346275356, 34.61684315313974 ], [ 112.414676021660185, 34.61612423831815 ], [ 112.41265705007558, 34.615736899184675 ], [ 112.408852208094174, 34.614685704951384 ], [ 112.407522793702398, 34.613584609132637 ], [ 112.406737582221794, 34.612633929968844 ], [ 112.40525728164036, 34.611307674534444 ], [ 112.403746873540527, 34.609906370974493 ], [ 112.403265182044493, 34.60805582921023 ], [ 112.404019092902743, 34.604933009621604 ], [ 112.404038833853122, 34.603621645679354 ] ] ] ] } },
{ "type": "Feature", "properties": { "河流": null }, "geometry": { "type": "MultiPolygon", "coordinates": [ [ [ [ 112.484663557691349, 34.594071976951327 ], [ 112.484684862169217, 34.594522962465824 ], [ 112.484353440312447, 34.596513887659782 ], [ 112.484112445095434, 34.597708436516051 ], [ 112.483239344764215, 34.599226431665116 ], [ 112.482045438783572, 34.600981656644649 ], [ 112.481713792118555, 34.601496146530764 ], [ 112.481264264889987, 34.602589348028573 ], [ 112.480904575209578, 34.603725017757334 ], [ 112.480698859166054, 34.605126068276142 ], [ 112.480903641101492, 34.607800892917915 ], [ 112.481069844376563, 34.610815366543733 ], [ 112.480979411685482, 34.613299085988238 ], [ 112.479717804283368, 34.615715392133104 ], [ 112.478540497078257, 34.617336809875326 ], [ 112.478005218142087, 34.61854555805666 ], [ 112.476863527663966, 34.620078514444117 ], [ 112.476791654654761, 34.622024442264795 ], [ 112.477040927513897, 34.623439720451813 ], [ 112.478574144367073, 34.625179552515654 ], [ 112.479715184054342, 34.626477041262596 ], [ 112.479536410708505, 34.628246048478566 ], [ 112.479604347382491, 34.628690920146397 ], [ 112.448512311326184, 34.626502739027494 ], [ 112.442277037343075, 34.626388862184804 ], [ 112.436176485155869, 34.625852618811031 ], [ 112.433355148836483, 34.625006872567802 ], [ 112.429216410467632, 34.624804588523105 ], [ 112.426071844548346, 34.6248915893324 ], [ 112.424664301126555, 34.624860406011976 ], [ 112.421258146816697, 34.622803300787744 ], [ 112.421289644184142, 34.623413151177061 ], [ 112.423437556269121, 34.624641846589334 ], [ 112.424150605647725, 34.625312679755446 ], [ 112.426129237701304, 34.625501603561617 ], [ 112.429211140924053, 34.625315723311736 ], [ 112.433006412950064, 34.625478760906326 ], [ 112.43618477396177, 34.626392193078765 ], [ 112.442088398827735, 34.626985081666191 ], [ 112.448446502565702, 34.627202459905213 ], [ 112.479844183558768, 34.629354641946918 ], [ 112.480284864719096, 34.630151874080589 ], [ 112.480817893702564, 34.630757935482528 ], [ 112.481379528680222, 34.631206602867394 ], [ 112.481626979574429, 34.631639480728587 ], [ 112.481702976103492, 34.632418604292916 ], [ 112.481864616503699, 34.633425964853529 ], [ 112.481940269421855, 34.633941497642176 ], [ 112.482743179257781, 34.633997381193602 ], [ 112.482493114103036, 34.632969607055728 ], [ 112.482322026433323, 34.631584494086042 ], [ 112.481808049311766, 34.630860394744758 ], [ 112.480922802939489, 34.629978839587281 ], [ 112.480432807926903, 34.629394911213041 ], [ 112.515021558106341, 34.631756168973766 ], [ 112.520327519487566, 34.631421695681638 ], [ 112.525875040713899, 34.630686837477697 ], [ 112.529940636971304, 34.630443684841403 ], [ 112.533300234203935, 34.630763223260431 ], [ 112.536142895903708, 34.630815815602162 ], [ 112.53864740133632, 34.630062667980994 ], [ 112.537559819485097, 34.629485230129319 ], [ 112.536013292730047, 34.629908026510122 ], [ 112.533622937903317, 34.62996211111561 ], [ 112.531055092188609, 34.629818075816743 ], [ 112.530980812561666, 34.629796843374066 ], [ 112.528130169151979, 34.629734819781888 ], [ 112.524322152497675, 34.630062396674361 ], [ 112.519981303001273, 34.630706674104253 ], [ 112.515021420554106, 34.630993417821792 ], [ 112.483877922884588, 34.628991054947853 ], [ 112.480188366894964, 34.628731945233469 ], [ 112.480287659790378, 34.627248684952946 ], [ 112.480362213594731, 34.626134944993275 ], [ 112.47953709877676, 34.62544507370135 ], [ 112.478859610462393, 34.624678374997842 ], [ 112.477825568999265, 34.623528317347606 ], [ 112.477540688853523, 34.621847679233738 ], [ 112.477541165773701, 34.620078641175169 ], [ 112.478968331153865, 34.617867596642512 ], [ 112.480573792481877, 34.615420691137409 ], [ 112.481608454671374, 34.613474907940187 ], [ 112.481612554778735, 34.610138093459248 ], [ 112.481301161952956, 34.605467355124361 ], [ 112.481417879605004, 34.603722321568632 ], [ 112.482275313042365, 34.601407340308434 ], [ 112.483148863188234, 34.600172128166157 ], [ 112.484191719936646, 34.598658138628799 ], [ 112.484479137628512, 34.598171152582594 ], [ 112.484804716079452, 34.597409880268494 ], [ 112.484985468774227, 34.596439306248875 ], [ 112.485106008629657, 34.595568272361561 ], [ 112.485286783489855, 34.594423487790529 ], [ 112.485377266217412, 34.593303579807824 ], [ 112.485738534992905, 34.592532121419289 ], [ 112.486551303928863, 34.591188309790432 ], [ 112.487243698677332, 34.589670270840266 ], [ 112.487574956398959, 34.588127303335369 ], [ 112.487590427538635, 34.587199941828217 ], [ 112.487040315118719, 34.586317330211152 ], [ 112.486852738458211, 34.588052565616451 ], [ 112.486822539469017, 34.588724515247961 ], [ 112.486521455587123, 34.589670193092481 ], [ 112.485859166895722, 34.591038909445025 ], [ 112.485196905077458, 34.592133863135444 ], [ 112.484857447179792, 34.592798451416691 ], [ 112.484663557691349, 34.594071976951327 ] ] ] ] } },
{ "type": "Feature", "properties": { "河流": null }, "geometry": { "type": "MultiPolygon", "coordinates": [ [ [ [ 112.413260632631804, 34.637520530261455 ], [ 112.413261419626423, 34.636764820327741 ], [ 112.412549662993584, 34.637352085136627 ], [ 112.411787055778419, 34.637981290570934 ], [ 112.410652217754532, 34.639214456738671 ], [ 112.411244889130813, 34.639427543359638 ], [ 112.411786344331816, 34.638653028189182 ], [ 112.412682597799574, 34.637895919417943 ], [ 112.413260632631804, 34.637520530261455 ] ] ] ] } },
{ "type": "Feature", "properties": { "河流": null }, "geometry": { "type": "MultiPolygon", "coordinates": [ [ [ [ 112.366476365075002, 34.697274314083892 ], [ 112.366215973896615, 34.695633518159141 ], [ 112.365584707920362, 34.6956872894566 ], [ 112.365878655831253, 34.696490391015629 ], [ 112.365877792223444, 34.697026310669983 ], [ 112.365552182713515, 34.697747386426279 ], [ 112.366476365075002, 34.697274314083892 ] ] ] ] } },
{ "type": "Feature", "properties": { "河流": "洛水" }, "geometry": { "type": "MultiPolygon", "coordinates": [ [ [ [ 112.704256629806679, 34.685488274759415 ], [ 112.70426624312995, 34.685361186902682 ], [ 112.707093613030864, 34.686393475554858 ], [ 112.720892814943582, 34.689684624261439 ], [ 112.733145236894586, 34.691532024641816 ], [ 112.753844808141352, 34.69565615631241 ], [ 112.760020562849945, 34.695728160689718 ], [ 112.768974478656162, 34.695538732808025 ], [ 112.779265229780947, 34.69500555806917 ], [ 112.786573122892747, 34.695073621867301 ], [ 112.786566391193418, 34.693118427588125 ], [ 112.773702583191749, 34.693573008868597 ], [ 112.75651561389877, 34.693950389953748 ], [ 112.751161066478033, 34.693111439188989 ], [ 112.73931895669341, 34.691010016216701 ], [ 112.730566119854927, 34.689326690638545 ], [ 112.718930897223672, 34.687222897495637 ], [ 112.710382117247093, 34.684517649233136 ], [ 112.704434600771776, 34.683135348993808 ], [ 112.704435591104598, 34.683122251369035 ], [ 112.702309482568438, 34.68259159964407 ], [ 112.695562693241015, 34.681381583118409 ], [ 112.691217273103589, 34.679862197425663 ], [ 112.684103884261972, 34.679796827023843 ], [ 112.677545434608618, 34.680035489189201 ], [ 112.670802969318714, 34.680655625173614 ], [ 112.667015527377302, 34.680737183411168 ], [ 112.660733949039184, 34.680898248987283 ], [ 112.659278958705769, 34.681926105245687 ], [ 112.657052766916095, 34.682103519904167 ], [ 112.653212745769238, 34.682358042081553 ], [ 112.644302104820966, 34.683169113933481 ], [ 112.638008419563633, 34.684936849584759 ], [ 112.634912249250021, 34.687260909383106 ], [ 112.631426622482891, 34.688465022803392 ], [ 112.630652611567527, 34.689106018265363 ], [ 112.628234858913302, 34.691829281289372 ], [ 112.624265967912649, 34.693993940910389 ], [ 112.622037648501632, 34.693996190083823 ], [ 112.620487281086625, 34.693837689844997 ], [ 112.61874064285378, 34.691918910431006 ], [ 112.615735105512201, 34.690321388620639 ], [ 112.612343146927188, 34.689444334377484 ], [ 112.607498412236751, 34.688808534516205 ], [ 112.602169072943127, 34.687932888134711 ], [ 112.59714327453527, 34.688065026775732 ], [ 112.593361557926343, 34.688375257877759 ], [ 112.588772974663001, 34.687917765214209 ], [ 112.585858510623964, 34.687510146079426 ], [ 112.582696530236987, 34.687563543156536 ], [ 112.580217146419017, 34.688230969287005 ], [ 112.576497267172826, 34.688438211354381 ], [ 112.571847347324947, 34.688645890328885 ], [ 112.567568997897325, 34.688341056392758 ], [ 112.565460593634612, 34.687881287283815 ], [ 112.56378641305416, 34.687677322074464 ], [ 112.56093404132551, 34.687217862321305 ], [ 112.560930563232944, 34.687314605222483 ], [ 112.560909744875588, 34.686964653634071 ], [ 112.555354945973974, 34.686042619097599 ], [ 112.551737975587486, 34.685510736517713 ], [ 112.548810197522414, 34.685440813198866 ], [ 112.544848744017685, 34.684695475980028 ], [ 112.541447312592794, 34.684447726377982 ], [ 112.533617883669692, 34.682984759175469 ], [ 112.530930841156433, 34.681922696678043 ], [ 112.527600559407105, 34.680735690405669 ], [ 112.523740597083759, 34.679423665567697 ], [ 112.521697114801469, 34.678642594441989 ], [ 112.519880600762747, 34.67745509822371 ], [ 112.518206356873904, 34.676813027825311 ], [ 112.518172867352121, 34.676930079702288 ], [ 112.518203005760611, 34.676802353610952 ], [ 112.516354902974271, 34.676228503672824 ], [ 112.515359266749954, 34.67544413148795 ], [ 112.513546325218698, 34.674835378907424 ], [ 112.510949866164509, 34.6741692367357 ], [ 112.508159346223621, 34.674071736822405 ], [ 112.504831064114555, 34.674410855793887 ], [ 112.503962795301788, 34.674207087554656 ], [ 112.501621469855849, 34.673709375729011 ], [ 112.499769549682213, 34.673652398854585 ], [ 112.497369819138086, 34.673678914188379 ], [ 112.494726488272434, 34.673382961544007 ], [ 112.493262386748199, 34.673357829737284 ], [ 112.491497607327346, 34.673403385883425 ], [ 112.489894074587781, 34.673216871495811 ], [ 112.486551646562603, 34.672479956857451 ], [ 112.484929175253271, 34.672153053215574 ], [ 112.482239713982807, 34.672116848645217 ], [ 112.47959182134889, 34.671948217766001 ], [ 112.475962923607938, 34.671540138568119 ], [ 112.472817394665057, 34.670986264671853 ], [ 112.46969486002638, 34.670167135513552 ], [ 112.467776300919255, 34.66939003968281 ], [ 112.465162706240335, 34.667927793593059 ], [ 112.46262077632818, 34.667203224460394 ], [ 112.462371472235517, 34.66619881869736 ], [ 112.461511348089189, 34.665264574052102 ], [ 112.460038443413509, 34.66453187939301 ], [ 112.456573688066513, 34.664121974738784 ], [ 112.453913230030892, 34.663842715171945 ], [ 112.452082980983846, 34.664199408071646 ], [ 112.451105456129739, 34.664624173425366 ], [ 112.449364434507359, 34.664478213778828 ], [ 112.448508455174476, 34.664201802271371 ], [ 112.447234850155596, 34.663925204777733 ], [ 112.445942920804484, 34.663377718609311 ], [ 112.444316531390413, 34.66249754221343 ], [ 112.442842219703238, 34.661629979504823 ], [ 112.441808950121171, 34.660662101419533 ], [ 112.439114369033319, 34.658114862310647 ], [ 112.438072680960659, 34.657416386536767 ], [ 112.435943326762541, 34.656897686542266 ], [ 112.431663872805615, 34.655791148701169 ], [ 112.428121943573771, 34.65304367181934 ], [ 112.425189223995275, 34.649294692149731 ], [ 112.422223191698208, 34.646570037574236 ], [ 112.421440881221557, 34.645949492484654 ], [ 112.419976865495656, 34.645131274031115 ], [ 112.419322083990252, 34.644859832023847 ], [ 112.417704459970054, 34.645880422944238 ], [ 112.419678054688106, 34.646868778516158 ], [ 112.422574334773813, 34.650038101225896 ], [ 112.426750560770998, 34.654417733467469 ], [ 112.428934854170876, 34.656171320055478 ], [ 112.431869882610997, 34.657601788372787 ], [ 112.435034104412424, 34.658115723636925 ], [ 112.437023750075994, 34.658763767784052 ], [ 112.439175590356015, 34.660732819231299 ], [ 112.441604712061476, 34.662954994884323 ], [ 112.442703824251197, 34.663526333557918 ], [ 112.445229391341059, 34.665183813596443 ], [ 112.448277450100463, 34.666306609941323 ], [ 112.449341915203703, 34.667169723425296 ], [ 112.449823435252668, 34.668279940512569 ], [ 112.450623209364721, 34.669310634424399 ], [ 112.451975757247254, 34.67014916142557 ], [ 112.45447789442639, 34.670433542963814 ], [ 112.457062892071136, 34.67068053810204 ], [ 112.458885511205096, 34.670838643085048 ], [ 112.460017238014387, 34.670563150358305 ], [ 112.460916887783981, 34.670047286134455 ], [ 112.461743272407048, 34.669613915449865 ], [ 112.46331353505883, 34.669621524550948 ], [ 112.464606529779275, 34.66991995525666 ], [ 112.466385668238743, 34.670710574965462 ], [ 112.468162022400222, 34.671760273814876 ], [ 112.470126878026676, 34.672785429881074 ], [ 112.472565592494689, 34.67350310396899 ], [ 112.476191959798484, 34.674618158877898 ], [ 112.478697683734168, 34.674947513903135 ], [ 112.480484567585037, 34.675038346058862 ], [ 112.482269512669191, 34.675310523724683 ], [ 112.484247910252478, 34.675091748970679 ], [ 112.486341667887672, 34.675231373975208 ], [ 112.487624555571017, 34.675406536776919 ], [ 112.48914955520344, 34.675467353516879 ], [ 112.490755023224082, 34.675512149748101 ], [ 112.491638752082991, 34.675468789002423 ], [ 112.492885542921584, 34.675262203847268 ], [ 112.494208590229917, 34.675437587293423 ], [ 112.495109065594519, 34.67570941827578 ], [ 112.496330188295332, 34.676033300252548 ], [ 112.497615376393767, 34.675992782285412 ], [ 112.49863979139441, 34.675933797706691 ], [ 112.500005617243275, 34.675860665175755 ], [ 112.500928274137564, 34.675933604343911 ], [ 112.50174883153953, 34.676171646400732 ], [ 112.503168809524198, 34.676679304129003 ], [ 112.503950967083341, 34.676751217102165 ], [ 112.50605460728174, 34.67664155498472 ], [ 112.508509922127715, 34.676367474191778 ], [ 112.510166029928371, 34.676597841788286 ], [ 112.511576058654242, 34.676738994312778 ], [ 112.512753727410526, 34.677170005765468 ], [ 112.513457920425438, 34.677320729167342 ], [ 112.514175546902848, 34.677879664184729 ], [ 112.517657585074474, 34.679113735675799 ], [ 112.517661820548781, 34.67909578672792 ], [ 112.520322701744035, 34.680167529230538 ], [ 112.522879444027552, 34.682056451340529 ], [ 112.52819443947125, 34.683889142751255 ], [ 112.533576808556958, 34.685388164581965 ], [ 112.541650016051761, 34.686219222622128 ], [ 112.547637936100131, 34.687161718096959 ], [ 112.552683607294654, 34.68727078320412 ], [ 112.557460845293932, 34.688324452029924 ], [ 112.56087328367299, 34.6889077330775 ], [ 112.560873277266992, 34.688907925087484 ], [ 112.560875067117337, 34.688908037773693 ], [ 112.561026900991848, 34.688933987917274 ], [ 112.561025923118223, 34.688917547282436 ], [ 112.564097521032494, 34.689111125721752 ], [ 112.566081781740721, 34.689366132747111 ], [ 112.568189848359268, 34.689364972721378 ], [ 112.573212234676475, 34.689618127889446 ], [ 112.57649867915606, 34.689974603563705 ], [ 112.581415867268575, 34.689026279605905 ], [ 112.583118733092689, 34.688962614674615 ], [ 112.585578548908771, 34.688992171926131 ], [ 112.587319876530373, 34.689522324805395 ], [ 112.589741933748456, 34.689614340906438 ], [ 112.592277595741521, 34.689768739728059 ], [ 112.595532181849862, 34.689828750481958 ], [ 112.601927300713726, 34.689510995550691 ], [ 112.603706313835062, 34.689822076092113 ], [ 112.606696528430703, 34.69028836780673 ], [ 112.611617010125883, 34.690909125909535 ], [ 112.613736598215908, 34.691157232369569 ], [ 112.615856809149278, 34.691842913582967 ], [ 112.61695560634908, 34.692779605238478 ], [ 112.618357321305439, 34.69380976703745 ], [ 112.619720954767786, 34.694652402762678 ], [ 112.621916949359132, 34.695306645283402 ], [ 112.624982591217247, 34.695397318019936 ], [ 112.627176019932321, 34.69433227932015 ], [ 112.629607161074276, 34.69189105551461 ], [ 112.632635193046468, 34.689622243998983 ], [ 112.636386011507241, 34.68806798938369 ], [ 112.640603465461439, 34.685959809829626 ], [ 112.6442968008527, 34.684734479471871 ], [ 112.646882232843481, 34.683968258291458 ], [ 112.651963218021947, 34.683885721830805 ], [ 112.656488455330489, 34.683040551025023 ], [ 112.658890413656067, 34.683037446245201 ], [ 112.661384755347996, 34.683034171994095 ], [ 112.664803230025001, 34.68318222903801 ], [ 112.674316299792366, 34.682024301908072 ], [ 112.681059347690024, 34.681632911629158 ], [ 112.689281295220169, 34.681620431576469 ], [ 112.692609674638746, 34.682759927202149 ], [ 112.701390458284521, 34.684577276191717 ], [ 112.704256629806679, 34.685488274759415 ] ], [ [ 112.460097506252751, 34.669844623763453 ], [ 112.459429473243333, 34.670181236056621 ], [ 112.458378520890051, 34.67012345640034 ], [ 112.456073146794708, 34.669967456939887 ], [ 112.454169623668548, 34.669708908952288 ], [ 112.452611889595474, 34.669510302075984 ], [ 112.452072769213927, 34.669279077551494 ], [ 112.451683477109484, 34.668990157277705 ], [ 112.451264224648511, 34.668709473671065 ], [ 112.451124666933879, 34.668288643033492 ], [ 112.451174770884023, 34.667991645585097 ], [ 112.451384630857802, 34.667727714126578 ], [ 112.452544108027723, 34.66772070061581 ], [ 112.454076107604877, 34.667824649509932 ], [ 112.455634791939062, 34.668013682940298 ], [ 112.457382705107733, 34.668230735880485 ], [ 112.459438552506384, 34.668417836323322 ], [ 112.460307626813858, 34.668689310153582 ], [ 112.460648881939392, 34.66901036394443 ], [ 112.460636927597861, 34.669408737896781 ], [ 112.460097506252751, 34.669844623763453 ] ], [ [ 112.452119761145099, 34.66488163760949 ], [ 112.452850543100396, 34.664597392138774 ], [ 112.453590537365514, 34.664474635224131 ], [ 112.460143209050472, 34.66505156748353 ], [ 112.460561730840695, 34.665395031248728 ], [ 112.461135082347653, 34.665841513357037 ], [ 112.461233179319365, 34.66615985035596 ], [ 112.461066585497576, 34.66674549783751 ], [ 112.460464700868826, 34.667023270973658 ], [ 112.455532576925435, 34.666559567151133 ], [ 112.451445177213685, 34.666087018479253 ], [ 112.451161615046843, 34.665735421432593 ], [ 112.451244611112159, 34.665310352782114 ], [ 112.451633996090251, 34.66510476627699 ], [ 112.452119761145099, 34.66488163760949 ] ] ] ] } },
{ "type": "Feature", "properties": { "河流": "涧水" }, "geometry": { "type": "MultiPolygon", "coordinates": [ [ [ [ 112.352174145912514, 34.694712702836803 ], [ 112.351913135219533, 34.695693844608925 ], [ 112.356882642009708, 34.696134431166477 ], [ 112.364079525265737, 34.695815486920161 ], [ 112.368503554276444, 34.695438634026743 ], [ 112.371739844251195, 34.694624146025156 ], [ 112.376957790211307, 34.693048183596652 ], [ 112.38138076006156, 34.693270679411469 ], [ 112.383162898751436, 34.693545043667278 ], [ 112.385754097412359, 34.693499685831348 ], [ 112.386457879994893, 34.692986637716437 ], [ 112.388947268905085, 34.691805174309671 ], [ 112.390705698635685, 34.69122605122471 ], [ 112.392274182041888, 34.691138106679652 ], [ 112.395113299129264, 34.69127459020465 ], [ 112.397304380225592, 34.690651073881057 ], [ 112.399711778860464, 34.690005361521777 ], [ 112.404148933030484, 34.687820096205726 ], [ 112.406090690671064, 34.685802885630231 ], [ 112.409075411031267, 34.681979782510084 ], [ 112.410450684449344, 34.681011721238015 ], [ 112.413333673671772, 34.680543109196044 ], [ 112.41500967788609, 34.680405847924263 ], [ 112.416854174679884, 34.67935497727872 ], [ 112.417928676462907, 34.67736217222194 ], [ 112.418131188386027, 34.675922534513845 ], [ 112.417596586631902, 34.674260896747874 ], [ 112.415787015958713, 34.674038157200066 ], [ 112.414178113216849, 34.674230852120289 ], [ 112.413441365302674, 34.673676571857172 ], [ 112.413461780823624, 34.672172783129028 ], [ 112.414041463396231, 34.668625669562516 ], [ 112.413939822910592, 34.665640485709396 ], [ 112.413367944463431, 34.661703191415974 ], [ 112.41316180238212, 34.658544877907936 ], [ 112.41358317114738, 34.656122473412616 ], [ 112.41510372544046, 34.653917149736898 ], [ 112.415491389986698, 34.653718197093561 ], [ 112.417699092457354, 34.65212097729119 ], [ 112.420187053190574, 34.650987742930127 ], [ 112.422793980432886, 34.650265543021547 ], [ 112.422038333935262, 34.6494515932255 ], [ 112.419965234875775, 34.650067417901134 ], [ 112.417366068749701, 34.651077882216896 ], [ 112.41447783903007, 34.65318030094371 ], [ 112.414112432182904, 34.653762332359342 ], [ 112.413168437824424, 34.655319117534596 ], [ 112.412708420543112, 34.657234026946249 ], [ 112.412517761681329, 34.658046041407069 ], [ 112.412456087916283, 34.659227778251839 ], [ 112.412512625728624, 34.66068745773341 ], [ 112.412927981495073, 34.663247868404319 ], [ 112.413220383865209, 34.66582850741495 ], [ 112.413315873227774, 34.6685918698522 ], [ 112.412676062369144, 34.672062758973681 ], [ 112.412582842173592, 34.672925061789726 ], [ 112.412624737150608, 34.67388198785153 ], [ 112.4130745252574, 34.674502520425975 ], [ 112.414017826447648, 34.674963916613891 ], [ 112.414832929249698, 34.674946768143101 ], [ 112.415776926442561, 34.674734780076875 ], [ 112.416677932275221, 34.674611356804711 ], [ 112.416977942624214, 34.674895086046007 ], [ 112.417298753361138, 34.675834479394695 ], [ 112.417233452579254, 34.676791330671684 ], [ 112.416265935983844, 34.679041147348663 ], [ 112.414656391536582, 34.679766563401991 ], [ 112.412704142677555, 34.679977826237653 ], [ 112.410837686587485, 34.680189119664291 ], [ 112.41002232095147, 34.68040116432919 ], [ 112.40869107527628, 34.681569713422576 ], [ 112.407015973936112, 34.683269595247396 ], [ 112.405425927280191, 34.685572008673049 ], [ 112.404453383057074, 34.686516389585336 ], [ 112.402845766115689, 34.687628727207532 ], [ 112.39983222749251, 34.689000528748743 ], [ 112.395240793372764, 34.690441992116703 ], [ 112.389984920631662, 34.690463692138991 ], [ 112.38549426354804, 34.692607794124477 ], [ 112.383199239165464, 34.69268986238616 ], [ 112.377998124590732, 34.692221428117627 ], [ 112.374835254776315, 34.692892179884296 ], [ 112.367845774494057, 34.694611820732533 ], [ 112.360806978083502, 34.695151582590867 ], [ 112.353259427973711, 34.694932127584096 ], [ 112.352174145912514, 34.694712702836803 ] ] ] ] } },
{ "type": "Feature", "properties": { "河流": "" }, "geometry": { "type": "MultiPolygon", "coordinates": [ [ [ [ 112.397319372463343, 34.643426103748958 ], [ 112.398834909204069, 34.643832750723078 ], [ 112.399164494641681, 34.643618152569402 ], [ 112.400554542170681, 34.642471619258842 ], [ 112.40342213523742, 34.641881575807275 ], [ 112.407812548087676, 34.641440713314935 ], [ 112.411810873853454, 34.64158206427048 ], [ 112.410893388733072, 34.640822450187372 ], [ 112.409246548828278, 34.640923484332262 ], [ 112.404946394552383, 34.640809142200411 ], [ 112.401855179666995, 34.641139889397785 ], [ 112.398979910250162, 34.642160822931935 ], [ 112.397745922960738, 34.643154939520009 ], [ 112.397319372463343, 34.643426103748958 ] ] ] ] } },
{ "type": "Feature", "properties": { "河流": "瀍水" }, "geometry": { "type": "MultiPolygon", "coordinates": [ [ [ [ 112.449972413765408, 34.735851348775668 ], [ 112.450178383678519, 34.735430267593323 ], [ 112.451589205806812, 34.732658336594859 ], [ 112.451884351462169, 34.73231894202528 ], [ 112.453168772439554, 34.730848538389154 ], [ 112.455927993373479, 34.729900596222386 ], [ 112.458476681149435, 34.728430586210727 ], [ 112.461035497653086, 34.725593415053133 ], [ 112.464778237469389, 34.722703157042147 ], [ 112.467502563884608, 34.72117172002384 ], [ 112.470406177686797, 34.720183946868936 ], [ 112.473429314155524, 34.719591536079292 ], [ 112.475105525061508, 34.719147058996391 ], [ 112.476602223523301, 34.718405970889492 ], [ 112.478308671594036, 34.716626964564995 ], [ 112.479528839732268, 34.714801129865357 ], [ 112.481896347458019, 34.714171617314875 ], [ 112.484369079122786, 34.713303149105407 ], [ 112.485074566059822, 34.71235661646022 ], [ 112.48533335755846, 34.711111121820217 ], [ 112.485167379977739, 34.708079916585518 ], [ 112.484791604703346, 34.704180691169896 ], [ 112.485230936050371, 34.698593704216997 ], [ 112.485704047084937, 34.695119295370922 ], [ 112.486312058787647, 34.690653781459247 ], [ 112.4870864711542, 34.684858312532825 ], [ 112.487692488850243, 34.680420089691971 ], [ 112.488255805329132, 34.676622681343879 ], [ 112.488431143664485, 34.675438705898422 ], [ 112.487624555571017, 34.675406536776919 ], [ 112.487442540694445, 34.676542075729031 ], [ 112.486858720206001, 34.680371804271516 ], [ 112.486771648777179, 34.680965785395443 ], [ 112.486319382666409, 34.684804706673937 ], [ 112.486152683839549, 34.686202297662319 ], [ 112.485662509834555, 34.690035322800071 ], [ 112.485590291118115, 34.69060002560942 ], [ 112.485089839913883, 34.694512993046253 ], [ 112.485018708552431, 34.695069133524058 ], [ 112.484593641621657, 34.698392341606002 ], [ 112.484134937741047, 34.704202690663671 ], [ 112.484475018445679, 34.706311564046544 ], [ 112.484542785756233, 34.708082988645458 ], [ 112.48467843257022, 34.711063483133493 ], [ 112.48430365808629, 34.712244379031603 ], [ 112.483247912652971, 34.71311588736576 ], [ 112.480762033654557, 34.713790345381788 ], [ 112.478991211681759, 34.714408642596531 ], [ 112.477798935763857, 34.716179845452622 ], [ 112.476913279906412, 34.717248153247169 ], [ 112.475721140586899, 34.718260157699156 ], [ 112.473677724013484, 34.718990794339511 ], [ 112.470510528278211, 34.719636776100117 ], [ 112.468977955624851, 34.720058161044804 ], [ 112.467240966200706, 34.720676295851277 ], [ 112.465377330485182, 34.721569286766702 ], [ 112.463134217020823, 34.723165294999355 ], [ 112.460374691424533, 34.725394511778646 ], [ 112.459282236191385, 34.726485468635978 ], [ 112.458668685321356, 34.727560761411546 ], [ 112.456598985858861, 34.728983498721114 ], [ 112.454682760729227, 34.729884323927202 ], [ 112.453513894464535, 34.730342552851276 ], [ 112.452344906606072, 34.730990565677914 ], [ 112.451213752031506, 34.732429389297636 ], [ 112.450561624167321, 34.733694420159544 ], [ 112.449909361100651, 34.735149240521878 ], [ 112.449519593190956, 34.736251948434543 ], [ 112.449272275575922, 34.736999074050438 ], [ 112.449230824040995, 34.737501737609996 ], [ 112.44938717701983, 34.737495009428663 ], [ 112.449527096703989, 34.737447516522785 ], [ 112.449477821737389, 34.737284465217961 ], [ 112.449535601790259, 34.73699239008905 ], [ 112.449758140133923, 34.736394699376909 ], [ 112.449972413765408, 34.735851348775668 ] ] ] ] } },
{ "type": "Feature", "properties": { "河流": null }, "geometry": { "type": "MultiPolygon", "coordinates": [ [ [ [ 112.524243927322161, 34.683347601037973 ], [ 112.519978632506835, 34.682910572359219 ], [ 112.51614650832343, 34.68231396014189 ], [ 112.513047197114005, 34.681891638898726 ], [ 112.510882844027307, 34.681918537047693 ], [ 112.50960240157724, 34.682099262728521 ], [ 112.4740433496913, 34.679475524937928 ], [ 112.473814519686158, 34.67880366054375 ], [ 112.473825082049942, 34.678086366585291 ], [ 112.473701340549553, 34.677138485310962 ], [ 112.473266808710775, 34.676352246931856 ], [ 112.471813540032983, 34.675444625553929 ], [ 112.470505557976665, 34.674817215757258 ], [ 112.469326804346764, 34.674176481488587 ], [ 112.469012766906602, 34.673525060216747 ], [ 112.468859031885316, 34.672601939692136 ], [ 112.46867502303428, 34.672027935503344 ], [ 112.468162022400222, 34.671760273814876 ], [ 112.468422632950549, 34.673512458338237 ], [ 112.468749338351131, 34.674413165517265 ], [ 112.470093605500523, 34.675134001024006 ], [ 112.471837596377469, 34.67594497720448 ], [ 112.473072829136427, 34.676875899990939 ], [ 112.473290577612772, 34.677776570422104 ], [ 112.473285113505838, 34.678665901268992 ], [ 112.473389722357993, 34.6794305660029 ], [ 112.473517661335563, 34.679737829391883 ], [ 112.473903207056253, 34.68002232115029 ], [ 112.480045388471126, 34.680472814421549 ], [ 112.498585829807666, 34.681830741060296 ], [ 112.505473876347253, 34.682334502018634 ], [ 112.509528355750902, 34.682630844058593 ], [ 112.510919305665269, 34.682487075071954 ], [ 112.512956980181556, 34.682399434474021 ], [ 112.516212041244941, 34.682683231221574 ], [ 112.518964365276204, 34.683185623700055 ], [ 112.520314067852041, 34.683404010718554 ], [ 112.524627780300989, 34.683796703696146 ], [ 112.528100215799086, 34.683852739606863 ], [ 112.526750195870022, 34.683381664997924 ], [ 112.524243927322161, 34.683347601037973 ] ] ] ] } },
{ "type": "Feature", "properties": { "河流": null }, "geometry": { "type": "MultiPolygon", "coordinates": [ [ [ [ 112.490308907477569, 34.612930971103843 ], [ 112.490371218871417, 34.614701709254213 ], [ 112.490236566159709, 34.617921023916963 ], [ 112.490107181262445, 34.621650154498113 ], [ 112.490297745919364, 34.624755328926518 ], [ 112.491270789643664, 34.627472800142051 ], [ 112.492556223668686, 34.628990985057115 ], [ 112.493213628607862, 34.629592136658452 ], [ 112.493563611967701, 34.630292478079539 ], [ 112.493345778125672, 34.63108600615422 ], [ 112.492978413058523, 34.631602139210933 ], [ 112.492647773590974, 34.632148635473683 ], [ 112.492353840871033, 34.632922847277683 ], [ 112.492353751682771, 34.633894429076356 ], [ 112.492404079853301, 34.634669365899498 ], [ 112.493285633101422, 34.634730645778014 ], [ 112.493051543177643, 34.633017426123324 ], [ 112.493345696871131, 34.63210313236155 ], [ 112.493804912550701, 34.631328926569978 ], [ 112.494117171837274, 34.630827969420665 ], [ 112.494202062592223, 34.630336083693116 ], [ 112.493986027054177, 34.629641835482303 ], [ 112.493180663744624, 34.628884754053374 ], [ 112.492501216691522, 34.627989036014171 ], [ 112.491821809186405, 34.626850417660563 ], [ 112.491179207036652, 34.625165282513606 ], [ 112.490921412663056, 34.624315833060876 ], [ 112.490867838347569, 34.617574755971823 ], [ 112.49081145526884, 34.613316054758357 ], [ 112.490912589954547, 34.612707067042003 ], [ 112.490931910350042, 34.612197381852759 ], [ 112.490989787447646, 34.611432856568555 ], [ 112.491221030034112, 34.610827621616053 ], [ 112.492010945404772, 34.610174639708013 ], [ 112.492627479487552, 34.609410149614682 ], [ 112.492762367061331, 34.608980109275677 ], [ 112.492839455879391, 34.608613777263493 ], [ 112.49293585247554, 34.607721830840724 ], [ 112.493051482679007, 34.607164367840852 ], [ 112.493379001853654, 34.60675026590787 ], [ 112.493918442391404, 34.605985763708141 ], [ 112.494284504301476, 34.605205323479488 ], [ 112.494554247384343, 34.604361166746727 ], [ 112.494592817817619, 34.603676277306668 ], [ 112.494727698141176, 34.603071029655894 ], [ 112.494978139357357, 34.602672847304518 ], [ 112.495613850625716, 34.601956124499367 ], [ 112.496133973277907, 34.601303104838635 ], [ 112.496634839349525, 34.600283745239722 ], [ 112.496536281053807, 34.599762309866101 ], [ 112.495902545206107, 34.598940227220737 ], [ 112.495979958869398, 34.599519195108229 ], [ 112.495922127726743, 34.600427073174224 ], [ 112.495479043581824, 34.601382720910614 ], [ 112.494323206471947, 34.60262503504547 ], [ 112.493282750000731, 34.605906091788363 ], [ 112.492569900390748, 34.607005062382022 ], [ 112.492415715434078, 34.607817365624278 ], [ 112.492261531516192, 34.608597813516852 ], [ 112.491856904800969, 34.609394172151106 ], [ 112.491278903524645, 34.610063096014493 ], [ 112.490662387241429, 34.61052495371208 ], [ 112.490450383352524, 34.611337249521767 ], [ 112.490450295723093, 34.612101779104492 ], [ 112.490308907477569, 34.612930971103843 ] ] ] ] } },
{ "type": "Feature", "properties": { "河流": null }, "geometry": { "type": "MultiPolygon", "coordinates": [ [ [ [ 112.424150605647725, 34.625312679755446 ], [ 112.425656777366683, 34.62665832055886 ], [ 112.426351090353563, 34.627400001877916 ], [ 112.427056552185888, 34.628225076746681 ], [ 112.429364607192412, 34.629495843120658 ], [ 112.431269887536629, 34.629913890270331 ], [ 112.433166617235756, 34.630642051711021 ], [ 112.436531380251338, 34.631318857260617 ], [ 112.448558312349533, 34.632274989398077 ], [ 112.448845037512129, 34.632387217918854 ], [ 112.448856002959118, 34.632785648714808 ], [ 112.448743372446486, 34.633647314674505 ], [ 112.448304176924907, 34.636871603464485 ], [ 112.448337527362895, 34.637325638557591 ], [ 112.448505554599237, 34.637538821341955 ], [ 112.44920050645834, 34.637715162085307 ], [ 112.453393079796399, 34.638096730941506 ], [ 112.453338477513711, 34.638183783194606 ], [ 112.452734697616961, 34.642557802745387 ], [ 112.452737158391372, 34.642907398555039 ], [ 112.452975986186473, 34.643000763116625 ], [ 112.453298236769029, 34.64304634896321 ], [ 112.459616191813453, 34.64342770744215 ], [ 112.471022224634964, 34.644408558662882 ], [ 112.471058438675783, 34.644586222619949 ], [ 112.471012421202474, 34.644859468535785 ], [ 112.46892653861471, 34.659309517839489 ], [ 112.468967981613105, 34.659533276189485 ], [ 112.469110264544639, 34.659731078151623 ], [ 112.469305901594026, 34.659790200121357 ], [ 112.469521409733531, 34.659845190976093 ], [ 112.475181180174872, 34.660317436557932 ], [ 112.474591716471664, 34.664607889337034 ], [ 112.474606789428691, 34.664880883409602 ], [ 112.474797388126703, 34.665029173954309 ], [ 112.475048532160372, 34.665126084262027 ], [ 112.493371227858248, 34.666643611507943 ], [ 112.499764300092906, 34.667172439469596 ], [ 112.511796144761746, 34.668166773720998 ], [ 112.511212264881351, 34.67225588209191 ], [ 112.510949866164509, 34.6741692367357 ], [ 112.511638309877995, 34.67434586927169 ], [ 112.512454701410022, 34.668014867821149 ], [ 112.512386872247461, 34.667803368662206 ], [ 112.512193091214485, 34.667710169533741 ], [ 112.511888820758486, 34.66751769923971 ], [ 112.475113357555145, 34.664648666720304 ], [ 112.475695604701045, 34.660360346406719 ], [ 112.475708118877975, 34.660095118186888 ], [ 112.475657186972157, 34.659994696741414 ], [ 112.475458008361514, 34.659860677146483 ], [ 112.475249684934781, 34.659818795130775 ], [ 112.469783121187291, 34.659378528491558 ], [ 112.470168775536663, 34.655123696319109 ], [ 112.470318879068842, 34.654028853081712 ], [ 112.471683721419595, 34.644213075113385 ], [ 112.471605375448675, 34.644096450193352 ], [ 112.471442445109261, 34.644032004736744 ], [ 112.471335258053116, 34.643989607714914 ], [ 112.471090913294603, 34.643920072961642 ], [ 112.453359049924146, 34.642604183946517 ], [ 112.453961053072703, 34.638226820864986 ], [ 112.454111537902435, 34.637545356334613 ], [ 112.453685656649299, 34.63737155111275 ], [ 112.453465325032042, 34.6372647896725 ], [ 112.448999126682253, 34.636961439228671 ], [ 112.449602059134975, 34.632345415450303 ], [ 112.449689844609935, 34.631884508250067 ], [ 112.449309177437982, 34.631665812026839 ], [ 112.436633280991614, 34.630779408402624 ], [ 112.43339439968652, 34.630092779370599 ], [ 112.431643161175415, 34.629454696989939 ], [ 112.429891803254904, 34.628990347352804 ], [ 112.428000626658701, 34.628178373872259 ], [ 112.427184035372022, 34.627173952432209 ], [ 112.425853791545805, 34.625995455871248 ], [ 112.42500048887193, 34.625393832749303 ], [ 112.424150605647725, 34.625312679755446 ] ] ] ] } },
{ "type": "Feature", "properties": { "河流": null }, "geometry": { "type": "MultiPolygon", "coordinates": [ [ [ [ 112.49274714222561, 34.639305530113994 ], [ 112.493103857602804, 34.635560343066523 ], [ 112.493285633101422, 34.634730645778014 ], [ 112.492404079853301, 34.634669365899498 ], [ 112.492147041214224, 34.636175345651857 ], [ 112.492093728683514, 34.637844790416793 ], [ 112.491909546261709, 34.638985807291057 ], [ 112.491913771508095, 34.639266643019567 ], [ 112.491909315701776, 34.639428110277706 ], [ 112.491910452707344, 34.639523768715968 ], [ 112.491965951277578, 34.639663563148829 ], [ 112.492096406980863, 34.639825321367276 ], [ 112.492181592940909, 34.639887507769835 ], [ 112.492317424219621, 34.639931778606133 ], [ 112.492997169063258, 34.640107386405461 ], [ 112.49551016236731, 34.640456730207688 ], [ 112.49586928841515, 34.640522115781351 ], [ 112.495973348357978, 34.640642531883401 ], [ 112.496034169361181, 34.640806682252546 ], [ 112.496125558818633, 34.641570882794767 ], [ 112.496178442375054, 34.64262080032028 ], [ 112.49609901509335, 34.643233248789912 ], [ 112.495969359789626, 34.643751055816331 ], [ 112.495707857863522, 34.644036970705343 ], [ 112.495490237030083, 34.644195650254332 ], [ 112.494272582016507, 34.644962028258398 ], [ 112.493796741129259, 34.64535523442612 ], [ 112.492684641765138, 34.645682894161197 ], [ 112.492208204028827, 34.645989089541722 ], [ 112.491705283443224, 34.646426520861958 ], [ 112.491541865244812, 34.646575054052178 ], [ 112.490364930087622, 34.646829764843694 ], [ 112.489314706760652, 34.646773682132533 ], [ 112.488383077693584, 34.646591612069983 ], [ 112.487180456233489, 34.646213521656925 ], [ 112.486439993871087, 34.645742470787653 ], [ 112.486235846080362, 34.645404326702511 ], [ 112.48554630942067, 34.643855968763177 ], [ 112.485107692947494, 34.641944860007278 ], [ 112.485165175127349, 34.641254103846862 ], [ 112.485400980364105, 34.640284539360863 ], [ 112.486057105678981, 34.639071909013971 ], [ 112.486199762160851, 34.638694794093951 ], [ 112.486246984003074, 34.63821636509099 ], [ 112.486205420797091, 34.637843654332606 ], [ 112.48610835422177, 34.637488138395966 ], [ 112.485866827712599, 34.636866940388217 ], [ 112.485733869167703, 34.636668141504593 ], [ 112.485518239889757, 34.636489237249229 ], [ 112.485348848235049, 34.636425700143654 ], [ 112.484665888135012, 34.636169524952102 ], [ 112.483208886411759, 34.635380136117021 ], [ 112.482983870532337, 34.635124967383391 ], [ 112.482807195423831, 34.634668367761471 ], [ 112.482743179257781, 34.633997381193602 ], [ 112.481940269421855, 34.633941497642176 ], [ 112.482287261617259, 34.635141889061714 ], [ 112.48340330798851, 34.635976770858342 ], [ 112.485237529388939, 34.63669048396217 ], [ 112.485567315695661, 34.636983488705823 ], [ 112.485699073162408, 34.637298871013108 ], [ 112.485844683479158, 34.637751869523456 ], [ 112.485879320118627, 34.638055773141666 ], [ 112.485914164837624, 34.63834322287984 ], [ 112.485817647657768, 34.638768345127218 ], [ 112.48576812475595, 34.638986470162351 ], [ 112.484956453557146, 34.640519206968506 ], [ 112.484816606505476, 34.641106620642987 ], [ 112.48475759738561, 34.642127544538297 ], [ 112.485076198828196, 34.644038660597758 ], [ 112.485766972346298, 34.645730156235885 ], [ 112.485957666648488, 34.646062056216813 ], [ 112.486994034995575, 34.646801454300139 ], [ 112.488298311010212, 34.647095562603205 ], [ 112.489179123001875, 34.647319625651846 ], [ 112.489947536596304, 34.647321900830782 ], [ 112.490503491980263, 34.6473056186436 ], [ 112.491313485405371, 34.647207805975725 ], [ 112.491913397288556, 34.64691785269995 ], [ 112.492287547092602, 34.646623418496503 ], [ 112.492525777882463, 34.646360955005399 ], [ 112.493134544721173, 34.646142258105748 ], [ 112.493690383813075, 34.645792316708814 ], [ 112.494458605606582, 34.645467263944951 ], [ 112.495278457558427, 34.645004951625289 ], [ 112.495675474392982, 34.644764361238096 ], [ 112.496178365091978, 34.644305040143891 ], [ 112.496548131868408, 34.643795760323655 ], [ 112.496671277242982, 34.643447538261505 ], [ 112.496708785376242, 34.643303117039167 ], [ 112.496760684037213, 34.642970788791658 ], [ 112.496787195909391, 34.641789633980714 ], [ 112.496718074230898, 34.640722603321336 ], [ 112.496687647989518, 34.640320034799842 ], [ 112.496479830053318, 34.640086355698045 ], [ 112.49615019636299, 34.639949371959233 ], [ 112.49360850348549, 34.639602192441565 ], [ 112.492897990996255, 34.639495382785846 ], [ 112.492811108705567, 34.639448175006976 ], [ 112.492756891509472, 34.639370857613642 ], [ 112.49274714222561, 34.639305530113994 ] ] ] ] } },
{ "type": "Feature", "properties": { "河流": null }, "geometry": { "type": "MultiPolygon", "coordinates": [ [ [ [ 112.417458584473266, 34.638726972998441 ], [ 112.419192271456652, 34.639329833596292 ], [ 112.420437188231389, 34.640291682973384 ], [ 112.422054865833388, 34.642352078838144 ], [ 112.425085273430057, 34.643726878908964 ], [ 112.428407115337507, 34.644381002151746 ], [ 112.432393499719211, 34.645035405055182 ], [ 112.434926791105099, 34.645139751306516 ], [ 112.437334851291581, 34.646102042241978 ], [ 112.438372166746845, 34.647406825475038 ], [ 112.439327123671049, 34.64778485149062 ], [ 112.439908176609919, 34.648334299283071 ], [ 112.440613198206236, 34.649776188719642 ], [ 112.440861714221242, 34.650737338364934 ], [ 112.442854287619653, 34.652248476810954 ], [ 112.443227417308577, 34.653244002486019 ], [ 112.441919072607078, 34.654337640923565 ], [ 112.441204015935881, 34.655068338732825 ], [ 112.441254291174943, 34.65615086522152 ], [ 112.441968288802443, 34.656952540036869 ], [ 112.441822987831472, 34.657449577797053 ], [ 112.441572315353497, 34.657782362877604 ], [ 112.441441265238495, 34.658331141889576 ], [ 112.441473514386942, 34.658924986916823 ], [ 112.441382754625579, 34.660259224503996 ], [ 112.441628453986837, 34.660491481554189 ], [ 112.441658497110694, 34.659106464230568 ], [ 112.441666103348922, 34.658196648821885 ], [ 112.4418266912391, 34.657759091436041 ], [ 112.442084879517651, 34.657263995858841 ], [ 112.442133916597214, 34.65689548510943 ], [ 112.441486359392769, 34.656140832077199 ], [ 112.441452261259172, 34.655081279231865 ], [ 112.442205369903817, 34.654350328475836 ], [ 112.443118727961846, 34.653636721982032 ], [ 112.443906251128325, 34.653498886426 ], [ 112.444219891765897, 34.65340689673026 ], [ 112.443961951205196, 34.652356351411242 ], [ 112.443254352373813, 34.65199260190348 ], [ 112.442945618498285, 34.652030061096156 ], [ 112.441113918441658, 34.650675977313497 ], [ 112.441016755738559, 34.650123127809302 ], [ 112.441205138734489, 34.649777717729165 ], [ 112.441442377536845, 34.649317163785334 ], [ 112.441205748543268, 34.648913964405857 ], [ 112.440794835311365, 34.648631606346235 ], [ 112.440237627613385, 34.648308866810538 ], [ 112.439717540893923, 34.647848302266517 ], [ 112.439087777723316, 34.647568395493721 ], [ 112.438412167195935, 34.647258604137427 ], [ 112.437494072397371, 34.645877464292333 ], [ 112.435023726742642, 34.644996064054752 ], [ 112.432353513623269, 34.644872075613662 ], [ 112.428458382108985, 34.644189393802563 ], [ 112.425173136023162, 34.64351448299675 ], [ 112.422306484500211, 34.642184677310134 ], [ 112.420723085005207, 34.640248212741561 ], [ 112.419283081818207, 34.639121730942975 ], [ 112.417466400523807, 34.638578031590093 ], [ 112.417458584473266, 34.638726972998441 ] ] ] ] } },
{ "type": "Feature", "properties": { "河流": null }, "geometry": { "type": "MultiPolygon", "coordinates": [ [ [ [ 112.459966817267286, 34.72580183133956 ], [ 112.460374691424533, 34.725394511778646 ], [ 112.460214718953907, 34.723786545319065 ], [ 112.461610219670249, 34.719856937158426 ], [ 112.462641738367537, 34.717296493309249 ], [ 112.463456350671848, 34.714705941430765 ], [ 112.463296563603436, 34.712975311787801 ], [ 112.4627818796653, 34.711088461590201 ], [ 112.46392030029692, 34.705136823497718 ], [ 112.464616705955862, 34.703796248262279 ], [ 112.464810820167074, 34.70287734408614 ], [ 112.464962392797716, 34.702159813739783 ], [ 112.465174497702449, 34.699942460426428 ], [ 112.465899325664083, 34.697961941317935 ], [ 112.466443241386145, 34.696895997601011 ], [ 112.465733147905283, 34.696807395615963 ], [ 112.465205326154447, 34.698360381920835 ], [ 112.464721960370923, 34.70000461801952 ], [ 112.464494540876942, 34.702732717989669 ], [ 112.463497973751899, 34.705037039092623 ], [ 112.462576144322625, 34.708749056402858 ], [ 112.462137475256341, 34.711377425709522 ], [ 112.462800455672422, 34.714204314769944 ], [ 112.461796185457246, 34.717196575624534 ], [ 112.459755816005313, 34.723876484808272 ], [ 112.459966817267286, 34.72580183133956 ] ] ] ] } },
{ "type": "Feature", "properties": { "河流": null }, "geometry": { "type": "MultiPolygon", "coordinates": [ [ [ [ 112.412459657485371, 34.687030705812987 ], [ 112.410281138050522, 34.685664627857427 ], [ 112.409460522210722, 34.685444833172944 ], [ 112.40785409567556, 34.685456513598893 ], [ 112.406014959681983, 34.685881561607168 ], [ 112.405156395259397, 34.686773501538617 ], [ 112.405914463605427, 34.68656118215609 ], [ 112.406912796091703, 34.6861486867313 ], [ 112.40803006912688, 34.685885516798237 ], [ 112.409213611373261, 34.6858878239413 ], [ 112.410184818164495, 34.686268712665765 ], [ 112.410861303617182, 34.686569597809189 ], [ 112.411765651484856, 34.68713146770363 ], [ 112.4124783895587, 34.68768463448081 ], [ 112.413494389852659, 34.68814247017562 ], [ 112.414222562420079, 34.688362553954342 ], [ 112.416439953639312, 34.688759207265228 ], [ 112.417177351959708, 34.688658288719267 ], [ 112.418288381361194, 34.688111897750865 ], [ 112.418723744045323, 34.687415210429243 ], [ 112.419031336709807, 34.686633954073287 ], [ 112.419185673161209, 34.685683630956397 ], [ 112.419232415325496, 34.68461916425597 ], [ 112.418521291521131, 34.684570694865734 ], [ 112.418622974555618, 34.685873341835197 ], [ 112.418596868827507, 34.686422459606746 ], [ 112.41777728197988, 34.687815866407583 ], [ 112.416984439881546, 34.688187453073773 ], [ 112.41656908405723, 34.688284496832189 ], [ 112.416054339453041, 34.688244772101051 ], [ 112.415742255816809, 34.688160400625442 ], [ 112.414368541288738, 34.68792419328927 ], [ 112.412730346059533, 34.687144236208276 ], [ 112.412459657485371, 34.687030705812987 ] ] ] ] } },
{ "type": "Feature", "properties": { "河流": "洛水" }, "geometry": { "type": "MultiPolygon", "coordinates": [ [ [ [ 112.371870807993218, 34.605550236408341 ], [ 112.37104855260813, 34.604650071920105 ], [ 112.370716256806858, 34.604352392481665 ], [ 112.370539910726421, 34.604166093957616 ], [ 112.370469389244676, 34.604281808111722 ], [ 112.370424339812374, 34.604333436184618 ], [ 112.370181358272575, 34.604611902898917 ], [ 112.369631575103, 34.605241968021382 ], [ 112.369977784115918, 34.60592320266317 ], [ 112.370176087860372, 34.606425085160907 ], [ 112.370423675567693, 34.607155412967977 ], [ 112.37122909316632, 34.609470895476178 ], [ 112.371773500610658, 34.610852188520639 ], [ 112.371839312505017, 34.611299959247354 ], [ 112.371987068308357, 34.611565527903217 ], [ 112.372909273509322, 34.61428965648286 ], [ 112.374572470363518, 34.615981514029372 ], [ 112.375170336396195, 34.616589661041353 ], [ 112.379388327206485, 34.618210784435412 ], [ 112.381014462980886, 34.619007319068054 ], [ 112.381631705817512, 34.619064342786018 ], [ 112.383516962883803, 34.619959155392586 ], [ 112.384059382981945, 34.621132931174344 ], [ 112.385578924148177, 34.622202982922275 ], [ 112.388186953892387, 34.623499522195672 ], [ 112.391483601976518, 34.62483690633826 ], [ 112.394881062792507, 34.626146328047348 ], [ 112.39692525320163, 34.627515483954241 ], [ 112.39946564006361, 34.630330429964665 ], [ 112.40383205661891, 34.635636499660805 ], [ 112.406420705597611, 34.638031728506448 ], [ 112.409384039195828, 34.639523235639274 ], [ 112.410181144680848, 34.640137172098505 ], [ 112.410710957265664, 34.6405977676948 ], [ 112.411028860586995, 34.640860973642418 ], [ 112.411823561343553, 34.641584730871735 ], [ 112.41232808461136, 34.641891889602427 ], [ 112.412633088244021, 34.642226932613788 ], [ 112.413752786351068, 34.642921987917454 ], [ 112.414312522660708, 34.643385375118307 ], [ 112.415478302263068, 34.644317931258833 ], [ 112.41619879746618, 34.644838470930985 ], [ 112.417273012488408, 34.645608432698609 ], [ 112.417744659099966, 34.645912110205579 ], [ 112.418097901503529, 34.64566004491806 ], [ 112.41820108508368, 34.645586414797407 ], [ 112.41932932580292, 34.64486171270088 ], [ 112.418878521201947, 34.644608465092951 ], [ 112.418170200487609, 34.644128722158747 ], [ 112.417855178103494, 34.643886087824811 ], [ 112.417641988740669, 34.643680193607111 ], [ 112.417080056092573, 34.643258288880389 ], [ 112.416702282584879, 34.643042632919972 ], [ 112.415445265813986, 34.641831019545052 ], [ 112.415322750644592, 34.641549504152522 ], [ 112.415066959954459, 34.641205607677293 ], [ 112.414767461813781, 34.640951302475493 ], [ 112.414332663297941, 34.640286538986658 ], [ 112.413702207275918, 34.639607450581998 ], [ 112.413651236380929, 34.639544657543269 ], [ 112.413616732241394, 34.639502151212142 ], [ 112.413026874808125, 34.639029985181764 ], [ 112.412813241281157, 34.63890595749934 ], [ 112.412778512365307, 34.638882953295955 ], [ 112.41247439401171, 34.638732655560631 ], [ 112.412144963661675, 34.638538841007325 ], [ 112.411032091063149, 34.637836768508556 ], [ 112.409866043081223, 34.637288049001107 ], [ 112.408594295540013, 34.636381942800192 ], [ 112.4067655817949, 34.635396110129975 ], [ 112.405090702193533, 34.634232337147573 ], [ 112.40217196152814, 34.62972854614879 ], [ 112.400118049609461, 34.627358697385155 ], [ 112.39729805359913, 34.62462637838734 ], [ 112.394012462622499, 34.622942206157035 ], [ 112.388184600517533, 34.621078625029035 ], [ 112.385336253539933, 34.618823336331339 ], [ 112.383301360889831, 34.617193407597313 ], [ 112.379392146318267, 34.615572725254594 ], [ 112.377334850661171, 34.61463458535961 ], [ 112.375176838919458, 34.612249627214631 ], [ 112.373534486995965, 34.609269473162193 ], [ 112.373025063080135, 34.607469245770595 ], [ 112.372923190381258, 34.607281436431215 ], [ 112.372700027917233, 34.606828768271363 ], [ 112.372464603548124, 34.606262980478817 ], [ 112.372166735065804, 34.605871929404479 ], [ 112.371893598466755, 34.605573447201728 ], [ 112.371870807993218, 34.605550236408341 ] ] ] ] } },
{ "type": "Feature", "properties": { "河流": null }, "geometry": { "type": "MultiPolygon", "coordinates": [ [ [ [ 112.403856812663136, 34.60421739905491 ], [ 112.404020678229358, 34.60363243874378 ], [ 112.400646697192826, 34.596562939803952 ], [ 112.398286920063114, 34.589319260268368 ], [ 112.397698501505744, 34.583798400743099 ], [ 112.395960305665199, 34.57930213283155 ], [ 112.391748239922933, 34.576841069562533 ], [ 112.388420408664317, 34.568969014743217 ], [ 112.388186766756775, 34.569001649206314 ], [ 112.391205319408471, 34.57691669401553 ], [ 112.395416156795292, 34.579354189597396 ], [ 112.397198805418981, 34.583737079574703 ], [ 112.397927498724414, 34.589152770720688 ], [ 112.399617698997233, 34.595731729508138 ], [ 112.402829540869249, 34.602108593043944 ], [ 112.403306326516628, 34.603915455362269 ], [ 112.403178525758392, 34.604179048495098 ], [ 112.403856812663136, 34.60421739905491 ] ] ] ] } },
{ "type": "Feature", "properties": { "河流": "涧水" }, "geometry": { "type": "MultiPolygon", "coordinates": [ [ [ [ 112.309000251061164, 34.689735666252403 ], [ 112.308410887588451, 34.690385407508224 ], [ 112.308665266989678, 34.690521929576825 ], [ 112.31160950548265, 34.691933618022958 ], [ 112.316161764420656, 34.693087689494135 ], [ 112.31822005201424, 34.69363396207396 ], [ 112.320173755447442, 34.694537404950445 ], [ 112.321434851551047, 34.695611338191618 ], [ 112.322697016617539, 34.696199249867064 ], [ 112.324349731138398, 34.696477043433305 ], [ 112.325691333464619, 34.696223363252905 ], [ 112.327446267747675, 34.695629448296494 ], [ 112.32961537678267, 34.694269275411564 ], [ 112.331475122233471, 34.692823435745325 ], [ 112.335086375515516, 34.692402363858662 ], [ 112.341686448897292, 34.693348320467962 ], [ 112.345913761568639, 34.694461350221694 ], [ 112.351271687644513, 34.695636960491761 ], [ 112.351913135219533, 34.695693844608925 ], [ 112.352174145912514, 34.694712702836803 ], [ 112.347600585256771, 34.693787890683588 ], [ 112.342401278754366, 34.692433373185516 ], [ 112.337341322235417, 34.691518342081977 ], [ 112.331820039314593, 34.691532940256806 ], [ 112.330562647763358, 34.691895590038897 ], [ 112.329343992328575, 34.692920806881617 ], [ 112.326853575508721, 34.694750285870541 ], [ 112.324672335958056, 34.695729916913287 ], [ 112.323275077192477, 34.695501001043823 ], [ 112.321131401284489, 34.693964253565596 ], [ 112.317189267371646, 34.692328934052782 ], [ 112.312143770238393, 34.691171051287398 ], [ 112.309000251061164, 34.689735666252403 ] ] ] ] } }
]
}
